{"subs": 1, "jobs": 13, "T": 120, "power_use": [1.1895449909509859, 3.9556650538405442, 3.8256318661041724, 2.029958462395813, 0.18560632985990788, 1.2377618218070303, 1.7687999938721108, 0.9107975089362922, 0.3747291966477935, 1.5059786342579666, 2.037230820476734, 1.7222477732291375, 1.6759902280548802], "power_resource": [4.244442768, 3.93337449, 3.55319703, 3.110374944, 2.612142378, 2.709264636, 2.90366307, 3.277068138, 3.858108588, 4.431914892, 4.989098052, 5.520115152, 6.01588503, 6.467942196, 6.868282914, 7.209826956, 7.486109766, 7.692205968, 7.82365194, 7.877369322, 7.851665016, 7.746077268, 7.561067832, 7.298637642, 6.961865058, 6.714980586, 7.05867948, 7.35189327, 7.588773072, 7.80210342, 8.18151129, 8.490578634, 8.72638101, 8.886917484, 8.971572384, 8.9811153, 0.0, 0.0, 0.0, 0.0, 0.0, 0.0, 0.0, 0.0, 0.0, 0.0, 0.0, 0.0, 0.0, 0.0, 0.0, 0.0, 0.0, 0.0, 0.0, 0.0, 0.0, 0.0, 0.0, 0.0, 0.0, 0.0, 0.0, 0.0, 0.0, 0.0, 0.0, 0.0, 0.0, 0.0, 0.0, 6.771160656, 6.863665374, 7.22414133, 7.54275159, 7.81210809, 8.025592356, 8.17766334, 8.406385488, 8.694519984, 8.908927758, 9.04730004, 9.108559404, 9.092859768, 9.001740312, 8.83797156, 8.605093626, 8.308339722, 7.95371265, 7.547830884, 7.098544242, 6.614010378, 6.103310454, 5.575525632, 5.040198828, 4.667255514, 4.525497036, 4.304470788, 4.00802472, 3.64169988, 3.211191234, 2.724040764, 2.64585042, 2.856102408, 3.152086722, 3.733127172, 4.30893441, 4.869811602, 5.406215832, 5.909219856, 6.370204266, 6.78085749, 7.133945382, 7.423157304, 7.642952208, 7.788866472, 7.8575139, 7.847201394, 7.75669761, 7.58661822], "min_cpu_time": [9, 19, 17, 11, 1, 22, 15, 4, 13, 16, 8, 21, 5], "max_cpu_time": [17, 59, 49, 24, 24, 32, 41, 8, 29, 48, 15, 50, 25], "min_job_period": [26, 20, 41, 54, 3, 80, 59, 14, 46, 36, 33, 2, 3], "max_job_period": [102, 34, 48, 54, 7, 83, 102, 81, 89, 85, 47, 49, 112], "min_startup": [3, 1, 2, 2, 21, 1, 2, 5, 2, 2, 3, 1, 4], "max_startup": [19, 47, 101, 18, 29, 71, 95, 111, 82, 37, 20, 33, 5], "priority": [9, 10, 5, 13, 7, 12, 4, 2, 8, 11, 6, 1, 3], "win_min": [0, 0, 0, 0, 0, 0, 0, 0, 0, 0, 7, 0, 0], "win_max": [120, 120, 120, 120, 120, 120, 120, 120, 120, 120, 116, 120, 120]}