{"subs": 1, "jobs": 9, "T": 120, "power_use": [1.9000326992856433, 2.598282369100309, 0.25502628093894014, 3.916658946645684, 1.2161867120957048, 1.5144068523315477, 1.207567058803109, 0.43768629167478146, 3.682599934379765], "power_resource": [8.101627848, 8.26924455, 8.585084286, 8.828582562, 8.996661018, 9.087780474, 9.101633094, 9.039450222, 8.902924956, 8.695905246, 8.422700796, 8.088698736, 7.700825376, 7.266007026, 6.792709176, 6.289551234, 5.765306526, 5.229671886, 4.691882394, 4.573827288, 4.383276804, 4.115459484, 3.775300704, 3.368341512, 2.901508218, 2.583821466, 2.827011906, 2.989549314, 3.527338806, 4.10730183, 4.676336676, 5.224900428, 5.743911924, 6.224136084, 6.657569172, 7.036515288, 7.354048122, 7.604164872, 7.782247998, 7.88444955, 7.908152922, 7.851972852, 7.71590934, 7.50119373, 7.209980874, 6.846118722, 6.815950794, 7.141487364, 7.41423006, 7.628329998, 7.940167866, 8.293563594, 8.575233534, 8.782714998, 8.914468806, 8.970648876, 8.952178716, 0.0, 0.0, 0.0, 0.0, 0.0, 0.0, 0.0, 0.0, 0.0, 0.0, 0.0, 0.0, 0.0, 0.0, 0.0, 0.0, 0.0, 0.0, 0.0, 0.0, 0.0, 0.0, 0.0, 0.0, 0.0, 0.0, 0.0, 0.0, 0.0, 0.0, 0.0, 0.0, 0.0, 0.0, 0.0, 6.658030926, 6.999574968, 7.343581698, 7.642644372, 7.88983668, 8.079001902, 8.20459899, 8.52859638, 8.787024702, 8.970648876, 9.077467968, 9.107174142, 9.06038307, 8.938941768, 8.746236432, 8.486115012, 8.164426392, 7.787327292, 7.36189794, 6.89629599, 6.398986932, 5.87889801, 5.345418222, 4.808090484, 4.60830492, 4.433761908, 4.181490306, 3.8556459], "min_cpu_time": [6, 22, 23, 10, 19, 3, 18, 20, 11], "max_cpu_time": [45, 37, 47, 32, 57, 57, 51, 45, 59], "min_job_period": [6, 35, 7, 11, 28, 2, 6, 24, 6], "max_job_period": [81, 76, 109, 85, 51, 44, 45, 60, 61], "min_startup": [11, 3, 3, 7, 3, 23, 3, 3, 6], "max_startup": [57, 10, 100, 31, 70, 79, 38, 94, 50], "priority": [8, 3, 6, 4, 9, 7, 1, 2, 5], "win_min": [0, 0, 0, 0, 0, 0, 0, 0, 18], "win_max": [120, 120, 120, 120, 120, 120, 120, 120, 98]}