{"subs": 1, "jobs": 24, "T": 120, "power_use": [2.5210049568653257, 2.385944948643114, 0.1894891426525626, 2.1650212818960055, 1.694960213149063, 0.4852670340057966, 2.8590066362870807, 0.10195635825570573, 2.4550609667418017, 0.08860270151570272, 3.6254874937227455, 2.071694192730498, 3.425065830478316, 1.7297161532676377, 0.3910688666136137, 0.011388630991241095, 2.629516807613698, 1.5718514160449875, 1.7759443612030434, 1.0315934702843133, 0.3963580773065243, 1.334666487526253, 3.236248805078412, 0.9192163748239806], "power_resource": [0.0, 0.0, 0.0, 0.0, 6.754383594, 6.900297858, 7.25107698, 7.558451226, 7.815340368, 8.015433768, 8.153190378, 8.464566492, 8.736539598, 8.934016392, 9.055149858, 9.09886257, 9.0657702, 8.957411928, 8.776866114, 8.527980708, 8.21614284, 7.847355312, 7.428698352, 6.96786786, 6.473637162, 5.954625666, 5.42022237, 4.879816272, 4.610305854, 4.450846806, 4.212581742, 3.899666448, 3.517488054, 3.07220328, 2.571354108, 2.784530538, 2.980929906, 3.319857342, 3.902283054, 4.477782456, 5.03696655, 5.57029242, 6.068678904, 6.523506594, 6.926771754, 7.271548074, 7.551370998, 7.761007314, 7.896147318, 7.95371265, 7.931856294, 7.829962578, 7.648801092, 7.390218852, 7.0571403, 6.654029058, 6.954323076, 7.250923062, 7.49118906, 7.744999842, 8.128255662, 8.441478792, 8.681283036, 8.845975296, 8.9349399, 8.948638602, 0.0, 0.0, 0.0, 0.0, 0.0, 0.0, 0.0, 0.0, 0.0, 0.0, 0.0, 0.0, 0.0, 0.0, 0.0, 0.0, 0.0, 0.0, 0.0, 0.0, 0.0, 0.0, 0.0, 0.0, 0.0, 0.0, 0.0, 0.0, 0.0, 0.0, 0.0, 0.0, 0.0, 0.0, 0.0, 6.809794074, 6.832112184, 7.190895042, 7.507966122, 7.775783442, 7.987882446, 8.138722086, 8.40238362, 8.689132854, 8.902155366, 9.03883455, 9.098400816, 9.081008082, 8.987887692, 8.82181017, 8.586777384, 8.287560792, 7.930163196, 7.521356988], "min_cpu_time": [17, 20, 9, 16, 1, 9, 21, 1, 23, 10, 15, 4, 15, 13, 4, 15, 4, 7, 7, 21, 21, 13, 15, 9], "max_cpu_time": [26, 25, 40, 20, 2, 38, 27, 17, 39, 10, 49, 18, 42, 58, 14, 33, 11, 7, 30, 21, 58, 13, 40, 55], "min_job_period": [46, 50, 12, 39, 1, 1, 115, 3, 70, 17, 35, 7, 38, 47, 5, 1, 3, 5, 25, 80, 112, 30, 47, 2], "max_job_period": [89, 82, 90, 47, 39, 24, 116, 33, 92, 84, 65, 112, 72, 56, 79, 83, 101, 10, 34, 100, 114, 64, 50, 110], "min_startup": [2, 2, 3, 2, 30, 3, 1, 30, 1, 3, 2, 8, 2, 2, 8, 2, 8, 4, 4, 1, 1, 2, 2, 3], "max_startup": [113, 88, 14, 50, 54, 7, 78, 82, 58, 61, 108, 48, 102, 36, 53, 35, 14, 60, 87, 26, 67, 18, 73, 101], "priority": [2, 19, 8, 7, 11, 24, 10, 22, 23, 16, 13, 21, 15, 5, 20, 18, 12, 14, 3, 1, 6, 9, 4, 17], "win_min": [0, 0, 0, 0, 0, 0, 0, 0, 0, 0, 0, 0, 0, 0, 0, 0, 0, 0, 0, 16, 0, 0, 0, 0], "win_max": [120, 120, 120, 120, 120, 120, 120, 120, 120, 120, 120, 120, 120, 120, 120, 120, 120, 120, 120, 112, 120, 120, 120, 120]}