{"subs": 1, "jobs": 13, "T": 120, "power_use": [2.8925477619983657, 3.1596544604644694, 0.6051227180041338, 0.6112490706083429, 0.5347480074462302, 1.3734325674158705, 0.37836181735907226, 0.45547659273193025, 2.9961176187801737, 2.08658893622954, 0.7918033448151786, 0.8004506757357894, 1.6326984645814024], "power_resource": [7.711445718, 7.861054014, 7.933549392, 7.926930918, 7.840275084, 7.674043644, 7.429929696, 7.110703764, 6.720521634, 6.909994692, 7.21644543, 7.467793524, 7.67204271, 8.068227642, 8.394841638, 8.648806338, 8.827659054, 8.930938032, 8.958643272, 0.0, 0.0, 0.0, 0.0, 0.0, 0.0, 0.0, 0.0, 0.0, 0.0, 0.0, 0.0, 0.0, 0.0, 0.0, 0.0, 0.0, 0.0, 0.0, 0.0, 0.0, 0.0, 0.0, 0.0, 0.0, 0.0, 0.0, 0.0, 0.0, 0.0, 0.0, 0.0, 0.0, 0.0, 0.0, 0.0, 6.76238733, 7.128866088, 7.455172248, 7.733763828, 7.957714518, 8.12148327, 8.337276306, 8.63864775, 8.866908144, 9.019286964, 9.094706784, 9.093013686, 9.015285096, 8.863983702, 8.642803536, 8.356362138, 8.01066231, 7.612168608, 7.168423014, 6.6877371, 6.178884192, 5.650945452, 5.113309878, 4.662637974, 4.536117378, 4.329405504, 4.04650422, 3.692031066, 3.272142762, 2.7936117, 2.653700238, 2.88134496, 3.070356264, 3.652320222, 4.23120582, 4.797316224, 5.341262436, 5.853655458, 6.325721964, 6.749458218, 7.11716832, 7.422387714, 7.659113598, 7.823036268, 7.910461692, 7.918927182, 7.847663148, 7.696515672, 7.467023934, 7.161650622, 6.784551522, 6.86397321, 7.179966864, 7.442089218, 7.644645306, 8.005429098, 8.34543396, 8.613405198, 8.806572288, 8.92416564, 8.966031336, 0.0, 0.0, 0.0, 0.0], "min_cpu_time": [18, 1, 22, 18, 22, 2, 4, 11, 18, 17, 13, 7, 5], "max_cpu_time": [27, 26, 25, 39, 45, 33, 6, 35, 22, 52, 57, 17, 50], "min_job_period": [48, 18, 19, 23, 22, 54, 22, 11, 106, 4, 3, 95, 78], "max_job_period": [58, 36, 82, 81, 59, 71, 46, 57, 118, 64, 77, 110, 95], "min_startup": [1, 3, 1, 1, 1, 2, 1, 1, 1, 1, 1, 1, 1], "max_startup": [104, 117, 93, 38, 13, 30, 53, 117, 79, 82, 86, 115, 35], "priority": [1, 8, 9, 6, 11, 4, 12, 10, 13, 5, 2, 3, 7], "win_min": [0, 22, 0, 0, 0, 0, 0, 0, 0, 0, 0, 0, 0], "win_max": [120, 97, 120, 120, 120, 120, 120, 120, 120, 120, 120, 120, 120]}