{"subs": 1, "jobs": 20, "T": 120, "power_use": [0.7778553626261757, 2.0327809100613257, 2.0056824637276636, 3.0756005525047545, 1.7939284858886368, 1.4590288678416354, 2.2175243293475857, 1.1625896694987596, 1.4348096740058514, 1.2920807802188896, 3.4282085887349836, 1.08458550031332, 0.3334152628265181, 1.7517153730641715, 3.1346085272441497, 3.1095127836935843, 0.8401096472921752, 2.1709345486467027, 0.15807829647785537, 3.1075111334265317], "power_resource": [0.0, 0.0, 0.0, 0.0, 0.0, 0.0, 0.0, 0.0, 0.0, 0.0, 0.0, 0.0, 0.0, 6.754383594, 6.900297858, 7.25107698, 7.558451226, 7.815340368, 8.015433768, 8.153190378, 8.464566492, 8.736539598, 8.934016392, 9.055149858, 9.09886257, 9.0657702, 8.957411928, 8.776866114, 8.527980708, 8.21614284, 7.847355312, 7.428698352, 6.96786786, 6.473637162, 5.954625666, 5.42022237, 4.879816272, 4.610305854, 4.450846806, 4.212581742, 3.899666448, 3.517488054, 3.07220328, 2.571354108, 2.784530538, 2.980929906, 3.319857342, 3.902283054, 4.477782456, 5.03696655, 5.57029242, 6.068678904, 6.523506594, 6.926771754, 7.271548074, 7.551370998, 7.761007314, 7.896147318, 7.95371265, 7.931856294, 7.829962578, 7.648801092, 7.390218852, 7.0571403, 6.654029058, 6.954323076, 7.250923062, 7.49118906, 7.744999842, 8.128255662, 8.441478792, 8.681283036, 8.845975296, 8.9349399, 8.948638602, 0.0, 0.0, 0.0, 0.0, 0.0, 0.0, 0.0, 0.0, 0.0, 0.0, 0.0, 0.0, 0.0, 0.0, 0.0, 0.0, 0.0, 0.0, 0.0, 0.0, 0.0, 0.0, 0.0, 0.0, 0.0, 0.0, 0.0, 0.0, 0.0, 0.0, 0.0, 0.0, 0.0, 0.0, 0.0, 6.809794074, 6.832112184, 7.190895042, 7.507966122, 7.775783442, 7.987882446, 8.138722086, 8.40238362, 8.689132854, 8.902155366], "min_cpu_time": [17, 18, 18, 10, 15, 18, 8, 18, 4, 18, 15, 14, 20, 14, 10, 2, 16, 14, 13, 2], "max_cpu_time": [33, 55, 52, 37, 38, 50, 16, 27, 24, 27, 43, 55, 37, 17, 48, 4, 56, 39, 28, 35], "min_job_period": [101, 64, 104, 103, 87, 3, 24, 48, 10, 115, 69, 21, 86, 54, 93, 4, 27, 15, 115, 20], "max_job_period": [119, 116, 110, 113, 93, 82, 84, 113, 78, 119, 109, 42, 115, 103, 112, 41, 72, 81, 118, 94], "min_startup": [1, 1, 1, 1, 1, 1, 2, 1, 3, 1, 1, 1, 1, 1, 1, 5, 1, 1, 1, 5], "max_startup": [105, 23, 84, 1, 64, 22, 114, 59, 18, 25, 26, 22, 2, 8, 99, 12, 98, 33, 3, 92], "priority": [5, 11, 14, 16, 8, 6, 20, 12, 2, 13, 15, 1, 3, 10, 7, 18, 19, 17, 9, 4], "win_min": [17, 0, 0, 0, 0, 0, 0, 0, 0, 0, 0, 0, 0, 0, 0, 0, 0, 0, 0, 0], "win_max": [104, 120, 120, 120, 120, 120, 120, 120, 120, 120, 120, 120, 120, 120, 120, 120, 120, 120, 120, 120]}