{"subs": 1, "jobs": 24, "T": 120, "power_use": [2.153772276017556, 3.5953755398920437, 2.8569258237336412, 0.31800852331220514, 3.3573118408187375, 1.975873795874836, 2.0569197589343196, 2.1193401556193825, 1.271701814466011, 1.9487707958189382, 3.391879170004284, 1.2560420739951323, 1.2333196583762225, 2.8751389658732793, 1.255893276448705, 0.6447787070365883, 1.5079466515311897, 2.398924428886492, 1.472429854590162, 3.5205512251263635, 0.7719527413730424, 3.864066993428621, 0.4558853865764701, 2.26832051505603], "power_resource": [7.659113598, 7.823036268, 7.910461692, 7.918927182, 7.847663148, 7.696515672, 7.467023934, 7.161650622, 6.784551522, 6.86397321, 7.179966864, 7.442089218, 7.644645306, 8.005429098, 8.34543396, 8.613405198, 8.806572288, 8.92416564, 8.966031336, 0.0, 0.0, 0.0, 0.0, 0.0, 0.0, 0.0, 0.0, 0.0, 0.0, 0.0, 0.0, 0.0, 0.0, 0.0, 0.0, 0.0, 0.0, 0.0, 0.0, 0.0, 0.0, 0.0, 0.0, 0.0, 0.0, 0.0, 0.0, 0.0, 0.0, 0.0, 0.0, 0.0, 0.0, 0.0, 0.0, 6.691123296, 7.065144036, 7.40037744, 7.689435444, 7.925083902, 8.101627848, 8.26924455, 8.585084286, 8.828582562, 8.996661018, 9.087780474, 9.101633094, 9.039450222, 8.902924956, 8.695905246, 8.422700796, 8.088698736, 7.700825376, 7.266007026, 6.792709176, 6.289551234, 5.765306526, 5.229671886, 4.691882394, 4.573827288, 4.383276804, 4.115459484, 3.775300704, 3.368341512, 2.901508218, 2.583821466, 2.827011906, 2.989549314, 3.527338806, 4.10730183, 4.676336676, 5.224900428, 5.743911924, 6.224136084, 6.657569172, 7.036515288, 7.354048122, 7.604164872, 7.782247998, 7.88444955, 7.908152922, 7.851972852, 7.71590934, 7.50119373, 7.209980874, 6.846118722, 6.815950794, 7.141487364, 7.41423006, 7.628329998, 7.940167866, 8.293563594, 8.575233534, 8.782714998, 8.914468806, 8.970648876, 8.952178716, 0.0, 0.0, 0.0], "min_cpu_time": [11, 17, 16, 14, 9, 22, 16, 15, 8, 2, 5, 2, 23, 11, 21, 14, 6, 12, 8, 21, 11, 3, 18, 10], "max_cpu_time": [46, 21, 40, 15, 31, 50, 25, 41, 18, 24, 9, 3, 26, 52, 49, 41, 15, 12, 11, 22, 21, 55, 20, 39], "min_job_period": [20, 116, 105, 93, 14, 38, 47, 54, 20, 29, 68, 11, 84, 78, 87, 71, 77, 28, 103, 32, 92, 5, 109, 12], "max_job_period": [74, 117, 115, 118, 80, 101, 99, 58, 42, 105, 101, 49, 113, 100, 100, 110, 78, 71, 107, 119, 93, 5, 114, 111], "min_startup": [1, 1, 1, 1, 1, 1, 1, 1, 1, 2, 1, 2, 1, 1, 1, 1, 1, 1, 1, 1, 1, 2, 1, 1], "max_startup": [19, 107, 50, 49, 21, 25, 83, 76, 32, 66, 113, 118, 71, 56, 4, 5, 29, 87, 6, 68, 42, 59, 38, 21], "priority": [21, 17, 20, 10, 16, 11, 9, 4, 2, 15, 7, 22, 6, 12, 8, 14, 18, 19, 13, 24, 3, 23, 5, 1], "win_min": [0, 0, 0, 0, 0, 0, 0, 21, 0, 0, 0, 0, 0, 0, 0, 0, 0, 0, 0, 0, 0, 0, 0, 0], "win_max": [120, 120, 120, 120, 120, 120, 120, 97, 120, 120, 120, 120, 120, 120, 120, 120, 120, 120, 120, 120, 120, 120, 120, 120]}