{"subs": 1, "jobs": 13, "T": 120, "power_use": [2.7275546896658023, 0.3658033948935318, 3.8438946715225475, 2.4521661570822157, 3.0616585825088287, 3.9917678224378927, 0.6479084885176111, 3.4758778368504495, 3.139102019823652, 2.3919579927815833, 1.5067444471331486, 1.087919923637388, 1.4031004684894206], "power_resource": [6.178884192, 5.650945452, 5.113309878, 4.662637974, 4.536117378, 4.329405504, 4.04650422, 3.692031066, 3.272142762, 2.7936117, 2.653700238, 2.88134496, 3.070356264, 3.652320222, 4.23120582, 4.797316224, 5.341262436, 5.853655458, 6.325721964, 6.749458218, 7.11716832, 7.422387714, 7.659113598, 7.823036268, 7.910461692, 7.918927182, 7.847663148, 7.696515672, 7.467023934, 7.161650622, 6.784551522, 6.86397321, 7.179966864, 7.442089218, 7.644645306, 8.005429098, 8.34543396, 8.613405198, 8.806572288, 8.92416564, 8.966031336, 0.0, 0.0, 0.0, 0.0, 0.0, 0.0, 0.0, 0.0, 0.0, 0.0, 0.0, 0.0, 0.0, 0.0, 0.0, 0.0, 0.0, 0.0, 0.0, 0.0, 0.0, 0.0, 0.0, 0.0, 0.0, 0.0, 0.0, 0.0, 0.0, 0.0, 0.0, 0.0, 0.0, 0.0, 0.0, 0.0, 6.691123296, 7.065144036, 7.40037744, 7.689435444, 7.925083902, 8.101627848, 8.26924455, 8.585084286, 8.828582562, 8.996661018, 9.087780474, 9.101633094, 9.039450222, 8.902924956, 8.695905246, 8.422700796, 8.088698736, 7.700825376, 7.266007026, 6.792709176, 6.289551234, 5.765306526, 5.229671886, 4.691882394, 4.573827288, 4.383276804, 4.115459484, 3.775300704, 3.368341512, 2.901508218, 2.583821466, 2.827011906, 2.989549314, 3.527338806, 4.10730183, 4.676336676, 5.224900428, 5.743911924, 6.224136084, 6.657569172, 7.036515288, 7.354048122, 7.604164872], "min_cpu_time": [19, 6, 18, 12, 10, 16, 4, 2, 23, 20, 9, 15, 22], "max_cpu_time": [22, 43, 25, 53, 28, 18, 47, 55, 43, 52, 23, 45, 55], "min_job_period": [29, 7, 29, 19, 12, 5, 3, 1, 53, 38, 19, 20, 38], "max_job_period": [87, 21, 47, 77, 35, 105, 24, 17, 112, 80, 22, 114, 101], "min_startup": [2, 8, 2, 4, 5, 3, 11, 23, 2, 2, 5, 3, 2], "max_startup": [10, 78, 7, 11, 60, 90, 105, 92, 80, 7, 68, 17, 17], "priority": [9, 13, 10, 8, 6, 2, 12, 4, 11, 7, 3, 1, 5], "win_min": [0, 7, 0, 0, 0, 0, 0, 0, 0, 0, 0, 0, 0], "win_max": [120, 117, 120, 120, 120, 120, 120, 120, 120, 120, 120, 120, 120]}