{"subs": 1, "jobs": 9, "T": 120, "power_use": [1.0196915994252387, 0.40107542972181986, 0.8515098552722095, 3.927805145725298, 3.994443419751163, 0.6003076138604334, 3.3015820511978924, 2.5082433722974153, 1.3411878152097199], "power_resource": [5.743911924, 6.224136084, 6.657569172, 7.036515288, 7.354048122, 7.604164872, 7.782247998, 7.88444955, 7.908152922, 7.851972852, 7.71590934, 7.50119373, 7.209980874, 6.846118722, 6.815950794, 7.141487364, 7.41423006, 7.628329998, 7.940167866, 8.293563594, 8.575233534, 8.782714998, 8.914468806, 8.970648876, 8.952178716, 0.0, 0.0, 0.0, 0.0, 0.0, 0.0, 0.0, 0.0, 0.0, 0.0, 0.0, 0.0, 0.0, 0.0, 0.0, 0.0, 0.0, 0.0, 0.0, 0.0, 0.0, 0.0, 0.0, 0.0, 0.0, 0.0, 0.0, 0.0, 0.0, 0.0, 0.0, 0.0, 0.0, 0.0, 0.0, 6.658030926, 6.999574968, 7.343581698, 7.642644372, 7.88983668, 8.079001902, 8.20459899, 8.52859638, 8.787024702, 8.970648876, 9.077467968, 9.107174142, 9.06038307, 8.938941768, 8.746236432, 8.486115012, 8.164426392, 7.787327292, 7.36189794, 6.89629599, 6.398986932, 5.87889801, 5.345418222, 4.808090484, 4.60830492, 4.433761908, 4.181490306, 3.8556459, 3.462077574, 3.007095966, 2.511018252, 2.769600492, 2.948145372, 3.402203472, 3.982782168, 4.55443362, 5.107460994, 5.63262921, 6.120857106, 6.56383311, 6.953553486, 7.283091924, 7.546445622, 7.738535286, 7.855512966, 7.894146384, 7.853358114, 7.732532484, 7.532593002, 7.25569452, 6.905223234, 6.766389198, 7.10100693, 7.384062132, 7.60970592, 7.872290028, 8.238768786, 8.534291346, 8.755933266, 8.902155366], "min_cpu_time": [4, 18, 8, 12, 20, 15, 3, 6, 12], "max_cpu_time": [23, 22, 26, 38, 40, 19, 58, 23, 59], "min_job_period": [23, 99, 14, 7, 10, 82, 20, 12, 41], "max_job_period": [77, 113, 80, 45, 111, 88, 80, 63, 54], "min_startup": [4, 1, 2, 2, 1, 1, 5, 3, 2], "max_startup": [10, 52, 114, 23, 19, 52, 61, 68, 68], "priority": [4, 9, 3, 2, 8, 7, 5, 1, 6], "win_min": [0, 0, 7, 0, 0, 0, 0, 0, 0], "win_max": [120, 120, 112, 120, 120, 120, 120, 120, 120]}