{"subs": 1, "jobs": 18, "T": 120, "power_use": [0.4323917105029297, 3.6646897152293145, 3.0555352176972983, 3.0179190250543497, 2.397329080203201, 3.824551636353713, 3.3471281095467966, 2.1059456896289634, 3.1766410476153326, 0.4304493642640687, 2.1749471774225895, 2.3829959740390327, 2.6670836863357397, 2.648503299684526, 0.3168909500560951, 1.6254232340161467, 2.90261621064523, 2.237974378579191], "power_resource": [8.863983702, 8.642803536, 8.356362138, 8.01066231, 7.612168608, 7.168423014, 6.6877371, 6.178884192, 5.650945452, 5.113309878, 4.662637974, 4.536117378, 4.329405504, 4.04650422, 3.692031066, 3.272142762, 2.7936117, 2.653700238, 2.88134496, 3.070356264, 3.652320222, 4.23120582, 4.797316224, 5.341262436, 5.853655458, 6.325721964, 6.749458218, 7.11716832, 7.422387714, 7.659113598, 7.823036268, 7.910461692, 7.918927182, 7.847663148, 7.696515672, 7.467023934, 7.161650622, 6.784551522, 6.86397321, 7.179966864, 7.442089218, 7.644645306, 8.005429098, 8.34543396, 8.613405198, 8.806572288, 8.92416564, 8.966031336, 0.0, 0.0, 0.0, 0.0, 0.0, 0.0, 0.0, 0.0, 0.0, 0.0, 0.0, 0.0, 0.0, 0.0, 0.0, 0.0, 0.0, 0.0, 0.0, 0.0, 0.0, 0.0, 0.0, 0.0, 0.0, 0.0, 0.0, 0.0, 0.0, 0.0, 0.0, 0.0, 0.0, 0.0, 0.0, 0.0, 6.691123296, 7.065144036, 7.40037744, 7.689435444, 7.925083902, 8.101627848, 8.26924455, 8.585084286, 8.828582562, 8.996661018, 9.087780474, 9.101633094, 9.039450222, 8.902924956, 8.695905246, 8.422700796, 8.088698736, 7.700825376, 7.266007026, 6.792709176, 6.289551234, 5.765306526, 5.229671886, 4.691882394, 4.573827288, 4.383276804, 4.115459484, 3.775300704, 3.368341512, 2.901508218, 2.583821466, 2.827011906, 2.989549314, 3.527338806, 4.10730183, 4.676336676], "min_cpu_time": [19, 6, 16, 2, 10, 1, 6, 1, 22, 13, 2, 10, 22, 14, 17, 22, 13, 23], "max_cpu_time": [49, 58, 23, 27, 47, 12, 15, 37, 52, 37, 45, 24, 50, 17, 38, 44, 59, 33], "min_job_period": [89, 101, 103, 15, 66, 3, 36, 7, 108, 99, 24, 55, 98, 36, 21, 91, 85, 108], "max_job_period": [116, 106, 103, 23, 67, 30, 97, 109, 109, 105, 113, 112, 98, 117, 68, 107, 115, 113], "min_startup": [1, 1, 1, 3, 1, 6, 1, 6, 1, 1, 3, 1, 1, 1, 1, 1, 1, 1], "max_startup": [8, 104, 79, 72, 49, 80, 55, 15, 9, 26, 83, 49, 17, 117, 93, 26, 36, 108], "priority": [17, 15, 5, 4, 6, 11, 14, 10, 16, 9, 7, 1, 8, 12, 18, 2, 3, 13], "win_min": [0, 0, 0, 0, 3, 0, 0, 0, 0, 0, 0, 0, 0, 0, 0, 0, 0, 0], "win_max": [120, 120, 120, 120, 107, 120, 120, 120, 120, 120, 120, 120, 120, 120, 120, 120, 120, 120]}