{"subs": 1, "jobs": 20, "T": 120, "power_use": [0.7587884277780258, 1.2898340677471702, 2.9996694388696965, 3.097934011812279, 0.2528444761974809, 3.994757098806061, 1.1892921553661793, 2.7121515208900724, 2.288550903228692, 3.2555317487756343, 3.625031634243188, 3.278457001862265, 0.6251703518805727, 3.8946036635931143, 2.90396491270703, 2.1010790315083088, 1.3959358121668872, 2.180982570606568, 3.0224919457232127, 1.2630233801660324], "power_resource": [6.507191286, 5.991565986, 5.460856722, 4.924298574, 4.639396356, 4.48132257, 4.244442768, 3.93337449, 3.55319703, 3.110374944, 2.612142378, 2.709264636, 2.90366307, 3.277068138, 3.858108588, 4.431914892, 4.989098052, 5.520115152, 6.01588503, 6.467942196, 6.868282914, 7.209826956, 7.486109766, 7.692205968, 7.82365194, 7.877369322, 7.851665016, 7.746077268, 7.561067832, 7.298637642, 6.961865058, 6.714980586, 7.05867948, 7.35189327, 7.588773072, 7.80210342, 8.18151129, 8.490578634, 8.72638101, 8.886917484, 8.971572384, 8.9811153, 0.0, 0.0, 0.0, 0.0, 0.0, 0.0, 0.0, 0.0, 0.0, 0.0, 0.0, 0.0, 0.0, 0.0, 0.0, 0.0, 0.0, 0.0, 0.0, 0.0, 0.0, 0.0, 0.0, 0.0, 0.0, 0.0, 0.0, 0.0, 0.0, 0.0, 0.0, 0.0, 0.0, 0.0, 0.0, 6.771160656, 6.863665374, 7.22414133, 7.54275159, 7.81210809, 8.025592356, 8.17766334, 8.406385488, 8.694519984, 8.908927758, 9.04730004, 9.108559404, 9.092859768, 9.001740312, 8.83797156, 8.605093626, 8.308339722, 7.95371265, 7.547830884, 7.098544242, 6.614010378, 6.103310454, 5.575525632, 5.040198828, 4.667255514, 4.525497036, 4.304470788, 4.00802472, 3.64169988, 3.211191234, 2.724040764, 2.64585042, 2.856102408, 3.152086722, 3.733127172, 4.30893441, 4.869811602, 5.406215832, 5.909219856, 6.370204266, 6.78085749, 7.133945382, 7.423157304], "min_cpu_time": [3, 5, 8, 2, 5, 11, 2, 1, 3, 23, 1, 22, 4, 15, 19, 23, 5, 1, 1, 12], "max_cpu_time": [53, 46, 9, 24, 49, 17, 7, 38, 31, 27, 28, 33, 21, 51, 36, 24, 33, 47, 9, 45], "min_job_period": [10, 19, 1, 2, 17, 17, 2, 2, 1, 87, 1, 86, 5, 4, 45, 67, 6, 3, 2, 18], "max_job_period": [37, 82, 81, 26, 98, 100, 53, 4, 39, 114, 101, 119, 29, 71, 61, 83, 84, 77, 17, 81], "min_startup": [9, 6, 4, 13, 6, 2, 13, 27, 9, 1, 27, 1, 7, 2, 2, 1, 6, 27, 27, 2], "max_startup": [17, 49, 24, 87, 105, 57, 62, 98, 86, 17, 113, 29, 50, 28, 58, 72, 47, 34, 101, 40], "priority": [16, 5, 13, 17, 9, 11, 10, 7, 18, 8, 2, 14, 12, 20, 19, 1, 4, 15, 3, 6], "win_min": [0, 0, 0, 0, 0, 0, 0, 0, 0, 0, 0, 0, 0, 0, 0, 7, 0, 0, 0, 0], "win_max": [120, 120, 120, 120, 120, 120, 120, 120, 120, 120, 120, 120, 120, 120, 120, 108, 120, 120, 120, 120]}