{"subs": 1, "jobs": 18, "T": 120, "power_use": [3.210484075459521, 1.578470207776574, 3.004290439880709, 0.3545210222165338, 3.9130083006391714, 1.441459549239715, 2.6403543645160124, 0.019088319947478657, 1.3036451314877116, 3.0357308220496564, 1.3353473370251803, 0.47406166060521526, 2.2551941216361286, 3.829814487444074, 3.220615270162623, 0.948842207314335, 2.8164518527084104, 3.544652958874131], "power_resource": [5.113309878, 4.662637974, 4.536117378, 4.329405504, 4.04650422, 3.692031066, 3.272142762, 2.7936117, 2.653700238, 2.88134496, 3.070356264, 3.652320222, 4.23120582, 4.797316224, 5.341262436, 5.853655458, 6.325721964, 6.749458218, 7.11716832, 7.422387714, 7.659113598, 7.823036268, 7.910461692, 7.918927182, 7.847663148, 7.696515672, 7.467023934, 7.161650622, 6.784551522, 6.86397321, 7.179966864, 7.442089218, 7.644645306, 8.005429098, 8.34543396, 8.613405198, 8.806572288, 8.92416564, 8.966031336, 0.0, 0.0, 0.0, 0.0, 0.0, 0.0, 0.0, 0.0, 0.0, 0.0, 0.0, 0.0, 0.0, 0.0, 0.0, 0.0, 0.0, 0.0, 0.0, 0.0, 0.0, 0.0, 0.0, 0.0, 0.0, 0.0, 0.0, 0.0, 0.0, 0.0, 0.0, 0.0, 0.0, 0.0, 0.0, 0.0, 6.691123296, 7.065144036, 7.40037744, 7.689435444, 7.925083902, 8.101627848, 8.26924455, 8.585084286, 8.828582562, 8.996661018, 9.087780474, 9.101633094, 9.039450222, 8.902924956, 8.695905246, 8.422700796, 8.088698736, 7.700825376, 7.266007026, 6.792709176, 6.289551234, 5.765306526, 5.229671886, 4.691882394, 4.573827288, 4.383276804, 4.115459484, 3.775300704, 3.368341512, 2.901508218, 2.583821466, 2.827011906, 2.989549314, 3.527338806, 4.10730183, 4.676336676, 5.224900428, 5.743911924, 6.224136084, 6.657569172, 7.036515288, 7.354048122, 7.604164872, 7.782247998, 7.88444955], "min_cpu_time": [18, 18, 21, 11, 22, 5, 5, 2, 15, 20, 18, 21, 4, 6, 3, 10, 16, 10], "max_cpu_time": [43, 20, 37, 48, 39, 5, 33, 32, 44, 49, 39, 58, 22, 21, 38, 49, 38, 53], "min_job_period": [103, 65, 11, 29, 36, 88, 112, 21, 2, 87, 44, 110, 35, 40, 36, 41, 40, 43], "max_job_period": [109, 113, 57, 46, 81, 113, 116, 70, 48, 109, 118, 114, 92, 65, 43, 42, 53, 69], "min_startup": [1, 1, 1, 1, 1, 1, 1, 3, 1, 1, 1, 1, 2, 1, 2, 1, 1, 1], "max_startup": [16, 37, 57, 29, 56, 19, 26, 62, 112, 117, 16, 98, 96, 78, 99, 85, 54, 12], "priority": [11, 7, 17, 13, 9, 14, 6, 8, 18, 16, 1, 4, 10, 3, 5, 12, 2, 15], "win_min": [0, 0, 0, 0, 0, 0, 0, 0, 0, 0, 0, 0, 0, 0, 0, 0, 14, 0], "win_max": [120, 120, 120, 120, 120, 120, 120, 120, 120, 120, 120, 120, 120, 120, 120, 120, 119, 120]}