{"subs": 1, "jobs": 24, "T": 120, "power_use": [2.4290187405408625, 3.651816387623102, 3.3158956316746946, 3.371221495126925, 0.27327292178912455, 0.43159624619500675, 0.0643304943514808, 0.7493356904394723, 3.456489253242459, 2.719814329713943, 2.0886161590772927, 2.9411787040006563, 1.3227195641772034, 2.2812151497468554, 0.37225148485859716, 2.7179978353640784, 1.3933152742460058, 2.1532212081582567, 2.2124463648041206, 2.3434516543210764, 2.0718505503020213, 2.1914728578665406, 3.1687182696535463, 2.285522404342028], "power_resource": [0.0, 0.0, 0.0, 0.0, 0.0, 0.0, 0.0, 0.0, 0.0, 0.0, 0.0, 0.0, 0.0, 0.0, 0.0, 0.0, 0.0, 0.0, 0.0, 0.0, 0.0, 0.0, 0.0, 6.771160656, 6.863665374, 7.22414133, 7.54275159, 7.81210809, 8.025592356, 8.17766334, 8.406385488, 8.694519984, 8.908927758, 9.04730004, 9.108559404, 9.092859768, 9.001740312, 8.83797156, 8.605093626, 8.308339722, 7.95371265, 7.547830884, 7.098544242, 6.614010378, 6.103310454, 5.575525632, 5.040198828, 4.667255514, 4.525497036, 4.304470788, 4.00802472, 3.64169988, 3.211191234, 2.724040764, 2.64585042, 2.856102408, 3.152086722, 3.733127172, 4.30893441, 4.869811602, 5.406215832, 5.909219856, 6.370204266, 6.78085749, 7.133945382, 7.423157304, 7.642952208, 7.788866472, 7.8575139, 7.847201394, 7.75669761, 7.58661822, 7.338656322, 7.015736358, 6.662032794, 7.014351096, 7.317569556, 7.565531454, 7.752541824, 8.121637188, 8.444249316, 8.69405823, 8.86875516, 8.967878352, 8.991427806, 0.0, 0.0, 0.0, 0.0, 0.0, 0.0, 0.0, 0.0, 0.0, 0.0, 0.0, 0.0, 0.0, 0.0, 0.0, 0.0, 0.0, 0.0, 0.0, 0.0, 0.0, 0.0, 0.0, 0.0, 0.0, 0.0, 0.0, 0.0, 0.0, 0.0, 0.0, 0.0, 0.0, 0.0, 0.0], "min_cpu_time": [3, 11, 4, 20, 20, 9, 3, 14, 15, 21, 7, 13, 3, 10, 21, 3, 17, 1, 10, 4, 6, 2, 13, 17], "max_cpu_time": [31, 39, 58, 42, 48, 55, 52, 18, 26, 39, 43, 14, 14, 40, 48, 40, 50, 10, 16, 35, 13, 44, 15, 58], "min_job_period": [39, 15, 1, 52, 66, 81, 6, 94, 86, 109, 76, 106, 18, 16, 93, 8, 36, 6, 75, 17, 5, 27, 30, 53], "max_job_period": [116, 30, 91, 102, 104, 113, 41, 101, 97, 113, 99, 118, 99, 64, 113, 24, 76, 33, 90, 55, 99, 67, 48, 62], "min_startup": [2, 1, 2, 1, 1, 1, 2, 1, 1, 1, 1, 1, 2, 1, 1, 2, 1, 6, 1, 2, 1, 3, 1, 1], "max_startup": [114, 99, 102, 98, 58, 116, 95, 31, 97, 67, 45, 90, 112, 36, 47, 42, 118, 108, 61, 50, 94, 88, 95, 75], "priority": [16, 5, 15, 8, 24, 23, 3, 18, 9, 12, 4, 2, 7, 1, 17, 10, 21, 6, 14, 13, 20, 11, 19, 22], "win_min": [0, 0, 0, 0, 0, 0, 0, 0, 0, 1, 0, 0, 0, 0, 0, 0, 0, 0, 0, 0, 0, 0, 0, 0], "win_max": [120, 120, 120, 120, 120, 120, 120, 120, 120, 115, 120, 120, 120, 120, 120, 120, 120, 120, 120, 120, 120, 120, 120, 120]}