{"subs": 1, "jobs": 24, "T": 120, "power_use": [3.9133731661298854, 1.9161681097793137, 1.1561532751696588, 2.940052388288855, 0.7850848460685355, 2.3418222606428807, 0.9922665016561465, 0.1862908355831433, 1.93612950168258, 2.288993289441664, 2.9907624789208094, 2.562230098858948, 2.7872716704784404, 1.7407698741102646, 0.3485674828609738, 0.24758377290199743, 3.450027352583899, 1.7066370099978723, 0.9822006696458577, 0.662480729044951, 2.29628574283732, 1.58642427539434, 3.419772066273131, 0.13858686010359947], "power_resource": [0.0, 0.0, 0.0, 0.0, 0.0, 0.0, 0.0, 0.0, 6.691123296, 7.065144036, 7.40037744, 7.689435444, 7.925083902, 8.101627848, 8.26924455, 8.585084286, 8.828582562, 8.996661018, 9.087780474, 9.101633094, 9.039450222, 8.902924956, 8.695905246, 8.422700796, 8.088698736, 7.700825376, 7.266007026, 6.792709176, 6.289551234, 5.765306526, 5.229671886, 4.691882394, 4.573827288, 4.383276804, 4.115459484, 3.775300704, 3.368341512, 2.901508218, 2.583821466, 2.827011906, 2.989549314, 3.527338806, 4.10730183, 4.676336676, 5.224900428, 5.743911924, 6.224136084, 6.657569172, 7.036515288, 7.354048122, 7.604164872, 7.782247998, 7.88444955, 7.908152922, 7.851972852, 7.71590934, 7.50119373, 7.209980874, 6.846118722, 6.815950794, 7.141487364, 7.41423006, 7.628329998, 7.940167866, 8.293563594, 8.575233534, 8.782714998, 8.914468806, 8.970648876, 8.952178716, 0.0, 0.0, 0.0, 0.0, 0.0, 0.0, 0.0, 0.0, 0.0, 0.0, 0.0, 0.0, 0.0, 0.0, 0.0, 0.0, 0.0, 0.0, 0.0, 0.0, 0.0, 0.0, 0.0, 0.0, 0.0, 0.0, 0.0, 0.0, 0.0, 0.0, 0.0, 0.0, 0.0, 0.0, 0.0, 6.658030926, 6.999574968, 7.343581698, 7.642644372, 7.88983668, 8.079001902, 8.20459899, 8.52859638, 8.787024702, 8.970648876, 9.077467968, 9.107174142, 9.06038307, 8.938941768, 8.746236432], "min_cpu_time": [2, 19, 13, 14, 12, 2, 11, 17, 15, 2, 9, 22, 23, 4, 1, 5, 4, 13, 14, 10, 12, 15, 15, 9], "max_cpu_time": [25, 45, 40, 15, 40, 8, 45, 36, 43, 32, 19, 34, 47, 57, 12, 33, 6, 48, 54, 49, 13, 59, 37, 27], "min_job_period": [12, 113, 102, 61, 53, 3, 22, 63, 112, 9, 19, 82, 83, 3, 7, 34, 15, 67, 17, 44, 33, 23, 5, 47], "max_job_period": [31, 118, 109, 92, 72, 76, 60, 101, 114, 47, 108, 92, 90, 112, 110, 44, 50, 78, 78, 86, 111, 68, 78, 69], "min_startup": [7, 1, 1, 1, 2, 7, 2, 1, 1, 7, 2, 1, 1, 4, 14, 3, 4, 1, 1, 2, 2, 1, 1, 2], "max_startup": [75, 97, 46, 87, 24, 34, 98, 18, 53, 58, 92, 12, 42, 16, 76, 104, 30, 90, 17, 64, 5, 80, 26, 97], "priority": [19, 4, 5, 15, 13, 6, 1, 14, 9, 23, 3, 12, 18, 22, 10, 17, 7, 21, 8, 20, 2, 11, 24, 16], "win_min": [0, 0, 0, 0, 0, 0, 0, 0, 13, 0, 0, 0, 0, 0, 0, 0, 0, 0, 0, 0, 0, 0, 0, 0], "win_max": [120, 120, 120, 120, 120, 120, 120, 120, 98, 120, 120, 120, 120, 120, 120, 120, 120, 120, 120, 120, 120, 120, 120, 120]}