{"subs": 1, "jobs": 20, "T": 120, "power_use": [3.769605185049501, 1.8285018174242158, 2.0753191910498723, 0.053513717917084404, 3.2763751068949896, 2.799903467934141, 0.860344757210807, 2.6662352657468986, 3.5644916264677797, 2.1756948607277575, 1.2921512949462066, 1.6098457435649713, 2.4076899871349844, 0.49700980070015094, 1.290733364367703, 0.6739558036509951, 0.7782582398921633, 1.0135085451733934, 0.8218929943900413, 3.329171756332905], "power_resource": [7.10100693, 7.384062132, 7.60970592, 7.872290028, 8.238768786, 8.534291346, 8.755933266, 8.902155366, 8.972495892, 8.96803227, 0.0, 0.0, 0.0, 0.0, 0.0, 0.0, 0.0, 0.0, 0.0, 0.0, 0.0, 0.0, 0.0, 0.0, 0.0, 0.0, 0.0, 0.0, 0.0, 0.0, 0.0, 0.0, 0.0, 0.0, 0.0, 0.0, 0.0, 0.0, 0.0, 0.0, 0.0, 0.0, 0.0, 0.0, 0.0, 6.716058012, 6.93246672, 7.284785022, 7.593852366, 7.85212677, 8.053605432, 8.192593386, 8.469030114, 8.742234564, 8.941404456, 9.064077102, 9.109482912, 9.078237558, 8.97188022, 8.793489258, 8.54706654, 8.23769136, 7.871520438, 7.45578792, 6.998189706, 6.507191286, 5.991565986, 5.460856722, 4.924298574, 4.639396356, 4.48132257, 4.244442768, 3.93337449, 3.55319703, 3.110374944, 2.612142378, 2.709264636, 2.90366307, 3.277068138, 3.858108588, 4.431914892, 4.989098052, 5.520115152, 6.01588503, 6.467942196, 6.868282914, 7.209826956, 7.486109766, 7.692205968, 7.82365194, 7.877369322, 7.851665016, 7.746077268, 7.561067832, 7.298637642, 6.961865058, 6.714980586, 7.05867948, 7.35189327, 7.588773072, 7.80210342, 8.18151129, 8.490578634, 8.72638101, 8.886917484, 8.971572384, 8.9811153, 0.0, 0.0, 0.0, 0.0, 0.0, 0.0, 0.0, 0.0, 0.0, 0.0, 0.0, 0.0, 0.0], "min_cpu_time": [11, 7, 10, 6, 8, 15, 3, 7, 13, 15, 22, 2, 2, 23, 1, 6, 14, 3, 6, 20], "max_cpu_time": [25, 45, 22, 59, 30, 43, 50, 24, 58, 52, 57, 22, 52, 25, 35, 20, 58, 28, 59, 30], "min_job_period": [33, 16, 1, 32, 34, 65, 14, 51, 86, 69, 26, 16, 3, 62, 2, 7, 75, 9, 55, 41], "max_job_period": [74, 104, 38, 58, 36, 119, 18, 106, 105, 103, 71, 49, 23, 72, 21, 84, 112, 93, 102, 100], "min_startup": [1, 2, 1, 2, 2, 1, 4, 2, 1, 1, 1, 6, 6, 1, 11, 2, 1, 4, 2, 1], "max_startup": [96, 55, 114, 60, 39, 118, 94, 4, 118, 73, 30, 117, 44, 11, 65, 109, 108, 95, 94, 78], "priority": [6, 15, 4, 17, 13, 14, 2, 8, 10, 3, 5, 16, 7, 18, 12, 9, 1, 19, 11, 20], "win_min": [0, 0, 0, 0, 0, 0, 0, 0, 2, 0, 0, 0, 0, 0, 0, 0, 0, 0, 0, 0], "win_max": [120, 120, 120, 120, 120, 120, 120, 120, 98, 120, 120, 120, 120, 120, 120, 120, 120, 120, 120, 120]}