{"subs": 1, "jobs": 9, "T": 120, "power_use": [1.0281319527752992, 0.145790944769386, 1.5050116837820373, 2.016037495856314, 0.7510921468433015, 3.838596977804901, 1.5764770018734777, 1.2737413056127658, 3.213489786754715], "power_resource": [7.910461692, 7.918927182, 7.847663148, 7.696515672, 7.467023934, 7.161650622, 6.784551522, 6.86397321, 7.179966864, 7.442089218, 7.644645306, 8.005429098, 8.34543396, 8.613405198, 8.806572288, 8.92416564, 8.966031336, 0.0, 0.0, 0.0, 0.0, 0.0, 0.0, 0.0, 0.0, 0.0, 0.0, 0.0, 0.0, 0.0, 0.0, 0.0, 0.0, 0.0, 0.0, 0.0, 0.0, 0.0, 0.0, 0.0, 0.0, 0.0, 0.0, 0.0, 0.0, 0.0, 0.0, 0.0, 0.0, 0.0, 0.0, 0.0, 0.0, 6.691123296, 7.065144036, 7.40037744, 7.689435444, 7.925083902, 8.101627848, 8.26924455, 8.585084286, 8.828582562, 8.996661018, 9.087780474, 9.101633094, 9.039450222, 8.902924956, 8.695905246, 8.422700796, 8.088698736, 7.700825376, 7.266007026, 6.792709176, 6.289551234, 5.765306526, 5.229671886, 4.691882394, 4.573827288, 4.383276804, 4.115459484, 3.775300704, 3.368341512, 2.901508218, 2.583821466, 2.827011906, 2.989549314, 3.527338806, 4.10730183, 4.676336676, 5.224900428, 5.743911924, 6.224136084, 6.657569172, 7.036515288, 7.354048122, 7.604164872, 7.782247998, 7.88444955, 7.908152922, 7.851972852, 7.71590934, 7.50119373, 7.209980874, 6.846118722, 6.815950794, 7.141487364, 7.41423006, 7.628329998, 7.940167866, 8.293563594, 8.575233534, 8.782714998, 8.914468806, 8.970648876, 8.952178716, 0.0, 0.0, 0.0, 0.0, 0.0], "min_cpu_time": [8, 17, 22, 10, 13, 20, 5, 15, 9], "max_cpu_time": [13, 41, 31, 38, 42, 49, 48, 33, 15], "min_job_period": [28, 21, 24, 42, 22, 105, 27, 5, 36], "max_job_period": [64, 111, 59, 57, 76, 108, 61, 63, 80], "min_startup": [3, 2, 1, 2, 2, 1, 4, 2, 3], "max_startup": [33, 68, 33, 31, 68, 54, 4, 65, 12], "priority": [6, 8, 2, 3, 5, 9, 1, 4, 7], "win_min": [0, 0, 0, 0, 1, 0, 0, 0, 0], "win_max": [120, 120, 120, 120, 108, 120, 120, 120, 120]}