{"subs": 1, "jobs": 18, "T": 120, "power_use": [2.1856064100226815, 2.406111571388212, 1.1357624669417772, 0.31105838970722743, 2.291384891648147, 3.342905561298443, 3.7098972130082672, 3.265409216638801, 3.7783201680904974, 2.839859880675183, 2.0725095785897847, 3.30645959424156, 0.09642173669175276, 1.4123578757268953, 3.6053013641151965, 1.0151644582445767, 0.8724253753022613, 1.5955752223070054], "power_resource": [4.383276804, 4.115459484, 3.775300704, 3.368341512, 2.901508218, 2.583821466, 2.827011906, 2.989549314, 3.527338806, 4.10730183, 4.676336676, 5.224900428, 5.743911924, 6.224136084, 6.657569172, 7.036515288, 7.354048122, 7.604164872, 7.782247998, 7.88444955, 7.908152922, 7.851972852, 7.71590934, 7.50119373, 7.209980874, 6.846118722, 6.815950794, 7.141487364, 7.41423006, 7.628329998, 7.940167866, 8.293563594, 8.575233534, 8.782714998, 8.914468806, 8.970648876, 8.952178716, 0.0, 0.0, 0.0, 0.0, 0.0, 0.0, 0.0, 0.0, 0.0, 0.0, 0.0, 0.0, 0.0, 0.0, 0.0, 0.0, 0.0, 0.0, 0.0, 0.0, 0.0, 0.0, 0.0, 0.0, 0.0, 0.0, 0.0, 0.0, 0.0, 0.0, 0.0, 0.0, 0.0, 0.0, 0.0, 6.658030926, 6.999574968, 7.343581698, 7.642644372, 7.88983668, 8.079001902, 8.20459899, 8.52859638, 8.787024702, 8.970648876, 9.077467968, 9.107174142, 9.06038307, 8.938941768, 8.746236432, 8.486115012, 8.164426392, 7.787327292, 7.36189794, 6.89629599, 6.398986932, 5.87889801, 5.345418222, 4.808090484, 4.60830492, 4.433761908, 4.181490306, 3.8556459, 3.462077574, 3.007095966, 2.511018252, 2.769600492, 2.948145372, 3.402203472, 3.982782168, 4.55443362, 5.107460994, 5.63262921, 6.120857106, 6.56383311, 6.953553486, 7.283091924, 7.546445622, 7.738535286, 7.855512966, 7.894146384, 7.853358114, 7.732532484], "min_cpu_time": [4, 7, 18, 17, 13, 12, 10, 7, 16, 21, 5, 21, 20, 2, 17, 2, 12, 17], "max_cpu_time": [9, 9, 44, 24, 14, 24, 46, 16, 54, 54, 48, 34, 58, 12, 21, 25, 37, 19], "min_job_period": [27, 58, 29, 101, 35, 90, 43, 52, 68, 76, 12, 60, 65, 6, 55, 12, 97, 5], "max_job_period": [39, 71, 103, 109, 103, 102, 78, 99, 115, 108, 75, 71, 84, 18, 84, 79, 99, 67], "min_startup": [3, 2, 1, 1, 1, 1, 1, 2, 1, 1, 2, 1, 1, 6, 1, 6, 1, 1], "max_startup": [37, 72, 111, 12, 41, 32, 82, 102, 23, 12, 7, 63, 2, 29, 76, 6, 88, 42], "priority": [4, 9, 12, 8, 10, 14, 2, 16, 11, 3, 5, 1, 18, 17, 6, 7, 13, 15], "win_min": [0, 0, 0, 0, 0, 15, 0, 0, 0, 0, 0, 0, 0, 0, 0, 0, 0, 0], "win_max": [120, 120, 120, 120, 120, 98, 120, 120, 120, 120, 120, 120, 120, 120, 120, 120, 120, 120]}