{"subs": 1, "jobs": 18, "T": 120, "power_use": [3.7724023345076, 3.3393876685984605, 2.2471175252608684, 2.146098699846367, 1.377685174310557, 2.0292921358835203, 1.563879551263036, 2.862372397810199, 3.697281842398289, 2.6236782572398227, 3.488277763981844, 0.17394092462280805, 1.5094008086721318, 1.485620006566981, 2.1455247222083167, 1.1158623339319218, 0.8743930558545883, 0.8132365340075821], "power_resource": [6.398986932, 5.87889801, 5.345418222, 4.808090484, 4.60830492, 4.433761908, 4.181490306, 3.8556459, 3.462077574, 3.007095966, 2.511018252, 2.769600492, 2.948145372, 3.402203472, 3.982782168, 4.55443362, 5.107460994, 5.63262921, 6.120857106, 6.56383311, 6.953553486, 7.283091924, 7.546445622, 7.738535286, 7.855512966, 7.894146384, 7.853358114, 7.732532484, 7.532593002, 7.25569452, 6.905223234, 6.766389198, 7.10100693, 7.384062132, 7.60970592, 7.872290028, 8.238768786, 8.534291346, 8.755933266, 8.902155366, 8.972495892, 8.96803227, 0.0, 0.0, 0.0, 0.0, 0.0, 0.0, 0.0, 0.0, 0.0, 0.0, 0.0, 0.0, 0.0, 0.0, 0.0, 0.0, 0.0, 0.0, 0.0, 0.0, 0.0, 0.0, 0.0, 0.0, 0.0, 0.0, 0.0, 0.0, 0.0, 0.0, 0.0, 0.0, 0.0, 0.0, 0.0, 6.716058012, 6.93246672, 7.284785022, 7.593852366, 7.85212677, 8.053605432, 8.192593386, 8.469030114, 8.742234564, 8.941404456, 9.064077102, 9.109482912, 9.078237558, 8.97188022, 8.793489258, 8.54706654, 8.23769136, 7.871520438, 7.45578792, 6.998189706, 6.507191286, 5.991565986, 5.460856722, 4.924298574, 4.639396356, 4.48132257, 4.244442768, 3.93337449, 3.55319703, 3.110374944, 2.612142378, 2.709264636, 2.90366307, 3.277068138, 3.858108588, 4.431914892, 4.989098052, 5.520115152, 6.01588503, 6.467942196, 6.868282914, 7.209826956, 7.486109766], "min_cpu_time": [13, 3, 15, 2, 22, 22, 4, 15, 22, 17, 7, 12, 12, 8, 1, 15, 6, 8], "max_cpu_time": [52, 48, 28, 53, 35, 59, 46, 55, 36, 37, 7, 50, 15, 9, 56, 31, 18, 58], "min_job_period": [59, 91, 7, 106, 54, 8, 105, 43, 111, 96, 111, 112, 23, 103, 92, 105, 75, 5], "max_job_period": [112, 93, 97, 116, 61, 70, 118, 115, 113, 113, 112, 118, 98, 110, 96, 108, 117, 118], "min_startup": [1, 1, 1, 1, 1, 1, 1, 1, 1, 1, 1, 1, 1, 1, 1, 1, 1, 1], "max_startup": [4, 84, 47, 118, 112, 110, 95, 93, 99, 50, 36, 40, 17, 30, 68, 5, 75, 46], "priority": [18, 12, 13, 1, 9, 6, 2, 5, 11, 10, 4, 14, 7, 16, 15, 8, 3, 17], "win_min": [0, 5, 0, 0, 0, 0, 0, 0, 0, 0, 0, 0, 0, 0, 0, 0, 0, 0], "win_max": [120, 108, 120, 120, 120, 120, 120, 120, 120, 120, 120, 120, 120, 120, 120, 120, 120, 120]}