{"subs": 1, "jobs": 20, "T": 120, "power_use": [0.6760347051335329, 3.703884490756506, 2.051449670962794, 0.11406983227649138, 1.04797009766731, 0.2691086644365223, 3.6649966188440866, 3.7076808382595057, 2.2146534878483988, 0.980813126227213, 1.7337613335015345, 2.9556511304846107, 2.8936140996084707, 1.004443805857549, 2.0118961314565147, 3.9582935893150193, 3.2214798724123797, 3.5746516372908834, 1.7374348560964383, 3.001063087740752], "power_resource": [5.535814788, 4.996793952, 4.638165012, 4.495021272, 4.272609762, 3.974470596, 3.606144822, 3.173327406, 2.68356033, 2.720654568, 2.932753572, 3.195029844, 3.777455556, 4.354801974, 4.9176801, 5.4563931, 5.961859812, 6.425460828, 6.839192412, 7.195512582, 7.4881107, 7.711445718, 7.861054014, 7.933549392, 7.926930918, 7.840275084, 7.674043644, 7.429929696, 7.110703764, 6.720521634, 6.909994692, 7.21644543, 7.467793524, 7.67204271, 8.068227642, 8.394841638, 8.648806338, 8.827659054, 8.930938032, 8.958643272, 0.0, 0.0, 0.0, 0.0, 0.0, 0.0, 0.0, 0.0, 0.0, 0.0, 0.0, 0.0, 0.0, 0.0, 0.0, 0.0, 0.0, 0.0, 0.0, 0.0, 0.0, 0.0, 0.0, 0.0, 0.0, 0.0, 0.0, 0.0, 0.0, 0.0, 0.0, 0.0, 0.0, 0.0, 0.0, 0.0, 6.76238733, 7.128866088, 7.455172248, 7.733763828, 7.957714518, 8.12148327, 8.337276306, 8.63864775, 8.866908144, 9.019286964, 9.094706784, 9.093013686, 9.015285096, 8.863983702, 8.642803536, 8.356362138, 8.01066231, 7.612168608, 7.168423014, 6.6877371, 6.178884192, 5.650945452, 5.113309878, 4.662637974, 4.536117378, 4.329405504, 4.04650422, 3.692031066, 3.272142762, 2.7936117, 2.653700238, 2.88134496, 3.070356264, 3.652320222, 4.23120582, 4.797316224, 5.341262436, 5.853655458, 6.325721964, 6.749458218, 7.11716832, 7.422387714, 7.659113598, 7.823036268], "min_cpu_time": [2, 19, 1, 2, 14, 17, 20, 15, 17, 2, 14, 14, 8, 5, 21, 15, 9, 1, 5, 2], "max_cpu_time": [18, 44, 10, 8, 40, 39, 22, 44, 21, 51, 49, 15, 21, 18, 40, 41, 13, 44, 41, 13], "min_job_period": [12, 6, 3, 12, 66, 57, 90, 87, 48, 3, 84, 75, 56, 1, 34, 37, 14, 3, 39, 11], "max_job_period": [46, 110, 71, 58, 119, 58, 108, 102, 66, 9, 99, 77, 76, 119, 89, 38, 80, 86, 92, 60], "min_startup": [7, 1, 14, 7, 1, 1, 1, 1, 1, 7, 1, 1, 2, 3, 1, 1, 2, 14, 3, 7], "max_startup": [106, 91, 27, 40, 21, 36, 52, 107, 43, 51, 23, 85, 44, 47, 60, 91, 70, 83, 74, 95], "priority": [15, 2, 18, 5, 8, 13, 11, 1, 19, 14, 6, 10, 7, 16, 3, 20, 12, 17, 4, 9], "win_min": [0, 0, 0, 0, 0, 0, 0, 0, 0, 0, 0, 0, 0, 0, 0, 0, 0, 0, 0, 2], "win_max": [120, 120, 120, 120, 120, 120, 120, 120, 120, 120, 120, 120, 120, 120, 120, 120, 120, 120, 120, 111]}