{"subs": 1, "jobs": 24, "T": 120, "power_use": [2.216946954954557, 2.571985551703134, 1.2808949839716004, 2.347572175328871, 1.0419564114059712, 1.519772145932283, 3.5686722403831563, 3.0108740059518952, 3.0439670429612415, 2.619096742013297, 3.982510276322635, 0.21295929623442952, 2.6962946980011013, 0.5940719480690876, 1.4807818399933663, 2.7926760585618218, 2.5666936792985533, 3.708387523657226, 1.7255534375510604, 1.131003608989753, 2.9579216648936075, 0.7748320660130334, 0.015886390080299104, 1.5035567327293586], "power_resource": [7.692205968, 7.82365194, 7.877369322, 7.851665016, 7.746077268, 7.561067832, 7.298637642, 6.961865058, 6.714980586, 7.05867948, 7.35189327, 7.588773072, 7.80210342, 8.18151129, 8.490578634, 8.72638101, 8.886917484, 8.971572384, 8.9811153, 0.0, 0.0, 0.0, 0.0, 0.0, 0.0, 0.0, 0.0, 0.0, 0.0, 0.0, 0.0, 0.0, 0.0, 0.0, 0.0, 0.0, 0.0, 0.0, 0.0, 0.0, 0.0, 0.0, 0.0, 0.0, 0.0, 0.0, 0.0, 0.0, 0.0, 0.0, 0.0, 0.0, 0.0, 0.0, 6.771160656, 6.863665374, 7.22414133, 7.54275159, 7.81210809, 8.025592356, 8.17766334, 8.406385488, 8.694519984, 8.908927758, 9.04730004, 9.108559404, 9.092859768, 9.001740312, 8.83797156, 8.605093626, 8.308339722, 7.95371265, 7.547830884, 7.098544242, 6.614010378, 6.103310454, 5.575525632, 5.040198828, 4.667255514, 4.525497036, 4.304470788, 4.00802472, 3.64169988, 3.211191234, 2.724040764, 2.64585042, 2.856102408, 3.152086722, 3.733127172, 4.30893441, 4.869811602, 5.406215832, 5.909219856, 6.370204266, 6.78085749, 7.133945382, 7.423157304, 7.642952208, 7.788866472, 7.8575139, 7.847201394, 7.75669761, 7.58661822, 7.338656322, 7.015736358, 6.662032794, 7.014351096, 7.317569556, 7.565531454, 7.752541824, 8.121637188, 8.444249316, 8.69405823, 8.86875516, 8.967878352, 8.991427806, 0.0, 0.0, 0.0, 0.0], "min_cpu_time": [21, 9, 15, 4, 6, 16, 22, 8, 3, 8, 1, 8, 13, 16, 2, 7, 11, 16, 13, 3, 1, 10, 12, 15], "max_cpu_time": [35, 38, 40, 24, 52, 40, 35, 22, 47, 34, 36, 41, 29, 22, 19, 44, 31, 54, 28, 18, 14, 32, 57, 58], "min_job_period": [17, 9, 35, 3, 33, 94, 115, 31, 5, 56, 7, 22, 70, 60, 4, 25, 59, 100, 96, 23, 5, 28, 15, 87], "max_job_period": [61, 15, 116, 50, 39, 113, 118, 57, 69, 58, 12, 118, 90, 69, 61, 107, 116, 118, 114, 110, 50, 89, 115, 108], "min_startup": [1, 2, 1, 4, 3, 1, 1, 2, 5, 2, 15, 2, 1, 1, 8, 2, 2, 1, 1, 5, 15, 2, 2, 1], "max_startup": [104, 83, 94, 102, 66, 35, 2, 9, 19, 111, 68, 91, 17, 91, 55, 57, 29, 79, 82, 26, 64, 49, 71, 105], "priority": [2, 16, 4, 3, 18, 24, 20, 7, 23, 14, 21, 22, 11, 15, 17, 9, 10, 19, 6, 12, 8, 5, 1, 13], "win_min": [0, 0, 0, 0, 0, 0, 0, 0, 0, 0, 0, 0, 0, 0, 0, 20, 0, 0, 0, 0, 0, 0, 0, 0], "win_max": [120, 120, 120, 120, 120, 120, 120, 120, 120, 120, 120, 120, 120, 120, 120, 111, 120, 120, 120, 120, 120, 120, 120, 120]}