{"subs": 1, "jobs": 13, "T": 120, "power_use": [3.6959418034278597, 1.0584089492028181, 2.2979482322252687, 2.4898107423534572, 3.3804102001810974, 0.9487039754100686, 2.4834774686665804, 2.9222837604070073, 3.6374091740550947, 2.1292436708586027, 3.155236186888387, 2.6022147830110174, 0.7197429799784729], "power_resource": [0.0, 0.0, 0.0, 0.0, 0.0, 0.0, 0.0, 0.0, 0.0, 0.0, 0.0, 0.0, 0.0, 0.0, 0.0, 0.0, 6.658030926, 6.999574968, 7.343581698, 7.642644372, 7.88983668, 8.079001902, 8.20459899, 8.52859638, 8.787024702, 8.970648876, 9.077467968, 9.107174142, 9.06038307, 8.938941768, 8.746236432, 8.486115012, 8.164426392, 7.787327292, 7.36189794, 6.89629599, 6.398986932, 5.87889801, 5.345418222, 4.808090484, 4.60830492, 4.433761908, 4.181490306, 3.8556459, 3.462077574, 3.007095966, 2.511018252, 2.769600492, 2.948145372, 3.402203472, 3.982782168, 4.55443362, 5.107460994, 5.63262921, 6.120857106, 6.56383311, 6.953553486, 7.283091924, 7.546445622, 7.738535286, 7.855512966, 7.894146384, 7.853358114, 7.732532484, 7.532593002, 7.25569452, 6.905223234, 6.766389198, 7.10100693, 7.384062132, 7.60970592, 7.872290028, 8.238768786, 8.534291346, 8.755933266, 8.902155366, 8.972495892, 8.96803227, 0.0, 0.0, 0.0, 0.0, 0.0, 0.0, 0.0, 0.0, 0.0, 0.0, 0.0, 0.0, 0.0, 0.0, 0.0, 0.0, 0.0, 0.0, 0.0, 0.0, 0.0, 0.0, 0.0, 0.0, 0.0, 0.0, 0.0, 0.0, 0.0, 0.0, 0.0, 0.0, 0.0, 0.0, 0.0, 6.716058012, 6.93246672, 7.284785022, 7.593852366, 7.85212677, 8.053605432, 8.192593386], "min_cpu_time": [4, 5, 22, 18, 22, 17, 10, 2, 12, 9, 18, 9, 13], "max_cpu_time": [14, 14, 57, 56, 39, 49, 31, 8, 40, 9, 38, 42, 15], "min_job_period": [112, 23, 60, 83, 40, 93, 96, 6, 108, 108, 77, 91, 99], "max_job_period": [116, 43, 85, 92, 102, 98, 107, 36, 109, 115, 91, 110, 101], "min_startup": [1, 1, 1, 1, 1, 1, 1, 2, 1, 1, 1, 1, 1], "max_startup": [81, 45, 9, 34, 65, 89, 90, 97, 41, 80, 76, 96, 43], "priority": [13, 2, 5, 9, 11, 6, 3, 4, 1, 7, 12, 8, 10], "win_min": [8, 0, 0, 0, 0, 0, 0, 0, 0, 0, 0, 0, 0], "win_max": [119, 120, 120, 120, 120, 120, 120, 120, 120, 120, 120, 120, 120]}