{"subs": 1, "jobs": 24, "T": 120, "power_use": [3.9018705021968354, 2.519765799837802, 2.2593470899427666, 3.998086465776424, 1.2804707045091468, 2.221158690195889, 3.9500186831839317, 2.5640638742594843, 0.47642068373499974, 0.11597290775142997, 0.2002947818339819, 0.2922198775134996, 0.26715319958137745, 0.3682347510292677, 2.741589964104311, 2.2831984629882336, 0.37229756710796036, 2.5832150189361087, 3.162807560193911, 2.9620498033880094, 3.1197729125986733, 0.7520939494511449, 0.5558092749554557, 1.9431901114937056], "power_resource": [5.954625666, 5.42022237, 4.879816272, 4.610305854, 4.450846806, 4.212581742, 3.899666448, 3.517488054, 3.07220328, 2.571354108, 2.784530538, 2.980929906, 3.319857342, 3.902283054, 4.477782456, 5.03696655, 5.57029242, 6.068678904, 6.523506594, 6.926771754, 7.271548074, 7.551370998, 7.761007314, 7.896147318, 7.95371265, 7.931856294, 7.829962578, 7.648801092, 7.390218852, 7.0571403, 6.654029058, 6.954323076, 7.250923062, 7.49118906, 7.744999842, 8.128255662, 8.441478792, 8.681283036, 8.845975296, 8.9349399, 8.948638602, 0.0, 0.0, 0.0, 0.0, 0.0, 0.0, 0.0, 0.0, 0.0, 0.0, 0.0, 0.0, 0.0, 0.0, 0.0, 0.0, 0.0, 0.0, 0.0, 0.0, 0.0, 0.0, 0.0, 0.0, 0.0, 0.0, 0.0, 0.0, 0.0, 0.0, 0.0, 0.0, 0.0, 0.0, 0.0, 6.809794074, 6.832112184, 7.190895042, 7.507966122, 7.775783442, 7.987882446, 8.138722086, 8.40238362, 8.689132854, 8.902155366, 9.03883455, 9.098400816, 9.081008082, 8.987887692, 8.82181017, 8.586777384, 8.287560792, 7.930163196, 7.521356988, 7.068991986, 6.581379762, 6.067293642, 5.535814788, 4.996793952, 4.638165012, 4.495021272, 4.272609762, 3.974470596, 3.606144822, 3.173327406, 2.68356033, 2.720654568, 2.932753572, 3.195029844, 3.777455556, 4.354801974, 4.9176801, 5.4563931, 5.961859812, 6.425460828, 6.839192412, 7.195512582, 7.4881107, 7.711445718], "min_cpu_time": [15, 12, 15, 2, 2, 8, 8, 18, 16, 3, 12, 7, 22, 6, 2, 2, 12, 6, 14, 20, 1, 2, 20, 21], "max_cpu_time": [19, 42, 53, 20, 48, 9, 10, 28, 55, 46, 27, 23, 58, 39, 58, 49, 54, 59, 20, 31, 21, 48, 58, 55], "min_job_period": [61, 40, 6, 13, 2, 102, 33, 110, 65, 15, 39, 15, 44, 17, 13, 9, 63, 25, 5, 76, 5, 18, 65, 81], "max_job_period": [98, 62, 61, 40, 11, 119, 51, 116, 89, 22, 93, 58, 88, 34, 18, 84, 105, 46, 42, 116, 80, 49, 119, 93], "min_startup": [1, 1, 1, 5, 5, 1, 1, 1, 1, 3, 1, 2, 1, 2, 5, 5, 1, 2, 1, 1, 9, 5, 1, 1], "max_startup": [66, 100, 15, 65, 59, 49, 42, 54, 61, 99, 104, 24, 52, 53, 108, 91, 9, 81, 117, 13, 118, 110, 119, 80], "priority": [11, 22, 24, 23, 14, 5, 16, 9, 6, 4, 15, 7, 3, 12, 19, 17, 13, 1, 20, 18, 10, 8, 2, 21], "win_min": [0, 0, 0, 0, 0, 0, 0, 13, 0, 0, 0, 0, 0, 0, 0, 0, 0, 0, 0, 0, 0, 0, 0, 0], "win_max": [120, 120, 120, 120, 120, 120, 120, 97, 120, 120, 120, 120, 120, 120, 120, 120, 120, 120, 120, 120, 120, 120, 120, 120]}