{"subs": 1, "jobs": 18, "T": 120, "power_use": [2.2633133154474314, 2.2731994985022705, 1.5357484155132937, 2.458388768302682, 1.8071620172944318, 0.8708208062807469, 2.30230401635944, 2.948402974839794, 2.863110079751276, 1.8563542005182092, 1.0555693756801439, 0.278104055735835, 3.4650858901195365, 1.4630192185083222, 2.482639937746831, 0.5156434836714724, 0.3229374099091946, 3.155242689196478], "power_resource": [0.0, 0.0, 0.0, 0.0, 0.0, 0.0, 0.0, 0.0, 0.0, 0.0, 0.0, 0.0, 0.0, 0.0, 0.0, 0.0, 0.0, 0.0, 0.0, 0.0, 0.0, 0.0, 0.0, 0.0, 0.0, 0.0, 0.0, 0.0, 0.0, 0.0, 0.0, 0.0, 6.658030926, 6.999574968, 7.343581698, 7.642644372, 7.88983668, 8.079001902, 8.20459899, 8.52859638, 8.787024702, 8.970648876, 9.077467968, 9.107174142, 9.06038307, 8.938941768, 8.746236432, 8.486115012, 8.164426392, 7.787327292, 7.36189794, 6.89629599, 6.398986932, 5.87889801, 5.345418222, 4.808090484, 4.60830492, 4.433761908, 4.181490306, 3.8556459, 3.462077574, 3.007095966, 2.511018252, 2.769600492, 2.948145372, 3.402203472, 3.982782168, 4.55443362, 5.107460994, 5.63262921, 6.120857106, 6.56383311, 6.953553486, 7.283091924, 7.546445622, 7.738535286, 7.855512966, 7.894146384, 7.853358114, 7.732532484, 7.532593002, 7.25569452, 6.905223234, 6.766389198, 7.10100693, 7.384062132, 7.60970592, 7.872290028, 8.238768786, 8.534291346, 8.755933266, 8.902155366, 8.972495892, 8.96803227, 0.0, 0.0, 0.0, 0.0, 0.0, 0.0, 0.0, 0.0, 0.0, 0.0, 0.0, 0.0, 0.0, 0.0, 0.0, 0.0, 0.0, 0.0, 0.0, 0.0, 0.0, 0.0, 0.0, 0.0, 0.0, 0.0], "min_cpu_time": [8, 20, 3, 4, 7, 7, 2, 12, 17, 7, 6, 14, 15, 13, 1, 22, 4, 2], "max_cpu_time": [25, 30, 3, 33, 12, 21, 35, 26, 45, 27, 33, 39, 20, 54, 10, 50, 23, 10], "min_job_period": [11, 21, 3, 11, 14, 21, 3, 11, 17, 16, 10, 15, 27, 7, 2, 30, 6, 2], "max_job_period": [106, 114, 11, 19, 75, 82, 97, 52, 42, 65, 104, 65, 62, 55, 59, 101, 73, 24], "min_startup": [4, 2, 11, 8, 5, 5, 16, 3, 2, 5, 6, 2, 2, 3, 32, 2, 8, 16], "max_startup": [5, 62, 108, 75, 39, 101, 46, 11, 61, 103, 37, 117, 35, 93, 65, 18, 118, 91], "priority": [9, 7, 16, 15, 18, 12, 5, 14, 17, 8, 10, 6, 2, 11, 1, 3, 4, 13], "win_min": [0, 0, 0, 0, 0, 0, 0, 0, 0, 0, 0, 0, 0, 0, 0, 0, 22, 0], "win_max": [120, 120, 120, 120, 120, 120, 120, 120, 120, 120, 120, 120, 120, 120, 120, 120, 112, 120]}