{"subs": 1, "jobs": 18, "T": 120, "power_use": [1.676009443195517, 0.3604624676441088, 0.4266162911731331, 1.5757123264279345, 0.8585238885519622, 2.535990719360876, 2.2621172836636605, 0.10557620194294884, 3.647070477736494, 3.3862216256597533, 2.8717686513899943, 1.5155214679093996, 0.23160748565029987, 0.0546078515569522, 1.3594247674180802, 0.5046634866798887, 1.4895009876441851, 0.783076007656128], "power_resource": [7.558451226, 7.815340368, 8.015433768, 8.153190378, 8.464566492, 8.736539598, 8.934016392, 9.055149858, 9.09886257, 9.0657702, 8.957411928, 8.776866114, 8.527980708, 8.21614284, 7.847355312, 7.428698352, 6.96786786, 6.473637162, 5.954625666, 5.42022237, 4.879816272, 4.610305854, 4.450846806, 4.212581742, 3.899666448, 3.517488054, 3.07220328, 2.571354108, 2.784530538, 2.980929906, 3.319857342, 3.902283054, 4.477782456, 5.03696655, 5.57029242, 6.068678904, 6.523506594, 6.926771754, 7.271548074, 7.551370998, 7.761007314, 7.896147318, 7.95371265, 7.931856294, 7.829962578, 7.648801092, 7.390218852, 7.0571403, 6.654029058, 6.954323076, 7.250923062, 7.49118906, 7.744999842, 8.128255662, 8.441478792, 8.681283036, 8.845975296, 8.9349399, 8.948638602, 0.0, 0.0, 0.0, 0.0, 0.0, 0.0, 0.0, 0.0, 0.0, 0.0, 0.0, 0.0, 0.0, 0.0, 0.0, 0.0, 0.0, 0.0, 0.0, 0.0, 0.0, 0.0, 0.0, 0.0, 0.0, 0.0, 0.0, 0.0, 0.0, 0.0, 0.0, 0.0, 0.0, 0.0, 0.0, 6.809794074, 6.832112184, 7.190895042, 7.507966122, 7.775783442, 7.987882446, 8.138722086, 8.40238362, 8.689132854, 8.902155366, 9.03883455, 9.098400816, 9.081008082, 8.987887692, 8.82181017, 8.586777384, 8.287560792, 7.930163196, 7.521356988, 7.068991986, 6.581379762, 6.067293642, 5.535814788, 4.996793952, 4.638165012, 4.495021272], "min_cpu_time": [7, 15, 12, 13, 16, 2, 3, 22, 13, 18, 3, 19, 7, 17, 16, 11, 13, 1], "max_cpu_time": [25, 53, 28, 15, 30, 55, 22, 41, 31, 32, 46, 48, 48, 45, 31, 23, 47, 13], "min_job_period": [18, 2, 35, 35, 11, 4, 11, 112, 33, 31, 3, 47, 11, 8, 59, 7, 10, 1], "max_job_period": [24, 71, 91, 70, 68, 55, 104, 113, 114, 79, 104, 100, 83, 53, 83, 67, 117, 101], "min_startup": [4, 2, 3, 2, 2, 15, 10, 1, 2, 2, 10, 2, 4, 2, 2, 3, 2, 30], "max_startup": [116, 58, 78, 53, 94, 109, 34, 36, 62, 90, 37, 13, 22, 117, 71, 75, 3, 62], "priority": [10, 18, 9, 7, 11, 14, 6, 3, 16, 12, 1, 2, 13, 15, 4, 17, 5, 8], "win_min": [0, 0, 0, 2, 0, 0, 0, 0, 0, 0, 0, 0, 0, 0, 0, 0, 0, 0], "win_max": [120, 120, 120, 113, 120, 120, 120, 120, 120, 120, 120, 120, 120, 120, 120, 120, 120, 120]}