{"subs": 1, "jobs": 20, "T": 120, "power_use": [0.38483806836579326, 2.122128352705237, 2.591404244290546, 0.5389140473573751, 1.4795621190785038, 1.6017426938892194, 0.1276325792449824, 3.079266905827562, 3.0880877166747815, 3.0927818092033164, 1.0152572790188754, 1.8137985890068353, 0.3682636185133641, 0.12648930129048724, 0.21365783356993034, 0.9480790725861907, 2.368670438364054, 2.6925181099967594, 3.4652955493000412, 2.0242620624681447], "power_resource": [0.0, 0.0, 0.0, 0.0, 0.0, 6.809794074, 6.832112184, 7.190895042, 7.507966122, 7.775783442, 7.987882446, 8.138722086, 8.40238362, 8.689132854, 8.902155366, 9.03883455, 9.098400816, 9.081008082, 8.987887692, 8.82181017, 8.586777384, 8.287560792, 7.930163196, 7.521356988, 7.068991986, 6.581379762, 6.067293642, 5.535814788, 4.996793952, 4.638165012, 4.495021272, 4.272609762, 3.974470596, 3.606144822, 3.173327406, 2.68356033, 2.720654568, 2.932753572, 3.195029844, 3.777455556, 4.354801974, 4.9176801, 5.4563931, 5.961859812, 6.425460828, 6.839192412, 7.195512582, 7.4881107, 7.711445718, 7.861054014, 7.933549392, 7.926930918, 7.840275084, 7.674043644, 7.429929696, 7.110703764, 6.720521634, 6.909994692, 7.21644543, 7.467793524, 7.67204271, 8.068227642, 8.394841638, 8.648806338, 8.827659054, 8.930938032, 8.958643272, 0.0, 0.0, 0.0, 0.0, 0.0, 0.0, 0.0, 0.0, 0.0, 0.0, 0.0, 0.0, 0.0, 0.0, 0.0, 0.0, 0.0, 0.0, 0.0, 0.0, 0.0, 0.0, 0.0, 0.0, 0.0, 0.0, 0.0, 0.0, 0.0, 0.0, 0.0, 0.0, 0.0, 0.0, 0.0, 0.0, 6.76238733, 7.128866088, 7.455172248, 7.733763828, 7.957714518, 8.12148327, 8.337276306, 8.63864775, 8.866908144, 9.019286964, 9.094706784, 9.093013686, 9.015285096, 8.863983702, 8.642803536, 8.356362138, 8.01066231], "min_cpu_time": [3, 11, 22, 22, 1, 4, 9, 22, 15, 11, 21, 21, 23, 4, 1, 15, 3, 2, 9, 12], "max_cpu_time": [5, 29, 25, 28, 38, 4, 55, 35, 56, 45, 31, 22, 45, 20, 29, 47, 17, 24, 48, 36], "min_job_period": [3, 19, 14, 47, 1, 6, 3, 20, 2, 19, 48, 51, 7, 14, 2, 23, 6, 6, 2, 7], "max_job_period": [115, 83, 80, 86, 34, 60, 86, 43, 37, 47, 48, 57, 36, 43, 22, 33, 27, 11, 88, 96], "min_startup": [11, 3, 2, 2, 33, 8, 4, 2, 2, 3, 2, 2, 2, 8, 33, 2, 11, 17, 4, 3], "max_startup": [103, 65, 114, 115, 60, 18, 11, 53, 24, 54, 107, 67, 117, 66, 104, 44, 98, 19, 15, 70], "priority": [1, 15, 3, 20, 16, 6, 18, 8, 5, 9, 4, 14, 2, 10, 11, 7, 19, 17, 12, 13], "win_min": [0, 0, 0, 0, 0, 0, 12, 0, 0, 0, 0, 0, 0, 0, 0, 0, 0, 0, 0, 0], "win_max": [120, 120, 120, 120, 120, 120, 97, 120, 120, 120, 120, 120, 120, 120, 120, 120, 120, 120, 120, 120]}