{"subs": 1, "jobs": 24, "T": 120, "power_use": [2.9171910600306443, 3.7716489689885906, 0.03967618848047723, 3.254674289314604, 2.244981499424477, 1.6919140057379858, 1.193733512637416, 2.5610306187485126, 0.1429051810387201, 2.2199944573479065, 3.7436455807909677, 1.872614194257885, 2.737634400931789, 1.6221949541373963, 3.0225456423774277, 3.5430574155015258, 1.7284328975497316, 0.6007320445616626, 1.5397373933737373, 3.7339092527888935, 2.8725224380012397, 0.5556025551661173, 0.6117714719125228, 0.2283823287453344], "power_resource": [9.0657702, 8.957411928, 8.776866114, 8.527980708, 8.21614284, 7.847355312, 7.428698352, 6.96786786, 6.473637162, 5.954625666, 5.42022237, 4.879816272, 4.610305854, 4.450846806, 4.212581742, 3.899666448, 3.517488054, 3.07220328, 2.571354108, 2.784530538, 2.980929906, 3.319857342, 3.902283054, 4.477782456, 5.03696655, 5.57029242, 6.068678904, 6.523506594, 6.926771754, 7.271548074, 7.551370998, 7.761007314, 7.896147318, 7.95371265, 7.931856294, 7.829962578, 7.648801092, 7.390218852, 7.0571403, 6.654029058, 6.954323076, 7.250923062, 7.49118906, 7.744999842, 8.128255662, 8.441478792, 8.681283036, 8.845975296, 8.9349399, 8.948638602, 0.0, 0.0, 0.0, 0.0, 0.0, 0.0, 0.0, 0.0, 0.0, 0.0, 0.0, 0.0, 0.0, 0.0, 0.0, 0.0, 0.0, 0.0, 0.0, 0.0, 0.0, 0.0, 0.0, 0.0, 0.0, 0.0, 0.0, 0.0, 0.0, 0.0, 0.0, 0.0, 0.0, 0.0, 0.0, 6.809794074, 6.832112184, 7.190895042, 7.507966122, 7.775783442, 7.987882446, 8.138722086, 8.40238362, 8.689132854, 8.902155366, 9.03883455, 9.098400816, 9.081008082, 8.987887692, 8.82181017, 8.586777384, 8.287560792, 7.930163196, 7.521356988, 7.068991986, 6.581379762, 6.067293642, 5.535814788, 4.996793952, 4.638165012, 4.495021272, 4.272609762, 3.974470596, 3.606144822, 3.173327406, 2.68356033, 2.720654568, 2.932753572, 3.195029844, 3.777455556], "min_cpu_time": [14, 17, 4, 9, 2, 20, 9, 22, 1, 18, 22, 2, 12, 16, 11, 23, 15, 1, 12, 18, 17, 10, 11, 4], "max_cpu_time": [55, 21, 44, 33, 2, 32, 45, 48, 58, 30, 49, 51, 13, 40, 27, 24, 42, 34, 31, 23, 22, 10, 42, 31], "min_job_period": [8, 5, 69, 8, 43, 76, 115, 5, 4, 11, 33, 46, 83, 82, 1, 28, 104, 9, 93, 45, 34, 114, 107, 2], "max_job_period": [29, 102, 87, 40, 98, 108, 119, 91, 47, 92, 116, 53, 89, 108, 94, 95, 119, 103, 94, 51, 74, 116, 110, 104], "min_startup": [1, 1, 1, 1, 2, 1, 1, 1, 4, 1, 1, 2, 1, 1, 1, 1, 1, 4, 1, 1, 1, 1, 1, 1], "max_startup": [63, 61, 63, 86, 12, 91, 75, 61, 86, 9, 84, 22, 70, 82, 11, 92, 26, 94, 58, 38, 97, 20, 88, 69], "priority": [19, 4, 24, 23, 16, 14, 8, 11, 12, 1, 9, 2, 6, 15, 3, 10, 17, 5, 21, 7, 13, 22, 18, 20], "win_min": [0, 0, 0, 0, 0, 7, 0, 0, 0, 0, 0, 0, 0, 0, 0, 0, 0, 0, 0, 0, 0, 0, 0, 0], "win_max": [120, 120, 120, 120, 120, 105, 120, 120, 120, 120, 120, 120, 120, 120, 120, 120, 120, 120, 120, 120, 120, 120, 120, 120]}