{"subs": 1, "jobs": 13, "T": 120, "power_use": [2.4475452112890053, 2.602789786156557, 0.6926413060145061, 2.218625230991094, 3.8601396683454783, 3.7528243509171992, 3.838725907842513, 2.130375125386467, 0.8205331400443568, 3.5476639604580256, 3.5507630257182194, 1.3235422778933095, 0.9058243722806829], "power_resource": [0.0, 0.0, 0.0, 0.0, 0.0, 0.0, 0.0, 0.0, 0.0, 0.0, 0.0, 0.0, 0.0, 0.0, 0.0, 6.691123296, 7.065144036, 7.40037744, 7.689435444, 7.925083902, 8.101627848, 8.26924455, 8.585084286, 8.828582562, 8.996661018, 9.087780474, 9.101633094, 9.039450222, 8.902924956, 8.695905246, 8.422700796, 8.088698736, 7.700825376, 7.266007026, 6.792709176, 6.289551234, 5.765306526, 5.229671886, 4.691882394, 4.573827288, 4.383276804, 4.115459484, 3.775300704, 3.368341512, 2.901508218, 2.583821466, 2.827011906, 2.989549314, 3.527338806, 4.10730183, 4.676336676, 5.224900428, 5.743911924, 6.224136084, 6.657569172, 7.036515288, 7.354048122, 7.604164872, 7.782247998, 7.88444955, 7.908152922, 7.851972852, 7.71590934, 7.50119373, 7.209980874, 6.846118722, 6.815950794, 7.141487364, 7.41423006, 7.628329998, 7.940167866, 8.293563594, 8.575233534, 8.782714998, 8.914468806, 8.970648876, 8.952178716, 0.0, 0.0, 0.0, 0.0, 0.0, 0.0, 0.0, 0.0, 0.0, 0.0, 0.0, 0.0, 0.0, 0.0, 0.0, 0.0, 0.0, 0.0, 0.0, 0.0, 0.0, 0.0, 0.0, 0.0, 0.0, 0.0, 0.0, 0.0, 0.0, 0.0, 0.0, 0.0, 0.0, 0.0, 0.0, 6.658030926, 6.999574968, 7.343581698, 7.642644372, 7.88983668, 8.079001902, 8.20459899, 8.52859638], "min_cpu_time": [2, 19, 18, 16, 14, 12, 4, 3, 23, 10, 2, 12, 18], "max_cpu_time": [58, 25, 39, 32, 46, 18, 41, 59, 26, 21, 27, 43, 56], "min_job_period": [82, 33, 52, 30, 75, 91, 94, 59, 3, 108, 23, 7, 97], "max_job_period": [109, 42, 82, 108, 75, 103, 109, 72, 65, 108, 49, 53, 113], "min_startup": [1, 1, 1, 1, 1, 1, 1, 1, 1, 1, 1, 1, 1], "max_startup": [47, 68, 92, 10, 15, 75, 90, 97, 97, 117, 18, 66, 116], "priority": [7, 11, 3, 12, 6, 8, 4, 10, 5, 1, 13, 2, 9], "win_min": [0, 0, 0, 0, 0, 0, 0, 0, 0, 0, 0, 0, 7], "win_max": [120, 120, 120, 120, 120, 120, 120, 120, 120, 120, 120, 120, 112]}