{"subs": 1, "jobs": 18, "T": 120, "power_use": [1.2528082998901018, 0.47300766799079874, 1.9258447853557288, 2.302276665370853, 1.558566826919502, 3.247471917827971, 3.320431515188497, 0.08119747563676219, 0.04685403348607676, 0.6716776406566516, 2.62278487085967, 3.4524274902620316, 1.0614283796166386, 3.405178719961755, 0.20799696463358913, 0.7284423393635263, 2.40447091546233, 0.39363860771249204], "power_resource": [4.383276804, 4.115459484, 3.775300704, 3.368341512, 2.901508218, 2.583821466, 2.827011906, 2.989549314, 3.527338806, 4.10730183, 4.676336676, 5.224900428, 5.743911924, 6.224136084, 6.657569172, 7.036515288, 7.354048122, 7.604164872, 7.782247998, 7.88444955, 7.908152922, 7.851972852, 7.71590934, 7.50119373, 7.209980874, 6.846118722, 6.815950794, 7.141487364, 7.41423006, 7.628329998, 7.940167866, 8.293563594, 8.575233534, 8.782714998, 8.914468806, 8.970648876, 8.952178716, 0.0, 0.0, 0.0, 0.0, 0.0, 0.0, 0.0, 0.0, 0.0, 0.0, 0.0, 0.0, 0.0, 0.0, 0.0, 0.0, 0.0, 0.0, 0.0, 0.0, 0.0, 0.0, 0.0, 0.0, 0.0, 0.0, 0.0, 0.0, 0.0, 0.0, 0.0, 0.0, 0.0, 0.0, 0.0, 6.658030926, 6.999574968, 7.343581698, 7.642644372, 7.88983668, 8.079001902, 8.20459899, 8.52859638, 8.787024702, 8.970648876, 9.077467968, 9.107174142, 9.06038307, 8.938941768, 8.746236432, 8.486115012, 8.164426392, 7.787327292, 7.36189794, 6.89629599, 6.398986932, 5.87889801, 5.345418222, 4.808090484, 4.60830492, 4.433761908, 4.181490306, 3.8556459, 3.462077574, 3.007095966, 2.511018252, 2.769600492, 2.948145372, 3.402203472, 3.982782168, 4.55443362, 5.107460994, 5.63262921, 6.120857106, 6.56383311, 6.953553486, 7.283091924, 7.546445622, 7.738535286, 7.855512966, 7.894146384, 7.853358114, 7.732532484], "min_cpu_time": [16, 16, 5, 17, 2, 12, 5, 6, 5, 17, 20, 8, 2, 2, 17, 18, 20, 14], "max_cpu_time": [33, 32, 47, 20, 26, 56, 56, 53, 40, 19, 37, 11, 32, 22, 20, 56, 43, 17], "min_job_period": [4, 32, 2, 55, 1, 47, 9, 12, 15, 118, 80, 16, 11, 4, 89, 70, 25, 8], "max_job_period": [73, 78, 63, 84, 61, 50, 58, 48, 77, 118, 96, 84, 110, 110, 115, 102, 92, 19], "min_startup": [1, 1, 4, 1, 10, 2, 4, 3, 4, 1, 1, 3, 10, 10, 1, 1, 1, 2], "max_startup": [63, 45, 84, 46, 54, 72, 34, 84, 55, 111, 56, 17, 96, 39, 64, 88, 109, 108], "priority": [1, 5, 3, 17, 12, 4, 16, 15, 11, 8, 7, 18, 9, 13, 14, 6, 10, 2], "win_min": [0, 0, 0, 0, 0, 0, 16, 0, 0, 0, 0, 0, 0, 0, 0, 0, 0, 0], "win_max": [120, 120, 120, 120, 120, 120, 117, 120, 120, 120, 120, 120, 120, 120, 120, 120, 120, 120]}