{"subs": 1, "jobs": 22, "T": 120, "power_use": [0.283561654228111, 3.9088841188386625, 2.031293538029689, 0.8284123762137687, 2.8315001798031254, 2.5034403527621634, 3.0265814784005047, 1.206880162361983, 2.8618048215413077, 2.667897701005273, 3.425815947098256, 0.6306094147925561, 0.7305420788003242, 1.072458427846953, 2.3657154429021605, 0.21081000488855173, 3.3174737755276227, 3.5184043049813107, 2.8594570700843556, 1.4292977460653364, 0.4260355586771427, 0.060140501351048106], "power_resource": [7.41423006, 7.628329998, 7.940167866, 8.293563594, 8.575233534, 8.782714998, 8.914468806, 8.970648876, 8.952178716, 0.0, 0.0, 0.0, 0.0, 0.0, 0.0, 0.0, 0.0, 0.0, 0.0, 0.0, 0.0, 0.0, 0.0, 0.0, 0.0, 0.0, 0.0, 0.0, 0.0, 0.0, 0.0, 0.0, 0.0, 0.0, 0.0, 0.0, 0.0, 0.0, 0.0, 0.0, 0.0, 0.0, 0.0, 0.0, 6.658030926, 6.999574968, 7.343581698, 7.642644372, 7.88983668, 8.079001902, 8.20459899, 8.52859638, 8.787024702, 8.970648876, 9.077467968, 9.107174142, 9.06038307, 8.938941768, 8.746236432, 8.486115012, 8.164426392, 7.787327292, 7.36189794, 6.89629599, 6.398986932, 5.87889801, 5.345418222, 4.808090484, 4.60830492, 4.433761908, 4.181490306, 3.8556459, 3.462077574, 3.007095966, 2.511018252, 2.769600492, 2.948145372, 3.402203472, 3.982782168, 4.55443362, 5.107460994, 5.63262921, 6.120857106, 6.56383311, 6.953553486, 7.283091924, 7.546445622, 7.738535286, 7.855512966, 7.894146384, 7.853358114, 7.732532484, 7.532593002, 7.25569452, 6.905223234, 6.766389198, 7.10100693, 7.384062132, 7.60970592, 7.872290028, 8.238768786, 8.534291346, 8.755933266, 8.902155366, 8.972495892, 8.96803227, 0.0, 0.0, 0.0, 0.0, 0.0, 0.0, 0.0, 0.0, 0.0, 0.0, 0.0, 0.0, 0.0, 0.0], "min_cpu_time": [11, 8, 9, 9, 3, 15, 7, 22, 21, 2, 7, 4, 12, 20, 5, 13, 16, 4, 1, 15, 8, 2], "max_cpu_time": [57, 49, 17, 54, 55, 23, 49, 51, 42, 33, 26, 55, 20, 30, 17, 53, 30, 44, 16, 23, 57, 57], "min_job_period": [31, 64, 10, 6, 53, 92, 86, 92, 17, 37, 101, 7, 96, 96, 106, 47, 90, 89, 12, 114, 5, 12], "max_job_period": [63, 108, 80, 63, 118, 95, 100, 111, 56, 54, 109, 95, 103, 106, 111, 62, 110, 102, 75, 114, 105, 104], "min_startup": [1, 1, 1, 1, 2, 1, 1, 1, 1, 2, 1, 1, 1, 1, 1, 1, 1, 1, 4, 1, 1, 2], "max_startup": [74, 97, 16, 14, 16, 65, 8, 4, 49, 6, 108, 76, 76, 26, 111, 48, 105, 113, 13, 99, 1, 42], "priority": [8, 22, 14, 17, 19, 12, 1, 3, 20, 18, 11, 10, 4, 9, 15, 7, 16, 21, 13, 2, 5, 6], "win_min": [0, 0, 0, 17, 0, 0, 0, 0, 0, 0, 0, 0, 0, 0, 0, 0, 0, 0, 0, 0, 0, 0], "win_max": [120, 120, 120, 96, 120, 120, 120, 120, 120, 120, 120, 120, 120, 120, 120, 120, 120, 120, 120, 120, 120, 120]}