{"subs": 1, "jobs": 20, "T": 120, "power_use": [2.2950450092283448, 2.9052641124214853, 3.391713491748408, 1.601362541949661, 1.8585058656728675, 0.43916735757956377, 0.6499772620918929, 0.9395705979637238, 3.6402634157126794, 1.9054392335280297, 1.9568066024042943, 0.31175428806648536, 3.56853187661245, 2.4541284426690404, 1.8608724395766985, 0.4416109659345892, 1.339529902198719, 1.7852111181402956, 1.9744574740131722, 2.2237936010039068], "power_resource": [8.987887692, 8.82181017, 8.586777384, 8.287560792, 7.930163196, 7.521356988, 7.068991986, 6.581379762, 6.067293642, 5.535814788, 4.996793952, 4.638165012, 4.495021272, 4.272609762, 3.974470596, 3.606144822, 3.173327406, 2.68356033, 2.720654568, 2.932753572, 3.195029844, 3.777455556, 4.354801974, 4.9176801, 5.4563931, 5.961859812, 6.425460828, 6.839192412, 7.195512582, 7.4881107, 7.711445718, 7.861054014, 7.933549392, 7.926930918, 7.840275084, 7.674043644, 7.429929696, 7.110703764, 6.720521634, 6.909994692, 7.21644543, 7.467793524, 7.67204271, 8.068227642, 8.394841638, 8.648806338, 8.827659054, 8.930938032, 8.958643272, 0.0, 0.0, 0.0, 0.0, 0.0, 0.0, 0.0, 0.0, 0.0, 0.0, 0.0, 0.0, 0.0, 0.0, 0.0, 0.0, 0.0, 0.0, 0.0, 0.0, 0.0, 0.0, 0.0, 0.0, 0.0, 0.0, 0.0, 0.0, 0.0, 0.0, 0.0, 0.0, 0.0, 0.0, 0.0, 0.0, 6.76238733, 7.128866088, 7.455172248, 7.733763828, 7.957714518, 8.12148327, 8.337276306, 8.63864775, 8.866908144, 9.019286964, 9.094706784, 9.093013686, 9.015285096, 8.863983702, 8.642803536, 8.356362138, 8.01066231, 7.612168608, 7.168423014, 6.6877371, 6.178884192, 5.650945452, 5.113309878, 4.662637974, 4.536117378, 4.329405504, 4.04650422, 3.692031066, 3.272142762, 2.7936117, 2.653700238, 2.88134496, 3.070356264, 3.652320222, 4.23120582], "min_cpu_time": [21, 19, 7, 15, 2, 19, 15, 19, 3, 20, 8, 10, 21, 22, 23, 5, 4, 5, 20, 22], "max_cpu_time": [29, 36, 56, 31, 20, 29, 49, 30, 10, 46, 31, 25, 35, 46, 36, 12, 15, 18, 42, 39], "min_job_period": [49, 49, 6, 24, 7, 17, 91, 41, 13, 35, 39, 80, 58, 39, 28, 49, 23, 19, 57, 88], "max_job_period": [95, 59, 84, 52, 107, 57, 111, 101, 109, 87, 98, 94, 64, 104, 97, 115, 71, 49, 84, 100], "min_startup": [1, 1, 2, 1, 5, 1, 1, 1, 4, 1, 2, 1, 1, 1, 1, 2, 3, 2, 1, 1], "max_startup": [55, 4, 54, 5, 101, 90, 98, 108, 57, 98, 109, 98, 75, 19, 6, 115, 63, 22, 96, 41], "priority": [12, 18, 2, 4, 1, 10, 16, 7, 11, 17, 14, 13, 9, 6, 20, 19, 3, 15, 5, 8], "win_min": [0, 0, 0, 0, 11, 0, 0, 0, 0, 0, 0, 0, 0, 0, 0, 0, 0, 0, 0, 0], "win_max": [120, 120, 120, 120, 108, 120, 120, 120, 120, 120, 120, 120, 120, 120, 120, 120, 120, 120, 120, 120]}