{"subs": 1, "jobs": 22, "T": 120, "power_use": [0.09014899605656213, 0.5598055065273562, 2.7040246808420605, 1.8343899852844576, 3.8148835428933707, 2.571127776106414, 0.979545878038946, 3.0125958578336, 3.5186039851273954, 3.5023417064869284, 2.3693947223997998, 1.842833262268256, 0.7710013946296882, 0.8206243887067054, 3.165157771980655, 0.5279920022959556, 2.702668208571189, 3.1086451512164204, 3.8833274763655874, 1.2573252030867312, 0.8927871533661439, 0.5263405758188399], "power_resource": [0.0, 0.0, 0.0, 0.0, 0.0, 0.0, 0.0, 0.0, 0.0, 0.0, 0.0, 0.0, 0.0, 0.0, 6.658030926, 6.999574968, 7.343581698, 7.642644372, 7.88983668, 8.079001902, 8.20459899, 8.52859638, 8.787024702, 8.970648876, 9.077467968, 9.107174142, 9.06038307, 8.938941768, 8.746236432, 8.486115012, 8.164426392, 7.787327292, 7.36189794, 6.89629599, 6.398986932, 5.87889801, 5.345418222, 4.808090484, 4.60830492, 4.433761908, 4.181490306, 3.8556459, 3.462077574, 3.007095966, 2.511018252, 2.769600492, 2.948145372, 3.402203472, 3.982782168, 4.55443362, 5.107460994, 5.63262921, 6.120857106, 6.56383311, 6.953553486, 7.283091924, 7.546445622, 7.738535286, 7.855512966, 7.894146384, 7.853358114, 7.732532484, 7.532593002, 7.25569452, 6.905223234, 6.766389198, 7.10100693, 7.384062132, 7.60970592, 7.872290028, 8.238768786, 8.534291346, 8.755933266, 8.902155366, 8.972495892, 8.96803227, 0.0, 0.0, 0.0, 0.0, 0.0, 0.0, 0.0, 0.0, 0.0, 0.0, 0.0, 0.0, 0.0, 0.0, 0.0, 0.0, 0.0, 0.0, 0.0, 0.0, 0.0, 0.0, 0.0, 0.0, 0.0, 0.0, 0.0, 0.0, 0.0, 0.0, 0.0, 0.0, 0.0, 0.0, 0.0, 6.716058012, 6.93246672, 7.284785022, 7.593852366, 7.85212677, 8.053605432, 8.192593386, 8.469030114, 8.742234564], "min_cpu_time": [9, 6, 13, 12, 17, 16, 5, 17, 11, 4, 19, 17, 3, 14, 11, 9, 17, 2, 4, 14, 9, 6], "max_cpu_time": [36, 35, 18, 37, 59, 23, 18, 54, 22, 17, 37, 50, 48, 19, 18, 41, 57, 18, 17, 44, 33, 37], "min_job_period": [100, 56, 16, 29, 71, 33, 32, 44, 117, 29, 74, 41, 27, 2, 47, 28, 83, 12, 28, 17, 48, 41], "max_job_period": [103, 100, 98, 61, 87, 42, 92, 95, 118, 59, 83, 67, 30, 27, 71, 91, 88, 104, 46, 72, 79, 114], "min_startup": [1, 2, 1, 1, 1, 1, 2, 1, 1, 2, 1, 1, 3, 1, 1, 1, 1, 4, 2, 1, 1, 2], "max_startup": [118, 35, 106, 44, 77, 77, 19, 29, 22, 76, 108, 63, 93, 69, 103, 80, 24, 61, 118, 18, 85, 44], "priority": [15, 16, 22, 18, 2, 9, 11, 14, 19, 17, 13, 6, 21, 12, 3, 20, 1, 4, 5, 10, 7, 8], "win_min": [0, 0, 0, 0, 0, 0, 0, 0, 0, 0, 0, 0, 0, 0, 10, 0, 0, 0, 0, 0, 0, 0], "win_max": [120, 120, 120, 120, 120, 120, 120, 120, 120, 120, 120, 120, 120, 120, 102, 120, 120, 120, 120, 120, 120, 120]}