{"subs": 1, "jobs": 9, "T": 120, "power_use": [0.4866522529347477, 3.461162465001195, 1.4603243627460532, 3.6376119105985967, 2.6861266758621363, 0.17889996949096937, 2.012263693745973, 3.1901181681035276, 3.2097537575657435], "power_resource": [0.0, 0.0, 0.0, 0.0, 0.0, 0.0, 0.0, 0.0, 0.0, 0.0, 0.0, 0.0, 0.0, 0.0, 0.0, 0.0, 0.0, 0.0, 0.0, 0.0, 0.0, 0.0, 0.0, 0.0, 0.0, 0.0, 0.0, 6.716058012, 6.93246672, 7.284785022, 7.593852366, 7.85212677, 8.053605432, 8.192593386, 8.469030114, 8.742234564, 8.941404456, 9.064077102, 9.109482912, 9.078237558, 8.97188022, 8.793489258, 8.54706654, 8.23769136, 7.871520438, 7.45578792, 6.998189706, 6.507191286, 5.991565986, 5.460856722, 4.924298574, 4.639396356, 4.48132257, 4.244442768, 3.93337449, 3.55319703, 3.110374944, 2.612142378, 2.709264636, 2.90366307, 3.277068138, 3.858108588, 4.431914892, 4.989098052, 5.520115152, 6.01588503, 6.467942196, 6.868282914, 7.209826956, 7.486109766, 7.692205968, 7.82365194, 7.877369322, 7.851665016, 7.746077268, 7.561067832, 7.298637642, 6.961865058, 6.714980586, 7.05867948, 7.35189327, 7.588773072, 7.80210342, 8.18151129, 8.490578634, 8.72638101, 8.886917484, 8.971572384, 8.9811153, 0.0, 0.0, 0.0, 0.0, 0.0, 0.0, 0.0, 0.0, 0.0, 0.0, 0.0, 0.0, 0.0, 0.0, 0.0, 0.0, 0.0, 0.0, 0.0, 0.0, 0.0, 0.0, 0.0, 0.0, 0.0, 0.0, 0.0, 0.0, 0.0, 0.0, 0.0], "min_cpu_time": [15, 15, 22, 15, 14, 8, 3, 22, 23], "max_cpu_time": [49, 21, 48, 53, 40, 51, 53, 27, 57], "min_job_period": [1, 31, 54, 33, 10, 23, 7, 44, 21], "max_job_period": [92, 102, 56, 96, 100, 62, 49, 71, 26], "min_startup": [3, 3, 2, 3, 3, 5, 12, 2, 2], "max_startup": [45, 81, 97, 76, 10, 98, 101, 117, 97], "priority": [5, 9, 1, 6, 7, 2, 8, 4, 3], "win_min": [0, 0, 7, 0, 0, 0, 0, 0, 0], "win_max": [120, 120, 119, 120, 120, 120, 120, 120, 120]}