{"subs": 1, "jobs": 20, "T": 120, "power_use": [2.3616017741526325, 3.6597900170686732, 0.24868833065099202, 3.8603365946786257, 2.288191115254665, 1.2170472688765732, 3.304566247728419, 2.641074948609752, 3.94614075119955, 0.4388832389646448, 2.327864925257247, 1.8965843386785746, 2.6125604360909254, 0.9750176258487423, 0.13420895303944025, 2.181487087457281, 1.4651936133816161, 3.5704097684410576, 1.8427889230869905, 1.680429859147229], "power_resource": [0.0, 0.0, 0.0, 0.0, 0.0, 0.0, 0.0, 0.0, 0.0, 6.809794074, 6.832112184, 7.190895042, 7.507966122, 7.775783442, 7.987882446, 8.138722086, 8.40238362, 8.689132854, 8.902155366, 9.03883455, 9.098400816, 9.081008082, 8.987887692, 8.82181017, 8.586777384, 8.287560792, 7.930163196, 7.521356988, 7.068991986, 6.581379762, 6.067293642, 5.535814788, 4.996793952, 4.638165012, 4.495021272, 4.272609762, 3.974470596, 3.606144822, 3.173327406, 2.68356033, 2.720654568, 2.932753572, 3.195029844, 3.777455556, 4.354801974, 4.9176801, 5.4563931, 5.961859812, 6.425460828, 6.839192412, 7.195512582, 7.4881107, 7.711445718, 7.861054014, 7.933549392, 7.926930918, 7.840275084, 7.674043644, 7.429929696, 7.110703764, 6.720521634, 6.909994692, 7.21644543, 7.467793524, 7.67204271, 8.068227642, 8.394841638, 8.648806338, 8.827659054, 8.930938032, 8.958643272, 0.0, 0.0, 0.0, 0.0, 0.0, 0.0, 0.0, 0.0, 0.0, 0.0, 0.0, 0.0, 0.0, 0.0, 0.0, 0.0, 0.0, 0.0, 0.0, 0.0, 0.0, 0.0, 0.0, 0.0, 0.0, 0.0, 0.0, 0.0, 0.0, 0.0, 0.0, 0.0, 0.0, 0.0, 0.0, 0.0, 6.76238733, 7.128866088, 7.455172248, 7.733763828, 7.957714518, 8.12148327, 8.337276306, 8.63864775, 8.866908144, 9.019286964, 9.094706784, 9.093013686, 9.015285096], "min_cpu_time": [4, 16, 18, 17, 12, 9, 20, 21, 21, 11, 10, 15, 23, 8, 10, 23, 17, 13, 16, 8], "max_cpu_time": [52, 18, 24, 44, 30, 32, 24, 27, 43, 37, 33, 52, 34, 40, 30, 40, 54, 30, 37, 15], "min_job_period": [9, 33, 95, 8, 41, 68, 78, 60, 68, 117, 91, 119, 109, 55, 13, 3, 30, 4, 21, 49], "max_job_period": [112, 109, 95, 40, 102, 93, 110, 119, 72, 117, 104, 119, 109, 67, 58, 107, 99, 30, 39, 117], "min_startup": [3, 1, 1, 1, 1, 1, 1, 1, 1, 1, 1, 1, 1, 2, 1, 1, 1, 1, 1, 2], "max_startup": [83, 98, 74, 107, 76, 96, 44, 4, 111, 67, 102, 52, 85, 104, 51, 117, 78, 27, 3, 79], "priority": [13, 19, 14, 2, 9, 1, 18, 3, 6, 5, 12, 7, 16, 11, 17, 20, 10, 15, 4, 8], "win_min": [0, 0, 0, 0, 0, 0, 0, 0, 0, 0, 0, 0, 0, 0, 0, 0, 0, 16, 0, 0], "win_max": [120, 120, 120, 120, 120, 120, 120, 120, 120, 120, 120, 120, 120, 120, 120, 120, 120, 109, 120, 120]}