{"subs": 1, "jobs": 18, "T": 120, "power_use": [2.3752801960266137, 2.186096418836512, 3.108165131093419, 0.32910981330479716, 1.405649967105878, 3.468529194320425, 1.8533842650950452, 2.5763146794158964, 1.5061838964507086, 3.6852980734819654, 2.4619418946288025, 2.7258250781970683, 1.076681539424119, 1.8415681692693695, 1.2710122596883724, 0.3850271440801163, 0.8234280134035815, 1.6566192484853783], "power_resource": [4.808090484, 4.60830492, 4.433761908, 4.181490306, 3.8556459, 3.462077574, 3.007095966, 2.511018252, 2.769600492, 2.948145372, 3.402203472, 3.982782168, 4.55443362, 5.107460994, 5.63262921, 6.120857106, 6.56383311, 6.953553486, 7.283091924, 7.546445622, 7.738535286, 7.855512966, 7.894146384, 7.853358114, 7.732532484, 7.532593002, 7.25569452, 6.905223234, 6.766389198, 7.10100693, 7.384062132, 7.60970592, 7.872290028, 8.238768786, 8.534291346, 8.755933266, 8.902155366, 8.972495892, 8.96803227, 0.0, 0.0, 0.0, 0.0, 0.0, 0.0, 0.0, 0.0, 0.0, 0.0, 0.0, 0.0, 0.0, 0.0, 0.0, 0.0, 0.0, 0.0, 0.0, 0.0, 0.0, 0.0, 0.0, 0.0, 0.0, 0.0, 0.0, 0.0, 0.0, 0.0, 0.0, 0.0, 0.0, 0.0, 0.0, 6.716058012, 6.93246672, 7.284785022, 7.593852366, 7.85212677, 8.053605432, 8.192593386, 8.469030114, 8.742234564, 8.941404456, 9.064077102, 9.109482912, 9.078237558, 8.97188022, 8.793489258, 8.54706654, 8.23769136, 7.871520438, 7.45578792, 6.998189706, 6.507191286, 5.991565986, 5.460856722, 4.924298574, 4.639396356, 4.48132257, 4.244442768, 3.93337449, 3.55319703, 3.110374944, 2.612142378, 2.709264636, 2.90366307, 3.277068138, 3.858108588, 4.431914892, 4.989098052, 5.520115152, 6.01588503, 6.467942196, 6.868282914, 7.209826956, 7.486109766, 7.692205968, 7.82365194, 7.877369322], "min_cpu_time": [21, 3, 1, 20, 19, 10, 4, 19, 6, 8, 14, 1, 1, 16, 10, 6, 15, 9], "max_cpu_time": [57, 53, 28, 31, 39, 28, 4, 33, 42, 21, 25, 4, 51, 17, 35, 31, 47, 11], "min_job_period": [73, 6, 3, 19, 31, 24, 8, 48, 7, 15, 21, 1, 2, 22, 35, 1, 43, 32], "max_job_period": [81, 22, 62, 39, 90, 106, 48, 90, 34, 74, 34, 81, 108, 59, 61, 11, 48, 84], "min_startup": [1, 10, 30, 2, 2, 3, 8, 2, 5, 4, 2, 30, 30, 2, 3, 5, 2, 3], "max_startup": [12, 103, 108, 112, 39, 14, 53, 78, 107, 54, 35, 71, 101, 90, 80, 73, 40, 103], "priority": [12, 10, 18, 15, 8, 4, 7, 1, 14, 2, 3, 9, 13, 17, 6, 11, 16, 5], "win_min": [0, 0, 0, 0, 0, 0, 0, 0, 0, 0, 0, 0, 0, 0, 0, 0, 0, 15], "win_max": [120, 120, 120, 120, 120, 120, 120, 120, 120, 120, 120, 120, 120, 120, 120, 120, 120, 102]}