{"subs": 1, "jobs": 9, "T": 120, "power_use": [2.8796551737641343, 0.8268373467154397, 1.3123048839433624, 3.6159095136702133, 0.469360339557074, 1.774203821389169, 3.696663225147418, 1.2446085273283782, 3.5060114211053013], "power_resource": [8.952178716, 0.0, 0.0, 0.0, 0.0, 0.0, 0.0, 0.0, 0.0, 0.0, 0.0, 0.0, 0.0, 0.0, 0.0, 0.0, 0.0, 0.0, 0.0, 0.0, 0.0, 0.0, 0.0, 0.0, 0.0, 0.0, 0.0, 0.0, 0.0, 0.0, 0.0, 0.0, 0.0, 0.0, 0.0, 0.0, 6.658030926, 6.999574968, 7.343581698, 7.642644372, 7.88983668, 8.079001902, 8.20459899, 8.52859638, 8.787024702, 8.970648876, 9.077467968, 9.107174142, 9.06038307, 8.938941768, 8.746236432, 8.486115012, 8.164426392, 7.787327292, 7.36189794, 6.89629599, 6.398986932, 5.87889801, 5.345418222, 4.808090484, 4.60830492, 4.433761908, 4.181490306, 3.8556459, 3.462077574, 3.007095966, 2.511018252, 2.769600492, 2.948145372, 3.402203472, 3.982782168, 4.55443362, 5.107460994, 5.63262921, 6.120857106, 6.56383311, 6.953553486, 7.283091924, 7.546445622, 7.738535286, 7.855512966, 7.894146384, 7.853358114, 7.732532484, 7.532593002, 7.25569452, 6.905223234, 6.766389198, 7.10100693, 7.384062132, 7.60970592, 7.872290028, 8.238768786, 8.534291346, 8.755933266, 8.902155366, 8.972495892, 8.96803227, 0.0, 0.0, 0.0, 0.0, 0.0, 0.0, 0.0, 0.0, 0.0, 0.0, 0.0, 0.0, 0.0, 0.0, 0.0, 0.0, 0.0, 0.0, 0.0, 0.0, 0.0, 0.0], "min_cpu_time": [19, 20, 19, 3, 7, 22, 2, 20, 21], "max_cpu_time": [48, 43, 42, 19, 8, 28, 14, 46, 29], "min_job_period": [50, 45, 71, 2, 114, 107, 28, 43, 67], "max_job_period": [64, 106, 113, 19, 119, 112, 96, 81, 78], "min_startup": [1, 1, 1, 3, 1, 1, 4, 1, 1], "max_startup": [117, 28, 24, 107, 9, 119, 8, 118, 91], "priority": [5, 4, 3, 8, 2, 1, 7, 6, 9], "win_min": [0, 0, 0, 0, 0, 0, 0, 0, 21], "win_max": [120, 120, 120, 120, 120, 120, 120, 120, 103]}