{"subs": 1, "jobs": 18, "T": 120, "power_use": [2.886882968441566, 3.395083894642787, 1.8015708247088167, 2.298336235951879, 1.8938667751452687, 0.4699614145173045, 1.8164918848182412, 1.3061828958910082, 3.3347760086747384, 1.0798451099713504, 1.9868934265129703, 3.26815401319239, 1.3757017062080197, 3.8192819357591405, 1.890397621719074, 1.7332134811517208, 2.7470540692128247, 3.1288914692951777], "power_resource": [9.015285096, 8.863983702, 8.642803536, 8.356362138, 8.01066231, 7.612168608, 7.168423014, 6.6877371, 6.178884192, 5.650945452, 5.113309878, 4.662637974, 4.536117378, 4.329405504, 4.04650422, 3.692031066, 3.272142762, 2.7936117, 2.653700238, 2.88134496, 3.070356264, 3.652320222, 4.23120582, 4.797316224, 5.341262436, 5.853655458, 6.325721964, 6.749458218, 7.11716832, 7.422387714, 7.659113598, 7.823036268, 7.910461692, 7.918927182, 7.847663148, 7.696515672, 7.467023934, 7.161650622, 6.784551522, 6.86397321, 7.179966864, 7.442089218, 7.644645306, 8.005429098, 8.34543396, 8.613405198, 8.806572288, 8.92416564, 8.966031336, 0.0, 0.0, 0.0, 0.0, 0.0, 0.0, 0.0, 0.0, 0.0, 0.0, 0.0, 0.0, 0.0, 0.0, 0.0, 0.0, 0.0, 0.0, 0.0, 0.0, 0.0, 0.0, 0.0, 0.0, 0.0, 0.0, 0.0, 0.0, 0.0, 0.0, 0.0, 0.0, 0.0, 0.0, 0.0, 0.0, 6.691123296, 7.065144036, 7.40037744, 7.689435444, 7.925083902, 8.101627848, 8.26924455, 8.585084286, 8.828582562, 8.996661018, 9.087780474, 9.101633094, 9.039450222, 8.902924956, 8.695905246, 8.422700796, 8.088698736, 7.700825376, 7.266007026, 6.792709176, 6.289551234, 5.765306526, 5.229671886, 4.691882394, 4.573827288, 4.383276804, 4.115459484, 3.775300704, 3.368341512, 2.901508218, 2.583821466, 2.827011906, 2.989549314, 3.527338806, 4.10730183], "min_cpu_time": [14, 16, 6, 1, 21, 13, 3, 7, 19, 19, 10, 15, 22, 5, 2, 8, 6, 12], "max_cpu_time": [47, 19, 53, 35, 40, 32, 45, 23, 28, 27, 44, 22, 28, 23, 40, 26, 23, 44], "min_job_period": [40, 65, 11, 3, 76, 107, 6, 33, 43, 112, 33, 87, 48, 42, 6, 53, 35, 41], "max_job_period": [115, 89, 23, 51, 104, 110, 61, 105, 75, 117, 53, 110, 64, 53, 8, 105, 85, 51], "min_startup": [1, 1, 2, 9, 1, 1, 3, 2, 1, 1, 1, 1, 1, 2, 5, 1, 2, 1], "max_startup": [111, 91, 73, 66, 62, 56, 97, 51, 48, 28, 34, 48, 117, 32, 104, 60, 107, 71], "priority": [15, 16, 14, 8, 1, 13, 2, 6, 7, 17, 3, 4, 11, 10, 18, 9, 5, 12], "win_min": [0, 0, 9, 0, 0, 0, 0, 0, 0, 0, 0, 0, 0, 0, 0, 0, 0, 0], "win_max": [120, 120, 112, 120, 120, 120, 120, 120, 120, 120, 120, 120, 120, 120, 120, 120, 120, 120]}