{"subs": 1, "jobs": 18, "T": 120, "power_use": [0.5972516016052333, 3.2334050223523016, 3.9935078397318056, 0.6109118971766276, 3.1690620020056888, 3.428902451230695, 0.14824511782331334, 0.8572861898710209, 2.245369672691537, 2.386596965830128, 3.0618960548701257, 3.322511848027432, 1.3172782700180279, 3.3338460039615385, 3.5366908869476847, 1.4501803204952923, 0.45866112108216506, 2.558537760810802], "power_resource": [9.107174142, 9.06038307, 8.938941768, 8.746236432, 8.486115012, 8.164426392, 7.787327292, 7.36189794, 6.89629599, 6.398986932, 5.87889801, 5.345418222, 4.808090484, 4.60830492, 4.433761908, 4.181490306, 3.8556459, 3.462077574, 3.007095966, 2.511018252, 2.769600492, 2.948145372, 3.402203472, 3.982782168, 4.55443362, 5.107460994, 5.63262921, 6.120857106, 6.56383311, 6.953553486, 7.283091924, 7.546445622, 7.738535286, 7.855512966, 7.894146384, 7.853358114, 7.732532484, 7.532593002, 7.25569452, 6.905223234, 6.766389198, 7.10100693, 7.384062132, 7.60970592, 7.872290028, 8.238768786, 8.534291346, 8.755933266, 8.902155366, 8.972495892, 8.96803227, 0.0, 0.0, 0.0, 0.0, 0.0, 0.0, 0.0, 0.0, 0.0, 0.0, 0.0, 0.0, 0.0, 0.0, 0.0, 0.0, 0.0, 0.0, 0.0, 0.0, 0.0, 0.0, 0.0, 0.0, 0.0, 0.0, 0.0, 0.0, 0.0, 0.0, 0.0, 0.0, 0.0, 0.0, 0.0, 6.716058012, 6.93246672, 7.284785022, 7.593852366, 7.85212677, 8.053605432, 8.192593386, 8.469030114, 8.742234564, 8.941404456, 9.064077102, 9.109482912, 9.078237558, 8.97188022, 8.793489258, 8.54706654, 8.23769136, 7.871520438, 7.45578792, 6.998189706, 6.507191286, 5.991565986, 5.460856722, 4.924298574, 4.639396356, 4.48132257, 4.244442768, 3.93337449, 3.55319703, 3.110374944, 2.612142378, 2.709264636, 2.90366307, 3.277068138], "min_cpu_time": [13, 8, 21, 21, 3, 23, 12, 15, 6, 14, 17, 16, 15, 11, 2, 12, 4, 21], "max_cpu_time": [26, 44, 32, 32, 34, 33, 13, 43, 45, 34, 42, 42, 20, 53, 20, 18, 39, 57], "min_job_period": [95, 25, 80, 16, 28, 109, 96, 67, 10, 81, 14, 78, 60, 101, 5, 55, 16, 111], "max_job_period": [115, 102, 107, 43, 76, 110, 108, 89, 73, 98, 46, 93, 112, 101, 7, 87, 51, 115], "min_startup": [1, 1, 1, 1, 1, 1, 1, 1, 1, 1, 1, 1, 1, 1, 1, 1, 1, 1], "max_startup": [97, 58, 109, 101, 24, 108, 81, 44, 85, 63, 69, 79, 55, 13, 110, 45, 92, 92], "priority": [2, 11, 18, 16, 14, 5, 9, 6, 3, 13, 10, 1, 8, 17, 4, 7, 12, 15], "win_min": [0, 0, 0, 0, 0, 0, 14, 0, 0, 0, 0, 0, 0, 0, 0, 0, 0, 0], "win_max": [120, 120, 120, 120, 120, 120, 118, 120, 120, 120, 120, 120, 120, 120, 120, 120, 120, 120]}