{"subs": 1, "jobs": 18, "T": 120, "power_use": [0.6004247149941742, 0.8786943142578503, 3.4466204763840014, 0.5044613231386323, 1.1858957785355169, 1.4859298610983187, 3.6409421665133577, 0.5801296579361409, 2.471570531971019, 0.8196019776895385, 1.1623476967364867, 1.7857895493609652, 2.1934340437019837, 0.7097408109362732, 2.3861326088524035, 2.432905097128117, 1.6400557488333691, 0.8108733595900495], "power_resource": [8.293563594, 8.575233534, 8.782714998, 8.914468806, 8.970648876, 8.952178716, 0.0, 0.0, 0.0, 0.0, 0.0, 0.0, 0.0, 0.0, 0.0, 0.0, 0.0, 0.0, 0.0, 0.0, 0.0, 0.0, 0.0, 0.0, 0.0, 0.0, 0.0, 0.0, 0.0, 0.0, 0.0, 0.0, 0.0, 0.0, 0.0, 0.0, 0.0, 0.0, 0.0, 0.0, 0.0, 6.658030926, 6.999574968, 7.343581698, 7.642644372, 7.88983668, 8.079001902, 8.20459899, 8.52859638, 8.787024702, 8.970648876, 9.077467968, 9.107174142, 9.06038307, 8.938941768, 8.746236432, 8.486115012, 8.164426392, 7.787327292, 7.36189794, 6.89629599, 6.398986932, 5.87889801, 5.345418222, 4.808090484, 4.60830492, 4.433761908, 4.181490306, 3.8556459, 3.462077574, 3.007095966, 2.511018252, 2.769600492, 2.948145372, 3.402203472, 3.982782168, 4.55443362, 5.107460994, 5.63262921, 6.120857106, 6.56383311, 6.953553486, 7.283091924, 7.546445622, 7.738535286, 7.855512966, 7.894146384, 7.853358114, 7.732532484, 7.532593002, 7.25569452, 6.905223234, 6.766389198, 7.10100693, 7.384062132, 7.60970592, 7.872290028, 8.238768786, 8.534291346, 8.755933266, 8.902155366, 8.972495892, 8.96803227, 0.0, 0.0, 0.0, 0.0, 0.0, 0.0, 0.0, 0.0, 0.0, 0.0, 0.0, 0.0, 0.0, 0.0, 0.0, 0.0, 0.0], "min_cpu_time": [16, 12, 12, 13, 13, 11, 21, 23, 8, 1, 17, 5, 8, 4, 23, 3, 11, 22], "max_cpu_time": [19, 57, 18, 29, 29, 27, 49, 54, 37, 33, 28, 54, 37, 27, 43, 8, 16, 57], "min_job_period": [6, 20, 15, 41, 4, 29, 66, 111, 27, 1, 35, 8, 16, 11, 33, 10, 55, 106], "max_job_period": [92, 72, 65, 99, 93, 30, 68, 115, 107, 26, 47, 112, 108, 40, 106, 93, 119, 108], "min_startup": [2, 2, 2, 2, 2, 2, 1, 1, 4, 27, 2, 6, 4, 7, 1, 9, 2, 1], "max_startup": [33, 67, 59, 67, 45, 49, 21, 60, 53, 114, 17, 76, 116, 18, 86, 105, 41, 68], "priority": [3, 16, 5, 10, 15, 9, 17, 2, 4, 12, 13, 8, 1, 6, 14, 18, 11, 7], "win_min": [0, 0, 0, 0, 0, 0, 0, 0, 0, 0, 0, 0, 0, 0, 0, 0, 19, 0], "win_max": [120, 120, 120, 120, 120, 120, 120, 120, 120, 120, 120, 120, 120, 120, 120, 120, 119, 120]}