{"subs": 1, "jobs": 24, "T": 120, "power_use": [3.682637701986378, 2.524314094083451, 3.4410231013867074, 0.09829388155510123, 0.6231954715221403, 1.1910316656525697, 0.1637845836292317, 1.9650751929885906, 0.21524676971335513, 2.0397863405894885, 0.9043691375787571, 3.4121482390566413, 1.1986243195609174, 1.431806144433656, 0.5681929444430462, 2.6750490013228427, 3.0649330364470213, 3.9492835032455464, 0.2799339934955054, 0.7106129245568531, 1.590843885251765, 2.37073251776838, 2.47462950548397, 0.5866197099224524], "power_resource": [4.04650422, 3.692031066, 3.272142762, 2.7936117, 2.653700238, 2.88134496, 3.070356264, 3.652320222, 4.23120582, 4.797316224, 5.341262436, 5.853655458, 6.325721964, 6.749458218, 7.11716832, 7.422387714, 7.659113598, 7.823036268, 7.910461692, 7.918927182, 7.847663148, 7.696515672, 7.467023934, 7.161650622, 6.784551522, 6.86397321, 7.179966864, 7.442089218, 7.644645306, 8.005429098, 8.34543396, 8.613405198, 8.806572288, 8.92416564, 8.966031336, 0.0, 0.0, 0.0, 0.0, 0.0, 0.0, 0.0, 0.0, 0.0, 0.0, 0.0, 0.0, 0.0, 0.0, 0.0, 0.0, 0.0, 0.0, 0.0, 0.0, 0.0, 0.0, 0.0, 0.0, 0.0, 0.0, 0.0, 0.0, 0.0, 0.0, 0.0, 0.0, 0.0, 0.0, 0.0, 0.0, 6.691123296, 7.065144036, 7.40037744, 7.689435444, 7.925083902, 8.101627848, 8.26924455, 8.585084286, 8.828582562, 8.996661018, 9.087780474, 9.101633094, 9.039450222, 8.902924956, 8.695905246, 8.422700796, 8.088698736, 7.700825376, 7.266007026, 6.792709176, 6.289551234, 5.765306526, 5.229671886, 4.691882394, 4.573827288, 4.383276804, 4.115459484, 3.775300704, 3.368341512, 2.901508218, 2.583821466, 2.827011906, 2.989549314, 3.527338806, 4.10730183, 4.676336676, 5.224900428, 5.743911924, 6.224136084, 6.657569172, 7.036515288, 7.354048122, 7.604164872, 7.782247998, 7.88444955, 7.908152922, 7.851972852, 7.71590934, 7.50119373], "min_cpu_time": [13, 12, 21, 9, 15, 17, 9, 7, 20, 18, 2, 12, 7, 2, 12, 13, 15, 22, 10, 1, 10, 7, 1, 2], "max_cpu_time": [35, 37, 21, 57, 47, 34, 19, 27, 28, 51, 37, 19, 17, 22, 17, 56, 30, 25, 10, 33, 35, 53, 25, 55], "min_job_period": [107, 106, 80, 23, 23, 76, 56, 26, 56, 12, 21, 50, 28, 28, 108, 20, 8, 57, 105, 21, 28, 104, 2, 23], "max_job_period": [118, 109, 111, 98, 80, 113, 68, 97, 88, 64, 33, 52, 57, 109, 119, 29, 61, 57, 114, 104, 72, 117, 59, 115], "min_startup": [1, 1, 1, 1, 1, 1, 1, 1, 1, 1, 3, 1, 1, 3, 1, 1, 1, 1, 1, 5, 1, 1, 5, 3], "max_startup": [11, 61, 37, 14, 46, 112, 42, 98, 65, 33, 75, 57, 66, 115, 13, 9, 38, 27, 96, 89, 78, 24, 48, 96], "priority": [4, 14, 15, 11, 19, 10, 1, 21, 8, 6, 18, 24, 3, 9, 7, 23, 5, 12, 22, 20, 16, 2, 13, 17], "win_min": [0, 0, 0, 0, 15, 0, 0, 0, 0, 0, 0, 0, 0, 0, 0, 0, 0, 0, 0, 0, 0, 0, 0, 0], "win_max": [120, 120, 120, 120, 108, 120, 120, 120, 120, 120, 120, 120, 120, 120, 120, 120, 120, 120, 120, 120, 120, 120, 120, 120]}