{"subs": 1, "jobs": 18, "T": 120, "power_use": [3.2170284992123723, 2.8603260121318317, 3.336465191781268, 2.1885712286895065, 2.0651629430723584, 1.9956324294143535, 1.2710926293260814, 0.6658873860492605, 1.041229208110477, 3.019304149178111, 3.569539490019633, 3.345863141240542, 0.16924129148604938, 1.8356979447888147, 2.708712258633898, 1.44298682955722, 1.5099298485770107, 3.034830985604177], "power_resource": [8.681283036, 8.845975296, 8.9349399, 8.948638602, 0.0, 0.0, 0.0, 0.0, 0.0, 0.0, 0.0, 0.0, 0.0, 0.0, 0.0, 0.0, 0.0, 0.0, 0.0, 0.0, 0.0, 0.0, 0.0, 0.0, 0.0, 0.0, 0.0, 0.0, 0.0, 0.0, 0.0, 0.0, 0.0, 0.0, 0.0, 0.0, 0.0, 0.0, 0.0, 6.809794074, 6.832112184, 7.190895042, 7.507966122, 7.775783442, 7.987882446, 8.138722086, 8.40238362, 8.689132854, 8.902155366, 9.03883455, 9.098400816, 9.081008082, 8.987887692, 8.82181017, 8.586777384, 8.287560792, 7.930163196, 7.521356988, 7.068991986, 6.581379762, 6.067293642, 5.535814788, 4.996793952, 4.638165012, 4.495021272, 4.272609762, 3.974470596, 3.606144822, 3.173327406, 2.68356033, 2.720654568, 2.932753572, 3.195029844, 3.777455556, 4.354801974, 4.9176801, 5.4563931, 5.961859812, 6.425460828, 6.839192412, 7.195512582, 7.4881107, 7.711445718, 7.861054014, 7.933549392, 7.926930918, 7.840275084, 7.674043644, 7.429929696, 7.110703764, 6.720521634, 6.909994692, 7.21644543, 7.467793524, 7.67204271, 8.068227642, 8.394841638, 8.648806338, 8.827659054, 8.930938032, 8.958643272, 0.0, 0.0, 0.0, 0.0, 0.0, 0.0, 0.0, 0.0, 0.0, 0.0, 0.0, 0.0, 0.0, 0.0, 0.0, 0.0, 0.0, 0.0, 0.0], "min_cpu_time": [13, 12, 21, 22, 1, 11, 15, 9, 22, 10, 22, 19, 9, 2, 9, 19, 4, 13], "max_cpu_time": [51, 23, 25, 29, 47, 26, 17, 55, 35, 49, 51, 19, 42, 54, 43, 51, 39, 24], "min_job_period": [73, 90, 113, 107, 70, 40, 12, 61, 26, 93, 58, 105, 6, 78, 16, 81, 77, 95], "max_job_period": [95, 102, 114, 108, 81, 115, 37, 88, 36, 97, 76, 111, 33, 104, 50, 111, 81, 116], "min_startup": [1, 1, 1, 1, 1, 1, 1, 1, 1, 1, 1, 1, 1, 1, 1, 1, 1, 1], "max_startup": [69, 23, 37, 50, 70, 62, 20, 60, 60, 42, 95, 49, 118, 21, 56, 99, 35, 78], "priority": [15, 14, 13, 2, 1, 5, 3, 11, 18, 12, 7, 10, 8, 4, 6, 9, 17, 16], "win_min": [0, 0, 0, 0, 0, 9, 0, 0, 0, 0, 0, 0, 0, 0, 0, 0, 0, 0], "win_max": [120, 120, 120, 120, 120, 112, 120, 120, 120, 120, 120, 120, 120, 120, 120, 120, 120, 120]}