{"subs": 1, "jobs": 22, "T": 120, "power_use": [3.1146089150229166, 1.159949786922649, 1.0770003602670455, 1.8864015818689543, 0.8413992439903677, 1.0538557447407222, 3.6175316659338446, 3.797345637743508, 3.522351948820816, 0.46638006078159017, 3.1242311758438537, 1.7378150086576885, 1.544343852738835, 2.0580889701195444, 1.419405256114122, 1.0490132039444813, 3.7591449307150895, 3.1531612855394116, 0.1952086456006575, 1.8016760455672027, 0.7737356280752481, 1.517708487400949], "power_resource": [0.0, 0.0, 0.0, 0.0, 0.0, 0.0, 0.0, 0.0, 0.0, 0.0, 0.0, 0.0, 0.0, 0.0, 0.0, 0.0, 0.0, 0.0, 0.0, 0.0, 0.0, 0.0, 0.0, 0.0, 0.0, 0.0, 0.0, 0.0, 0.0, 0.0, 0.0, 6.658030926, 6.999574968, 7.343581698, 7.642644372, 7.88983668, 8.079001902, 8.20459899, 8.52859638, 8.787024702, 8.970648876, 9.077467968, 9.107174142, 9.06038307, 8.938941768, 8.746236432, 8.486115012, 8.164426392, 7.787327292, 7.36189794, 6.89629599, 6.398986932, 5.87889801, 5.345418222, 4.808090484, 4.60830492, 4.433761908, 4.181490306, 3.8556459, 3.462077574, 3.007095966, 2.511018252, 2.769600492, 2.948145372, 3.402203472, 3.982782168, 4.55443362, 5.107460994, 5.63262921, 6.120857106, 6.56383311, 6.953553486, 7.283091924, 7.546445622, 7.738535286, 7.855512966, 7.894146384, 7.853358114, 7.732532484, 7.532593002, 7.25569452, 6.905223234, 6.766389198, 7.10100693, 7.384062132, 7.60970592, 7.872290028, 8.238768786, 8.534291346, 8.755933266, 8.902155366, 8.972495892, 8.96803227, 0.0, 0.0, 0.0, 0.0, 0.0, 0.0, 0.0, 0.0, 0.0, 0.0, 0.0, 0.0, 0.0, 0.0, 0.0, 0.0, 0.0, 0.0, 0.0, 0.0, 0.0, 0.0, 0.0, 0.0, 0.0, 0.0, 0.0], "min_cpu_time": [5, 18, 21, 11, 11, 6, 11, 23, 9, 10, 8, 8, 1, 6, 10, 23, 6, 9, 3, 5, 18, 10], "max_cpu_time": [57, 57, 57, 33, 50, 30, 42, 31, 11, 35, 33, 45, 57, 53, 34, 23, 42, 18, 9, 18, 35, 18], "min_job_period": [89, 59, 5, 29, 36, 78, 2, 53, 107, 48, 74, 54, 83, 3, 7, 25, 14, 31, 47, 20, 18, 99], "max_job_period": [95, 115, 103, 109, 86, 83, 78, 118, 117, 83, 119, 110, 91, 62, 89, 104, 47, 111, 62, 91, 29, 108], "min_startup": [1, 1, 1, 1, 1, 1, 1, 1, 1, 1, 1, 1, 1, 1, 1, 1, 1, 1, 1, 1, 1, 1], "max_startup": [4, 17, 83, 106, 53, 76, 68, 56, 75, 18, 75, 115, 114, 96, 98, 38, 16, 41, 25, 95, 63, 18], "priority": [8, 17, 18, 10, 19, 5, 13, 6, 9, 2, 14, 1, 15, 20, 4, 21, 3, 7, 11, 22, 16, 12], "win_min": [0, 0, 0, 0, 0, 0, 0, 0, 0, 0, 0, 0, 0, 0, 0, 0, 0, 0, 0, 5, 0, 0], "win_max": [120, 120, 120, 120, 120, 120, 120, 120, 120, 120, 120, 120, 120, 120, 120, 120, 120, 120, 120, 96, 120, 120]}