{"subs": 1, "jobs": 18, "T": 120, "power_use": [0.2707218297501731, 1.6353422107866034, 2.1188713771709455, 1.1938891965370901, 0.05330905009772733, 2.699772629200667, 0.8992847768751844, 3.725078579579861, 2.861705568750647, 2.093149507748469, 1.1245673416600301, 2.7048568700546425, 2.574421487275472, 2.9165913711383604, 2.6177284261881106, 1.5438942256221668, 3.34437360218696, 3.8799322344289275], "power_resource": [0.0, 0.0, 0.0, 0.0, 0.0, 0.0, 0.0, 0.0, 0.0, 0.0, 0.0, 0.0, 0.0, 0.0, 0.0, 0.0, 0.0, 0.0, 0.0, 0.0, 0.0, 6.754383594, 6.900297858, 7.25107698, 7.558451226, 7.815340368, 8.015433768, 8.153190378, 8.464566492, 8.736539598, 8.934016392, 9.055149858, 9.09886257, 9.0657702, 8.957411928, 8.776866114, 8.527980708, 8.21614284, 7.847355312, 7.428698352, 6.96786786, 6.473637162, 5.954625666, 5.42022237, 4.879816272, 4.610305854, 4.450846806, 4.212581742, 3.899666448, 3.517488054, 3.07220328, 2.571354108, 2.784530538, 2.980929906, 3.319857342, 3.902283054, 4.477782456, 5.03696655, 5.57029242, 6.068678904, 6.523506594, 6.926771754, 7.271548074, 7.551370998, 7.761007314, 7.896147318, 7.95371265, 7.931856294, 7.829962578, 7.648801092, 7.390218852, 7.0571403, 6.654029058, 6.954323076, 7.250923062, 7.49118906, 7.744999842, 8.128255662, 8.441478792, 8.681283036, 8.845975296, 8.9349399, 8.948638602, 0.0, 0.0, 0.0, 0.0, 0.0, 0.0, 0.0, 0.0, 0.0, 0.0, 0.0, 0.0, 0.0, 0.0, 0.0, 0.0, 0.0, 0.0, 0.0, 0.0, 0.0, 0.0, 0.0, 0.0, 0.0, 0.0, 0.0, 0.0, 0.0, 0.0, 0.0, 0.0, 0.0, 0.0, 0.0, 6.809794074, 6.832112184], "min_cpu_time": [11, 4, 11, 6, 14, 3, 18, 5, 18, 23, 6, 5, 16, 21, 10, 6, 4, 21], "max_cpu_time": [56, 59, 22, 19, 32, 53, 41, 8, 26, 36, 32, 47, 19, 29, 38, 8, 21, 28], "min_job_period": [37, 36, 114, 118, 94, 22, 106, 23, 3, 93, 23, 14, 19, 5, 106, 77, 42, 5], "max_job_period": [59, 98, 118, 118, 110, 57, 112, 111, 49, 107, 34, 14, 50, 115, 119, 95, 57, 66], "min_startup": [1, 2, 1, 1, 1, 2, 1, 1, 1, 1, 1, 1, 1, 1, 1, 1, 2, 1], "max_startup": [49, 59, 41, 10, 15, 74, 105, 57, 59, 35, 99, 26, 4, 85, 113, 86, 52, 86], "priority": [2, 3, 13, 5, 6, 17, 4, 1, 11, 9, 15, 12, 8, 16, 14, 18, 10, 7], "win_min": [0, 0, 0, 0, 0, 0, 8, 0, 0, 0, 0, 0, 0, 0, 0, 0, 0, 0], "win_max": [120, 120, 120, 120, 120, 120, 116, 120, 120, 120, 120, 120, 120, 120, 120, 120, 120, 120]}