{"subs": 1, "jobs": 22, "T": 120, "power_use": [3.3454499982011856, 3.5401654136916343, 2.258241784293565, 0.6154589250585285, 2.3782860647383153, 0.3765113504188743, 1.304075105401446, 3.163325748547608, 2.0601212653050807, 1.8493536998041902, 2.8607591592211334, 0.20792324122868902, 1.9248089947299674, 2.2166395926674354, 0.48556979957765295, 2.058136981316603, 3.069984205874562, 2.249349030234809, 2.8866648602560767, 0.44460749949980044, 0.7019757865240867, 1.1633684248961944], "power_resource": [0.0, 0.0, 0.0, 0.0, 0.0, 0.0, 0.0, 0.0, 0.0, 0.0, 0.0, 0.0, 0.0, 0.0, 0.0, 0.0, 0.0, 0.0, 0.0, 0.0, 0.0, 0.0, 0.0, 6.771160656, 6.863665374, 7.22414133, 7.54275159, 7.81210809, 8.025592356, 8.17766334, 8.406385488, 8.694519984, 8.908927758, 9.04730004, 9.108559404, 9.092859768, 9.001740312, 8.83797156, 8.605093626, 8.308339722, 7.95371265, 7.547830884, 7.098544242, 6.614010378, 6.103310454, 5.575525632, 5.040198828, 4.667255514, 4.525497036, 4.304470788, 4.00802472, 3.64169988, 3.211191234, 2.724040764, 2.64585042, 2.856102408, 3.152086722, 3.733127172, 4.30893441, 4.869811602, 5.406215832, 5.909219856, 6.370204266, 6.78085749, 7.133945382, 7.423157304, 7.642952208, 7.788866472, 7.8575139, 7.847201394, 7.75669761, 7.58661822, 7.338656322, 7.015736358, 6.662032794, 7.014351096, 7.317569556, 7.565531454, 7.752541824, 8.121637188, 8.444249316, 8.69405823, 8.86875516, 8.967878352, 8.991427806, 0.0, 0.0, 0.0, 0.0, 0.0, 0.0, 0.0, 0.0, 0.0, 0.0, 0.0, 0.0, 0.0, 0.0, 0.0, 0.0, 0.0, 0.0, 0.0, 0.0, 0.0, 0.0, 0.0, 0.0, 0.0, 0.0, 0.0, 0.0, 0.0, 0.0, 0.0, 0.0, 0.0, 0.0, 0.0], "min_cpu_time": [12, 17, 6, 22, 19, 1, 6, 10, 6, 1, 8, 13, 22, 16, 2, 14, 19, 21, 8, 22, 1, 18], "max_cpu_time": [59, 25, 20, 32, 30, 29, 36, 31, 22, 21, 55, 49, 59, 30, 31, 27, 23, 50, 22, 25, 20, 30], "min_job_period": [31, 33, 98, 111, 11, 2, 9, 17, 50, 15, 75, 53, 117, 24, 21, 115, 60, 1, 66, 117, 4, 102], "max_job_period": [35, 117, 114, 111, 115, 47, 87, 45, 58, 64, 106, 99, 118, 90, 57, 119, 106, 84, 101, 118, 32, 106], "min_startup": [1, 1, 1, 1, 1, 4, 1, 1, 1, 4, 1, 1, 1, 1, 2, 1, 1, 1, 1, 1, 4, 1], "max_startup": [19, 9, 108, 18, 104, 11, 119, 92, 39, 53, 112, 100, 98, 6, 40, 108, 67, 87, 59, 10, 13, 59], "priority": [14, 12, 16, 15, 9, 5, 18, 1, 6, 21, 3, 8, 19, 11, 2, 7, 17, 4, 22, 20, 13, 10], "win_min": [0, 0, 0, 0, 0, 0, 0, 0, 0, 0, 0, 0, 0, 22, 0, 0, 0, 0, 0, 0, 0, 0], "win_max": [120, 120, 120, 120, 120, 120, 120, 120, 120, 120, 120, 120, 120, 97, 120, 120, 120, 120, 120, 120, 120, 120]}