{"subs": 1, "jobs": 20, "T": 120, "power_use": [3.4601036284891924, 1.1470700010924162, 2.2141521435307956, 0.9361377787338263, 2.2557305706425708, 0.16345672369093997, 2.695117033562825, 3.6652299028187247, 3.326413596562453, 3.083786736026935, 0.36820696588701257, 2.628407513596584, 1.7545029404787416, 2.8823670826157253, 1.4921050215382032, 0.8208298922022833, 0.7218372552045874, 3.7832443721680153, 2.257212323773354, 1.4799851563027635], "power_resource": [7.612168608, 7.168423014, 6.6877371, 6.178884192, 5.650945452, 5.113309878, 4.662637974, 4.536117378, 4.329405504, 4.04650422, 3.692031066, 3.272142762, 2.7936117, 2.653700238, 2.88134496, 3.070356264, 3.652320222, 4.23120582, 4.797316224, 5.341262436, 5.853655458, 6.325721964, 6.749458218, 7.11716832, 7.422387714, 7.659113598, 7.823036268, 7.910461692, 7.918927182, 7.847663148, 7.696515672, 7.467023934, 7.161650622, 6.784551522, 6.86397321, 7.179966864, 7.442089218, 7.644645306, 8.005429098, 8.34543396, 8.613405198, 8.806572288, 8.92416564, 8.966031336, 0.0, 0.0, 0.0, 0.0, 0.0, 0.0, 0.0, 0.0, 0.0, 0.0, 0.0, 0.0, 0.0, 0.0, 0.0, 0.0, 0.0, 0.0, 0.0, 0.0, 0.0, 0.0, 0.0, 0.0, 0.0, 0.0, 0.0, 0.0, 0.0, 0.0, 0.0, 0.0, 0.0, 0.0, 0.0, 0.0, 6.691123296, 7.065144036, 7.40037744, 7.689435444, 7.925083902, 8.101627848, 8.26924455, 8.585084286, 8.828582562, 8.996661018, 9.087780474, 9.101633094, 9.039450222, 8.902924956, 8.695905246, 8.422700796, 8.088698736, 7.700825376, 7.266007026, 6.792709176, 6.289551234, 5.765306526, 5.229671886, 4.691882394, 4.573827288, 4.383276804, 4.115459484, 3.775300704, 3.368341512, 2.901508218, 2.583821466, 2.827011906, 2.989549314, 3.527338806, 4.10730183, 4.676336676, 5.224900428, 5.743911924, 6.224136084, 6.657569172], "min_cpu_time": [5, 23, 6, 11, 20, 12, 21, 13, 18, 11, 20, 8, 19, 10, 18, 18, 16, 14, 23, 6], "max_cpu_time": [7, 29, 35, 15, 39, 35, 40, 45, 18, 23, 33, 22, 53, 37, 54, 34, 39, 28, 25, 21], "min_job_period": [26, 58, 9, 62, 97, 3, 42, 89, 57, 40, 41, 18, 78, 106, 52, 58, 85, 63, 71, 13], "max_job_period": [40, 84, 31, 119, 106, 103, 95, 101, 102, 52, 76, 86, 94, 117, 96, 109, 119, 118, 91, 24], "min_startup": [2, 1, 2, 1, 1, 1, 1, 1, 1, 1, 1, 1, 1, 1, 1, 1, 1, 1, 1, 2], "max_startup": [45, 53, 107, 39, 2, 83, 11, 82, 72, 40, 56, 68, 26, 17, 60, 117, 56, 23, 81, 110], "priority": [1, 12, 7, 8, 5, 11, 3, 14, 17, 6, 9, 4, 13, 10, 20, 18, 19, 2, 16, 15], "win_min": [0, 0, 0, 0, 0, 0, 0, 15, 0, 0, 0, 0, 0, 0, 0, 0, 0, 0, 0, 0], "win_max": [120, 120, 120, 120, 120, 120, 120, 119, 120, 120, 120, 120, 120, 120, 120, 120, 120, 120, 120, 120]}