{"subs": 1, "jobs": 22, "T": 120, "power_use": [0.8851798936144584, 2.672073395296739, 0.6304219974295832, 2.554323625599878, 2.770186592893831, 1.2805889882568957, 1.8122627428798368, 2.5792439799728983, 0.7040678834653478, 3.847897160803137, 3.400777931178476, 2.356088056538881, 1.6155199474493684, 0.12051401941048721, 0.6541958252217829, 0.6817671130910384, 2.167655198367555, 0.9658345545203101, 1.1688931475397293, 1.2224430688770427, 2.8039819688891088, 0.5484544657417506], "power_resource": [4.879816272, 4.610305854, 4.450846806, 4.212581742, 3.899666448, 3.517488054, 3.07220328, 2.571354108, 2.784530538, 2.980929906, 3.319857342, 3.902283054, 4.477782456, 5.03696655, 5.57029242, 6.068678904, 6.523506594, 6.926771754, 7.271548074, 7.551370998, 7.761007314, 7.896147318, 7.95371265, 7.931856294, 7.829962578, 7.648801092, 7.390218852, 7.0571403, 6.654029058, 6.954323076, 7.250923062, 7.49118906, 7.744999842, 8.128255662, 8.441478792, 8.681283036, 8.845975296, 8.9349399, 8.948638602, 0.0, 0.0, 0.0, 0.0, 0.0, 0.0, 0.0, 0.0, 0.0, 0.0, 0.0, 0.0, 0.0, 0.0, 0.0, 0.0, 0.0, 0.0, 0.0, 0.0, 0.0, 0.0, 0.0, 0.0, 0.0, 0.0, 0.0, 0.0, 0.0, 0.0, 0.0, 0.0, 0.0, 0.0, 0.0, 6.809794074, 6.832112184, 7.190895042, 7.507966122, 7.775783442, 7.987882446, 8.138722086, 8.40238362, 8.689132854, 8.902155366, 9.03883455, 9.098400816, 9.081008082, 8.987887692, 8.82181017, 8.586777384, 8.287560792, 7.930163196, 7.521356988, 7.068991986, 6.581379762, 6.067293642, 5.535814788, 4.996793952, 4.638165012, 4.495021272, 4.272609762, 3.974470596, 3.606144822, 3.173327406, 2.68356033, 2.720654568, 2.932753572, 3.195029844, 3.777455556, 4.354801974, 4.9176801, 5.4563931, 5.961859812, 6.425460828, 6.839192412, 7.195512582, 7.4881107, 7.711445718, 7.861054014, 7.933549392], "min_cpu_time": [9, 11, 16, 13, 4, 20, 6, 23, 2, 21, 1, 2, 13, 19, 21, 4, 1, 18, 13, 5, 22, 10], "max_cpu_time": [24, 48, 22, 23, 25, 34, 46, 44, 17, 35, 17, 6, 19, 32, 22, 25, 52, 40, 59, 34, 48, 13], "min_job_period": [3, 109, 9, 90, 105, 109, 54, 2, 22, 18, 17, 45, 110, 111, 28, 118, 6, 89, 47, 83, 44, 41], "max_job_period": [36, 116, 61, 115, 105, 115, 70, 54, 80, 65, 23, 94, 112, 112, 28, 119, 101, 117, 57, 118, 79, 70], "min_startup": [1, 1, 1, 1, 1, 1, 1, 1, 2, 1, 3, 2, 1, 1, 1, 1, 3, 1, 1, 1, 1, 1], "max_startup": [8, 70, 34, 73, 29, 37, 112, 3, 13, 51, 40, 31, 8, 93, 48, 29, 23, 34, 96, 15, 12, 64], "priority": [20, 17, 8, 5, 9, 13, 14, 10, 4, 1, 21, 16, 15, 19, 3, 7, 22, 12, 2, 18, 11, 6], "win_min": [0, 0, 0, 0, 0, 0, 5, 0, 0, 0, 0, 0, 0, 0, 0, 0, 0, 0, 0, 0, 0, 0], "win_max": [120, 120, 120, 120, 120, 120, 116, 120, 120, 120, 120, 120, 120, 120, 120, 120, 120, 120, 120, 120, 120, 120]}