{"subs": 1, "jobs": 18, "T": 120, "power_use": [0.4003789943131165, 3.580588260609727, 1.9968514172696217, 0.479625869181115, 3.4259081911833, 0.4530717989708905, 2.586978530244258, 0.9884180748127578, 1.8019790013832586, 2.29634949303109, 3.6795050837547234, 1.145209904345572, 1.5569024376478835, 0.8063871254569591, 1.3810503249567423, 0.5119891934084198, 2.196852750620191, 2.241334139018314], "power_resource": [7.266007026, 6.792709176, 6.289551234, 5.765306526, 5.229671886, 4.691882394, 4.573827288, 4.383276804, 4.115459484, 3.775300704, 3.368341512, 2.901508218, 2.583821466, 2.827011906, 2.989549314, 3.527338806, 4.10730183, 4.676336676, 5.224900428, 5.743911924, 6.224136084, 6.657569172, 7.036515288, 7.354048122, 7.604164872, 7.782247998, 7.88444955, 7.908152922, 7.851972852, 7.71590934, 7.50119373, 7.209980874, 6.846118722, 6.815950794, 7.141487364, 7.41423006, 7.628329998, 7.940167866, 8.293563594, 8.575233534, 8.782714998, 8.914468806, 8.970648876, 8.952178716, 0.0, 0.0, 0.0, 0.0, 0.0, 0.0, 0.0, 0.0, 0.0, 0.0, 0.0, 0.0, 0.0, 0.0, 0.0, 0.0, 0.0, 0.0, 0.0, 0.0, 0.0, 0.0, 0.0, 0.0, 0.0, 0.0, 0.0, 0.0, 0.0, 0.0, 0.0, 0.0, 0.0, 0.0, 0.0, 6.658030926, 6.999574968, 7.343581698, 7.642644372, 7.88983668, 8.079001902, 8.20459899, 8.52859638, 8.787024702, 8.970648876, 9.077467968, 9.107174142, 9.06038307, 8.938941768, 8.746236432, 8.486115012, 8.164426392, 7.787327292, 7.36189794, 6.89629599, 6.398986932, 5.87889801, 5.345418222, 4.808090484, 4.60830492, 4.433761908, 4.181490306, 3.8556459, 3.462077574, 3.007095966, 2.511018252, 2.769600492, 2.948145372, 3.402203472, 3.982782168, 4.55443362, 5.107460994, 5.63262921, 6.120857106, 6.56383311, 6.953553486], "min_cpu_time": [3, 19, 4, 3, 12, 12, 2, 1, 18, 5, 2, 2, 2, 21, 13, 11, 7, 6], "max_cpu_time": [54, 20, 16, 8, 50, 21, 45, 34, 52, 59, 10, 10, 38, 22, 51, 29, 28, 36], "min_job_period": [2, 31, 2, 5, 14, 19, 1, 1, 23, 3, 3, 4, 3, 21, 12, 20, 2, 6], "max_job_period": [58, 98, 40, 96, 96, 20, 23, 78, 71, 6, 45, 76, 119, 41, 28, 56, 67, 81], "min_startup": [14, 2, 10, 14, 4, 4, 21, 41, 2, 8, 21, 21, 21, 2, 3, 4, 6, 7], "max_startup": [45, 26, 89, 95, 74, 31, 89, 53, 105, 57, 68, 41, 81, 118, 71, 79, 38, 43], "priority": [16, 17, 18, 8, 3, 5, 2, 15, 13, 4, 6, 14, 10, 7, 12, 1, 9, 11], "win_min": [19, 0, 0, 0, 0, 0, 0, 0, 0, 0, 0, 0, 0, 0, 0, 0, 0, 0], "win_max": [114, 120, 120, 120, 120, 120, 120, 120, 120, 120, 120, 120, 120, 120, 120, 120, 120, 120]}