{"subs": 1, "jobs": 20, "T": 120, "power_use": [0.15590586549929294, 0.16630211123569485, 3.7740530618073134, 2.2489650802528662, 1.9576861094670512, 0.750475433307872, 2.611079655881061, 3.5643528336020185, 2.9566272354126673, 1.7070413418011154, 1.6624199101621302, 0.04272376596250193, 1.6261276564947305, 0.29226302156200973, 2.711962351822724, 2.508643090537039, 3.002104947956071, 1.2775353492450678, 3.8524947973411816, 2.341142796392623], "power_resource": [0.0, 0.0, 0.0, 0.0, 0.0, 0.0, 0.0, 0.0, 0.0, 0.0, 0.0, 0.0, 0.0, 0.0, 0.0, 0.0, 6.716058012, 6.93246672, 7.284785022, 7.593852366, 7.85212677, 8.053605432, 8.192593386, 8.469030114, 8.742234564, 8.941404456, 9.064077102, 9.109482912, 9.078237558, 8.97188022, 8.793489258, 8.54706654, 8.23769136, 7.871520438, 7.45578792, 6.998189706, 6.507191286, 5.991565986, 5.460856722, 4.924298574, 4.639396356, 4.48132257, 4.244442768, 3.93337449, 3.55319703, 3.110374944, 2.612142378, 2.709264636, 2.90366307, 3.277068138, 3.858108588, 4.431914892, 4.989098052, 5.520115152, 6.01588503, 6.467942196, 6.868282914, 7.209826956, 7.486109766, 7.692205968, 7.82365194, 7.877369322, 7.851665016, 7.746077268, 7.561067832, 7.298637642, 6.961865058, 6.714980586, 7.05867948, 7.35189327, 7.588773072, 7.80210342, 8.18151129, 8.490578634, 8.72638101, 8.886917484, 8.971572384, 8.9811153, 0.0, 0.0, 0.0, 0.0, 0.0, 0.0, 0.0, 0.0, 0.0, 0.0, 0.0, 0.0, 0.0, 0.0, 0.0, 0.0, 0.0, 0.0, 0.0, 0.0, 0.0, 0.0, 0.0, 0.0, 0.0, 0.0, 0.0, 0.0, 0.0, 0.0, 0.0, 0.0, 0.0, 0.0, 0.0, 6.771160656, 6.863665374, 7.22414133, 7.54275159, 7.81210809, 8.025592356, 8.17766334], "min_cpu_time": [13, 9, 7, 1, 15, 10, 3, 1, 12, 17, 18, 4, 14, 18, 16, 23, 5, 19, 13, 8], "max_cpu_time": [45, 14, 36, 39, 52, 28, 49, 1, 39, 23, 20, 31, 27, 29, 42, 33, 24, 33, 38, 56], "min_job_period": [14, 4, 57, 1, 32, 3, 27, 5, 110, 78, 69, 16, 32, 95, 28, 9, 23, 22, 33, 53], "max_job_period": [89, 15, 113, 108, 114, 65, 61, 101, 119, 111, 117, 24, 33, 111, 46, 85, 57, 81, 56, 65], "min_startup": [1, 2, 2, 12, 1, 2, 4, 12, 1, 1, 1, 3, 1, 1, 1, 1, 3, 1, 1, 2], "max_startup": [38, 83, 35, 105, 33, 21, 16, 86, 7, 62, 1, 66, 39, 74, 101, 100, 31, 37, 19, 118], "priority": [12, 1, 6, 20, 13, 8, 9, 18, 4, 3, 14, 16, 10, 15, 11, 2, 7, 5, 19, 17], "win_min": [0, 0, 0, 0, 0, 0, 0, 0, 0, 0, 1, 0, 0, 0, 0, 0, 0, 0, 0, 0], "win_max": [120, 120, 120, 120, 120, 120, 120, 120, 120, 120, 110, 120, 120, 120, 120, 120, 120, 120, 120, 120]}