{"subs": 1, "jobs": 9, "T": 120, "power_use": [0.8536589144137119, 0.963947629865422, 1.9452867793746615, 1.9175657320601702, 2.296214591910718, 2.341552362162761, 3.6571915788781326, 0.5423811823684213, 0.6204510653821936], "power_resource": [0.0, 0.0, 0.0, 0.0, 0.0, 0.0, 0.0, 0.0, 0.0, 0.0, 0.0, 0.0, 0.0, 0.0, 0.0, 0.0, 6.658030926, 6.999574968, 7.343581698, 7.642644372, 7.88983668, 8.079001902, 8.20459899, 8.52859638, 8.787024702, 8.970648876, 9.077467968, 9.107174142, 9.06038307, 8.938941768, 8.746236432, 8.486115012, 8.164426392, 7.787327292, 7.36189794, 6.89629599, 6.398986932, 5.87889801, 5.345418222, 4.808090484, 4.60830492, 4.433761908, 4.181490306, 3.8556459, 3.462077574, 3.007095966, 2.511018252, 2.769600492, 2.948145372, 3.402203472, 3.982782168, 4.55443362, 5.107460994, 5.63262921, 6.120857106, 6.56383311, 6.953553486, 7.283091924, 7.546445622, 7.738535286, 7.855512966, 7.894146384, 7.853358114, 7.732532484, 7.532593002, 7.25569452, 6.905223234, 6.766389198, 7.10100693, 7.384062132, 7.60970592, 7.872290028, 8.238768786, 8.534291346, 8.755933266, 8.902155366, 8.972495892, 8.96803227, 0.0, 0.0, 0.0, 0.0, 0.0, 0.0, 0.0, 0.0, 0.0, 0.0, 0.0, 0.0, 0.0, 0.0, 0.0, 0.0, 0.0, 0.0, 0.0, 0.0, 0.0, 0.0, 0.0, 0.0, 0.0, 0.0, 0.0, 0.0, 0.0, 0.0, 0.0, 0.0, 0.0, 0.0, 0.0, 6.716058012, 6.93246672, 7.284785022, 7.593852366, 7.85212677, 8.053605432, 8.192593386], "min_cpu_time": [16, 16, 9, 14, 15, 21, 18, 9, 15], "max_cpu_time": [31, 33, 20, 59, 59, 42, 47, 45, 33], "min_job_period": [118, 43, 31, 101, 84, 87, 6, 37, 23], "max_job_period": [118, 87, 40, 101, 102, 107, 115, 78, 106], "min_startup": [1, 1, 1, 1, 1, 1, 1, 1, 1], "max_startup": [119, 48, 83, 26, 44, 36, 76, 31, 12], "priority": [2, 1, 3, 4, 9, 5, 7, 8, 6], "win_min": [0, 0, 4, 0, 0, 0, 0, 0, 0], "win_max": [120, 120, 116, 120, 120, 120, 120, 120, 120]}