{"subs": 1, "jobs": 18, "T": 120, "power_use": [3.2020024653137087, 3.442695019600567, 2.0791297168776675, 1.845300734203862, 0.1522967179238492, 1.7240453203043753, 1.6300693026025448, 1.6236962404578525, 2.6111767053450983, 1.2333734242171321, 0.32363414550191294, 3.81354421556679, 0.8445995734281675, 0.8256248288972443, 3.324306720503354, 0.08714754177968585, 3.6878385294925415, 2.57536136288763], "power_resource": [0.0, 0.0, 0.0, 0.0, 0.0, 0.0, 0.0, 0.0, 0.0, 0.0, 0.0, 0.0, 0.0, 6.716058012, 6.93246672, 7.284785022, 7.593852366, 7.85212677, 8.053605432, 8.192593386, 8.469030114, 8.742234564, 8.941404456, 9.064077102, 9.109482912, 9.078237558, 8.97188022, 8.793489258, 8.54706654, 8.23769136, 7.871520438, 7.45578792, 6.998189706, 6.507191286, 5.991565986, 5.460856722, 4.924298574, 4.639396356, 4.48132257, 4.244442768, 3.93337449, 3.55319703, 3.110374944, 2.612142378, 2.709264636, 2.90366307, 3.277068138, 3.858108588, 4.431914892, 4.989098052, 5.520115152, 6.01588503, 6.467942196, 6.868282914, 7.209826956, 7.486109766, 7.692205968, 7.82365194, 7.877369322, 7.851665016, 7.746077268, 7.561067832, 7.298637642, 6.961865058, 6.714980586, 7.05867948, 7.35189327, 7.588773072, 7.80210342, 8.18151129, 8.490578634, 8.72638101, 8.886917484, 8.971572384, 8.9811153, 0.0, 0.0, 0.0, 0.0, 0.0, 0.0, 0.0, 0.0, 0.0, 0.0, 0.0, 0.0, 0.0, 0.0, 0.0, 0.0, 0.0, 0.0, 0.0, 0.0, 0.0, 0.0, 0.0, 0.0, 0.0, 0.0, 0.0, 0.0, 0.0, 0.0, 0.0, 0.0, 0.0, 0.0, 0.0, 6.771160656, 6.863665374, 7.22414133, 7.54275159, 7.81210809, 8.025592356, 8.17766334, 8.406385488, 8.694519984, 8.908927758], "min_cpu_time": [11, 9, 12, 7, 2, 13, 21, 16, 2, 10, 7, 20, 17, 1, 9, 18, 8, 17], "max_cpu_time": [53, 54, 28, 14, 49, 24, 22, 20, 26, 23, 49, 56, 40, 49, 21, 27, 42, 28], "min_job_period": [36, 19, 3, 7, 7, 7, 17, 27, 1, 29, 38, 20, 1, 2, 3, 53, 34, 53], "max_job_period": [90, 23, 77, 73, 81, 48, 57, 117, 114, 86, 46, 82, 66, 90, 88, 64, 70, 101], "min_startup": [2, 3, 2, 3, 11, 2, 1, 2, 11, 2, 3, 1, 2, 21, 3, 1, 3, 2], "max_startup": [35, 92, 7, 6, 43, 63, 88, 39, 23, 116, 103, 115, 101, 83, 68, 6, 49, 36], "priority": [13, 17, 11, 16, 5, 2, 3, 6, 9, 1, 4, 10, 8, 12, 7, 15, 14, 18], "win_min": [0, 0, 0, 0, 0, 0, 0, 0, 0, 0, 0, 0, 0, 15, 0, 0, 0, 0], "win_max": [120, 120, 120, 120, 120, 120, 120, 120, 120, 120, 120, 120, 120, 111, 120, 120, 120, 120]}