{"subs": 1, "jobs": 24, "T": 120, "power_use": [1.2667190999851274, 1.0103299527602927, 1.6309702458608357, 2.4801713959920373, 0.6006195541820624, 3.59769351971991, 1.3366737731601326, 0.8091404317223593, 1.3200318328870135, 2.76340622188423, 2.453784298160568, 1.1996951090757502, 0.839943265831392, 3.222376522368242, 0.5400326432263, 0.8636623244917553, 0.6360332664601284, 0.08936287081695084, 3.2121563954165495, 3.509473075599798, 3.5085359081709915, 1.9977669237761548, 3.861358098295148, 2.718394445013536], "power_resource": [7.88983668, 8.079001902, 8.20459899, 8.52859638, 8.787024702, 8.970648876, 9.077467968, 9.107174142, 9.06038307, 8.938941768, 8.746236432, 8.486115012, 8.164426392, 7.787327292, 7.36189794, 6.89629599, 6.398986932, 5.87889801, 5.345418222, 4.808090484, 4.60830492, 4.433761908, 4.181490306, 3.8556459, 3.462077574, 3.007095966, 2.511018252, 2.769600492, 2.948145372, 3.402203472, 3.982782168, 4.55443362, 5.107460994, 5.63262921, 6.120857106, 6.56383311, 6.953553486, 7.283091924, 7.546445622, 7.738535286, 7.855512966, 7.894146384, 7.853358114, 7.732532484, 7.532593002, 7.25569452, 6.905223234, 6.766389198, 7.10100693, 7.384062132, 7.60970592, 7.872290028, 8.238768786, 8.534291346, 8.755933266, 8.902155366, 8.972495892, 8.96803227, 0.0, 0.0, 0.0, 0.0, 0.0, 0.0, 0.0, 0.0, 0.0, 0.0, 0.0, 0.0, 0.0, 0.0, 0.0, 0.0, 0.0, 0.0, 0.0, 0.0, 0.0, 0.0, 0.0, 0.0, 0.0, 0.0, 0.0, 0.0, 0.0, 0.0, 0.0, 0.0, 0.0, 0.0, 0.0, 6.716058012, 6.93246672, 7.284785022, 7.593852366, 7.85212677, 8.053605432, 8.192593386, 8.469030114, 8.742234564, 8.941404456, 9.064077102, 9.109482912, 9.078237558, 8.97188022, 8.793489258, 8.54706654, 8.23769136, 7.871520438, 7.45578792, 6.998189706, 6.507191286, 5.991565986, 5.460856722, 4.924298574, 4.639396356, 4.48132257, 4.244442768], "min_cpu_time": [1, 2, 18, 22, 11, 8, 7, 10, 8, 21, 9, 20, 18, 23, 8, 18, 22, 7, 3, 13, 2, 13, 11, 14], "max_cpu_time": [15, 17, 30, 23, 25, 41, 46, 22, 16, 30, 30, 28, 39, 31, 29, 39, 35, 22, 51, 24, 9, 13, 37, 36], "min_job_period": [4, 15, 22, 98, 76, 25, 36, 43, 50, 71, 33, 105, 90, 35, 33, 51, 71, 58, 6, 114, 17, 29, 108, 52], "max_job_period": [63, 52, 44, 105, 111, 48, 39, 112, 65, 115, 60, 110, 107, 118, 65, 57, 78, 112, 17, 119, 105, 84, 111, 55], "min_startup": [10, 5, 1, 1, 1, 2, 2, 1, 2, 1, 1, 1, 1, 1, 2, 1, 1, 2, 4, 1, 5, 1, 1, 1], "max_startup": [84, 70, 102, 85, 93, 25, 40, 57, 113, 62, 51, 22, 7, 34, 87, 23, 22, 66, 76, 67, 60, 53, 26, 100], "priority": [22, 3, 19, 10, 2, 6, 21, 23, 17, 8, 16, 7, 5, 13, 1, 14, 4, 11, 12, 9, 20, 15, 24, 18], "win_min": [0, 0, 0, 14, 0, 0, 0, 0, 0, 0, 0, 0, 0, 0, 0, 0, 0, 0, 0, 0, 0, 0, 0, 0], "win_max": [120, 120, 120, 117, 120, 120, 120, 120, 120, 120, 120, 120, 120, 120, 120, 120, 120, 120, 120, 120, 120, 120, 120, 120]}