{"subs": 1, "jobs": 9, "T": 120, "power_use": [2.6457656770079145, 2.358842395047237, 3.3248706651270363, 3.2129079858484966, 0.8519121309479102, 3.52533288569523, 1.0048836921841677, 0.3389071858341878, 3.6189529989073113], "power_resource": [7.604164872, 7.782247998, 7.88444955, 7.908152922, 7.851972852, 7.71590934, 7.50119373, 7.209980874, 6.846118722, 6.815950794, 7.141487364, 7.41423006, 7.628329998, 7.940167866, 8.293563594, 8.575233534, 8.782714998, 8.914468806, 8.970648876, 8.952178716, 0.0, 0.0, 0.0, 0.0, 0.0, 0.0, 0.0, 0.0, 0.0, 0.0, 0.0, 0.0, 0.0, 0.0, 0.0, 0.0, 0.0, 0.0, 0.0, 0.0, 0.0, 0.0, 0.0, 0.0, 0.0, 0.0, 0.0, 0.0, 0.0, 0.0, 0.0, 0.0, 0.0, 0.0, 0.0, 6.658030926, 6.999574968, 7.343581698, 7.642644372, 7.88983668, 8.079001902, 8.20459899, 8.52859638, 8.787024702, 8.970648876, 9.077467968, 9.107174142, 9.06038307, 8.938941768, 8.746236432, 8.486115012, 8.164426392, 7.787327292, 7.36189794, 6.89629599, 6.398986932, 5.87889801, 5.345418222, 4.808090484, 4.60830492, 4.433761908, 4.181490306, 3.8556459, 3.462077574, 3.007095966, 2.511018252, 2.769600492, 2.948145372, 3.402203472, 3.982782168, 4.55443362, 5.107460994, 5.63262921, 6.120857106, 6.56383311, 6.953553486, 7.283091924, 7.546445622, 7.738535286, 7.855512966, 7.894146384, 7.853358114, 7.732532484, 7.532593002, 7.25569452, 6.905223234, 6.766389198, 7.10100693, 7.384062132, 7.60970592, 7.872290028, 8.238768786, 8.534291346, 8.755933266, 8.902155366, 8.972495892, 8.96803227, 0.0, 0.0, 0.0], "min_cpu_time": [18, 4, 10, 10, 10, 21, 10, 14, 6], "max_cpu_time": [33, 39, 42, 48, 22, 36, 19, 47, 27], "min_job_period": [95, 35, 78, 5, 43, 119, 60, 89, 6], "max_job_period": [97, 75, 111, 39, 81, 119, 82, 113, 33], "min_startup": [1, 3, 1, 1, 1, 1, 1, 1, 2], "max_startup": [48, 113, 41, 21, 8, 62, 34, 17, 28], "priority": [9, 8, 2, 3, 6, 1, 4, 7, 5], "win_min": [0, 0, 0, 0, 20, 0, 0, 0, 0], "win_max": [120, 120, 120, 120, 114, 120, 120, 120, 120]}