{"subs": 1, "jobs": 13, "T": 120, "power_use": [2.6908931872752615, 2.1208615017942467, 0.4322218363932879, 1.4510404134683423, 0.6782889818103864, 3.7237110525584067, 1.928807958300073, 2.7508384977575306, 2.182409106631735, 2.948440237004778, 2.474983235358702, 3.0041344946071873, 3.848304409777838], "power_resource": [6.954323076, 7.250923062, 7.49118906, 7.744999842, 8.128255662, 8.441478792, 8.681283036, 8.845975296, 8.9349399, 8.948638602, 0.0, 0.0, 0.0, 0.0, 0.0, 0.0, 0.0, 0.0, 0.0, 0.0, 0.0, 0.0, 0.0, 0.0, 0.0, 0.0, 0.0, 0.0, 0.0, 0.0, 0.0, 0.0, 0.0, 0.0, 0.0, 0.0, 0.0, 0.0, 0.0, 0.0, 0.0, 0.0, 0.0, 0.0, 0.0, 6.809794074, 6.832112184, 7.190895042, 7.507966122, 7.775783442, 7.987882446, 8.138722086, 8.40238362, 8.689132854, 8.902155366, 9.03883455, 9.098400816, 9.081008082, 8.987887692, 8.82181017, 8.586777384, 8.287560792, 7.930163196, 7.521356988, 7.068991986, 6.581379762, 6.067293642, 5.535814788, 4.996793952, 4.638165012, 4.495021272, 4.272609762, 3.974470596, 3.606144822, 3.173327406, 2.68356033, 2.720654568, 2.932753572, 3.195029844, 3.777455556, 4.354801974, 4.9176801, 5.4563931, 5.961859812, 6.425460828, 6.839192412, 7.195512582, 7.4881107, 7.711445718, 7.861054014, 7.933549392, 7.926930918, 7.840275084, 7.674043644, 7.429929696, 7.110703764, 6.720521634, 6.909994692, 7.21644543, 7.467793524, 7.67204271, 8.068227642, 8.394841638, 8.648806338, 8.827659054, 8.930938032, 8.958643272, 0.0, 0.0, 0.0, 0.0, 0.0, 0.0, 0.0, 0.0, 0.0, 0.0, 0.0, 0.0, 0.0], "min_cpu_time": [18, 23, 10, 3, 21, 16, 1, 18, 5, 20, 11, 16, 10], "max_cpu_time": [27, 33, 11, 21, 26, 20, 47, 54, 47, 44, 56, 55, 19], "min_job_period": [98, 85, 20, 52, 39, 97, 6, 45, 6, 37, 81, 104, 75], "max_job_period": [102, 98, 57, 108, 75, 110, 6, 81, 72, 115, 81, 110, 107], "min_startup": [1, 1, 1, 2, 1, 1, 7, 1, 2, 1, 1, 1, 1], "max_startup": [21, 75, 108, 44, 112, 25, 91, 49, 22, 2, 99, 65, 32], "priority": [11, 10, 3, 7, 4, 8, 1, 2, 9, 6, 5, 12, 13], "win_min": [0, 19, 0, 0, 0, 0, 0, 0, 0, 0, 0, 0, 0], "win_max": [120, 105, 120, 120, 120, 120, 120, 120, 120, 120, 120, 120, 120]}