{"subs": 1, "jobs": 13, "T": 120, "power_use": [3.6706547341905873, 2.298653546290909, 1.9007058288878902, 2.7533192135360527, 1.9439017438348971, 0.17904922594928604, 2.657747080550297, 3.230808358636705, 3.7889957784245363, 3.4156834679359234, 0.15833806634871037, 0.07185869624413396, 0.5155800461517627], "power_resource": [6.425460828, 6.839192412, 7.195512582, 7.4881107, 7.711445718, 7.861054014, 7.933549392, 7.926930918, 7.840275084, 7.674043644, 7.429929696, 7.110703764, 6.720521634, 6.909994692, 7.21644543, 7.467793524, 7.67204271, 8.068227642, 8.394841638, 8.648806338, 8.827659054, 8.930938032, 8.958643272, 0.0, 0.0, 0.0, 0.0, 0.0, 0.0, 0.0, 0.0, 0.0, 0.0, 0.0, 0.0, 0.0, 0.0, 0.0, 0.0, 0.0, 0.0, 0.0, 0.0, 0.0, 0.0, 0.0, 0.0, 0.0, 0.0, 0.0, 0.0, 0.0, 0.0, 0.0, 0.0, 0.0, 0.0, 0.0, 0.0, 6.76238733, 7.128866088, 7.455172248, 7.733763828, 7.957714518, 8.12148327, 8.337276306, 8.63864775, 8.866908144, 9.019286964, 9.094706784, 9.093013686, 9.015285096, 8.863983702, 8.642803536, 8.356362138, 8.01066231, 7.612168608, 7.168423014, 6.6877371, 6.178884192, 5.650945452, 5.113309878, 4.662637974, 4.536117378, 4.329405504, 4.04650422, 3.692031066, 3.272142762, 2.7936117, 2.653700238, 2.88134496, 3.070356264, 3.652320222, 4.23120582, 4.797316224, 5.341262436, 5.853655458, 6.325721964, 6.749458218, 7.11716832, 7.422387714, 7.659113598, 7.823036268, 7.910461692, 7.918927182, 7.847663148, 7.696515672, 7.467023934, 7.161650622, 6.784551522, 6.86397321, 7.179966864, 7.442089218, 7.644645306, 8.005429098, 8.34543396, 8.613405198, 8.806572288, 8.92416564, 8.966031336], "min_cpu_time": [19, 11, 3, 14, 11, 23, 11, 7, 21, 12, 21, 13, 21], "max_cpu_time": [30, 32, 39, 43, 21, 59, 18, 49, 48, 52, 36, 28, 27], "min_job_period": [33, 12, 1, 13, 18, 24, 13, 11, 35, 12, 27, 12, 30], "max_job_period": [39, 57, 6, 25, 72, 53, 54, 107, 56, 110, 39, 43, 99], "min_startup": [3, 5, 21, 4, 5, 3, 5, 9, 3, 5, 3, 5, 3], "max_startup": [117, 46, 26, 8, 92, 98, 47, 10, 107, 95, 9, 106, 51], "priority": [8, 1, 11, 10, 3, 2, 6, 4, 13, 12, 7, 9, 5], "win_min": [0, 7, 0, 0, 0, 0, 0, 0, 0, 0, 0, 0, 0], "win_max": [120, 102, 120, 120, 120, 120, 120, 120, 120, 120, 120, 120, 120]}