{"subs": 1, "jobs": 24, "T": 120, "power_use": [3.7685035793719033, 3.7819513450301065, 1.6089388599299117, 0.8246774562851658, 2.7649329329326573, 1.953385036297476, 2.263311030870756, 1.1451765988895763, 2.29320930611179, 3.9244975449611763, 0.35073541517713347, 1.3303770194122364, 3.8165127414247815, 3.625620567243841, 0.24848177514694172, 1.4300591891143528, 2.411947612128136, 0.5970682092214542, 1.9628260939188025, 0.9561545097328742, 2.7315139743048307, 2.2017140859689124, 0.6553260015718592, 0.9317873831683333], "power_resource": [0.0, 0.0, 0.0, 0.0, 0.0, 6.809794074, 6.832112184, 7.190895042, 7.507966122, 7.775783442, 7.987882446, 8.138722086, 8.40238362, 8.689132854, 8.902155366, 9.03883455, 9.098400816, 9.081008082, 8.987887692, 8.82181017, 8.586777384, 8.287560792, 7.930163196, 7.521356988, 7.068991986, 6.581379762, 6.067293642, 5.535814788, 4.996793952, 4.638165012, 4.495021272, 4.272609762, 3.974470596, 3.606144822, 3.173327406, 2.68356033, 2.720654568, 2.932753572, 3.195029844, 3.777455556, 4.354801974, 4.9176801, 5.4563931, 5.961859812, 6.425460828, 6.839192412, 7.195512582, 7.4881107, 7.711445718, 7.861054014, 7.933549392, 7.926930918, 7.840275084, 7.674043644, 7.429929696, 7.110703764, 6.720521634, 6.909994692, 7.21644543, 7.467793524, 7.67204271, 8.068227642, 8.394841638, 8.648806338, 8.827659054, 8.930938032, 8.958643272, 0.0, 0.0, 0.0, 0.0, 0.0, 0.0, 0.0, 0.0, 0.0, 0.0, 0.0, 0.0, 0.0, 0.0, 0.0, 0.0, 0.0, 0.0, 0.0, 0.0, 0.0, 0.0, 0.0, 0.0, 0.0, 0.0, 0.0, 0.0, 0.0, 0.0, 0.0, 0.0, 0.0, 0.0, 0.0, 0.0, 6.76238733, 7.128866088, 7.455172248, 7.733763828, 7.957714518, 8.12148327, 8.337276306, 8.63864775, 8.866908144, 9.019286964, 9.094706784, 9.093013686, 9.015285096, 8.863983702, 8.642803536, 8.356362138, 8.01066231], "min_cpu_time": [15, 19, 3, 18, 4, 7, 12, 7, 4, 13, 2, 12, 2, 15, 4, 10, 1, 10, 9, 12, 5, 17, 15, 12], "max_cpu_time": [45, 22, 6, 30, 12, 45, 22, 22, 12, 15, 25, 37, 33, 50, 55, 48, 4, 15, 46, 40, 28, 26, 41, 43], "min_job_period": [3, 63, 31, 3, 76, 92, 14, 15, 17, 87, 20, 5, 47, 69, 93, 19, 47, 38, 102, 5, 1, 103, 67, 12], "max_job_period": [95, 72, 108, 105, 96, 103, 102, 82, 67, 111, 82, 97, 62, 76, 119, 105, 79, 59, 103, 52, 53, 114, 68, 72], "min_startup": [1, 1, 1, 1, 1, 1, 1, 1, 1, 1, 1, 1, 1, 1, 1, 1, 2, 1, 1, 1, 1, 1, 1, 1], "max_startup": [107, 30, 101, 29, 45, 44, 26, 37, 107, 36, 101, 46, 79, 2, 11, 34, 15, 84, 60, 36, 63, 99, 111, 92], "priority": [8, 10, 14, 18, 6, 12, 23, 9, 24, 3, 19, 7, 13, 21, 5, 22, 4, 2, 17, 16, 11, 20, 15, 1], "win_min": [0, 0, 0, 0, 0, 0, 0, 0, 0, 0, 0, 7, 0, 0, 0, 0, 0, 0, 0, 0, 0, 0, 0, 0], "win_max": [120, 120, 120, 120, 120, 120, 120, 120, 120, 120, 120, 108, 120, 120, 120, 120, 120, 120, 120, 120, 120, 120, 120, 120]}