{"subs": 1, "jobs": 22, "T": 120, "power_use": [1.490888990733976, 0.9168328973496871, 0.984949990487829, 1.8074194179410166, 3.125944818264067, 2.451292825869109, 1.698970224644224, 1.332957077283341, 3.7241508822289227, 3.835076835064728, 2.0997126149735403, 2.362555036947225, 3.296953475614868, 1.7783067342943744, 3.4045722454429863, 2.166258013733703, 2.4995831969365003, 1.8969981623408843, 3.3257598737229013, 0.39987453675077034, 2.2817678641096015, 1.9922439722694227], "power_resource": [6.467942196, 6.868282914, 7.209826956, 7.486109766, 7.692205968, 7.82365194, 7.877369322, 7.851665016, 7.746077268, 7.561067832, 7.298637642, 6.961865058, 6.714980586, 7.05867948, 7.35189327, 7.588773072, 7.80210342, 8.18151129, 8.490578634, 8.72638101, 8.886917484, 8.971572384, 8.9811153, 0.0, 0.0, 0.0, 0.0, 0.0, 0.0, 0.0, 0.0, 0.0, 0.0, 0.0, 0.0, 0.0, 0.0, 0.0, 0.0, 0.0, 0.0, 0.0, 0.0, 0.0, 0.0, 0.0, 0.0, 0.0, 0.0, 0.0, 0.0, 0.0, 0.0, 0.0, 0.0, 0.0, 0.0, 0.0, 6.771160656, 6.863665374, 7.22414133, 7.54275159, 7.81210809, 8.025592356, 8.17766334, 8.406385488, 8.694519984, 8.908927758, 9.04730004, 9.108559404, 9.092859768, 9.001740312, 8.83797156, 8.605093626, 8.308339722, 7.95371265, 7.547830884, 7.098544242, 6.614010378, 6.103310454, 5.575525632, 5.040198828, 4.667255514, 4.525497036, 4.304470788, 4.00802472, 3.64169988, 3.211191234, 2.724040764, 2.64585042, 2.856102408, 3.152086722, 3.733127172, 4.30893441, 4.869811602, 5.406215832, 5.909219856, 6.370204266, 6.78085749, 7.133945382, 7.423157304, 7.642952208, 7.788866472, 7.8575139, 7.847201394, 7.75669761, 7.58661822, 7.338656322, 7.015736358, 6.662032794, 7.014351096, 7.317569556, 7.565531454, 7.752541824, 8.121637188, 8.444249316, 8.69405823, 8.86875516, 8.967878352, 8.991427806], "min_cpu_time": [16, 15, 21, 23, 5, 18, 22, 12, 2, 22, 15, 20, 10, 8, 9, 2, 11, 16, 6, 12, 13, 9], "max_cpu_time": [53, 28, 47, 56, 36, 23, 22, 58, 48, 32, 39, 46, 12, 17, 40, 29, 26, 55, 40, 53, 31, 28], "min_job_period": [29, 118, 108, 78, 26, 68, 113, 102, 13, 43, 104, 119, 9, 88, 27, 23, 113, 90, 29, 74, 88, 39], "max_job_period": [89, 118, 115, 99, 79, 94, 117, 115, 105, 113, 107, 119, 85, 112, 74, 27, 117, 119, 36, 74, 119, 87], "min_startup": [1, 1, 1, 1, 2, 1, 1, 1, 4, 1, 1, 1, 1, 1, 1, 4, 1, 1, 2, 1, 1, 1], "max_startup": [76, 44, 65, 115, 14, 4, 111, 96, 38, 47, 29, 80, 31, 51, 32, 31, 87, 5, 33, 109, 119, 46], "priority": [16, 21, 14, 2, 17, 8, 11, 15, 10, 22, 3, 6, 9, 20, 12, 4, 18, 13, 5, 19, 7, 1], "win_min": [0, 0, 0, 0, 16, 0, 0, 0, 0, 0, 0, 0, 0, 0, 0, 0, 0, 0, 0, 0, 0, 0], "win_max": [120, 120, 120, 120, 104, 120, 120, 120, 120, 120, 120, 120, 120, 120, 120, 120, 120, 120, 120, 120, 120, 120]}