{"subs": 1, "jobs": 9, "T": 120, "power_use": [0.17090831701219056, 3.964037599881017, 3.623703779063832, 0.9619700891848935, 3.8787326779620477, 1.8644462284829721, 3.9123273578646476, 2.9251461495808124, 0.25665744355587156], "power_resource": [5.4563931, 5.961859812, 6.425460828, 6.839192412, 7.195512582, 7.4881107, 7.711445718, 7.861054014, 7.933549392, 7.926930918, 7.840275084, 7.674043644, 7.429929696, 7.110703764, 6.720521634, 6.909994692, 7.21644543, 7.467793524, 7.67204271, 8.068227642, 8.394841638, 8.648806338, 8.827659054, 8.930938032, 8.958643272, 0.0, 0.0, 0.0, 0.0, 0.0, 0.0, 0.0, 0.0, 0.0, 0.0, 0.0, 0.0, 0.0, 0.0, 0.0, 0.0, 0.0, 0.0, 0.0, 0.0, 0.0, 0.0, 0.0, 0.0, 0.0, 0.0, 0.0, 0.0, 0.0, 0.0, 0.0, 0.0, 0.0, 0.0, 0.0, 0.0, 6.76238733, 7.128866088, 7.455172248, 7.733763828, 7.957714518, 8.12148327, 8.337276306, 8.63864775, 8.866908144, 9.019286964, 9.094706784, 9.093013686, 9.015285096, 8.863983702, 8.642803536, 8.356362138, 8.01066231, 7.612168608, 7.168423014, 6.6877371, 6.178884192, 5.650945452, 5.113309878, 4.662637974, 4.536117378, 4.329405504, 4.04650422, 3.692031066, 3.272142762, 2.7936117, 2.653700238, 2.88134496, 3.070356264, 3.652320222, 4.23120582, 4.797316224, 5.341262436, 5.853655458, 6.325721964, 6.749458218, 7.11716832, 7.422387714, 7.659113598, 7.823036268, 7.910461692, 7.918927182, 7.847663148, 7.696515672, 7.467023934, 7.161650622, 6.784551522, 6.86397321, 7.179966864, 7.442089218, 7.644645306, 8.005429098, 8.34543396, 8.613405198, 8.806572288], "min_cpu_time": [18, 10, 15, 17, 5, 17, 2, 9, 4], "max_cpu_time": [57, 44, 45, 42, 17, 36, 37, 57, 55], "min_job_period": [48, 13, 10, 42, 1, 9, 4, 30, 1], "max_job_period": [104, 17, 34, 117, 84, 19, 66, 67, 38], "min_startup": [2, 3, 2, 2, 6, 2, 14, 3, 7], "max_startup": [40, 35, 49, 59, 20, 7, 35, 57, 72], "priority": [6, 4, 7, 1, 9, 2, 5, 8, 3], "win_min": [0, 13, 0, 0, 0, 0, 0, 0, 0], "win_max": [120, 114, 120, 120, 120, 120, 120, 120, 120]}