{"subs": 1, "jobs": 20, "T": 120, "power_use": [0.3695873303525276, 2.3275291954767674, 0.15470941335075453, 1.768026858251116, 1.5046564325670082, 3.1582501576495288, 0.0820988355556328, 1.6298576830517884, 2.7933563699045516, 2.343739932204253, 3.0968855036447747, 3.7300757981982815, 1.7546882282519234, 3.8302700562956655, 3.543816332098643, 2.4608143193411527, 2.0849625034743022, 0.9796867366870765, 2.925232331714706, 2.024830305866894], "power_resource": [4.450846806, 4.212581742, 3.899666448, 3.517488054, 3.07220328, 2.571354108, 2.784530538, 2.980929906, 3.319857342, 3.902283054, 4.477782456, 5.03696655, 5.57029242, 6.068678904, 6.523506594, 6.926771754, 7.271548074, 7.551370998, 7.761007314, 7.896147318, 7.95371265, 7.931856294, 7.829962578, 7.648801092, 7.390218852, 7.0571403, 6.654029058, 6.954323076, 7.250923062, 7.49118906, 7.744999842, 8.128255662, 8.441478792, 8.681283036, 8.845975296, 8.9349399, 8.948638602, 0.0, 0.0, 0.0, 0.0, 0.0, 0.0, 0.0, 0.0, 0.0, 0.0, 0.0, 0.0, 0.0, 0.0, 0.0, 0.0, 0.0, 0.0, 0.0, 0.0, 0.0, 0.0, 0.0, 0.0, 0.0, 0.0, 0.0, 0.0, 0.0, 0.0, 0.0, 0.0, 0.0, 0.0, 0.0, 6.809794074, 6.832112184, 7.190895042, 7.507966122, 7.775783442, 7.987882446, 8.138722086, 8.40238362, 8.689132854, 8.902155366, 9.03883455, 9.098400816, 9.081008082, 8.987887692, 8.82181017, 8.586777384, 8.287560792, 7.930163196, 7.521356988, 7.068991986, 6.581379762, 6.067293642, 5.535814788, 4.996793952, 4.638165012, 4.495021272, 4.272609762, 3.974470596, 3.606144822, 3.173327406, 2.68356033, 2.720654568, 2.932753572, 3.195029844, 3.777455556, 4.354801974, 4.9176801, 5.4563931, 5.961859812, 6.425460828, 6.839192412, 7.195512582, 7.4881107, 7.711445718, 7.861054014, 7.933549392, 7.926930918, 7.840275084], "min_cpu_time": [22, 13, 18, 17, 4, 23, 19, 10, 18, 9, 12, 13, 15, 16, 7, 12, 14, 19, 16, 21], "max_cpu_time": [30, 22, 53, 34, 8, 50, 56, 55, 29, 19, 50, 40, 48, 41, 50, 35, 16, 56, 33, 51], "min_job_period": [9, 50, 84, 47, 18, 88, 24, 12, 103, 26, 37, 59, 12, 12, 19, 34, 56, 103, 21, 98], "max_job_period": [95, 57, 118, 51, 73, 116, 76, 30, 110, 40, 84, 113, 114, 36, 105, 54, 96, 108, 32, 109], "min_startup": [1, 2, 1, 2, 6, 1, 1, 2, 1, 3, 2, 2, 2, 2, 3, 2, 2, 1, 2, 1], "max_startup": [37, 8, 83, 14, 107, 2, 37, 25, 17, 95, 92, 51, 66, 33, 9, 50, 104, 108, 76, 115], "priority": [8, 15, 14, 19, 6, 12, 13, 5, 2, 7, 9, 3, 10, 20, 4, 1, 17, 11, 16, 18], "win_min": [0, 0, 0, 0, 0, 0, 0, 0, 11, 0, 0, 0, 0, 0, 0, 0, 0, 0, 0, 0], "win_max": [120, 120, 120, 120, 120, 120, 120, 120, 112, 120, 120, 120, 120, 120, 120, 120, 120, 120, 120, 120]}