{"subs": 1, "jobs": 22, "T": 120, "power_use": [3.368339220666821, 0.5468865961522755, 1.474081939289682, 0.10809077626167538, 3.7381626374104604, 3.666411462655563, 1.6705979740156105, 2.440665220587139, 2.7151114794865054, 3.254866805097986, 1.5121276380261723, 2.3139408600979214, 3.94728423380307, 2.8516346123886214, 1.2986533291204092, 1.1807430151716065, 1.4182484228971513, 2.6708991688469688, 2.221262342511099, 1.8760199324725455, 2.6519139506884124, 0.032724241367106506], "power_resource": [4.55443362, 5.107460994, 5.63262921, 6.120857106, 6.56383311, 6.953553486, 7.283091924, 7.546445622, 7.738535286, 7.855512966, 7.894146384, 7.853358114, 7.732532484, 7.532593002, 7.25569452, 6.905223234, 6.766389198, 7.10100693, 7.384062132, 7.60970592, 7.872290028, 8.238768786, 8.534291346, 8.755933266, 8.902155366, 8.972495892, 8.96803227, 0.0, 0.0, 0.0, 0.0, 0.0, 0.0, 0.0, 0.0, 0.0, 0.0, 0.0, 0.0, 0.0, 0.0, 0.0, 0.0, 0.0, 0.0, 0.0, 0.0, 0.0, 0.0, 0.0, 0.0, 0.0, 0.0, 0.0, 0.0, 0.0, 0.0, 0.0, 0.0, 0.0, 0.0, 0.0, 6.716058012, 6.93246672, 7.284785022, 7.593852366, 7.85212677, 8.053605432, 8.192593386, 8.469030114, 8.742234564, 8.941404456, 9.064077102, 9.109482912, 9.078237558, 8.97188022, 8.793489258, 8.54706654, 8.23769136, 7.871520438, 7.45578792, 6.998189706, 6.507191286, 5.991565986, 5.460856722, 4.924298574, 4.639396356, 4.48132257, 4.244442768, 3.93337449, 3.55319703, 3.110374944, 2.612142378, 2.709264636, 2.90366307, 3.277068138, 3.858108588, 4.431914892, 4.989098052, 5.520115152, 6.01588503, 6.467942196, 6.868282914, 7.209826956, 7.486109766, 7.692205968, 7.82365194, 7.877369322, 7.851665016, 7.746077268, 7.561067832, 7.298637642, 6.961865058, 6.714980586, 7.05867948, 7.35189327, 7.588773072, 7.80210342, 8.18151129, 8.490578634], "min_cpu_time": [19, 13, 4, 11, 20, 18, 17, 22, 4, 1, 22, 10, 10, 23, 21, 8, 9, 5, 13, 20, 9, 10], "max_cpu_time": [41, 48, 25, 26, 23, 23, 54, 43, 48, 26, 58, 57, 10, 49, 23, 52, 53, 52, 32, 52, 16, 57], "min_job_period": [5, 48, 21, 93, 110, 31, 115, 8, 23, 5, 80, 66, 38, 55, 35, 53, 15, 4, 51, 15, 4, 10], "max_job_period": [80, 58, 98, 93, 119, 58, 118, 98, 67, 103, 98, 103, 74, 114, 69, 69, 114, 45, 56, 45, 51, 54], "min_startup": [1, 1, 3, 1, 1, 1, 1, 1, 3, 11, 1, 1, 1, 1, 1, 2, 2, 3, 1, 1, 2, 1], "max_startup": [61, 44, 80, 114, 111, 34, 4, 119, 4, 106, 19, 84, 5, 4, 100, 53, 67, 26, 113, 55, 90, 23], "priority": [3, 19, 9, 20, 1, 15, 6, 22, 7, 16, 10, 8, 17, 13, 4, 2, 14, 18, 11, 12, 5, 21], "win_min": [0, 0, 0, 0, 0, 0, 0, 0, 0, 0, 0, 0, 0, 0, 0, 12, 0, 0, 0, 0, 0, 0], "win_max": [120, 120, 120, 120, 120, 120, 120, 120, 120, 120, 120, 120, 120, 120, 120, 100, 120, 120, 120, 120, 120, 120]}