{"subs": 1, "jobs": 20, "T": 120, "power_use": [2.125113295310867, 3.404507555648246, 2.1915389506486767, 0.6421886891037296, 0.4681427631717701, 3.572462752065627, 3.693105169449089, 0.3967755967015824, 0.9427679121382032, 2.7861256600649065, 1.0943276964831101, 2.3231579886291156, 3.3617956700980947, 2.579871364783268, 1.1670278434859989, 2.5801959685510942, 3.7680677101643663, 2.1064418254753816, 0.47447259000570285, 3.8470433451326227], "power_resource": [0.0, 0.0, 0.0, 0.0, 0.0, 0.0, 6.658030926, 6.999574968, 7.343581698, 7.642644372, 7.88983668, 8.079001902, 8.20459899, 8.52859638, 8.787024702, 8.970648876, 9.077467968, 9.107174142, 9.06038307, 8.938941768, 8.746236432, 8.486115012, 8.164426392, 7.787327292, 7.36189794, 6.89629599, 6.398986932, 5.87889801, 5.345418222, 4.808090484, 4.60830492, 4.433761908, 4.181490306, 3.8556459, 3.462077574, 3.007095966, 2.511018252, 2.769600492, 2.948145372, 3.402203472, 3.982782168, 4.55443362, 5.107460994, 5.63262921, 6.120857106, 6.56383311, 6.953553486, 7.283091924, 7.546445622, 7.738535286, 7.855512966, 7.894146384, 7.853358114, 7.732532484, 7.532593002, 7.25569452, 6.905223234, 6.766389198, 7.10100693, 7.384062132, 7.60970592, 7.872290028, 8.238768786, 8.534291346, 8.755933266, 8.902155366, 8.972495892, 8.96803227, 0.0, 0.0, 0.0, 0.0, 0.0, 0.0, 0.0, 0.0, 0.0, 0.0, 0.0, 0.0, 0.0, 0.0, 0.0, 0.0, 0.0, 0.0, 0.0, 0.0, 0.0, 0.0, 0.0, 0.0, 0.0, 0.0, 0.0, 0.0, 0.0, 0.0, 0.0, 0.0, 0.0, 0.0, 0.0, 6.716058012, 6.93246672, 7.284785022, 7.593852366, 7.85212677, 8.053605432, 8.192593386, 8.469030114, 8.742234564, 8.941404456, 9.064077102, 9.109482912, 9.078237558, 8.97188022, 8.793489258, 8.54706654, 8.23769136], "min_cpu_time": [13, 1, 23, 21, 11, 4, 1, 16, 19, 10, 18, 16, 16, 17, 18, 20, 7, 19, 5, 14], "max_cpu_time": [49, 34, 32, 21, 37, 21, 9, 41, 37, 14, 39, 47, 41, 23, 34, 25, 7, 55, 27, 53], "min_job_period": [119, 16, 32, 32, 50, 40, 4, 113, 89, 112, 51, 59, 69, 108, 119, 60, 76, 116, 87, 108], "max_job_period": [119, 39, 96, 84, 71, 78, 82, 113, 109, 118, 86, 62, 112, 118, 119, 85, 114, 117, 100, 117], "min_startup": [1, 4, 1, 1, 1, 1, 4, 1, 1, 1, 1, 1, 1, 1, 1, 1, 1, 1, 1, 1], "max_startup": [84, 78, 28, 55, 88, 32, 89, 46, 78, 55, 83, 119, 57, 29, 66, 114, 112, 99, 88, 68], "priority": [5, 18, 14, 16, 9, 4, 10, 2, 13, 20, 7, 19, 15, 6, 3, 8, 17, 1, 12, 11], "win_min": [0, 0, 0, 0, 0, 0, 0, 0, 0, 0, 0, 0, 0, 0, 0, 0, 0, 10, 0, 0], "win_max": [120, 120, 120, 120, 120, 120, 120, 120, 120, 120, 120, 120, 120, 120, 120, 120, 120, 107, 120, 120]}