{"subs": 1, "jobs": 18, "T": 120, "power_use": [2.2709671899543404, 3.3304294181590546, 1.0326028579481608, 2.392994033392074, 3.845547008579566, 1.6471890729181384, 0.016366398495753155, 0.5582974696373345, 0.5263773020342015, 3.8192853341690083, 2.556563595156591, 1.9679415683535575, 1.6828319992554983, 1.2853851987895484, 2.9125992987919793, 2.536828950994522, 3.3599415430751005, 3.986804938703359], "power_resource": [0.0, 0.0, 0.0, 0.0, 0.0, 0.0, 0.0, 0.0, 0.0, 0.0, 6.716058012, 6.93246672, 7.284785022, 7.593852366, 7.85212677, 8.053605432, 8.192593386, 8.469030114, 8.742234564, 8.941404456, 9.064077102, 9.109482912, 9.078237558, 8.97188022, 8.793489258, 8.54706654, 8.23769136, 7.871520438, 7.45578792, 6.998189706, 6.507191286, 5.991565986, 5.460856722, 4.924298574, 4.639396356, 4.48132257, 4.244442768, 3.93337449, 3.55319703, 3.110374944, 2.612142378, 2.709264636, 2.90366307, 3.277068138, 3.858108588, 4.431914892, 4.989098052, 5.520115152, 6.01588503, 6.467942196, 6.868282914, 7.209826956, 7.486109766, 7.692205968, 7.82365194, 7.877369322, 7.851665016, 7.746077268, 7.561067832, 7.298637642, 6.961865058, 6.714980586, 7.05867948, 7.35189327, 7.588773072, 7.80210342, 8.18151129, 8.490578634, 8.72638101, 8.886917484, 8.971572384, 8.9811153, 0.0, 0.0, 0.0, 0.0, 0.0, 0.0, 0.0, 0.0, 0.0, 0.0, 0.0, 0.0, 0.0, 0.0, 0.0, 0.0, 0.0, 0.0, 0.0, 0.0, 0.0, 0.0, 0.0, 0.0, 0.0, 0.0, 0.0, 0.0, 0.0, 0.0, 0.0, 0.0, 0.0, 0.0, 0.0, 6.771160656, 6.863665374, 7.22414133, 7.54275159, 7.81210809, 8.025592356, 8.17766334, 8.406385488, 8.694519984, 8.908927758, 9.04730004, 9.108559404, 9.092859768], "min_cpu_time": [21, 12, 18, 18, 6, 5, 21, 15, 1, 11, 9, 17, 19, 20, 10, 11, 15, 17], "max_cpu_time": [55, 44, 25, 59, 54, 14, 24, 24, 40, 27, 25, 34, 58, 33, 27, 35, 59, 52], "min_job_period": [13, 42, 10, 16, 29, 4, 22, 118, 7, 35, 51, 86, 66, 81, 35, 22, 108, 93], "max_job_period": [49, 60, 100, 96, 44, 47, 110, 119, 62, 57, 74, 116, 71, 108, 117, 68, 114, 100], "min_startup": [1, 1, 1, 1, 2, 3, 1, 1, 12, 1, 2, 1, 1, 1, 2, 1, 1, 1], "max_startup": [44, 15, 100, 5, 95, 112, 103, 114, 118, 76, 69, 115, 107, 31, 48, 88, 115, 96], "priority": [7, 10, 2, 9, 14, 5, 3, 16, 6, 8, 12, 4, 15, 11, 17, 1, 13, 18], "win_min": [0, 0, 0, 0, 0, 1, 0, 0, 0, 0, 0, 0, 0, 0, 0, 0, 0, 0], "win_max": [120, 120, 120, 120, 120, 113, 120, 120, 120, 120, 120, 120, 120, 120, 120, 120, 120, 120]}