{"subs": 1, "jobs": 18, "T": 120, "power_use": [1.21730400048411, 0.520137337879278, 2.9984390635422766, 2.365876372242353, 2.7083753654074663, 0.4262782705785755, 1.1115138903654274, 1.1675455044786571, 0.4872486783866797, 1.9566949824389386, 1.1563687750278882, 2.0718787870233863, 0.2530514115843312, 2.8283394430455386, 3.40702081235777, 2.364791444936925, 0.574491963640866, 2.414284238103627], "power_resource": [4.573827288, 4.383276804, 4.115459484, 3.775300704, 3.368341512, 2.901508218, 2.583821466, 2.827011906, 2.989549314, 3.527338806, 4.10730183, 4.676336676, 5.224900428, 5.743911924, 6.224136084, 6.657569172, 7.036515288, 7.354048122, 7.604164872, 7.782247998, 7.88444955, 7.908152922, 7.851972852, 7.71590934, 7.50119373, 7.209980874, 6.846118722, 6.815950794, 7.141487364, 7.41423006, 7.628329998, 7.940167866, 8.293563594, 8.575233534, 8.782714998, 8.914468806, 8.970648876, 8.952178716, 0.0, 0.0, 0.0, 0.0, 0.0, 0.0, 0.0, 0.0, 0.0, 0.0, 0.0, 0.0, 0.0, 0.0, 0.0, 0.0, 0.0, 0.0, 0.0, 0.0, 0.0, 0.0, 0.0, 0.0, 0.0, 0.0, 0.0, 0.0, 0.0, 0.0, 0.0, 0.0, 0.0, 0.0, 0.0, 6.658030926, 6.999574968, 7.343581698, 7.642644372, 7.88983668, 8.079001902, 8.20459899, 8.52859638, 8.787024702, 8.970648876, 9.077467968, 9.107174142, 9.06038307, 8.938941768, 8.746236432, 8.486115012, 8.164426392, 7.787327292, 7.36189794, 6.89629599, 6.398986932, 5.87889801, 5.345418222, 4.808090484, 4.60830492, 4.433761908, 4.181490306, 3.8556459, 3.462077574, 3.007095966, 2.511018252, 2.769600492, 2.948145372, 3.402203472, 3.982782168, 4.55443362, 5.107460994, 5.63262921, 6.120857106, 6.56383311, 6.953553486, 7.283091924, 7.546445622, 7.738535286, 7.855512966, 7.894146384, 7.853358114], "min_cpu_time": [6, 4, 17, 3, 8, 16, 16, 13, 11, 2, 1, 18, 9, 10, 12, 5, 1, 17], "max_cpu_time": [51, 55, 36, 16, 21, 34, 51, 39, 39, 58, 5, 37, 33, 37, 20, 14, 25, 43], "min_job_period": [9, 5, 22, 4, 13, 9, 53, 25, 15, 5, 2, 36, 11, 11, 3, 6, 1, 36], "max_job_period": [88, 38, 75, 95, 81, 91, 67, 85, 43, 31, 33, 66, 62, 35, 43, 108, 17, 54], "min_startup": [6, 9, 2, 12, 5, 2, 2, 3, 3, 18, 37, 2, 4, 4, 3, 7, 37, 2], "max_startup": [62, 118, 5, 62, 59, 83, 33, 96, 49, 27, 89, 5, 87, 5, 72, 105, 94, 75], "priority": [16, 12, 13, 1, 3, 6, 14, 4, 8, 10, 2, 18, 7, 11, 15, 17, 9, 5], "win_min": [0, 0, 0, 0, 3, 0, 0, 0, 0, 0, 0, 0, 0, 0, 0, 0, 0, 0], "win_max": [120, 120, 120, 120, 98, 120, 120, 120, 120, 120, 120, 120, 120, 120, 120, 120, 120, 120]}