{"subs": 1, "jobs": 24, "T": 120, "power_use": [0.03688600440322774, 2.204163484427044, 3.4874814524279416, 3.4731974773913667, 3.041569190908623, 3.3140644685650384, 1.3051579326804847, 3.3238450628264338, 3.702548803617706, 3.981683735889214, 0.020081886530799523, 3.7200663530299316, 2.3097053512424313, 2.623641105274126, 0.378974555797485, 0.6687289428608444, 1.0179643351458205, 0.13978990275531172, 2.005704801804599, 0.21251633995374566, 3.7011857054535633, 2.912252092484484, 0.4995659582062779, 2.9684852892141715], "power_resource": [7.507966122, 7.775783442, 7.987882446, 8.138722086, 8.40238362, 8.689132854, 8.902155366, 9.03883455, 9.098400816, 9.081008082, 8.987887692, 8.82181017, 8.586777384, 8.287560792, 7.930163196, 7.521356988, 7.068991986, 6.581379762, 6.067293642, 5.535814788, 4.996793952, 4.638165012, 4.495021272, 4.272609762, 3.974470596, 3.606144822, 3.173327406, 2.68356033, 2.720654568, 2.932753572, 3.195029844, 3.777455556, 4.354801974, 4.9176801, 5.4563931, 5.961859812, 6.425460828, 6.839192412, 7.195512582, 7.4881107, 7.711445718, 7.861054014, 7.933549392, 7.926930918, 7.840275084, 7.674043644, 7.429929696, 7.110703764, 6.720521634, 6.909994692, 7.21644543, 7.467793524, 7.67204271, 8.068227642, 8.394841638, 8.648806338, 8.827659054, 8.930938032, 8.958643272, 0.0, 0.0, 0.0, 0.0, 0.0, 0.0, 0.0, 0.0, 0.0, 0.0, 0.0, 0.0, 0.0, 0.0, 0.0, 0.0, 0.0, 0.0, 0.0, 0.0, 0.0, 0.0, 0.0, 0.0, 0.0, 0.0, 0.0, 0.0, 0.0, 0.0, 0.0, 0.0, 0.0, 0.0, 0.0, 0.0, 6.76238733, 7.128866088, 7.455172248, 7.733763828, 7.957714518, 8.12148327, 8.337276306, 8.63864775, 8.866908144, 9.019286964, 9.094706784, 9.093013686, 9.015285096, 8.863983702, 8.642803536, 8.356362138, 8.01066231, 7.612168608, 7.168423014, 6.6877371, 6.178884192, 5.650945452, 5.113309878, 4.662637974, 4.536117378], "min_cpu_time": [9, 17, 7, 9, 8, 11, 15, 4, 4, 8, 3, 7, 13, 22, 9, 14, 2, 21, 19, 18, 23, 22, 18, 16], "max_cpu_time": [28, 43, 58, 35, 9, 39, 47, 7, 43, 28, 20, 49, 39, 45, 16, 55, 9, 43, 43, 34, 23, 44, 40, 49], "min_job_period": [111, 28, 19, 79, 76, 26, 88, 105, 42, 93, 33, 4, 10, 15, 101, 118, 34, 1, 13, 93, 30, 76, 3, 81], "max_job_period": [117, 56, 115, 111, 112, 40, 100, 105, 57, 113, 69, 111, 54, 80, 102, 119, 34, 23, 64, 108, 49, 80, 73, 91], "min_startup": [1, 1, 1, 1, 1, 1, 1, 1, 1, 1, 2, 1, 1, 1, 1, 1, 2, 1, 1, 1, 1, 1, 1, 1], "max_startup": [51, 94, 61, 70, 41, 60, 4, 37, 95, 34, 82, 33, 28, 1, 43, 24, 22, 117, 35, 42, 61, 61, 21, 22], "priority": [22, 3, 12, 17, 5, 18, 8, 19, 14, 21, 13, 20, 4, 24, 16, 11, 7, 15, 9, 23, 2, 10, 1, 6], "win_min": [0, 0, 0, 0, 0, 0, 0, 0, 0, 0, 12, 0, 0, 0, 0, 0, 0, 0, 0, 0, 0, 0, 0, 0], "win_max": [120, 120, 120, 120, 120, 120, 120, 120, 120, 120, 105, 120, 120, 120, 120, 120, 120, 120, 120, 120, 120, 120, 120, 120]}