{"subs": 1, "jobs": 9, "T": 120, "power_use": [1.8866643082331027, 3.5692622880813776, 3.8323406780807563, 2.4638154009540787, 2.59847217670686, 0.5544833367621327, 0.9663169541642674, 2.8769698100927568, 0.16810431157586975], "power_resource": [9.101633094, 9.039450222, 8.902924956, 8.695905246, 8.422700796, 8.088698736, 7.700825376, 7.266007026, 6.792709176, 6.289551234, 5.765306526, 5.229671886, 4.691882394, 4.573827288, 4.383276804, 4.115459484, 3.775300704, 3.368341512, 2.901508218, 2.583821466, 2.827011906, 2.989549314, 3.527338806, 4.10730183, 4.676336676, 5.224900428, 5.743911924, 6.224136084, 6.657569172, 7.036515288, 7.354048122, 7.604164872, 7.782247998, 7.88444955, 7.908152922, 7.851972852, 7.71590934, 7.50119373, 7.209980874, 6.846118722, 6.815950794, 7.141487364, 7.41423006, 7.628329998, 7.940167866, 8.293563594, 8.575233534, 8.782714998, 8.914468806, 8.970648876, 8.952178716, 0.0, 0.0, 0.0, 0.0, 0.0, 0.0, 0.0, 0.0, 0.0, 0.0, 0.0, 0.0, 0.0, 0.0, 0.0, 0.0, 0.0, 0.0, 0.0, 0.0, 0.0, 0.0, 0.0, 0.0, 0.0, 0.0, 0.0, 0.0, 0.0, 0.0, 0.0, 0.0, 0.0, 0.0, 0.0, 6.658030926, 6.999574968, 7.343581698, 7.642644372, 7.88983668, 8.079001902, 8.20459899, 8.52859638, 8.787024702, 8.970648876, 9.077467968, 9.107174142, 9.06038307, 8.938941768, 8.746236432, 8.486115012, 8.164426392, 7.787327292, 7.36189794, 6.89629599, 6.398986932, 5.87889801, 5.345418222, 4.808090484, 4.60830492, 4.433761908, 4.181490306, 3.8556459, 3.462077574, 3.007095966, 2.511018252, 2.769600492, 2.948145372, 3.402203472], "min_cpu_time": [74, 10, 35, 92, 11, 55, 49, 102, 85], "max_cpu_time": [100, 52, 116, 105, 13, 111, 109, 106, 115], "min_job_period": [57, 10, 49, 115, 1, 77, 109, 114, 96], "max_job_period": [119, 83, 108, 115, 23, 105, 109, 115, 102], "min_startup": [1, 9, 2, 1, 7, 1, 1, 1, 1], "max_startup": [22, 94, 97, 32, 113, 72, 77, 24, 94], "priority": [7, 4, 2, 1, 6, 3, 8, 5, 9], "win_min": [0, 0, 0, 0, 0, 0, 6, 0, 0], "win_max": [120, 120, 120, 120, 120, 120, 115, 120, 120]}