{"subs": 1, "jobs": 9, "T": 120, "power_use": [0.2279232226238028, 2.280187953315507, 0.7771806302579066, 0.48649153701093867, 0.8589151547667425, 0.2054749317894581, 1.7227816529797833, 3.4647880834142644, 1.3082641113889928], "power_resource": [8.72638101, 8.886917484, 8.971572384, 8.9811153, 0.0, 0.0, 0.0, 0.0, 0.0, 0.0, 0.0, 0.0, 0.0, 0.0, 0.0, 0.0, 0.0, 0.0, 0.0, 0.0, 0.0, 0.0, 0.0, 0.0, 0.0, 0.0, 0.0, 0.0, 0.0, 0.0, 0.0, 0.0, 0.0, 0.0, 0.0, 0.0, 0.0, 0.0, 0.0, 6.771160656, 6.863665374, 7.22414133, 7.54275159, 7.81210809, 8.025592356, 8.17766334, 8.406385488, 8.694519984, 8.908927758, 9.04730004, 9.108559404, 9.092859768, 9.001740312, 8.83797156, 8.605093626, 8.308339722, 7.95371265, 7.547830884, 7.098544242, 6.614010378, 6.103310454, 5.575525632, 5.040198828, 4.667255514, 4.525497036, 4.304470788, 4.00802472, 3.64169988, 3.211191234, 2.724040764, 2.64585042, 2.856102408, 3.152086722, 3.733127172, 4.30893441, 4.869811602, 5.406215832, 5.909219856, 6.370204266, 6.78085749, 7.133945382, 7.423157304, 7.642952208, 7.788866472, 7.8575139, 7.847201394, 7.75669761, 7.58661822, 7.338656322, 7.015736358, 6.662032794, 7.014351096, 7.317569556, 7.565531454, 7.752541824, 8.121637188, 8.444249316, 8.69405823, 8.86875516, 8.967878352, 8.991427806, 0.0, 0.0, 0.0, 0.0, 0.0, 0.0, 0.0, 0.0, 0.0, 0.0, 0.0, 0.0, 0.0, 0.0, 0.0, 0.0, 0.0, 0.0, 0.0], "min_cpu_time": [3, 3, 2, 5, 1, 6, 4, 11, 20], "max_cpu_time": [14, 51, 37, 47, 16, 38, 40, 16, 33], "min_job_period": [29, 37, 6, 3, 10, 53, 46, 52, 13], "max_job_period": [54, 43, 102, 106, 56, 58, 98, 95, 95], "min_startup": [3, 3, 4, 2, 7, 2, 2, 1, 1], "max_startup": [112, 13, 119, 97, 69, 25, 70, 118, 6], "priority": [7, 4, 8, 1, 6, 3, 9, 2, 5], "win_min": [0, 0, 3, 0, 0, 0, 0, 0, 0], "win_max": [120, 120, 101, 120, 120, 120, 120, 120, 120]}