{"subs": 1, "jobs": 20, "T": 120, "power_use": [1.19952301705143, 0.845342391064064, 0.09678625424864071, 3.9357452924519, 1.091516584215193, 1.807303665981167, 3.130591817752928, 2.4182715434948134, 1.7466763678535326, 0.16507200733681773, 1.4449391002096135, 3.044531059160256, 2.2691563847890825, 0.8260925096838968, 1.2543377803042886, 3.219926847854319, 2.0193102481761187, 3.011276956512964, 0.4735540706173876, 1.237025285070453], "power_resource": [8.238768786, 8.534291346, 8.755933266, 8.902155366, 8.972495892, 8.96803227, 0.0, 0.0, 0.0, 0.0, 0.0, 0.0, 0.0, 0.0, 0.0, 0.0, 0.0, 0.0, 0.0, 0.0, 0.0, 0.0, 0.0, 0.0, 0.0, 0.0, 0.0, 0.0, 0.0, 0.0, 0.0, 0.0, 0.0, 0.0, 0.0, 0.0, 0.0, 0.0, 0.0, 0.0, 0.0, 6.716058012, 6.93246672, 7.284785022, 7.593852366, 7.85212677, 8.053605432, 8.192593386, 8.469030114, 8.742234564, 8.941404456, 9.064077102, 9.109482912, 9.078237558, 8.97188022, 8.793489258, 8.54706654, 8.23769136, 7.871520438, 7.45578792, 6.998189706, 6.507191286, 5.991565986, 5.460856722, 4.924298574, 4.639396356, 4.48132257, 4.244442768, 3.93337449, 3.55319703, 3.110374944, 2.612142378, 2.709264636, 2.90366307, 3.277068138, 3.858108588, 4.431914892, 4.989098052, 5.520115152, 6.01588503, 6.467942196, 6.868282914, 7.209826956, 7.486109766, 7.692205968, 7.82365194, 7.877369322, 7.851665016, 7.746077268, 7.561067832, 7.298637642, 6.961865058, 6.714980586, 7.05867948, 7.35189327, 7.588773072, 7.80210342, 8.18151129, 8.490578634, 8.72638101, 8.886917484, 8.971572384, 8.9811153, 0.0, 0.0, 0.0, 0.0, 0.0, 0.0, 0.0, 0.0, 0.0, 0.0, 0.0, 0.0, 0.0, 0.0, 0.0, 0.0, 0.0], "min_cpu_time": [11, 20, 16, 9, 19, 21, 18, 18, 19, 5, 13, 22, 10, 14, 3, 17, 16, 3, 16, 20], "max_cpu_time": [13, 53, 17, 38, 38, 25, 59, 36, 35, 28, 29, 56, 38, 57, 55, 54, 41, 27, 18, 26], "min_job_period": [12, 32, 70, 42, 40, 36, 110, 41, 44, 18, 35, 34, 55, 26, 1, 59, 58, 10, 29, 35], "max_job_period": [94, 100, 101, 102, 78, 43, 119, 87, 81, 92, 102, 102, 77, 43, 54, 106, 118, 103, 31, 45], "min_startup": [2, 1, 1, 2, 1, 1, 1, 1, 1, 4, 2, 1, 2, 2, 7, 1, 1, 7, 1, 1], "max_startup": [86, 12, 97, 27, 63, 41, 74, 100, 66, 50, 58, 103, 100, 80, 59, 10, 15, 100, 32, 80], "priority": [17, 10, 13, 3, 6, 20, 16, 4, 11, 15, 7, 14, 12, 2, 8, 5, 1, 18, 9, 19], "win_min": [0, 0, 0, 0, 0, 0, 0, 0, 0, 0, 0, 19, 0, 0, 0, 0, 0, 0, 0, 0], "win_max": [120, 120, 120, 120, 120, 120, 120, 120, 120, 120, 120, 107, 120, 120, 120, 120, 120, 120, 120, 120]}