{"subs": 1, "jobs": 9, "T": 120, "power_use": [1.337796259802572, 2.807333292849999, 1.8559248947701685, 0.4568464051526887, 3.8378960899499615, 2.325222688371556, 1.9701890908465332, 3.3208889563317334, 1.5317449982637297], "power_resource": [0.0, 0.0, 0.0, 0.0, 0.0, 0.0, 0.0, 0.0, 0.0, 0.0, 0.0, 0.0, 6.809794074, 6.832112184, 7.190895042, 7.507966122, 7.775783442, 7.987882446, 8.138722086, 8.40238362, 8.689132854, 8.902155366, 9.03883455, 9.098400816, 9.081008082, 8.987887692, 8.82181017, 8.586777384, 8.287560792, 7.930163196, 7.521356988, 7.068991986, 6.581379762, 6.067293642, 5.535814788, 4.996793952, 4.638165012, 4.495021272, 4.272609762, 3.974470596, 3.606144822, 3.173327406, 2.68356033, 2.720654568, 2.932753572, 3.195029844, 3.777455556, 4.354801974, 4.9176801, 5.4563931, 5.961859812, 6.425460828, 6.839192412, 7.195512582, 7.4881107, 7.711445718, 7.861054014, 7.933549392, 7.926930918, 7.840275084, 7.674043644, 7.429929696, 7.110703764, 6.720521634, 6.909994692, 7.21644543, 7.467793524, 7.67204271, 8.068227642, 8.394841638, 8.648806338, 8.827659054, 8.930938032, 8.958643272, 0.0, 0.0, 0.0, 0.0, 0.0, 0.0, 0.0, 0.0, 0.0, 0.0, 0.0, 0.0, 0.0, 0.0, 0.0, 0.0, 0.0, 0.0, 0.0, 0.0, 0.0, 0.0, 0.0, 0.0, 0.0, 0.0, 0.0, 0.0, 0.0, 0.0, 0.0, 0.0, 0.0, 0.0, 0.0, 0.0, 6.76238733, 7.128866088, 7.455172248, 7.733763828, 7.957714518, 8.12148327, 8.337276306, 8.63864775, 8.866908144, 9.019286964], "min_cpu_time": [4, 7, 20, 23, 15, 22, 21, 5, 11], "max_cpu_time": [22, 7, 50, 51, 36, 31, 48, 37, 30], "min_job_period": [13, 11, 29, 24, 29, 54, 101, 2, 24], "max_job_period": [72, 86, 117, 71, 111, 56, 105, 30, 76], "min_startup": [7, 4, 2, 1, 2, 1, 1, 6, 3], "max_startup": [38, 58, 113, 49, 17, 104, 33, 93, 3], "priority": [6, 9, 3, 8, 1, 7, 2, 5, 4], "win_min": [0, 0, 0, 0, 0, 0, 0, 0, 8], "win_max": [120, 120, 120, 120, 120, 120, 120, 120, 106]}