{"subs": 1, "jobs": 9, "T": 120, "power_use": [2.7336832205072827, 3.8190117299098976, 3.593895200101863, 3.7294590337841975, 1.4158543796507945, 1.3752146626454358, 1.8910379662790522, 3.8539280522396333, 3.6021056046783504], "power_resource": [6.467942196, 6.868282914, 7.209826956, 7.486109766, 7.692205968, 7.82365194, 7.877369322, 7.851665016, 7.746077268, 7.561067832, 7.298637642, 6.961865058, 6.714980586, 7.05867948, 7.35189327, 7.588773072, 7.80210342, 8.18151129, 8.490578634, 8.72638101, 8.886917484, 8.971572384, 8.9811153, 0.0, 0.0, 0.0, 0.0, 0.0, 0.0, 0.0, 0.0, 0.0, 0.0, 0.0, 0.0, 0.0, 0.0, 0.0, 0.0, 0.0, 0.0, 0.0, 0.0, 0.0, 0.0, 0.0, 0.0, 0.0, 0.0, 0.0, 0.0, 0.0, 0.0, 0.0, 0.0, 0.0, 0.0, 0.0, 6.771160656, 6.863665374, 7.22414133, 7.54275159, 7.81210809, 8.025592356, 8.17766334, 8.406385488, 8.694519984, 8.908927758, 9.04730004, 9.108559404, 9.092859768, 9.001740312, 8.83797156, 8.605093626, 8.308339722, 7.95371265, 7.547830884, 7.098544242, 6.614010378, 6.103310454, 5.575525632, 5.040198828, 4.667255514, 4.525497036, 4.304470788, 4.00802472, 3.64169988, 3.211191234, 2.724040764, 2.64585042, 2.856102408, 3.152086722, 3.733127172, 4.30893441, 4.869811602, 5.406215832, 5.909219856, 6.370204266, 6.78085749, 7.133945382, 7.423157304, 7.642952208, 7.788866472, 7.8575139, 7.847201394, 7.75669761, 7.58661822, 7.338656322, 7.015736358, 6.662032794, 7.014351096, 7.317569556, 7.565531454, 7.752541824, 8.121637188, 8.444249316, 8.69405823, 8.86875516, 8.967878352, 8.991427806], "min_cpu_time": [9, 3, 2, 11, 16, 15, 3, 23, 19], "max_cpu_time": [34, 54, 18, 39, 51, 25, 9, 58, 48], "min_job_period": [22, 7, 2, 10, 4, 3, 4, 5, 36], "max_job_period": [76, 83, 48, 111, 58, 25, 113, 96, 74], "min_startup": [5, 14, 21, 4, 3, 3, 14, 2, 2], "max_startup": [83, 97, 76, 46, 37, 18, 26, 69, 90], "priority": [1, 9, 2, 5, 7, 3, 4, 6, 8], "win_min": [0, 5, 0, 0, 0, 0, 0, 0, 0], "win_max": [120, 116, 120, 120, 120, 120, 120, 120, 120]}