{"subs": 1, "jobs": 13, "T": 120, "power_use": [2.102712251973174, 0.49299393138082814, 3.267386845335278, 0.8927109787928834, 2.483173315915235, 2.984484156659308, 1.406274476374417, 3.3496313424069823, 1.25856088711618, 2.576666114752068, 3.6114241717802074, 3.355531023788272, 1.464645911541243], "power_resource": [7.823036268, 7.910461692, 7.918927182, 7.847663148, 7.696515672, 7.467023934, 7.161650622, 6.784551522, 6.86397321, 7.179966864, 7.442089218, 7.644645306, 8.005429098, 8.34543396, 8.613405198, 8.806572288, 8.92416564, 8.966031336, 0.0, 0.0, 0.0, 0.0, 0.0, 0.0, 0.0, 0.0, 0.0, 0.0, 0.0, 0.0, 0.0, 0.0, 0.0, 0.0, 0.0, 0.0, 0.0, 0.0, 0.0, 0.0, 0.0, 0.0, 0.0, 0.0, 0.0, 0.0, 0.0, 0.0, 0.0, 0.0, 0.0, 0.0, 0.0, 0.0, 6.691123296, 7.065144036, 7.40037744, 7.689435444, 7.925083902, 8.101627848, 8.26924455, 8.585084286, 8.828582562, 8.996661018, 9.087780474, 9.101633094, 9.039450222, 8.902924956, 8.695905246, 8.422700796, 8.088698736, 7.700825376, 7.266007026, 6.792709176, 6.289551234, 5.765306526, 5.229671886, 4.691882394, 4.573827288, 4.383276804, 4.115459484, 3.775300704, 3.368341512, 2.901508218, 2.583821466, 2.827011906, 2.989549314, 3.527338806, 4.10730183, 4.676336676, 5.224900428, 5.743911924, 6.224136084, 6.657569172, 7.036515288, 7.354048122, 7.604164872, 7.782247998, 7.88444955, 7.908152922, 7.851972852, 7.71590934, 7.50119373, 7.209980874, 6.846118722, 6.815950794, 7.141487364, 7.41423006, 7.628329998, 7.940167866, 8.293563594, 8.575233534, 8.782714998, 8.914468806, 8.970648876, 8.952178716, 0.0, 0.0, 0.0, 0.0], "min_cpu_time": [20, 17, 5, 1, 4, 20, 21, 12, 7, 19, 5, 15, 16], "max_cpu_time": [44, 47, 32, 31, 33, 40, 52, 12, 8, 54, 22, 28, 20], "min_job_period": [54, 51, 12, 1, 14, 34, 5, 29, 8, 38, 12, 41, 6], "max_job_period": [65, 60, 83, 99, 85, 53, 100, 53, 109, 90, 110, 97, 70], "min_startup": [2, 2, 7, 32, 8, 2, 2, 3, 5, 2, 7, 2, 2], "max_startup": [95, 118, 16, 95, 108, 60, 106, 18, 55, 7, 45, 16, 106], "priority": [12, 10, 6, 1, 8, 2, 7, 11, 13, 4, 9, 3, 5], "win_min": [0, 0, 0, 0, 10, 0, 0, 0, 0, 0, 0, 0, 0], "win_max": [120, 120, 120, 120, 115, 120, 120, 120, 120, 120, 120, 120, 120]}