{"subs": 1, "jobs": 24, "T": 120, "power_use": [2.386383588961839, 2.7137956944664112, 1.4900463030071505, 1.328410902449232, 1.3659899222449123, 3.9586063183985023, 1.3213628109073834, 0.5453115302540323, 3.589071457541261, 0.5273991934041603, 1.6958142572110184, 0.41656947382700066, 3.036802977784852, 0.7388879802277797, 2.1389608008535994, 3.283704315597383, 2.199871411384304, 2.0097810618083556, 2.792821611362806, 1.7607184894265817, 0.02128936477514915, 1.7200272523824776, 1.704296577849318, 1.5240261492198208], "power_resource": [3.070356264, 3.652320222, 4.23120582, 4.797316224, 5.341262436, 5.853655458, 6.325721964, 6.749458218, 7.11716832, 7.422387714, 7.659113598, 7.823036268, 7.910461692, 7.918927182, 7.847663148, 7.696515672, 7.467023934, 7.161650622, 6.784551522, 6.86397321, 7.179966864, 7.442089218, 7.644645306, 8.005429098, 8.34543396, 8.613405198, 8.806572288, 8.92416564, 8.966031336, 0.0, 0.0, 0.0, 0.0, 0.0, 0.0, 0.0, 0.0, 0.0, 0.0, 0.0, 0.0, 0.0, 0.0, 0.0, 0.0, 0.0, 0.0, 0.0, 0.0, 0.0, 0.0, 0.0, 0.0, 0.0, 0.0, 0.0, 0.0, 0.0, 0.0, 0.0, 0.0, 0.0, 0.0, 0.0, 0.0, 6.691123296, 7.065144036, 7.40037744, 7.689435444, 7.925083902, 8.101627848, 8.26924455, 8.585084286, 8.828582562, 8.996661018, 9.087780474, 9.101633094, 9.039450222, 8.902924956, 8.695905246, 8.422700796, 8.088698736, 7.700825376, 7.266007026, 6.792709176, 6.289551234, 5.765306526, 5.229671886, 4.691882394, 4.573827288, 4.383276804, 4.115459484, 3.775300704, 3.368341512, 2.901508218, 2.583821466, 2.827011906, 2.989549314, 3.527338806, 4.10730183, 4.676336676, 5.224900428, 5.743911924, 6.224136084, 6.657569172, 7.036515288, 7.354048122, 7.604164872, 7.782247998, 7.88444955, 7.908152922, 7.851972852, 7.71590934, 7.50119373, 7.209980874, 6.846118722, 6.815950794, 7.141487364, 7.41423006, 7.628329998], "min_cpu_time": [9, 3, 12, 7, 18, 11, 21, 8, 3, 5, 21, 14, 2, 15, 16, 18, 3, 12, 8, 16, 17, 18, 18, 12], "max_cpu_time": [29, 20, 19, 16, 19, 49, 35, 42, 3, 56, 47, 28, 40, 39, 29, 34, 9, 41, 9, 54, 26, 35, 34, 31], "min_job_period": [44, 28, 89, 30, 26, 33, 22, 43, 19, 28, 47, 32, 3, 26, 101, 41, 17, 11, 29, 9, 76, 81, 69, 113], "max_job_period": [116, 111, 113, 62, 56, 41, 34, 46, 20, 32, 66, 47, 111, 61, 112, 56, 45, 22, 84, 99, 95, 96, 87, 119], "min_startup": [1, 3, 1, 2, 1, 1, 1, 2, 3, 2, 1, 1, 5, 1, 1, 1, 3, 1, 2, 1, 1, 1, 1, 1], "max_startup": [9, 63, 41, 29, 58, 6, 6, 100, 20, 17, 24, 6, 103, 21, 67, 49, 104, 55, 43, 112, 10, 65, 18, 23], "priority": [16, 5, 6, 9, 2, 24, 14, 1, 7, 10, 11, 19, 15, 17, 20, 13, 23, 3, 8, 22, 18, 4, 21, 12], "win_min": [0, 0, 0, 0, 0, 0, 0, 0, 0, 0, 0, 4, 0, 0, 0, 0, 0, 0, 0, 0, 0, 0, 0, 0], "win_max": [120, 120, 120, 120, 120, 120, 120, 120, 120, 120, 120, 100, 120, 120, 120, 120, 120, 120, 120, 120, 120, 120, 120, 120]}