{"subs": 1, "jobs": 13, "T": 120, "power_use": [2.3603268653640797, 3.4573665691632876, 3.0316801341605046, 0.6217119414876442, 0.58720026499313, 2.051639656516069, 2.8574015683491263, 3.7353790051744395, 3.157393579558933, 2.074319792496199, 3.397917191155955, 2.0774733213086902, 1.4569840681605768], "power_resource": [0.0, 0.0, 0.0, 0.0, 0.0, 0.0, 0.0, 0.0, 0.0, 0.0, 0.0, 0.0, 0.0, 0.0, 0.0, 0.0, 0.0, 0.0, 0.0, 0.0, 0.0, 0.0, 0.0, 0.0, 0.0, 0.0, 0.0, 0.0, 0.0, 0.0, 0.0, 0.0, 0.0, 0.0, 0.0, 6.691123296, 7.065144036, 7.40037744, 7.689435444, 7.925083902, 8.101627848, 8.26924455, 8.585084286, 8.828582562, 8.996661018, 9.087780474, 9.101633094, 9.039450222, 8.902924956, 8.695905246, 8.422700796, 8.088698736, 7.700825376, 7.266007026, 6.792709176, 6.289551234, 5.765306526, 5.229671886, 4.691882394, 4.573827288, 4.383276804, 4.115459484, 3.775300704, 3.368341512, 2.901508218, 2.583821466, 2.827011906, 2.989549314, 3.527338806, 4.10730183, 4.676336676, 5.224900428, 5.743911924, 6.224136084, 6.657569172, 7.036515288, 7.354048122, 7.604164872, 7.782247998, 7.88444955, 7.908152922, 7.851972852, 7.71590934, 7.50119373, 7.209980874, 6.846118722, 6.815950794, 7.141487364, 7.41423006, 7.628329998, 7.940167866, 8.293563594, 8.575233534, 8.782714998, 8.914468806, 8.970648876, 8.952178716, 0.0, 0.0, 0.0, 0.0, 0.0, 0.0, 0.0, 0.0, 0.0, 0.0, 0.0, 0.0, 0.0, 0.0, 0.0, 0.0, 0.0, 0.0, 0.0, 0.0, 0.0, 0.0, 0.0], "min_cpu_time": [15, 5, 20, 16, 16, 6, 16, 19, 16, 1, 12, 13, 11], "max_cpu_time": [59, 19, 35, 36, 34, 57, 39, 53, 16, 57, 47, 15, 57], "min_job_period": [56, 26, 61, 49, 9, 25, 40, 51, 29, 2, 41, 35, 34], "max_job_period": [117, 102, 80, 72, 91, 72, 111, 103, 34, 44, 54, 103, 117], "min_startup": [2, 4, 1, 1, 1, 3, 1, 1, 1, 18, 2, 2, 2], "max_startup": [27, 88, 20, 75, 104, 51, 32, 5, 13, 110, 52, 87, 27], "priority": [12, 5, 11, 2, 3, 8, 13, 4, 6, 10, 9, 7, 1], "win_min": [0, 0, 0, 0, 0, 0, 0, 0, 0, 18, 0, 0, 0], "win_max": [120, 120, 120, 120, 120, 120, 120, 120, 120, 115, 120, 120, 120]}