{"subs": 1, "jobs": 13, "T": 120, "power_use": [2.1275073643310627, 0.8248289252165357, 3.508319111629361, 2.388533281685925, 1.9936463935604132, 0.12024643008993921, 0.0255455140742911, 3.5910780689638773, 0.49640488746843925, 2.712174389580005, 2.6472988491706677, 2.4842823134547443, 1.6109176310145805], "power_resource": [7.918927182, 7.847663148, 7.696515672, 7.467023934, 7.161650622, 6.784551522, 6.86397321, 7.179966864, 7.442089218, 7.644645306, 8.005429098, 8.34543396, 8.613405198, 8.806572288, 8.92416564, 8.966031336, 0.0, 0.0, 0.0, 0.0, 0.0, 0.0, 0.0, 0.0, 0.0, 0.0, 0.0, 0.0, 0.0, 0.0, 0.0, 0.0, 0.0, 0.0, 0.0, 0.0, 0.0, 0.0, 0.0, 0.0, 0.0, 0.0, 0.0, 0.0, 0.0, 0.0, 0.0, 0.0, 0.0, 0.0, 0.0, 0.0, 6.691123296, 7.065144036, 7.40037744, 7.689435444, 7.925083902, 8.101627848, 8.26924455, 8.585084286, 8.828582562, 8.996661018, 9.087780474, 9.101633094, 9.039450222, 8.902924956, 8.695905246, 8.422700796, 8.088698736, 7.700825376, 7.266007026, 6.792709176, 6.289551234, 5.765306526, 5.229671886, 4.691882394, 4.573827288, 4.383276804, 4.115459484, 3.775300704, 3.368341512, 2.901508218, 2.583821466, 2.827011906, 2.989549314, 3.527338806, 4.10730183, 4.676336676, 5.224900428, 5.743911924, 6.224136084, 6.657569172, 7.036515288, 7.354048122, 7.604164872, 7.782247998, 7.88444955, 7.908152922, 7.851972852, 7.71590934, 7.50119373, 7.209980874, 6.846118722, 6.815950794, 7.141487364, 7.41423006, 7.628329998, 7.940167866, 8.293563594, 8.575233534, 8.782714998, 8.914468806, 8.970648876, 8.952178716, 0.0, 0.0, 0.0, 0.0, 0.0, 0.0], "min_cpu_time": [20, 13, 17, 10, 20, 20, 2, 20, 2, 13, 16, 13, 16], "max_cpu_time": [20, 25, 57, 41, 57, 32, 45, 50, 37, 50, 35, 30, 46], "min_job_period": [24, 10, 10, 5, 29, 12, 1, 27, 3, 15, 24, 18, 25], "max_job_period": [69, 88, 37, 57, 67, 32, 20, 65, 75, 97, 37, 81, 86], "min_startup": [3, 4, 3, 5, 3, 3, 25, 3, 25, 4, 3, 4, 3], "max_startup": [56, 49, 50, 60, 110, 109, 94, 79, 91, 17, 10, 44, 113], "priority": [13, 9, 3, 11, 4, 10, 8, 1, 7, 5, 12, 2, 6], "win_min": [0, 0, 0, 3, 0, 0, 0, 0, 0, 0, 0, 0, 0], "win_max": [120, 120, 120, 106, 120, 120, 120, 120, 120, 120, 120, 120, 120]}