{"subs": 1, "jobs": 22, "T": 120, "power_use": [1.4249027820504285, 2.237624263162242, 3.6858503293727427, 1.4884971289055589, 1.1259934082143157, 0.9017849807547379, 3.9029505093537344, 0.7036312412890718, 0.03122911637369575, 1.648772285072224, 1.0285902441863846, 0.45278333344371835, 0.650098614601733, 1.930225118820253, 2.0557595719265094, 0.9991156938089213, 0.06246574190390568, 2.608504787749785, 1.2217275992312135, 0.49078406245660416, 1.7004190318166332, 2.936256829982946], "power_resource": [7.896147318, 7.95371265, 7.931856294, 7.829962578, 7.648801092, 7.390218852, 7.0571403, 6.654029058, 6.954323076, 7.250923062, 7.49118906, 7.744999842, 8.128255662, 8.441478792, 8.681283036, 8.845975296, 8.9349399, 8.948638602, 0.0, 0.0, 0.0, 0.0, 0.0, 0.0, 0.0, 0.0, 0.0, 0.0, 0.0, 0.0, 0.0, 0.0, 0.0, 0.0, 0.0, 0.0, 0.0, 0.0, 0.0, 0.0, 0.0, 0.0, 0.0, 0.0, 0.0, 0.0, 0.0, 0.0, 0.0, 0.0, 0.0, 0.0, 0.0, 6.809794074, 6.832112184, 7.190895042, 7.507966122, 7.775783442, 7.987882446, 8.138722086, 8.40238362, 8.689132854, 8.902155366, 9.03883455, 9.098400816, 9.081008082, 8.987887692, 8.82181017, 8.586777384, 8.287560792, 7.930163196, 7.521356988, 7.068991986, 6.581379762, 6.067293642, 5.535814788, 4.996793952, 4.638165012, 4.495021272, 4.272609762, 3.974470596, 3.606144822, 3.173327406, 2.68356033, 2.720654568, 2.932753572, 3.195029844, 3.777455556, 4.354801974, 4.9176801, 5.4563931, 5.961859812, 6.425460828, 6.839192412, 7.195512582, 7.4881107, 7.711445718, 7.861054014, 7.933549392, 7.926930918, 7.840275084, 7.674043644, 7.429929696, 7.110703764, 6.720521634, 6.909994692, 7.21644543, 7.467793524, 7.67204271, 8.068227642, 8.394841638, 8.648806338, 8.827659054, 8.930938032, 8.958643272, 0.0, 0.0, 0.0, 0.0, 0.0], "min_cpu_time": [2, 5, 16, 20, 22, 6, 13, 8, 18, 6, 18, 6, 12, 20, 4, 6, 11, 5, 16, 14, 16, 20], "max_cpu_time": [9, 14, 16, 30, 57, 21, 43, 17, 31, 15, 19, 31, 19, 56, 5, 10, 17, 54, 37, 44, 40, 51], "min_job_period": [2, 16, 31, 15, 9, 23, 47, 26, 59, 11, 40, 13, 3, 35, 6, 9, 12, 11, 44, 30, 59, 47], "max_job_period": [103, 48, 107, 114, 67, 61, 66, 91, 100, 23, 44, 82, 20, 79, 20, 25, 108, 66, 79, 74, 61, 66], "min_startup": [14, 6, 2, 2, 1, 5, 2, 4, 2, 5, 2, 5, 3, 2, 7, 5, 3, 6, 2, 2, 2, 2], "max_startup": [74, 23, 51, 92, 105, 14, 32, 112, 42, 63, 36, 65, 29, 5, 67, 58, 93, 104, 68, 10, 8, 8], "priority": [9, 10, 2, 8, 21, 16, 12, 6, 19, 15, 7, 11, 4, 18, 14, 17, 1, 13, 3, 5, 22, 20], "win_min": [1, 0, 0, 0, 0, 0, 0, 0, 0, 0, 0, 0, 0, 0, 0, 0, 0, 0, 0, 0, 0, 0], "win_max": [101, 120, 120, 120, 120, 120, 120, 120, 120, 120, 120, 120, 120, 120, 120, 120, 120, 120, 120, 120, 120, 120]}