{"subs": 1, "jobs": 22, "T": 120, "power_use": [1.3463002818018228, 3.579259852450972, 2.1853342646802845, 0.29563554646484985, 2.716330687097709, 3.4344224702347574, 0.19644037261020217, 3.716048844770045, 0.8428968297488223, 2.160710631079501, 2.0112266088373785, 2.896428985585839, 0.2302257776574157, 0.04615150676515379, 1.4611878034570926, 0.6253481610248327, 0.8503831455028394, 1.380065272671919, 0.3526453419161913, 0.9851371163585119, 0.37574477252043104, 3.1144223623951732], "power_resource": [7.343581698, 7.642644372, 7.88983668, 8.079001902, 8.20459899, 8.52859638, 8.787024702, 8.970648876, 9.077467968, 9.107174142, 9.06038307, 8.938941768, 8.746236432, 8.486115012, 8.164426392, 7.787327292, 7.36189794, 6.89629599, 6.398986932, 5.87889801, 5.345418222, 4.808090484, 4.60830492, 4.433761908, 4.181490306, 3.8556459, 3.462077574, 3.007095966, 2.511018252, 2.769600492, 2.948145372, 3.402203472, 3.982782168, 4.55443362, 5.107460994, 5.63262921, 6.120857106, 6.56383311, 6.953553486, 7.283091924, 7.546445622, 7.738535286, 7.855512966, 7.894146384, 7.853358114, 7.732532484, 7.532593002, 7.25569452, 6.905223234, 6.766389198, 7.10100693, 7.384062132, 7.60970592, 7.872290028, 8.238768786, 8.534291346, 8.755933266, 8.902155366, 8.972495892, 8.96803227, 0.0, 0.0, 0.0, 0.0, 0.0, 0.0, 0.0, 0.0, 0.0, 0.0, 0.0, 0.0, 0.0, 0.0, 0.0, 0.0, 0.0, 0.0, 0.0, 0.0, 0.0, 0.0, 0.0, 0.0, 0.0, 0.0, 0.0, 0.0, 0.0, 0.0, 0.0, 0.0, 0.0, 0.0, 0.0, 6.716058012, 6.93246672, 7.284785022, 7.593852366, 7.85212677, 8.053605432, 8.192593386, 8.469030114, 8.742234564, 8.941404456, 9.064077102, 9.109482912, 9.078237558, 8.97188022, 8.793489258, 8.54706654, 8.23769136, 7.871520438, 7.45578792, 6.998189706, 6.507191286, 5.991565986, 5.460856722, 4.924298574, 4.639396356], "min_cpu_time": [5, 1, 22, 18, 16, 4, 18, 23, 2, 4, 12, 16, 7, 4, 22, 23, 10, 10, 3, 14, 18, 16], "max_cpu_time": [7, 50, 28, 44, 19, 5, 34, 59, 46, 27, 53, 54, 59, 32, 45, 23, 20, 19, 25, 15, 47, 16], "min_job_period": [3, 10, 40, 47, 77, 33, 8, 82, 30, 14, 55, 101, 57, 48, 106, 111, 57, 116, 33, 47, 55, 57], "max_job_period": [57, 21, 60, 114, 96, 78, 110, 103, 108, 47, 80, 119, 114, 114, 106, 114, 80, 117, 78, 109, 89, 88], "min_startup": [2, 6, 1, 1, 1, 2, 1, 1, 3, 2, 1, 1, 1, 2, 1, 1, 1, 1, 2, 1, 1, 1], "max_startup": [50, 64, 26, 75, 81, 76, 1, 72, 94, 3, 106, 7, 9, 54, 18, 113, 24, 59, 27, 23, 116, 93], "priority": [4, 15, 21, 3, 18, 17, 13, 6, 14, 19, 16, 1, 12, 8, 22, 7, 20, 11, 5, 10, 2, 9], "win_min": [0, 0, 0, 0, 0, 0, 0, 0, 0, 0, 0, 0, 0, 0, 0, 0, 0, 0, 0, 0, 19, 0], "win_max": [120, 120, 120, 120, 120, 120, 120, 120, 120, 120, 120, 120, 120, 120, 120, 120, 120, 120, 120, 120, 119, 120]}