{"subs": 1, "jobs": 13, "T": 120, "power_use": [1.2595635380591526, 1.5623688569265157, 3.468299535285088, 2.749898995685994, 1.8431253114218895, 3.9405111231329126, 2.060232520470127, 3.0125393316156925, 0.6356244227720319, 2.0127543726617008, 3.6298049235390746, 0.7476410839203235, 3.758583341041988], "power_resource": [2.989549314, 3.527338806, 4.10730183, 4.676336676, 5.224900428, 5.743911924, 6.224136084, 6.657569172, 7.036515288, 7.354048122, 7.604164872, 7.782247998, 7.88444955, 7.908152922, 7.851972852, 7.71590934, 7.50119373, 7.209980874, 6.846118722, 6.815950794, 7.141487364, 7.41423006, 7.628329998, 7.940167866, 8.293563594, 8.575233534, 8.782714998, 8.914468806, 8.970648876, 8.952178716, 0.0, 0.0, 0.0, 0.0, 0.0, 0.0, 0.0, 0.0, 0.0, 0.0, 0.0, 0.0, 0.0, 0.0, 0.0, 0.0, 0.0, 0.0, 0.0, 0.0, 0.0, 0.0, 0.0, 0.0, 0.0, 0.0, 0.0, 0.0, 0.0, 0.0, 0.0, 0.0, 0.0, 0.0, 0.0, 6.658030926, 6.999574968, 7.343581698, 7.642644372, 7.88983668, 8.079001902, 8.20459899, 8.52859638, 8.787024702, 8.970648876, 9.077467968, 9.107174142, 9.06038307, 8.938941768, 8.746236432, 8.486115012, 8.164426392, 7.787327292, 7.36189794, 6.89629599, 6.398986932, 5.87889801, 5.345418222, 4.808090484, 4.60830492, 4.433761908, 4.181490306, 3.8556459, 3.462077574, 3.007095966, 2.511018252, 2.769600492, 2.948145372, 3.402203472, 3.982782168, 4.55443362, 5.107460994, 5.63262921, 6.120857106, 6.56383311, 6.953553486, 7.283091924, 7.546445622, 7.738535286, 7.855512966, 7.894146384, 7.853358114, 7.732532484, 7.532593002, 7.25569452, 6.905223234, 6.766389198, 7.10100693, 7.384062132, 7.60970592], "min_cpu_time": [18, 20, 2, 11, 4, 21, 1, 2, 1, 13, 13, 21, 16], "max_cpu_time": [27, 44, 32, 58, 20, 33, 52, 40, 37, 36, 19, 45, 32], "min_job_period": [6, 27, 1, 13, 4, 40, 1, 2, 1, 3, 15, 47, 28], "max_job_period": [43, 34, 25, 106, 37, 95, 111, 74, 89, 54, 68, 97, 98], "min_startup": [3, 3, 25, 4, 13, 2, 50, 25, 50, 4, 4, 2, 3], "max_startup": [9, 47, 118, 84, 40, 103, 107, 114, 82, 10, 13, 27, 66], "priority": [12, 5, 8, 2, 9, 3, 11, 1, 7, 10, 4, 6, 13], "win_min": [0, 0, 0, 0, 0, 0, 0, 1, 0, 0, 0, 0, 0], "win_max": [120, 120, 120, 120, 120, 120, 120, 111, 120, 120, 120, 120, 120]}