{"subs": 1, "jobs": 22, "T": 120, "power_use": [0.34715113147655186, 2.714014263358971, 3.541070868163372, 2.594361910373913, 1.8744020176994507, 2.0702950561726237, 1.5331499589874145, 0.780002307799063, 1.0919020620387327, 0.23266296686547197, 1.715109986443081, 3.432245160580729, 2.4502822652121496, 1.8293074747419666, 1.3178078030829325, 0.7413468473988799, 1.8188289303946346, 3.7427395707622364, 3.0160739141812427, 0.24882473555965873, 1.9724572830006915, 2.3236529789331164], "power_resource": [0.0, 0.0, 0.0, 0.0, 0.0, 0.0, 0.0, 0.0, 0.0, 0.0, 0.0, 0.0, 0.0, 0.0, 0.0, 0.0, 0.0, 0.0, 0.0, 0.0, 0.0, 0.0, 0.0, 0.0, 0.0, 0.0, 0.0, 0.0, 0.0, 0.0, 6.716058012, 6.93246672, 7.284785022, 7.593852366, 7.85212677, 8.053605432, 8.192593386, 8.469030114, 8.742234564, 8.941404456, 9.064077102, 9.109482912, 9.078237558, 8.97188022, 8.793489258, 8.54706654, 8.23769136, 7.871520438, 7.45578792, 6.998189706, 6.507191286, 5.991565986, 5.460856722, 4.924298574, 4.639396356, 4.48132257, 4.244442768, 3.93337449, 3.55319703, 3.110374944, 2.612142378, 2.709264636, 2.90366307, 3.277068138, 3.858108588, 4.431914892, 4.989098052, 5.520115152, 6.01588503, 6.467942196, 6.868282914, 7.209826956, 7.486109766, 7.692205968, 7.82365194, 7.877369322, 7.851665016, 7.746077268, 7.561067832, 7.298637642, 6.961865058, 6.714980586, 7.05867948, 7.35189327, 7.588773072, 7.80210342, 8.18151129, 8.490578634, 8.72638101, 8.886917484, 8.971572384, 8.9811153, 0.0, 0.0, 0.0, 0.0, 0.0, 0.0, 0.0, 0.0, 0.0, 0.0, 0.0, 0.0, 0.0, 0.0, 0.0, 0.0, 0.0, 0.0, 0.0, 0.0, 0.0, 0.0, 0.0, 0.0, 0.0, 0.0, 0.0, 0.0], "min_cpu_time": [11, 12, 9, 14, 4, 2, 2, 8, 20, 23, 7, 22, 4, 12, 13, 21, 5, 14, 22, 13, 1, 23], "max_cpu_time": [29, 31, 49, 17, 28, 16, 39, 46, 55, 27, 40, 31, 22, 48, 54, 23, 41, 53, 51, 27, 21, 53], "min_job_period": [35, 43, 53, 26, 83, 59, 30, 111, 36, 75, 95, 17, 69, 86, 38, 25, 72, 55, 15, 42, 17, 8], "max_job_period": [87, 92, 81, 119, 118, 113, 67, 113, 81, 93, 103, 70, 94, 116, 75, 102, 90, 65, 75, 51, 26, 84], "min_startup": [1, 1, 1, 1, 1, 2, 2, 1, 1, 1, 1, 1, 1, 1, 1, 1, 1, 1, 1, 1, 3, 1], "max_startup": [13, 97, 69, 37, 77, 33, 15, 40, 44, 108, 13, 87, 3, 7, 44, 119, 61, 18, 12, 59, 55, 57], "priority": [11, 5, 10, 21, 2, 12, 15, 1, 18, 22, 8, 3, 20, 14, 19, 16, 17, 13, 6, 4, 7, 9], "win_min": [0, 0, 0, 0, 0, 0, 23, 0, 0, 0, 0, 0, 0, 0, 0, 0, 0, 0, 0, 0, 0, 0], "win_max": [120, 120, 120, 120, 120, 120, 119, 120, 120, 120, 120, 120, 120, 120, 120, 120, 120, 120, 120, 120, 120, 120]}