{"subs": 1, "jobs": 13, "T": 120, "power_use": [1.5340108753237873, 0.8672191078076144, 3.140048719032267, 3.1608353192644256, 2.7597051396914685, 2.195163986881531, 2.4169612763547814, 0.4763612339184326, 2.298462546950184, 2.8136920101727023, 1.7990566569017452, 2.40605794886867, 3.21846599571937], "power_resource": [0.0, 0.0, 0.0, 0.0, 0.0, 0.0, 0.0, 0.0, 0.0, 0.0, 0.0, 0.0, 0.0, 0.0, 0.0, 0.0, 0.0, 0.0, 0.0, 0.0, 0.0, 0.0, 0.0, 0.0, 0.0, 0.0, 0.0, 0.0, 0.0, 0.0, 0.0, 6.691123296, 7.065144036, 7.40037744, 7.689435444, 7.925083902, 8.101627848, 8.26924455, 8.585084286, 8.828582562, 8.996661018, 9.087780474, 9.101633094, 9.039450222, 8.902924956, 8.695905246, 8.422700796, 8.088698736, 7.700825376, 7.266007026, 6.792709176, 6.289551234, 5.765306526, 5.229671886, 4.691882394, 4.573827288, 4.383276804, 4.115459484, 3.775300704, 3.368341512, 2.901508218, 2.583821466, 2.827011906, 2.989549314, 3.527338806, 4.10730183, 4.676336676, 5.224900428, 5.743911924, 6.224136084, 6.657569172, 7.036515288, 7.354048122, 7.604164872, 7.782247998, 7.88444955, 7.908152922, 7.851972852, 7.71590934, 7.50119373, 7.209980874, 6.846118722, 6.815950794, 7.141487364, 7.41423006, 7.628329998, 7.940167866, 8.293563594, 8.575233534, 8.782714998, 8.914468806, 8.970648876, 8.952178716, 0.0, 0.0, 0.0, 0.0, 0.0, 0.0, 0.0, 0.0, 0.0, 0.0, 0.0, 0.0, 0.0, 0.0, 0.0, 0.0, 0.0, 0.0, 0.0, 0.0, 0.0, 0.0, 0.0, 0.0, 0.0, 0.0, 0.0], "min_cpu_time": [7, 4, 2, 12, 1, 15, 18, 12, 17, 10, 21, 6, 18], "max_cpu_time": [44, 26, 52, 51, 8, 33, 52, 45, 37, 51, 47, 28, 19], "min_job_period": [10, 4, 3, 6, 1, 22, 19, 17, 23, 12, 52, 6, 38], "max_job_period": [63, 81, 108, 59, 9, 102, 23, 67, 108, 59, 95, 36, 68], "min_startup": [6, 11, 22, 4, 44, 3, 2, 4, 3, 5, 2, 7, 2], "max_startup": [105, 107, 102, 92, 57, 45, 88, 40, 119, 119, 119, 24, 68], "priority": [9, 11, 5, 1, 8, 13, 10, 6, 12, 2, 3, 7, 4], "win_min": [20, 0, 0, 0, 0, 0, 0, 0, 0, 0, 0, 0, 0], "win_max": [99, 120, 120, 120, 120, 120, 120, 120, 120, 120, 120, 120, 120]}