{"subs": 1, "jobs": 22, "T": 120, "power_use": [2.362149796406373, 2.5217605346649865, 3.848067542469153, 1.5540414141833396, 0.5009455608396974, 0.758675822760826, 1.6008547655697156, 3.805076944565534, 3.73333560901878, 1.701658145055703, 2.3567674854223903, 2.8807637095136407, 1.8776059085469914, 3.6665609098371075, 3.2376403457675043, 0.06385029006420927, 2.7306407166667075, 1.8563998499955214, 0.1902366303938217, 1.3826758095092893, 2.1412595383187867, 0.013455759876301201], "power_resource": [7.065144036, 7.40037744, 7.689435444, 7.925083902, 8.101627848, 8.26924455, 8.585084286, 8.828582562, 8.996661018, 9.087780474, 9.101633094, 9.039450222, 8.902924956, 8.695905246, 8.422700796, 8.088698736, 7.700825376, 7.266007026, 6.792709176, 6.289551234, 5.765306526, 5.229671886, 4.691882394, 4.573827288, 4.383276804, 4.115459484, 3.775300704, 3.368341512, 2.901508218, 2.583821466, 2.827011906, 2.989549314, 3.527338806, 4.10730183, 4.676336676, 5.224900428, 5.743911924, 6.224136084, 6.657569172, 7.036515288, 7.354048122, 7.604164872, 7.782247998, 7.88444955, 7.908152922, 7.851972852, 7.71590934, 7.50119373, 7.209980874, 6.846118722, 6.815950794, 7.141487364, 7.41423006, 7.628329998, 7.940167866, 8.293563594, 8.575233534, 8.782714998, 8.914468806, 8.970648876, 8.952178716, 0.0, 0.0, 0.0, 0.0, 0.0, 0.0, 0.0, 0.0, 0.0, 0.0, 0.0, 0.0, 0.0, 0.0, 0.0, 0.0, 0.0, 0.0, 0.0, 0.0, 0.0, 0.0, 0.0, 0.0, 0.0, 0.0, 0.0, 0.0, 0.0, 0.0, 0.0, 0.0, 0.0, 0.0, 0.0, 6.658030926, 6.999574968, 7.343581698, 7.642644372, 7.88983668, 8.079001902, 8.20459899, 8.52859638, 8.787024702, 8.970648876, 9.077467968, 9.107174142, 9.06038307, 8.938941768, 8.746236432, 8.486115012, 8.164426392, 7.787327292, 7.36189794, 6.89629599, 6.398986932, 5.87889801, 5.345418222, 4.808090484], "min_cpu_time": [18, 20, 18, 12, 9, 1, 22, 4, 10, 16, 15, 20, 5, 10, 20, 9, 2, 12, 17, 14, 19, 23], "max_cpu_time": [48, 28, 27, 40, 38, 8, 38, 51, 17, 16, 39, 24, 36, 18, 37, 15, 25, 55, 39, 21, 29, 46], "min_job_period": [47, 66, 63, 79, 63, 12, 47, 31, 47, 40, 117, 38, 14, 50, 11, 95, 23, 19, 68, 117, 24, 117], "max_job_period": [67, 115, 67, 92, 79, 101, 65, 86, 102, 85, 117, 82, 20, 98, 115, 114, 74, 66, 86, 118, 84, 118], "min_startup": [1, 1, 1, 1, 1, 9, 1, 3, 1, 1, 1, 1, 2, 1, 1, 1, 5, 1, 1, 1, 1, 1], "max_startup": [46, 41, 114, 115, 104, 72, 3, 53, 103, 37, 31, 25, 74, 93, 71, 77, 63, 86, 67, 71, 22, 19], "priority": [10, 19, 18, 16, 17, 4, 2, 3, 11, 7, 15, 12, 22, 14, 8, 5, 13, 20, 1, 9, 6, 21], "win_min": [0, 0, 0, 0, 0, 0, 0, 0, 0, 0, 0, 0, 0, 0, 0, 0, 0, 0, 0, 0, 23, 0], "win_max": [120, 120, 120, 120, 120, 120, 120, 120, 120, 120, 120, 120, 120, 120, 120, 120, 120, 120, 120, 120, 112, 120]}