{"subs": 1, "jobs": 18, "T": 120, "power_use": [0.050822088225989215, 3.5547451797872474, 2.020625141135115, 2.466503156135733, 2.4361330096943705, 3.1616751232068334, 1.1138593713690799, 2.046852469254254, 3.030360651370932, 2.1612921792515145, 2.41254586651698, 0.34378747636317697, 3.283459074991289, 3.326610680212654, 1.3424749388286283, 1.1314762443751152, 3.609899980416889, 2.661706824891191], "power_resource": [7.612168608, 7.168423014, 6.6877371, 6.178884192, 5.650945452, 5.113309878, 4.662637974, 4.536117378, 4.329405504, 4.04650422, 3.692031066, 3.272142762, 2.7936117, 2.653700238, 2.88134496, 3.070356264, 3.652320222, 4.23120582, 4.797316224, 5.341262436, 5.853655458, 6.325721964, 6.749458218, 7.11716832, 7.422387714, 7.659113598, 7.823036268, 7.910461692, 7.918927182, 7.847663148, 7.696515672, 7.467023934, 7.161650622, 6.784551522, 6.86397321, 7.179966864, 7.442089218, 7.644645306, 8.005429098, 8.34543396, 8.613405198, 8.806572288, 8.92416564, 8.966031336, 0.0, 0.0, 0.0, 0.0, 0.0, 0.0, 0.0, 0.0, 0.0, 0.0, 0.0, 0.0, 0.0, 0.0, 0.0, 0.0, 0.0, 0.0, 0.0, 0.0, 0.0, 0.0, 0.0, 0.0, 0.0, 0.0, 0.0, 0.0, 0.0, 0.0, 0.0, 0.0, 0.0, 0.0, 0.0, 0.0, 6.691123296, 7.065144036, 7.40037744, 7.689435444, 7.925083902, 8.101627848, 8.26924455, 8.585084286, 8.828582562, 8.996661018, 9.087780474, 9.101633094, 9.039450222, 8.902924956, 8.695905246, 8.422700796, 8.088698736, 7.700825376, 7.266007026, 6.792709176, 6.289551234, 5.765306526, 5.229671886, 4.691882394, 4.573827288, 4.383276804, 4.115459484, 3.775300704, 3.368341512, 2.901508218, 2.583821466, 2.827011906, 2.989549314, 3.527338806, 4.10730183, 4.676336676, 5.224900428, 5.743911924, 6.224136084, 6.657569172], "min_cpu_time": [6, 21, 17, 12, 9, 8, 10, 19, 20, 14, 6, 4, 20, 18, 22, 6, 20, 21], "max_cpu_time": [59, 29, 47, 51, 12, 8, 59, 49, 53, 58, 15, 27, 25, 56, 26, 18, 47, 37], "min_job_period": [78, 15, 92, 58, 85, 76, 27, 81, 49, 92, 23, 50, 109, 91, 105, 6, 24, 78], "max_job_period": [88, 43, 117, 74, 98, 100, 49, 92, 77, 115, 35, 79, 109, 110, 109, 28, 39, 101], "min_startup": [1, 1, 1, 1, 1, 1, 1, 1, 1, 1, 1, 1, 1, 1, 1, 1, 1, 1], "max_startup": [59, 110, 89, 104, 50, 103, 85, 68, 56, 27, 31, 93, 65, 13, 69, 102, 75, 57], "priority": [15, 17, 10, 3, 11, 5, 16, 6, 1, 8, 12, 14, 9, 18, 2, 7, 13, 4], "win_min": [0, 0, 0, 0, 0, 0, 0, 0, 0, 0, 2, 0, 0, 0, 0, 0, 0, 0], "win_max": [120, 120, 120, 120, 120, 120, 120, 120, 120, 120, 110, 120, 120, 120, 120, 120, 120, 120]}