{"subs": 1, "jobs": 22, "T": 120, "power_use": [0.7857733204219631, 3.687605747752896, 1.1423391731591885, 2.7418361139481062, 1.7129528259041633, 1.119711093943654, 0.9071892917031951, 0.6406648446104065, 0.3473908349918275, 1.8275520018225013, 1.41607334804964, 3.269235333472678, 2.867505084264401, 0.8371169532218491, 1.2288826070457048, 2.88866113371901, 1.9730584376198188, 1.2820813524664922, 2.1421858817831034, 2.485230795906695, 2.44487413177928, 2.0885018103416164], "power_resource": [0.0, 0.0, 0.0, 0.0, 0.0, 0.0, 0.0, 0.0, 0.0, 0.0, 0.0, 0.0, 0.0, 0.0, 0.0, 0.0, 0.0, 0.0, 0.0, 0.0, 0.0, 0.0, 0.0, 0.0, 0.0, 0.0, 0.0, 0.0, 0.0, 0.0, 0.0, 6.716058012, 6.93246672, 7.284785022, 7.593852366, 7.85212677, 8.053605432, 8.192593386, 8.469030114, 8.742234564, 8.941404456, 9.064077102, 9.109482912, 9.078237558, 8.97188022, 8.793489258, 8.54706654, 8.23769136, 7.871520438, 7.45578792, 6.998189706, 6.507191286, 5.991565986, 5.460856722, 4.924298574, 4.639396356, 4.48132257, 4.244442768, 3.93337449, 3.55319703, 3.110374944, 2.612142378, 2.709264636, 2.90366307, 3.277068138, 3.858108588, 4.431914892, 4.989098052, 5.520115152, 6.01588503, 6.467942196, 6.868282914, 7.209826956, 7.486109766, 7.692205968, 7.82365194, 7.877369322, 7.851665016, 7.746077268, 7.561067832, 7.298637642, 6.961865058, 6.714980586, 7.05867948, 7.35189327, 7.588773072, 7.80210342, 8.18151129, 8.490578634, 8.72638101, 8.886917484, 8.971572384, 8.9811153, 0.0, 0.0, 0.0, 0.0, 0.0, 0.0, 0.0, 0.0, 0.0, 0.0, 0.0, 0.0, 0.0, 0.0, 0.0, 0.0, 0.0, 0.0, 0.0, 0.0, 0.0, 0.0, 0.0, 0.0, 0.0, 0.0, 0.0], "min_cpu_time": [20, 2, 8, 19, 18, 11, 22, 5, 11, 9, 14, 13, 11, 8, 8, 18, 2, 4, 7, 12, 19, 9], "max_cpu_time": [53, 9, 27, 42, 19, 26, 51, 17, 12, 23, 18, 14, 12, 13, 9, 47, 28, 21, 43, 30, 38, 36], "min_job_period": [67, 14, 26, 22, 58, 50, 27, 29, 68, 46, 85, 26, 45, 1, 32, 103, 11, 5, 46, 60, 4, 58], "max_job_period": [109, 89, 65, 69, 100, 67, 78, 106, 76, 100, 93, 91, 88, 18, 96, 114, 41, 64, 55, 75, 23, 101], "min_startup": [1, 7, 2, 1, 1, 1, 1, 3, 1, 2, 1, 1, 1, 2, 2, 1, 7, 4, 2, 1, 1, 2], "max_startup": [24, 79, 36, 97, 9, 102, 119, 29, 41, 50, 41, 22, 78, 75, 78, 64, 84, 35, 103, 66, 33, 46], "priority": [3, 6, 21, 19, 2, 10, 20, 9, 17, 14, 22, 15, 4, 5, 18, 11, 7, 16, 1, 13, 12, 8], "win_min": [0, 0, 0, 0, 16, 0, 0, 0, 0, 0, 0, 0, 0, 0, 0, 0, 0, 0, 0, 0, 0, 0], "win_max": [120, 120, 120, 120, 107, 120, 120, 120, 120, 120, 120, 120, 120, 120, 120, 120, 120, 120, 120, 120, 120, 120]}