{"subs": 1, "jobs": 20, "T": 120, "power_use": [1.6896793922113678, 1.080957692039921, 2.252044634502215, 0.33366476055808736, 2.651758268530497, 0.39512426420728114, 1.2154990888979966, 3.9299047517391905, 1.6883107157017085, 2.9348692478445693, 0.8068184753269397, 1.9335927056340478, 2.785508506329641, 1.892139222953961, 3.1511993884695575, 0.5956177847260355, 1.3439987551914918, 1.8385317454690913, 3.324072448512532, 3.7537494498083808], "power_resource": [9.015285096, 8.863983702, 8.642803536, 8.356362138, 8.01066231, 7.612168608, 7.168423014, 6.6877371, 6.178884192, 5.650945452, 5.113309878, 4.662637974, 4.536117378, 4.329405504, 4.04650422, 3.692031066, 3.272142762, 2.7936117, 2.653700238, 2.88134496, 3.070356264, 3.652320222, 4.23120582, 4.797316224, 5.341262436, 5.853655458, 6.325721964, 6.749458218, 7.11716832, 7.422387714, 7.659113598, 7.823036268, 7.910461692, 7.918927182, 7.847663148, 7.696515672, 7.467023934, 7.161650622, 6.784551522, 6.86397321, 7.179966864, 7.442089218, 7.644645306, 8.005429098, 8.34543396, 8.613405198, 8.806572288, 8.92416564, 8.966031336, 0.0, 0.0, 0.0, 0.0, 0.0, 0.0, 0.0, 0.0, 0.0, 0.0, 0.0, 0.0, 0.0, 0.0, 0.0, 0.0, 0.0, 0.0, 0.0, 0.0, 0.0, 0.0, 0.0, 0.0, 0.0, 0.0, 0.0, 0.0, 0.0, 0.0, 0.0, 0.0, 0.0, 0.0, 0.0, 0.0, 6.691123296, 7.065144036, 7.40037744, 7.689435444, 7.925083902, 8.101627848, 8.26924455, 8.585084286, 8.828582562, 8.996661018, 9.087780474, 9.101633094, 9.039450222, 8.902924956, 8.695905246, 8.422700796, 8.088698736, 7.700825376, 7.266007026, 6.792709176, 6.289551234, 5.765306526, 5.229671886, 4.691882394, 4.573827288, 4.383276804, 4.115459484, 3.775300704, 3.368341512, 2.901508218, 2.583821466, 2.827011906, 2.989549314, 3.527338806, 4.10730183], "min_cpu_time": [3, 4, 13, 5, 5, 20, 9, 2, 9, 2, 15, 4, 1, 13, 5, 5, 18, 17, 13, 18], "max_cpu_time": [23, 17, 30, 13, 16, 20, 17, 51, 40, 26, 42, 37, 38, 23, 41, 5, 58, 33, 51, 34], "min_job_period": [2, 2, 51, 1, 14, 59, 37, 2, 28, 2, 57, 4, 1, 1, 9, 3, 12, 9, 22, 22], "max_job_period": [97, 70, 59, 46, 117, 98, 104, 68, 38, 60, 73, 16, 71, 56, 14, 62, 110, 85, 108, 90], "min_startup": [10, 7, 2, 6, 6, 2, 3, 14, 3, 14, 2, 7, 29, 2, 6, 6, 2, 2, 2, 2], "max_startup": [34, 97, 81, 21, 57, 46, 8, 98, 75, 78, 99, 77, 85, 33, 25, 58, 47, 86, 16, 23], "priority": [6, 16, 8, 19, 20, 17, 10, 3, 11, 4, 18, 7, 2, 13, 5, 14, 9, 1, 12, 15], "win_min": [0, 0, 22, 0, 0, 0, 0, 0, 0, 0, 0, 0, 0, 0, 0, 0, 0, 0, 0, 0], "win_max": [120, 120, 108, 120, 120, 120, 120, 120, 120, 120, 120, 120, 120, 120, 120, 120, 120, 120, 120, 120]}