{"subs": 1, "jobs": 13, "T": 120, "power_use": [0.5628103250122597, 0.4397872068970603, 3.890601486994118, 3.7218988115259606, 2.186965064921771, 0.8257553263376274, 3.5057087082418925, 0.984657094357803, 1.5178965850500097, 3.0017238509578172, 0.0447028334935465, 2.4295909391228165, 3.822424046540812], "power_resource": [0.0, 0.0, 0.0, 0.0, 0.0, 0.0, 0.0, 0.0, 0.0, 0.0, 0.0, 0.0, 0.0, 0.0, 0.0, 0.0, 6.658030926, 6.999574968, 7.343581698, 7.642644372, 7.88983668, 8.079001902, 8.20459899, 8.52859638, 8.787024702, 8.970648876, 9.077467968, 9.107174142, 9.06038307, 8.938941768, 8.746236432, 8.486115012, 8.164426392, 7.787327292, 7.36189794, 6.89629599, 6.398986932, 5.87889801, 5.345418222, 4.808090484, 4.60830492, 4.433761908, 4.181490306, 3.8556459, 3.462077574, 3.007095966, 2.511018252, 2.769600492, 2.948145372, 3.402203472, 3.982782168, 4.55443362, 5.107460994, 5.63262921, 6.120857106, 6.56383311, 6.953553486, 7.283091924, 7.546445622, 7.738535286, 7.855512966, 7.894146384, 7.853358114, 7.732532484, 7.532593002, 7.25569452, 6.905223234, 6.766389198, 7.10100693, 7.384062132, 7.60970592, 7.872290028, 8.238768786, 8.534291346, 8.755933266, 8.902155366, 8.972495892, 8.96803227, 0.0, 0.0, 0.0, 0.0, 0.0, 0.0, 0.0, 0.0, 0.0, 0.0, 0.0, 0.0, 0.0, 0.0, 0.0, 0.0, 0.0, 0.0, 0.0, 0.0, 0.0, 0.0, 0.0, 0.0, 0.0, 0.0, 0.0, 0.0, 0.0, 0.0, 0.0, 0.0, 0.0, 0.0, 0.0, 6.716058012, 6.93246672, 7.284785022, 7.593852366, 7.85212677, 8.053605432, 8.192593386], "min_cpu_time": [19, 21, 11, 16, 22, 20, 13, 5, 17, 22, 14, 8, 4], "max_cpu_time": [55, 53, 31, 42, 37, 29, 48, 40, 55, 30, 32, 17, 9], "min_job_period": [43, 5, 34, 47, 29, 19, 3, 6, 11, 47, 38, 6, 2], "max_job_period": [73, 81, 71, 47, 45, 41, 87, 89, 45, 95, 70, 50, 29], "min_startup": [2, 2, 3, 2, 2, 2, 3, 7, 2, 2, 3, 5, 9], "max_startup": [78, 85, 88, 64, 100, 100, 53, 97, 72, 51, 65, 19, 95], "priority": [1, 13, 8, 7, 3, 4, 2, 11, 6, 9, 12, 5, 10], "win_min": [0, 0, 0, 0, 0, 0, 0, 0, 0, 0, 0, 21, 0], "win_max": [120, 120, 120, 120, 120, 120, 120, 120, 120, 120, 120, 116, 120]}