{"subs": 1, "jobs": 24, "T": 120, "power_use": [1.9253698727914477, 3.5152930932533564, 1.8456094703860209, 0.5121210003968623, 2.0845594124017204, 1.3467393056831616, 1.5563279893007054, 2.793765204004755, 2.032491694759123, 3.1561067448981115, 0.5260888642482456, 3.7555484764037472, 1.8897181025229646, 0.23507123527498827, 1.6298670414694991, 0.9654138096612207, 3.8736180388679005, 3.3607099187447633, 1.2588669263888959, 2.24905102575865, 1.0146800356382046, 3.0917046914529074, 2.1412739923728163, 2.519605309898014], "power_resource": [8.736539598, 8.934016392, 9.055149858, 9.09886257, 9.0657702, 8.957411928, 8.776866114, 8.527980708, 8.21614284, 7.847355312, 7.428698352, 6.96786786, 6.473637162, 5.954625666, 5.42022237, 4.879816272, 4.610305854, 4.450846806, 4.212581742, 3.899666448, 3.517488054, 3.07220328, 2.571354108, 2.784530538, 2.980929906, 3.319857342, 3.902283054, 4.477782456, 5.03696655, 5.57029242, 6.068678904, 6.523506594, 6.926771754, 7.271548074, 7.551370998, 7.761007314, 7.896147318, 7.95371265, 7.931856294, 7.829962578, 7.648801092, 7.390218852, 7.0571403, 6.654029058, 6.954323076, 7.250923062, 7.49118906, 7.744999842, 8.128255662, 8.441478792, 8.681283036, 8.845975296, 8.9349399, 8.948638602, 0.0, 0.0, 0.0, 0.0, 0.0, 0.0, 0.0, 0.0, 0.0, 0.0, 0.0, 0.0, 0.0, 0.0, 0.0, 0.0, 0.0, 0.0, 0.0, 0.0, 0.0, 0.0, 0.0, 0.0, 0.0, 0.0, 0.0, 0.0, 0.0, 0.0, 0.0, 0.0, 0.0, 0.0, 0.0, 6.809794074, 6.832112184, 7.190895042, 7.507966122, 7.775783442, 7.987882446, 8.138722086, 8.40238362, 8.689132854, 8.902155366, 9.03883455, 9.098400816, 9.081008082, 8.987887692, 8.82181017, 8.586777384, 8.287560792, 7.930163196, 7.521356988, 7.068991986, 6.581379762, 6.067293642, 5.535814788, 4.996793952, 4.638165012, 4.495021272, 4.272609762, 3.974470596, 3.606144822, 3.173327406, 2.68356033], "min_cpu_time": [8, 10, 19, 5, 14, 11, 19, 21, 23, 1, 19, 4, 1, 7, 9, 3, 14, 1, 4, 20, 13, 15, 10, 1], "max_cpu_time": [57, 58, 38, 16, 32, 18, 48, 45, 58, 38, 26, 14, 12, 34, 11, 44, 14, 53, 28, 20, 25, 51, 14, 5], "min_job_period": [38, 19, 79, 34, 46, 23, 67, 79, 104, 7, 45, 20, 5, 3, 18, 4, 14, 5, 31, 103, 106, 118, 97, 5], "max_job_period": [42, 57, 118, 101, 86, 71, 113, 116, 119, 81, 90, 100, 72, 111, 60, 94, 77, 71, 90, 118, 114, 119, 104, 96], "min_startup": [2, 1, 1, 3, 1, 1, 1, 1, 1, 11, 1, 3, 11, 2, 2, 4, 1, 11, 3, 1, 1, 1, 1, 11], "max_startup": [19, 37, 113, 85, 108, 21, 101, 83, 77, 76, 81, 105, 60, 14, 84, 13, 90, 62, 60, 110, 3, 105, 28, 45], "priority": [18, 6, 16, 10, 7, 17, 9, 1, 15, 2, 5, 24, 13, 14, 11, 12, 8, 20, 21, 19, 4, 23, 22, 3], "win_min": [0, 0, 0, 0, 0, 0, 0, 0, 0, 0, 0, 11, 0, 0, 0, 0, 0, 0, 0, 0, 0, 0, 0, 0], "win_max": [120, 120, 120, 120, 120, 120, 120, 120, 120, 120, 120, 110, 120, 120, 120, 120, 120, 120, 120, 120, 120, 120, 120, 120]}