{"subs": 1, "jobs": 22, "T": 120, "power_use": [1.389987086626722, 3.113200877501641, 2.6518092859034437, 3.5032666640052454, 2.7821192476362326, 3.2813943004075443, 2.686530869112314, 1.6084762642630546, 1.1011699475447256, 1.6693058118643331, 2.8283692582768056, 3.359449704380559, 2.84279985801151, 3.493378200219044, 2.28522559907379, 3.008934517631908, 2.9985150230547006, 1.831965292594194, 3.3436043547661414, 0.5504820084179478, 1.0505575486578307, 1.8092903597740926], "power_resource": [4.04650422, 3.692031066, 3.272142762, 2.7936117, 2.653700238, 2.88134496, 3.070356264, 3.652320222, 4.23120582, 4.797316224, 5.341262436, 5.853655458, 6.325721964, 6.749458218, 7.11716832, 7.422387714, 7.659113598, 7.823036268, 7.910461692, 7.918927182, 7.847663148, 7.696515672, 7.467023934, 7.161650622, 6.784551522, 6.86397321, 7.179966864, 7.442089218, 7.644645306, 8.005429098, 8.34543396, 8.613405198, 8.806572288, 8.92416564, 8.966031336, 0.0, 0.0, 0.0, 0.0, 0.0, 0.0, 0.0, 0.0, 0.0, 0.0, 0.0, 0.0, 0.0, 0.0, 0.0, 0.0, 0.0, 0.0, 0.0, 0.0, 0.0, 0.0, 0.0, 0.0, 0.0, 0.0, 0.0, 0.0, 0.0, 0.0, 0.0, 0.0, 0.0, 0.0, 0.0, 0.0, 6.691123296, 7.065144036, 7.40037744, 7.689435444, 7.925083902, 8.101627848, 8.26924455, 8.585084286, 8.828582562, 8.996661018, 9.087780474, 9.101633094, 9.039450222, 8.902924956, 8.695905246, 8.422700796, 8.088698736, 7.700825376, 7.266007026, 6.792709176, 6.289551234, 5.765306526, 5.229671886, 4.691882394, 4.573827288, 4.383276804, 4.115459484, 3.775300704, 3.368341512, 2.901508218, 2.583821466, 2.827011906, 2.989549314, 3.527338806, 4.10730183, 4.676336676, 5.224900428, 5.743911924, 6.224136084, 6.657569172, 7.036515288, 7.354048122, 7.604164872, 7.782247998, 7.88444955, 7.908152922, 7.851972852, 7.71590934, 7.50119373], "min_cpu_time": [18, 6, 3, 19, 3, 14, 1, 1, 9, 9, 17, 7, 7, 6, 16, 14, 12, 21, 10, 10, 22, 23], "max_cpu_time": [21, 23, 47, 35, 7, 48, 19, 5, 22, 13, 26, 17, 39, 32, 40, 22, 27, 51, 52, 59, 28, 59], "min_job_period": [99, 51, 19, 96, 49, 66, 16, 6, 112, 78, 85, 111, 57, 67, 27, 71, 16, 24, 10, 6, 56, 94], "max_job_period": [114, 80, 88, 118, 119, 103, 25, 57, 118, 94, 106, 113, 80, 118, 45, 111, 70, 109, 95, 64, 99, 94], "min_startup": [1, 1, 2, 1, 2, 1, 5, 5, 1, 1, 1, 1, 1, 1, 1, 1, 1, 1, 1, 1, 1, 1], "max_startup": [57, 114, 42, 92, 3, 30, 19, 47, 12, 60, 46, 55, 24, 73, 19, 63, 67, 2, 30, 18, 12, 48], "priority": [18, 16, 5, 19, 14, 13, 11, 22, 9, 1, 12, 10, 3, 7, 4, 20, 21, 8, 2, 17, 6, 15], "win_min": [0, 0, 0, 0, 0, 8, 0, 0, 0, 0, 0, 0, 0, 0, 0, 0, 0, 0, 0, 0, 0, 0], "win_max": [120, 120, 120, 120, 120, 109, 120, 120, 120, 120, 120, 120, 120, 120, 120, 120, 120, 120, 120, 120, 120, 120]}