{"subs": 1, "jobs": 22, "T": 120, "power_use": [1.318993499246775, 0.973594978078982, 2.490216723802686, 1.5293370712168832, 3.106997432200258, 2.624947854908445, 1.1011755582161618, 0.6853461473726875, 3.1180941807527534, 2.1751327008857757, 1.1964429825847003, 0.7748989104482535, 0.30103714520961034, 2.62527844337526, 1.8003324506285945, 1.5268445327508668, 0.9247861755220232, 1.2315075890597713, 1.2241332189884429, 0.7972033229154782, 0.40227112739936366, 1.285632305746717], "power_resource": [7.648801092, 7.390218852, 7.0571403, 6.654029058, 6.954323076, 7.250923062, 7.49118906, 7.744999842, 8.128255662, 8.441478792, 8.681283036, 8.845975296, 8.9349399, 8.948638602, 0.0, 0.0, 0.0, 0.0, 0.0, 0.0, 0.0, 0.0, 0.0, 0.0, 0.0, 0.0, 0.0, 0.0, 0.0, 0.0, 0.0, 0.0, 0.0, 0.0, 0.0, 0.0, 0.0, 0.0, 0.0, 0.0, 0.0, 0.0, 0.0, 0.0, 0.0, 0.0, 0.0, 0.0, 0.0, 6.809794074, 6.832112184, 7.190895042, 7.507966122, 7.775783442, 7.987882446, 8.138722086, 8.40238362, 8.689132854, 8.902155366, 9.03883455, 9.098400816, 9.081008082, 8.987887692, 8.82181017, 8.586777384, 8.287560792, 7.930163196, 7.521356988, 7.068991986, 6.581379762, 6.067293642, 5.535814788, 4.996793952, 4.638165012, 4.495021272, 4.272609762, 3.974470596, 3.606144822, 3.173327406, 2.68356033, 2.720654568, 2.932753572, 3.195029844, 3.777455556, 4.354801974, 4.9176801, 5.4563931, 5.961859812, 6.425460828, 6.839192412, 7.195512582, 7.4881107, 7.711445718, 7.861054014, 7.933549392, 7.926930918, 7.840275084, 7.674043644, 7.429929696, 7.110703764, 6.720521634, 6.909994692, 7.21644543, 7.467793524, 7.67204271, 8.068227642, 8.394841638, 8.648806338, 8.827659054, 8.930938032, 8.958643272, 0.0, 0.0, 0.0, 0.0, 0.0, 0.0, 0.0, 0.0, 0.0], "min_cpu_time": [15, 6, 16, 2, 10, 16, 4, 10, 12, 8, 15, 4, 20, 11, 9, 4, 12, 19, 2, 14, 4, 19], "max_cpu_time": [30, 26, 46, 19, 10, 18, 39, 53, 31, 43, 49, 31, 52, 56, 10, 24, 58, 59, 38, 51, 39, 28], "min_job_period": [21, 6, 50, 4, 11, 8, 10, 7, 18, 29, 43, 1, 10, 6, 21, 14, 8, 44, 3, 44, 5, 58], "max_job_period": [37, 37, 78, 56, 111, 70, 33, 46, 117, 53, 49, 45, 100, 27, 87, 30, 57, 59, 107, 92, 102, 112], "min_startup": [2, 5, 2, 14, 3, 2, 7, 3, 3, 4, 2, 7, 2, 3, 3, 7, 3, 2, 14, 2, 7, 2], "max_startup": [44, 61, 116, 101, 107, 27, 7, 42, 54, 21, 51, 96, 97, 22, 71, 51, 25, 84, 71, 75, 97, 97], "priority": [5, 19, 9, 15, 4, 13, 3, 18, 7, 1, 22, 6, 12, 16, 11, 20, 21, 10, 14, 8, 2, 17], "win_min": [0, 0, 0, 0, 0, 0, 0, 0, 0, 0, 0, 0, 0, 0, 0, 0, 0, 0, 13, 0, 0, 0], "win_max": [120, 120, 120, 120, 120, 120, 120, 120, 120, 120, 120, 120, 120, 120, 120, 120, 120, 120, 108, 120, 120, 120]}