{"subs": 1, "jobs": 20, "T": 120, "power_use": [1.0570027453956954, 2.055178681759665, 3.426142269395229, 3.812288246321427, 0.7032655757978558, 1.6008336403897057, 3.9707561901698685, 2.6856083485494335, 2.569177439886772, 0.842399466489047, 0.0792244995648592, 3.608888803713557, 1.6398133759110312, 0.4282073606498151, 3.0561626585095443, 0.5483790269187567, 0.2039159025014924, 2.705163131941672, 0.9360634650309281, 1.7932155894044204], "power_resource": [4.610305854, 4.450846806, 4.212581742, 3.899666448, 3.517488054, 3.07220328, 2.571354108, 2.784530538, 2.980929906, 3.319857342, 3.902283054, 4.477782456, 5.03696655, 5.57029242, 6.068678904, 6.523506594, 6.926771754, 7.271548074, 7.551370998, 7.761007314, 7.896147318, 7.95371265, 7.931856294, 7.829962578, 7.648801092, 7.390218852, 7.0571403, 6.654029058, 6.954323076, 7.250923062, 7.49118906, 7.744999842, 8.128255662, 8.441478792, 8.681283036, 8.845975296, 8.9349399, 8.948638602, 0.0, 0.0, 0.0, 0.0, 0.0, 0.0, 0.0, 0.0, 0.0, 0.0, 0.0, 0.0, 0.0, 0.0, 0.0, 0.0, 0.0, 0.0, 0.0, 0.0, 0.0, 0.0, 0.0, 0.0, 0.0, 0.0, 0.0, 0.0, 0.0, 0.0, 0.0, 0.0, 0.0, 0.0, 0.0, 6.809794074, 6.832112184, 7.190895042, 7.507966122, 7.775783442, 7.987882446, 8.138722086, 8.40238362, 8.689132854, 8.902155366, 9.03883455, 9.098400816, 9.081008082, 8.987887692, 8.82181017, 8.586777384, 8.287560792, 7.930163196, 7.521356988, 7.068991986, 6.581379762, 6.067293642, 5.535814788, 4.996793952, 4.638165012, 4.495021272, 4.272609762, 3.974470596, 3.606144822, 3.173327406, 2.68356033, 2.720654568, 2.932753572, 3.195029844, 3.777455556, 4.354801974, 4.9176801, 5.4563931, 5.961859812, 6.425460828, 6.839192412, 7.195512582, 7.4881107, 7.711445718, 7.861054014, 7.933549392, 7.926930918], "min_cpu_time": [21, 13, 1, 15, 23, 21, 3, 15, 13, 17, 6, 1, 13, 18, 2, 13, 11, 18, 1, 18], "max_cpu_time": [23, 33, 55, 19, 54, 55, 9, 55, 27, 24, 31, 28, 37, 19, 46, 44, 28, 40, 29, 35], "min_job_period": [51, 119, 19, 93, 8, 63, 42, 113, 75, 12, 46, 5, 64, 88, 35, 86, 62, 117, 6, 111], "max_job_period": [95, 119, 114, 107, 41, 117, 61, 117, 97, 21, 100, 64, 85, 97, 102, 117, 92, 119, 102, 118], "min_startup": [1, 1, 4, 1, 1, 1, 2, 1, 1, 1, 1, 4, 1, 1, 2, 1, 1, 1, 4, 1], "max_startup": [64, 65, 11, 114, 19, 22, 86, 106, 21, 117, 82, 31, 9, 116, 95, 108, 91, 37, 52, 72], "priority": [5, 4, 3, 13, 10, 1, 12, 14, 19, 7, 15, 16, 20, 11, 18, 6, 17, 8, 2, 9], "win_min": [0, 0, 0, 0, 0, 0, 0, 0, 0, 0, 0, 0, 0, 0, 0, 10, 0, 0, 0, 0], "win_max": [120, 120, 120, 120, 120, 120, 120, 120, 120, 120, 120, 120, 120, 120, 120, 99, 120, 120, 120, 120]}