{"subs": 1, "jobs": 9, "T": 120, "power_use": [3.4975373133893486, 0.03987550988891826, 2.1722807547228355, 2.690401002933393, 1.2153983684157268, 1.7511302333691354, 2.58217387659254, 2.4645147750393153, 1.6285020470290283], "power_resource": [6.846118722, 6.815950794, 7.141487364, 7.41423006, 7.628329998, 7.940167866, 8.293563594, 8.575233534, 8.782714998, 8.914468806, 8.970648876, 8.952178716, 0.0, 0.0, 0.0, 0.0, 0.0, 0.0, 0.0, 0.0, 0.0, 0.0, 0.0, 0.0, 0.0, 0.0, 0.0, 0.0, 0.0, 0.0, 0.0, 0.0, 0.0, 0.0, 0.0, 0.0, 0.0, 0.0, 0.0, 0.0, 0.0, 0.0, 0.0, 0.0, 0.0, 0.0, 0.0, 6.658030926, 6.999574968, 7.343581698, 7.642644372, 7.88983668, 8.079001902, 8.20459899, 8.52859638, 8.787024702, 8.970648876, 9.077467968, 9.107174142, 9.06038307, 8.938941768, 8.746236432, 8.486115012, 8.164426392, 7.787327292, 7.36189794, 6.89629599, 6.398986932, 5.87889801, 5.345418222, 4.808090484, 4.60830492, 4.433761908, 4.181490306, 3.8556459, 3.462077574, 3.007095966, 2.511018252, 2.769600492, 2.948145372, 3.402203472, 3.982782168, 4.55443362, 5.107460994, 5.63262921, 6.120857106, 6.56383311, 6.953553486, 7.283091924, 7.546445622, 7.738535286, 7.855512966, 7.894146384, 7.853358114, 7.732532484, 7.532593002, 7.25569452, 6.905223234, 6.766389198, 7.10100693, 7.384062132, 7.60970592, 7.872290028, 8.238768786, 8.534291346, 8.755933266, 8.902155366, 8.972495892, 8.96803227, 0.0, 0.0, 0.0, 0.0, 0.0, 0.0, 0.0, 0.0, 0.0, 0.0, 0.0], "min_cpu_time": [15, 12, 13, 5, 22, 10, 19, 12, 1], "max_cpu_time": [29, 38, 47, 49, 46, 35, 52, 59, 25], "min_job_period": [28, 7, 30, 9, 82, 13, 107, 14, 2], "max_job_period": [60, 102, 85, 65, 97, 48, 110, 72, 102], "min_startup": [2, 2, 2, 5, 1, 3, 1, 2, 23], "max_startup": [71, 114, 117, 102, 92, 8, 108, 19, 67], "priority": [3, 9, 2, 5, 8, 4, 7, 1, 6], "win_min": [0, 0, 1, 0, 0, 0, 0, 0, 0], "win_max": [120, 120, 119, 120, 120, 120, 120, 120, 120]}