{"subs": 1, "jobs": 24, "T": 120, "power_use": [3.0187749037682945, 0.8643657326296504, 1.2210567949962283, 3.505977667658491, 0.8812295451876917, 3.0551800578701815, 1.2793430388915747, 3.345304962454057, 1.7550699199970283, 3.9173009298299837, 2.8852393520210744, 2.776678942141322, 0.7851239598448024, 3.426329107431009, 2.207040342584021, 3.872662946619994, 3.137838315798633, 3.8698361883928594, 2.1249837986550495, 1.3687839246910858, 1.2124370669701798, 2.9641195659229758, 2.616230231960905, 2.4074691277648532], "power_resource": [7.41423006, 7.628329998, 7.940167866, 8.293563594, 8.575233534, 8.782714998, 8.914468806, 8.970648876, 8.952178716, 0.0, 0.0, 0.0, 0.0, 0.0, 0.0, 0.0, 0.0, 0.0, 0.0, 0.0, 0.0, 0.0, 0.0, 0.0, 0.0, 0.0, 0.0, 0.0, 0.0, 0.0, 0.0, 0.0, 0.0, 0.0, 0.0, 0.0, 0.0, 0.0, 0.0, 0.0, 0.0, 0.0, 0.0, 0.0, 6.658030926, 6.999574968, 7.343581698, 7.642644372, 7.88983668, 8.079001902, 8.20459899, 8.52859638, 8.787024702, 8.970648876, 9.077467968, 9.107174142, 9.06038307, 8.938941768, 8.746236432, 8.486115012, 8.164426392, 7.787327292, 7.36189794, 6.89629599, 6.398986932, 5.87889801, 5.345418222, 4.808090484, 4.60830492, 4.433761908, 4.181490306, 3.8556459, 3.462077574, 3.007095966, 2.511018252, 2.769600492, 2.948145372, 3.402203472, 3.982782168, 4.55443362, 5.107460994, 5.63262921, 6.120857106, 6.56383311, 6.953553486, 7.283091924, 7.546445622, 7.738535286, 7.855512966, 7.894146384, 7.853358114, 7.732532484, 7.532593002, 7.25569452, 6.905223234, 6.766389198, 7.10100693, 7.384062132, 7.60970592, 7.872290028, 8.238768786, 8.534291346, 8.755933266, 8.902155366, 8.972495892, 8.96803227, 0.0, 0.0, 0.0, 0.0, 0.0, 0.0, 0.0, 0.0, 0.0, 0.0, 0.0, 0.0, 0.0, 0.0], "min_cpu_time": [20, 10, 10, 8, 3, 9, 11, 17, 2, 13, 19, 10, 10, 15, 4, 7, 1, 1, 3, 15, 20, 9, 12, 2], "max_cpu_time": [56, 34, 54, 15, 29, 49, 23, 27, 11, 24, 45, 15, 53, 16, 46, 38, 4, 10, 13, 41, 30, 58, 27, 54], "min_job_period": [63, 34, 101, 10, 30, 100, 23, 4, 33, 10, 91, 20, 98, 84, 80, 71, 17, 25, 13, 91, 58, 35, 70, 29], "max_job_period": [75, 73, 105, 18, 46, 109, 44, 94, 52, 79, 119, 88, 105, 116, 86, 95, 99, 119, 86, 96, 105, 63, 91, 68], "min_startup": [1, 1, 1, 1, 1, 1, 1, 1, 2, 1, 1, 1, 1, 1, 1, 1, 3, 3, 1, 1, 1, 1, 1, 2], "max_startup": [93, 8, 105, 92, 35, 79, 111, 5, 90, 102, 80, 13, 80, 109, 43, 35, 61, 12, 53, 34, 1, 39, 70, 54], "priority": [19, 13, 14, 18, 4, 2, 5, 6, 23, 7, 11, 17, 24, 9, 1, 3, 8, 12, 22, 15, 16, 21, 10, 20], "win_min": [0, 0, 0, 0, 0, 0, 0, 0, 0, 0, 0, 0, 0, 0, 0, 0, 0, 0, 0, 0, 0, 0, 21, 0], "win_max": [120, 120, 120, 120, 120, 120, 120, 120, 120, 120, 120, 120, 120, 120, 120, 120, 120, 120, 120, 120, 120, 120, 101, 120]}