{"subs": 1, "jobs": 13, "T": 120, "power_use": [1.259882740612172, 3.421254613606415, 2.797756596261837, 1.9402492562672105, 2.73816098842092, 2.9367692521997046, 3.8176682904517225, 0.9413383370829079, 0.5581148617443686, 2.092113124631429, 2.8843726711512305, 3.7873140308262148, 3.4032914682184527], "power_resource": [0.0, 0.0, 0.0, 0.0, 0.0, 0.0, 0.0, 0.0, 0.0, 0.0, 0.0, 0.0, 0.0, 0.0, 0.0, 0.0, 0.0, 6.754383594, 6.900297858, 7.25107698, 7.558451226, 7.815340368, 8.015433768, 8.153190378, 8.464566492, 8.736539598, 8.934016392, 9.055149858, 9.09886257, 9.0657702, 8.957411928, 8.776866114, 8.527980708, 8.21614284, 7.847355312, 7.428698352, 6.96786786, 6.473637162, 5.954625666, 5.42022237, 4.879816272, 4.610305854, 4.450846806, 4.212581742, 3.899666448, 3.517488054, 3.07220328, 2.571354108, 2.784530538, 2.980929906, 3.319857342, 3.902283054, 4.477782456, 5.03696655, 5.57029242, 6.068678904, 6.523506594, 6.926771754, 7.271548074, 7.551370998, 7.761007314, 7.896147318, 7.95371265, 7.931856294, 7.829962578, 7.648801092, 7.390218852, 7.0571403, 6.654029058, 6.954323076, 7.250923062, 7.49118906, 7.744999842, 8.128255662, 8.441478792, 8.681283036, 8.845975296, 8.9349399, 8.948638602, 0.0, 0.0, 0.0, 0.0, 0.0, 0.0, 0.0, 0.0, 0.0, 0.0, 0.0, 0.0, 0.0, 0.0, 0.0, 0.0, 0.0, 0.0, 0.0, 0.0, 0.0, 0.0, 0.0, 0.0, 0.0, 0.0, 0.0, 0.0, 0.0, 0.0, 0.0, 0.0, 0.0, 0.0, 0.0, 6.809794074, 6.832112184, 7.190895042, 7.507966122, 7.775783442, 7.987882446], "min_cpu_time": [5, 2, 10, 5, 6, 22, 4, 16, 17, 20, 15, 15, 21], "max_cpu_time": [30, 15, 55, 5, 14, 28, 8, 45, 27, 54, 54, 59, 57], "min_job_period": [67, 34, 5, 26, 30, 80, 108, 52, 92, 12, 93, 89, 34], "max_job_period": [74, 53, 23, 64, 98, 92, 109, 57, 98, 87, 109, 89, 72], "min_startup": [1, 1, 1, 1, 1, 1, 1, 1, 1, 1, 1, 1, 1], "max_startup": [101, 34, 95, 26, 92, 61, 45, 112, 83, 22, 50, 116, 72], "priority": [9, 2, 5, 11, 6, 4, 12, 7, 3, 10, 8, 1, 13], "win_min": [0, 0, 0, 0, 17, 0, 0, 0, 0, 0, 0, 0, 0], "win_max": [120, 120, 120, 120, 115, 120, 120, 120, 120, 120, 120, 120, 120]}