{"subs": 1, "jobs": 22, "T": 120, "power_use": [0.9280199260957654, 1.163090601628237, 2.827541661620817, 1.6812099088258554, 3.2026682571021206, 0.06570306774767705, 1.4898408091154014, 2.4075779461184523, 0.8110705239035094, 1.3950965898273984, 3.5543896181305668, 2.2530487430192316, 1.3306934848434793, 0.80424359309441, 3.2170978215882853, 3.647303516763926, 3.0418208466103005, 2.550402737670615, 2.9992143804636084, 3.629111197387757, 1.5333734420723124, 0.7520589494828545], "power_resource": [7.60970592, 7.872290028, 8.238768786, 8.534291346, 8.755933266, 8.902155366, 8.972495892, 8.96803227, 0.0, 0.0, 0.0, 0.0, 0.0, 0.0, 0.0, 0.0, 0.0, 0.0, 0.0, 0.0, 0.0, 0.0, 0.0, 0.0, 0.0, 0.0, 0.0, 0.0, 0.0, 0.0, 0.0, 0.0, 0.0, 0.0, 0.0, 0.0, 0.0, 0.0, 0.0, 0.0, 0.0, 0.0, 0.0, 6.716058012, 6.93246672, 7.284785022, 7.593852366, 7.85212677, 8.053605432, 8.192593386, 8.469030114, 8.742234564, 8.941404456, 9.064077102, 9.109482912, 9.078237558, 8.97188022, 8.793489258, 8.54706654, 8.23769136, 7.871520438, 7.45578792, 6.998189706, 6.507191286, 5.991565986, 5.460856722, 4.924298574, 4.639396356, 4.48132257, 4.244442768, 3.93337449, 3.55319703, 3.110374944, 2.612142378, 2.709264636, 2.90366307, 3.277068138, 3.858108588, 4.431914892, 4.989098052, 5.520115152, 6.01588503, 6.467942196, 6.868282914, 7.209826956, 7.486109766, 7.692205968, 7.82365194, 7.877369322, 7.851665016, 7.746077268, 7.561067832, 7.298637642, 6.961865058, 6.714980586, 7.05867948, 7.35189327, 7.588773072, 7.80210342, 8.18151129, 8.490578634, 8.72638101, 8.886917484, 8.971572384, 8.9811153, 0.0, 0.0, 0.0, 0.0, 0.0, 0.0, 0.0, 0.0, 0.0, 0.0, 0.0, 0.0, 0.0, 0.0, 0.0], "min_cpu_time": [8, 14, 1, 14, 1, 4, 22, 18, 22, 11, 7, 22, 22, 2, 11, 8, 2, 3, 14, 7, 5, 22], "max_cpu_time": [55, 53, 24, 49, 52, 33, 51, 32, 27, 14, 31, 58, 50, 10, 39, 21, 45, 12, 35, 49, 14, 54], "min_job_period": [119, 109, 24, 119, 10, 72, 48, 118, 114, 102, 33, 93, 50, 31, 33, 58, 12, 32, 61, 50, 101, 10], "max_job_period": [119, 117, 90, 119, 21, 107, 106, 118, 118, 102, 41, 99, 79, 90, 94, 72, 54, 113, 62, 62, 117, 113], "min_startup": [1, 1, 3, 1, 3, 1, 1, 1, 1, 1, 1, 1, 1, 2, 1, 1, 2, 1, 1, 1, 1, 1], "max_startup": [59, 11, 27, 24, 34, 110, 110, 69, 44, 28, 112, 117, 58, 94, 79, 83, 51, 94, 48, 112, 63, 108], "priority": [10, 18, 9, 20, 11, 17, 1, 19, 14, 5, 22, 16, 8, 21, 13, 15, 7, 4, 6, 2, 12, 3], "win_min": [0, 0, 0, 0, 8, 0, 0, 0, 0, 0, 0, 0, 0, 0, 0, 0, 0, 0, 0, 0, 0, 0], "win_max": [120, 120, 120, 120, 115, 120, 120, 120, 120, 120, 120, 120, 120, 120, 120, 120, 120, 120, 120, 120, 120, 120]}