{"subs": 1, "jobs": 13, "T": 120, "power_use": [1.2860560586750611, 1.133966075928519, 1.708392811457583, 3.071743877381133, 2.773884304797793, 0.9936204095918795, 1.1834871369242925, 0.684906366761734, 3.829474351525346, 1.5116048327638483, 2.055359052584299, 2.0155580155452872, 3.2541146339684173], "power_resource": [7.733763828, 7.957714518, 8.12148327, 8.337276306, 8.63864775, 8.866908144, 9.019286964, 9.094706784, 9.093013686, 9.015285096, 8.863983702, 8.642803536, 8.356362138, 8.01066231, 7.612168608, 7.168423014, 6.6877371, 6.178884192, 5.650945452, 5.113309878, 4.662637974, 4.536117378, 4.329405504, 4.04650422, 3.692031066, 3.272142762, 2.7936117, 2.653700238, 2.88134496, 3.070356264, 3.652320222, 4.23120582, 4.797316224, 5.341262436, 5.853655458, 6.325721964, 6.749458218, 7.11716832, 7.422387714, 7.659113598, 7.823036268, 7.910461692, 7.918927182, 7.847663148, 7.696515672, 7.467023934, 7.161650622, 6.784551522, 6.86397321, 7.179966864, 7.442089218, 7.644645306, 8.005429098, 8.34543396, 8.613405198, 8.806572288, 8.92416564, 8.966031336, 0.0, 0.0, 0.0, 0.0, 0.0, 0.0, 0.0, 0.0, 0.0, 0.0, 0.0, 0.0, 0.0, 0.0, 0.0, 0.0, 0.0, 0.0, 0.0, 0.0, 0.0, 0.0, 0.0, 0.0, 0.0, 0.0, 0.0, 0.0, 0.0, 0.0, 0.0, 0.0, 0.0, 0.0, 0.0, 0.0, 6.691123296, 7.065144036, 7.40037744, 7.689435444, 7.925083902, 8.101627848, 8.26924455, 8.585084286, 8.828582562, 8.996661018, 9.087780474, 9.101633094, 9.039450222, 8.902924956, 8.695905246, 8.422700796, 8.088698736, 7.700825376, 7.266007026, 6.792709176, 6.289551234, 5.765306526, 5.229671886, 4.691882394, 4.573827288, 4.383276804], "min_cpu_time": [2, 18, 3, 6, 10, 7, 9, 17, 6, 16, 8, 4, 6], "max_cpu_time": [11, 40, 57, 52, 11, 27, 52, 19, 18, 28, 53, 46, 55], "min_job_period": [12, 100, 9, 24, 20, 4, 52, 106, 17, 11, 18, 13, 28], "max_job_period": [36, 113, 92, 92, 49, 82, 72, 118, 78, 92, 24, 38, 118], "min_startup": [9, 1, 6, 3, 2, 3, 2, 1, 3, 1, 2, 5, 3], "max_startup": [78, 68, 27, 94, 34, 63, 29, 14, 85, 69, 48, 68, 80], "priority": [9, 3, 10, 5, 11, 8, 13, 1, 7, 12, 6, 4, 2], "win_min": [0, 0, 0, 0, 0, 0, 0, 0, 0, 20, 0, 0, 0], "win_max": [120, 120, 120, 120, 120, 120, 120, 120, 120, 107, 120, 120, 120]}