{"subs": 1, "jobs": 22, "T": 120, "power_use": [1.0898889797561038, 1.5160901344003195, 1.8951517433138119, 2.420779704511523, 3.1503123323411737, 2.5511086637576534, 3.2245720901299237, 2.190678498106855, 0.8103241599223154, 3.4922465107616487, 1.8702068167668868, 1.5864821890170913, 0.4377718749018274, 2.804238211152919, 3.9839926903764415, 3.9257475419842316, 2.4626320892125655, 3.5616846358007725, 2.156796998355718, 0.3267009998807357, 0.9580653149949715, 1.428422757685107], "power_resource": [8.12148327, 8.337276306, 8.63864775, 8.866908144, 9.019286964, 9.094706784, 9.093013686, 9.015285096, 8.863983702, 8.642803536, 8.356362138, 8.01066231, 7.612168608, 7.168423014, 6.6877371, 6.178884192, 5.650945452, 5.113309878, 4.662637974, 4.536117378, 4.329405504, 4.04650422, 3.692031066, 3.272142762, 2.7936117, 2.653700238, 2.88134496, 3.070356264, 3.652320222, 4.23120582, 4.797316224, 5.341262436, 5.853655458, 6.325721964, 6.749458218, 7.11716832, 7.422387714, 7.659113598, 7.823036268, 7.910461692, 7.918927182, 7.847663148, 7.696515672, 7.467023934, 7.161650622, 6.784551522, 6.86397321, 7.179966864, 7.442089218, 7.644645306, 8.005429098, 8.34543396, 8.613405198, 8.806572288, 8.92416564, 8.966031336, 0.0, 0.0, 0.0, 0.0, 0.0, 0.0, 0.0, 0.0, 0.0, 0.0, 0.0, 0.0, 0.0, 0.0, 0.0, 0.0, 0.0, 0.0, 0.0, 0.0, 0.0, 0.0, 0.0, 0.0, 0.0, 0.0, 0.0, 0.0, 0.0, 0.0, 0.0, 0.0, 0.0, 0.0, 0.0, 0.0, 6.691123296, 7.065144036, 7.40037744, 7.689435444, 7.925083902, 8.101627848, 8.26924455, 8.585084286, 8.828582562, 8.996661018, 9.087780474, 9.101633094, 9.039450222, 8.902924956, 8.695905246, 8.422700796, 8.088698736, 7.700825376, 7.266007026, 6.792709176, 6.289551234, 5.765306526, 5.229671886, 4.691882394, 4.573827288, 4.383276804, 4.115459484, 3.775300704], "min_cpu_time": [16, 12, 14, 22, 1, 2, 10, 7, 20, 20, 20, 5, 3, 7, 11, 16, 2, 7, 9, 9, 20, 16], "max_cpu_time": [44, 28, 29, 41, 52, 54, 57, 37, 37, 38, 53, 5, 54, 23, 21, 46, 16, 15, 22, 32, 21, 37], "min_job_period": [31, 46, 86, 66, 13, 16, 68, 80, 60, 19, 118, 112, 106, 62, 82, 90, 46, 67, 75, 21, 31, 31], "max_job_period": [98, 59, 116, 90, 100, 95, 110, 115, 70, 26, 118, 117, 116, 74, 95, 90, 81, 89, 100, 74, 65, 34], "min_startup": [1, 1, 1, 1, 2, 1, 1, 1, 1, 1, 1, 1, 1, 1, 1, 1, 1, 1, 1, 1, 1, 1], "max_startup": [19, 85, 18, 50, 94, 102, 50, 94, 106, 53, 49, 34, 67, 72, 117, 38, 90, 115, 101, 47, 56, 89], "priority": [21, 5, 10, 13, 1, 2, 18, 19, 17, 20, 8, 7, 22, 3, 16, 15, 4, 6, 9, 11, 14, 12], "win_min": [0, 0, 0, 0, 0, 0, 0, 20, 0, 0, 0, 0, 0, 0, 0, 0, 0, 0, 0, 0, 0, 0], "win_max": [120, 120, 120, 120, 120, 120, 120, 108, 120, 120, 120, 120, 120, 120, 120, 120, 120, 120, 120, 120, 120, 120]}