{"subs": 1, "jobs": 9, "T": 120, "power_use": [0.49542633587457374, 0.9112592729088848, 1.531019992192595, 1.0772195855702948, 3.803490412242771, 0.3189302188676267, 2.1369726023551103, 3.1958279998225883, 1.9128967868999909], "power_resource": [7.604164872, 7.782247998, 7.88444955, 7.908152922, 7.851972852, 7.71590934, 7.50119373, 7.209980874, 6.846118722, 6.815950794, 7.141487364, 7.41423006, 7.628329998, 7.940167866, 8.293563594, 8.575233534, 8.782714998, 8.914468806, 8.970648876, 8.952178716, 0.0, 0.0, 0.0, 0.0, 0.0, 0.0, 0.0, 0.0, 0.0, 0.0, 0.0, 0.0, 0.0, 0.0, 0.0, 0.0, 0.0, 0.0, 0.0, 0.0, 0.0, 0.0, 0.0, 0.0, 0.0, 0.0, 0.0, 0.0, 0.0, 0.0, 0.0, 0.0, 0.0, 0.0, 0.0, 6.658030926, 6.999574968, 7.343581698, 7.642644372, 7.88983668, 8.079001902, 8.20459899, 8.52859638, 8.787024702, 8.970648876, 9.077467968, 9.107174142, 9.06038307, 8.938941768, 8.746236432, 8.486115012, 8.164426392, 7.787327292, 7.36189794, 6.89629599, 6.398986932, 5.87889801, 5.345418222, 4.808090484, 4.60830492, 4.433761908, 4.181490306, 3.8556459, 3.462077574, 3.007095966, 2.511018252, 2.769600492, 2.948145372, 3.402203472, 3.982782168, 4.55443362, 5.107460994, 5.63262921, 6.120857106, 6.56383311, 6.953553486, 7.283091924, 7.546445622, 7.738535286, 7.855512966, 7.894146384, 7.853358114, 7.732532484, 7.532593002, 7.25569452, 6.905223234, 6.766389198, 7.10100693, 7.384062132, 7.60970592, 7.872290028, 8.238768786, 8.534291346, 8.755933266, 8.902155366, 8.972495892, 8.96803227, 0.0, 0.0, 0.0], "min_cpu_time": [2, 21, 4, 20, 22, 2, 10, 4, 12], "max_cpu_time": [51, 55, 27, 57, 32, 7, 58, 24, 30], "min_job_period": [5, 56, 2, 80, 116, 2, 35, 11, 32], "max_job_period": [60, 59, 107, 113, 117, 100, 107, 99, 72], "min_startup": [9, 1, 5, 1, 1, 9, 2, 5, 2], "max_startup": [26, 3, 112, 69, 50, 72, 9, 45, 55], "priority": [7, 5, 1, 3, 2, 6, 8, 9, 4], "win_min": [0, 0, 0, 0, 0, 0, 0, 0, 8], "win_max": [120, 120, 120, 120, 120, 120, 120, 120, 104]}