{"subs": 1, "jobs": 18, "T": 120, "power_use": [0.9891309347428329, 2.027159145978523, 1.5909269636553716, 0.9029028373590833, 0.07628379571721755, 0.7031546502639683, 1.4568699909626852, 3.2587795963494566, 2.466218736559284, 2.289240794200604, 0.36811582869093445, 1.6951766327258686, 1.4850119177932364, 0.3100115108959361, 0.41822039252869175, 0.3594949218714586, 1.2408678688531807, 2.4199951847266323], "power_resource": [8.337276306, 8.63864775, 8.866908144, 9.019286964, 9.094706784, 9.093013686, 9.015285096, 8.863983702, 8.642803536, 8.356362138, 8.01066231, 7.612168608, 7.168423014, 6.6877371, 6.178884192, 5.650945452, 5.113309878, 4.662637974, 4.536117378, 4.329405504, 4.04650422, 3.692031066, 3.272142762, 2.7936117, 2.653700238, 2.88134496, 3.070356264, 3.652320222, 4.23120582, 4.797316224, 5.341262436, 5.853655458, 6.325721964, 6.749458218, 7.11716832, 7.422387714, 7.659113598, 7.823036268, 7.910461692, 7.918927182, 7.847663148, 7.696515672, 7.467023934, 7.161650622, 6.784551522, 6.86397321, 7.179966864, 7.442089218, 7.644645306, 8.005429098, 8.34543396, 8.613405198, 8.806572288, 8.92416564, 8.966031336, 0.0, 0.0, 0.0, 0.0, 0.0, 0.0, 0.0, 0.0, 0.0, 0.0, 0.0, 0.0, 0.0, 0.0, 0.0, 0.0, 0.0, 0.0, 0.0, 0.0, 0.0, 0.0, 0.0, 0.0, 0.0, 0.0, 0.0, 0.0, 0.0, 0.0, 0.0, 0.0, 0.0, 0.0, 0.0, 0.0, 6.691123296, 7.065144036, 7.40037744, 7.689435444, 7.925083902, 8.101627848, 8.26924455, 8.585084286, 8.828582562, 8.996661018, 9.087780474, 9.101633094, 9.039450222, 8.902924956, 8.695905246, 8.422700796, 8.088698736, 7.700825376, 7.266007026, 6.792709176, 6.289551234, 5.765306526, 5.229671886, 4.691882394, 4.573827288, 4.383276804, 4.115459484, 3.775300704, 3.368341512], "min_cpu_time": [22, 5, 14, 22, 10, 5, 23, 14, 21, 1, 18, 13, 5, 4, 5, 10, 20, 16], "max_cpu_time": [58, 26, 53, 57, 48, 24, 31, 19, 25, 10, 57, 21, 39, 38, 27, 18, 52, 57], "min_job_period": [45, 119, 43, 25, 97, 49, 106, 21, 109, 2, 21, 65, 47, 11, 47, 67, 68, 98], "max_job_period": [83, 119, 78, 69, 110, 62, 109, 89, 117, 71, 74, 119, 91, 39, 81, 95, 108, 118], "min_startup": [1, 1, 1, 1, 1, 1, 1, 1, 1, 5, 1, 1, 1, 2, 1, 1, 1, 1], "max_startup": [92, 27, 43, 25, 110, 104, 41, 12, 21, 104, 65, 54, 15, 91, 68, 84, 109, 2], "priority": [16, 3, 8, 4, 9, 10, 11, 12, 15, 5, 18, 1, 2, 14, 13, 6, 17, 7], "win_min": [0, 0, 0, 0, 0, 0, 0, 0, 0, 0, 0, 0, 0, 0, 0, 4, 0, 0], "win_max": [120, 120, 120, 120, 120, 120, 120, 120, 120, 120, 120, 120, 120, 120, 120, 117, 120, 120]}