{"subs": 1, "jobs": 24, "T": 120, "power_use": [0.2124124953471773, 3.842603641648708, 1.270340030285603, 3.8058837837658874, 0.41222467310251604, 3.841207234090584, 2.481247034484462, 2.251879795335292, 1.451773836631323, 1.1160724335799308, 1.182750636030389, 0.1764328062295927, 2.546740386696316, 2.8756398300361217, 2.044456811150218, 3.8574915577419615, 1.1640124315016283, 0.8185566411869636, 1.8668347016432558, 1.3758440768197615, 0.2961131851448575, 3.4739905500666604, 0.3047018563003605, 0.8405246428318336], "power_resource": [6.720521634, 6.909994692, 7.21644543, 7.467793524, 7.67204271, 8.068227642, 8.394841638, 8.648806338, 8.827659054, 8.930938032, 8.958643272, 0.0, 0.0, 0.0, 0.0, 0.0, 0.0, 0.0, 0.0, 0.0, 0.0, 0.0, 0.0, 0.0, 0.0, 0.0, 0.0, 0.0, 0.0, 0.0, 0.0, 0.0, 0.0, 0.0, 0.0, 0.0, 0.0, 0.0, 0.0, 0.0, 0.0, 0.0, 0.0, 0.0, 0.0, 0.0, 0.0, 6.76238733, 7.128866088, 7.455172248, 7.733763828, 7.957714518, 8.12148327, 8.337276306, 8.63864775, 8.866908144, 9.019286964, 9.094706784, 9.093013686, 9.015285096, 8.863983702, 8.642803536, 8.356362138, 8.01066231, 7.612168608, 7.168423014, 6.6877371, 6.178884192, 5.650945452, 5.113309878, 4.662637974, 4.536117378, 4.329405504, 4.04650422, 3.692031066, 3.272142762, 2.7936117, 2.653700238, 2.88134496, 3.070356264, 3.652320222, 4.23120582, 4.797316224, 5.341262436, 5.853655458, 6.325721964, 6.749458218, 7.11716832, 7.422387714, 7.659113598, 7.823036268, 7.910461692, 7.918927182, 7.847663148, 7.696515672, 7.467023934, 7.161650622, 6.784551522, 6.86397321, 7.179966864, 7.442089218, 7.644645306, 8.005429098, 8.34543396, 8.613405198, 8.806572288, 8.92416564, 8.966031336, 0.0, 0.0, 0.0, 0.0, 0.0, 0.0, 0.0, 0.0, 0.0, 0.0, 0.0, 0.0], "min_cpu_time": [7, 15, 11, 20, 16, 8, 1, 10, 2, 21, 10, 14, 2, 9, 8, 16, 23, 7, 18, 22, 5, 10, 8, 11], "max_cpu_time": [15, 15, 17, 31, 30, 22, 56, 59, 6, 51, 17, 50, 26, 40, 27, 42, 42, 45, 23, 57, 52, 22, 18, 20], "min_job_period": [72, 11, 96, 44, 89, 94, 24, 62, 44, 76, 46, 119, 58, 3, 43, 71, 74, 95, 22, 100, 16, 5, 35, 90], "max_job_period": [95, 61, 117, 67, 115, 95, 36, 108, 111, 106, 72, 119, 62, 41, 87, 107, 81, 110, 119, 113, 80, 54, 82, 117], "min_startup": [1, 1, 1, 1, 1, 1, 4, 1, 2, 1, 1, 1, 2, 1, 1, 1, 1, 1, 1, 1, 1, 1, 1, 1], "max_startup": [101, 114, 26, 112, 30, 88, 54, 31, 118, 32, 53, 14, 79, 104, 112, 4, 4, 14, 65, 82, 53, 83, 71, 76], "priority": [4, 7, 18, 19, 3, 12, 1, 14, 17, 16, 5, 6, 8, 23, 2, 15, 20, 21, 13, 10, 11, 24, 22, 9], "win_min": [0, 0, 0, 0, 6, 0, 0, 0, 0, 0, 0, 0, 0, 0, 0, 0, 0, 0, 0, 0, 0, 0, 0, 0], "win_max": [120, 120, 120, 120, 115, 120, 120, 120, 120, 120, 120, 120, 120, 120, 120, 120, 120, 120, 120, 120, 120, 120, 120, 120]}