{"subs": 1, "jobs": 9, "T": 120, "power_use": [2.3564921593599424, 1.7259416905237328, 0.3761596637966723, 2.0224311235825714, 1.2954661512210823, 3.5681773360707627, 0.11115851634239494, 3.8123917186705443, 3.1603245475185764], "power_resource": [0.0, 0.0, 0.0, 0.0, 0.0, 0.0, 0.0, 0.0, 0.0, 0.0, 0.0, 0.0, 0.0, 6.716058012, 6.93246672, 7.284785022, 7.593852366, 7.85212677, 8.053605432, 8.192593386, 8.469030114, 8.742234564, 8.941404456, 9.064077102, 9.109482912, 9.078237558, 8.97188022, 8.793489258, 8.54706654, 8.23769136, 7.871520438, 7.45578792, 6.998189706, 6.507191286, 5.991565986, 5.460856722, 4.924298574, 4.639396356, 4.48132257, 4.244442768, 3.93337449, 3.55319703, 3.110374944, 2.612142378, 2.709264636, 2.90366307, 3.277068138, 3.858108588, 4.431914892, 4.989098052, 5.520115152, 6.01588503, 6.467942196, 6.868282914, 7.209826956, 7.486109766, 7.692205968, 7.82365194, 7.877369322, 7.851665016, 7.746077268, 7.561067832, 7.298637642, 6.961865058, 6.714980586, 7.05867948, 7.35189327, 7.588773072, 7.80210342, 8.18151129, 8.490578634, 8.72638101, 8.886917484, 8.971572384, 8.9811153, 0.0, 0.0, 0.0, 0.0, 0.0, 0.0, 0.0, 0.0, 0.0, 0.0, 0.0, 0.0, 0.0, 0.0, 0.0, 0.0, 0.0, 0.0, 0.0, 0.0, 0.0, 0.0, 0.0, 0.0, 0.0, 0.0, 0.0, 0.0, 0.0, 0.0, 0.0, 0.0, 0.0, 0.0, 0.0, 6.771160656, 6.863665374, 7.22414133, 7.54275159, 7.81210809, 8.025592356, 8.17766334, 8.406385488, 8.694519984, 8.908927758], "min_cpu_time": [7, 22, 20, 19, 10, 1, 14, 20, 23], "max_cpu_time": [27, 48, 32, 54, 46, 27, 22, 41, 41], "min_job_period": [55, 55, 93, 111, 98, 1, 67, 112, 60], "max_job_period": [114, 65, 97, 115, 115, 101, 103, 113, 82], "min_startup": [1, 1, 1, 1, 1, 8, 1, 1, 1], "max_startup": [49, 69, 66, 96, 116, 90, 56, 43, 8], "priority": [4, 2, 5, 6, 7, 9, 1, 8, 3], "win_min": [0, 0, 0, 0, 23, 0, 0, 0, 0], "win_max": [120, 120, 120, 120, 106, 120, 120, 120, 120]}