{"subs": 1, "jobs": 13, "T": 120, "power_use": [1.8888891986685474, 1.7763987682392506, 3.044188342221906, 0.9606129538583146, 0.02861104673772264, 2.4513051502175354, 3.1718391831995905, 3.0473779785456987, 3.7593555407894375, 1.6510600924962737, 1.6307248016693197, 1.203157557420403, 1.3122612586804416], "power_resource": [8.63864775, 8.866908144, 9.019286964, 9.094706784, 9.093013686, 9.015285096, 8.863983702, 8.642803536, 8.356362138, 8.01066231, 7.612168608, 7.168423014, 6.6877371, 6.178884192, 5.650945452, 5.113309878, 4.662637974, 4.536117378, 4.329405504, 4.04650422, 3.692031066, 3.272142762, 2.7936117, 2.653700238, 2.88134496, 3.070356264, 3.652320222, 4.23120582, 4.797316224, 5.341262436, 5.853655458, 6.325721964, 6.749458218, 7.11716832, 7.422387714, 7.659113598, 7.823036268, 7.910461692, 7.918927182, 7.847663148, 7.696515672, 7.467023934, 7.161650622, 6.784551522, 6.86397321, 7.179966864, 7.442089218, 7.644645306, 8.005429098, 8.34543396, 8.613405198, 8.806572288, 8.92416564, 8.966031336, 0.0, 0.0, 0.0, 0.0, 0.0, 0.0, 0.0, 0.0, 0.0, 0.0, 0.0, 0.0, 0.0, 0.0, 0.0, 0.0, 0.0, 0.0, 0.0, 0.0, 0.0, 0.0, 0.0, 0.0, 0.0, 0.0, 0.0, 0.0, 0.0, 0.0, 0.0, 0.0, 0.0, 0.0, 0.0, 0.0, 6.691123296, 7.065144036, 7.40037744, 7.689435444, 7.925083902, 8.101627848, 8.26924455, 8.585084286, 8.828582562, 8.996661018, 9.087780474, 9.101633094, 9.039450222, 8.902924956, 8.695905246, 8.422700796, 8.088698736, 7.700825376, 7.266007026, 6.792709176, 6.289551234, 5.765306526, 5.229671886, 4.691882394, 4.573827288, 4.383276804, 4.115459484, 3.775300704, 3.368341512, 2.901508218], "min_cpu_time": [14, 21, 12, 22, 20, 16, 15, 10, 15, 8, 18, 8, 22], "max_cpu_time": [56, 34, 12, 31, 27, 56, 54, 54, 40, 57, 25, 52, 48], "min_job_period": [93, 66, 116, 2, 13, 29, 22, 22, 11, 17, 106, 47, 73], "max_job_period": [108, 75, 118, 25, 45, 105, 69, 84, 54, 65, 112, 59, 94], "min_startup": [1, 1, 1, 1, 1, 1, 1, 1, 1, 2, 1, 2, 1], "max_startup": [45, 24, 104, 62, 88, 76, 115, 58, 44, 105, 102, 2, 53], "priority": [4, 11, 6, 9, 2, 5, 12, 3, 13, 1, 8, 7, 10], "win_min": [0, 0, 0, 0, 0, 0, 0, 3, 0, 0, 0, 0, 0], "win_max": [120, 120, 120, 120, 120, 120, 120, 119, 120, 120, 120, 120, 120]}