{"subs": 1, "jobs": 9, "T": 120, "power_use": [2.354130488605594, 3.7998289229909794, 0.545541620677897, 1.0600549522343738, 3.610830183030099, 2.9460638704540147, 3.0506629385467594, 3.203810986950137, 3.2131514302050377], "power_resource": [7.933549392, 7.926930918, 7.840275084, 7.674043644, 7.429929696, 7.110703764, 6.720521634, 6.909994692, 7.21644543, 7.467793524, 7.67204271, 8.068227642, 8.394841638, 8.648806338, 8.827659054, 8.930938032, 8.958643272, 0.0, 0.0, 0.0, 0.0, 0.0, 0.0, 0.0, 0.0, 0.0, 0.0, 0.0, 0.0, 0.0, 0.0, 0.0, 0.0, 0.0, 0.0, 0.0, 0.0, 0.0, 0.0, 0.0, 0.0, 0.0, 0.0, 0.0, 0.0, 0.0, 0.0, 0.0, 0.0, 0.0, 0.0, 0.0, 0.0, 6.76238733, 7.128866088, 7.455172248, 7.733763828, 7.957714518, 8.12148327, 8.337276306, 8.63864775, 8.866908144, 9.019286964, 9.094706784, 9.093013686, 9.015285096, 8.863983702, 8.642803536, 8.356362138, 8.01066231, 7.612168608, 7.168423014, 6.6877371, 6.178884192, 5.650945452, 5.113309878, 4.662637974, 4.536117378, 4.329405504, 4.04650422, 3.692031066, 3.272142762, 2.7936117, 2.653700238, 2.88134496, 3.070356264, 3.652320222, 4.23120582, 4.797316224, 5.341262436, 5.853655458, 6.325721964, 6.749458218, 7.11716832, 7.422387714, 7.659113598, 7.823036268, 7.910461692, 7.918927182, 7.847663148, 7.696515672, 7.467023934, 7.161650622, 6.784551522, 6.86397321, 7.179966864, 7.442089218, 7.644645306, 8.005429098, 8.34543396, 8.613405198, 8.806572288, 8.92416564, 8.966031336, 0.0, 0.0, 0.0, 0.0, 0.0, 0.0], "min_cpu_time": [4, 1, 2, 2, 5, 14, 19, 17, 5], "max_cpu_time": [35, 27, 35, 5, 41, 59, 20, 27, 5], "min_job_period": [9, 2, 6, 5, 6, 49, 25, 57, 8], "max_job_period": [48, 58, 51, 33, 101, 54, 114, 91, 13], "min_startup": [8, 33, 16, 16, 7, 2, 2, 2, 7], "max_startup": [58, 101, 27, 41, 13, 24, 9, 118, 41], "priority": [7, 2, 5, 6, 3, 9, 8, 4, 1], "win_min": [0, 0, 0, 0, 0, 0, 0, 18, 0], "win_max": [120, 120, 120, 120, 120, 120, 120, 104, 120]}