{"subs": 1, "jobs": 22, "T": 120, "power_use": [3.903815853202313, 2.77482571488661, 0.31607027062995824, 0.6544538178799629, 2.8719664680406916, 3.4550949399195785, 0.09451837062690722, 1.5991343241243616, 2.564367892155557, 0.5562011449817698, 3.290240606476154, 3.937938311797427, 1.0627352801457328, 2.5241445908312845, 3.4693018910513787, 2.78396692667855, 0.9161978730525541, 1.0508215535607064, 2.98842720109754, 3.6560493651981543, 0.6094804144052396, 3.595500478926789], "power_resource": [5.345418222, 4.808090484, 4.60830492, 4.433761908, 4.181490306, 3.8556459, 3.462077574, 3.007095966, 2.511018252, 2.769600492, 2.948145372, 3.402203472, 3.982782168, 4.55443362, 5.107460994, 5.63262921, 6.120857106, 6.56383311, 6.953553486, 7.283091924, 7.546445622, 7.738535286, 7.855512966, 7.894146384, 7.853358114, 7.732532484, 7.532593002, 7.25569452, 6.905223234, 6.766389198, 7.10100693, 7.384062132, 7.60970592, 7.872290028, 8.238768786, 8.534291346, 8.755933266, 8.902155366, 8.972495892, 8.96803227, 0.0, 0.0, 0.0, 0.0, 0.0, 0.0, 0.0, 0.0, 0.0, 0.0, 0.0, 0.0, 0.0, 0.0, 0.0, 0.0, 0.0, 0.0, 0.0, 0.0, 0.0, 0.0, 0.0, 0.0, 0.0, 0.0, 0.0, 0.0, 0.0, 0.0, 0.0, 0.0, 0.0, 0.0, 0.0, 6.716058012, 6.93246672, 7.284785022, 7.593852366, 7.85212677, 8.053605432, 8.192593386, 8.469030114, 8.742234564, 8.941404456, 9.064077102, 9.109482912, 9.078237558, 8.97188022, 8.793489258, 8.54706654, 8.23769136, 7.871520438, 7.45578792, 6.998189706, 6.507191286, 5.991565986, 5.460856722, 4.924298574, 4.639396356, 4.48132257, 4.244442768, 3.93337449, 3.55319703, 3.110374944, 2.612142378, 2.709264636, 2.90366307, 3.277068138, 3.858108588, 4.431914892, 4.989098052, 5.520115152, 6.01588503, 6.467942196, 6.868282914, 7.209826956, 7.486109766, 7.692205968, 7.82365194], "min_cpu_time": [14, 1, 9, 5, 14, 7, 8, 22, 15, 7, 13, 4, 21, 15, 2, 13, 11, 5, 3, 2, 9, 9], "max_cpu_time": [28, 38, 39, 57, 53, 59, 56, 22, 49, 37, 50, 8, 58, 16, 21, 42, 23, 40, 58, 34, 57, 44], "min_job_period": [64, 6, 90, 12, 23, 102, 21, 12, 42, 21, 75, 88, 39, 91, 42, 39, 29, 70, 37, 50, 68, 20], "max_job_period": [102, 104, 105, 98, 53, 110, 111, 59, 82, 88, 85, 112, 79, 116, 70, 60, 80, 70, 73, 108, 110, 31], "min_startup": [1, 4, 1, 1, 1, 1, 1, 1, 1, 1, 1, 1, 1, 1, 2, 1, 1, 1, 2, 2, 1, 1], "max_startup": [20, 95, 10, 77, 2, 70, 29, 64, 75, 20, 86, 4, 1, 3, 117, 25, 29, 65, 6, 61, 46, 19], "priority": [4, 15, 8, 19, 2, 13, 5, 12, 7, 21, 11, 16, 14, 17, 3, 9, 20, 6, 18, 10, 22, 1], "win_min": [0, 0, 0, 0, 0, 0, 0, 0, 0, 0, 0, 0, 0, 0, 0, 0, 0, 0, 0, 0, 22, 0], "win_max": [120, 120, 120, 120, 120, 120, 120, 120, 120, 120, 120, 120, 120, 120, 120, 120, 120, 120, 120, 120, 113, 120]}