{"subs": 1, "jobs": 13, "T": 120, "power_use": [3.7141281874295813, 0.6018331421476556, 3.583175055465653, 1.1052591076623788, 0.5317111909739224, 3.05252189667422, 2.5274668328642034, 1.4199299325354708, 0.9708675498262388, 1.287081139965732, 3.7829206758040996, 3.2038376075001476, 2.1652767218107134], "power_resource": [8.96803227, 0.0, 0.0, 0.0, 0.0, 0.0, 0.0, 0.0, 0.0, 0.0, 0.0, 0.0, 0.0, 0.0, 0.0, 0.0, 0.0, 0.0, 0.0, 0.0, 0.0, 0.0, 0.0, 0.0, 0.0, 0.0, 0.0, 0.0, 0.0, 0.0, 0.0, 0.0, 0.0, 0.0, 0.0, 0.0, 6.716058012, 6.93246672, 7.284785022, 7.593852366, 7.85212677, 8.053605432, 8.192593386, 8.469030114, 8.742234564, 8.941404456, 9.064077102, 9.109482912, 9.078237558, 8.97188022, 8.793489258, 8.54706654, 8.23769136, 7.871520438, 7.45578792, 6.998189706, 6.507191286, 5.991565986, 5.460856722, 4.924298574, 4.639396356, 4.48132257, 4.244442768, 3.93337449, 3.55319703, 3.110374944, 2.612142378, 2.709264636, 2.90366307, 3.277068138, 3.858108588, 4.431914892, 4.989098052, 5.520115152, 6.01588503, 6.467942196, 6.868282914, 7.209826956, 7.486109766, 7.692205968, 7.82365194, 7.877369322, 7.851665016, 7.746077268, 7.561067832, 7.298637642, 6.961865058, 6.714980586, 7.05867948, 7.35189327, 7.588773072, 7.80210342, 8.18151129, 8.490578634, 8.72638101, 8.886917484, 8.971572384, 8.9811153, 0.0, 0.0, 0.0, 0.0, 0.0, 0.0, 0.0, 0.0, 0.0, 0.0, 0.0, 0.0, 0.0, 0.0, 0.0, 0.0, 0.0, 0.0, 0.0, 0.0, 0.0, 0.0], "min_cpu_time": [4, 4, 6, 13, 4, 11, 13, 1, 13, 2, 12, 4, 16], "max_cpu_time": [11, 42, 26, 38, 13, 47, 46, 47, 39, 20, 30, 58, 47], "min_job_period": [6, 10, 2, 38, 1, 15, 16, 1, 38, 3, 15, 3, 28], "max_job_period": [41, 50, 37, 80, 92, 29, 77, 109, 109, 33, 75, 39, 53], "min_startup": [9, 9, 6, 3, 9, 3, 3, 37, 3, 19, 3, 9, 2], "max_startup": [36, 118, 31, 27, 24, 75, 119, 69, 110, 26, 28, 117, 52], "priority": [4, 9, 8, 13, 2, 1, 10, 12, 7, 5, 11, 6, 3], "win_min": [0, 0, 0, 0, 0, 0, 4, 0, 0, 0, 0, 0, 0], "win_max": [120, 120, 120, 120, 120, 120, 107, 120, 120, 120, 120, 120, 120]}