{"subs": 1, "jobs": 24, "T": 120, "power_use": [0.043447040078564717, 3.076895537314634, 3.9680896690547183, 0.2284761157268056, 1.7204760830503432, 1.5729058350699632, 1.376579511494698, 3.1028578483151232, 1.6974780858680767, 2.6985072789477247, 2.1081131466031673, 2.4761088206595954, 3.3826147531929713, 2.391589216402085, 3.1692267843605246, 2.3945802780644962, 2.607916204761911, 0.06458046936446556, 0.16901397930827455, 0.872414250717373, 0.47819207956157406, 2.6125560751221033, 0.44537350484655525, 1.2179463830748225], "power_resource": [0.0, 0.0, 0.0, 0.0, 0.0, 0.0, 0.0, 0.0, 6.754383594, 6.900297858, 7.25107698, 7.558451226, 7.815340368, 8.015433768, 8.153190378, 8.464566492, 8.736539598, 8.934016392, 9.055149858, 9.09886257, 9.0657702, 8.957411928, 8.776866114, 8.527980708, 8.21614284, 7.847355312, 7.428698352, 6.96786786, 6.473637162, 5.954625666, 5.42022237, 4.879816272, 4.610305854, 4.450846806, 4.212581742, 3.899666448, 3.517488054, 3.07220328, 2.571354108, 2.784530538, 2.980929906, 3.319857342, 3.902283054, 4.477782456, 5.03696655, 5.57029242, 6.068678904, 6.523506594, 6.926771754, 7.271548074, 7.551370998, 7.761007314, 7.896147318, 7.95371265, 7.931856294, 7.829962578, 7.648801092, 7.390218852, 7.0571403, 6.654029058, 6.954323076, 7.250923062, 7.49118906, 7.744999842, 8.128255662, 8.441478792, 8.681283036, 8.845975296, 8.9349399, 8.948638602, 0.0, 0.0, 0.0, 0.0, 0.0, 0.0, 0.0, 0.0, 0.0, 0.0, 0.0, 0.0, 0.0, 0.0, 0.0, 0.0, 0.0, 0.0, 0.0, 0.0, 0.0, 0.0, 0.0, 0.0, 0.0, 0.0, 0.0, 0.0, 0.0, 0.0, 0.0, 0.0, 0.0, 0.0, 0.0, 6.809794074, 6.832112184, 7.190895042, 7.507966122, 7.775783442, 7.987882446, 8.138722086, 8.40238362, 8.689132854, 8.902155366, 9.03883455, 9.098400816, 9.081008082, 8.987887692, 8.82181017], "min_cpu_time": [4, 20, 18, 4, 20, 5, 17, 10, 13, 18, 13, 23, 23, 2, 8, 19, 11, 13, 14, 10, 11, 19, 4, 3], "max_cpu_time": [33, 30, 43, 46, 27, 8, 34, 49, 45, 48, 15, 23, 23, 15, 56, 44, 38, 17, 20, 43, 58, 22, 24, 38], "min_job_period": [62, 89, 117, 117, 31, 47, 81, 45, 61, 19, 80, 111, 49, 46, 68, 108, 103, 21, 96, 112, 96, 92, 108, 110], "max_job_period": [119, 105, 118, 118, 42, 114, 117, 88, 88, 50, 92, 115, 57, 99, 95, 117, 116, 100, 98, 114, 101, 117, 119, 115], "min_startup": [1, 1, 1, 1, 1, 1, 1, 1, 1, 1, 1, 1, 1, 1, 1, 1, 1, 1, 1, 1, 1, 1, 1, 1], "max_startup": [88, 38, 114, 12, 71, 18, 39, 58, 105, 112, 88, 65, 51, 108, 57, 104, 73, 26, 118, 59, 78, 56, 22, 96], "priority": [9, 24, 17, 22, 13, 5, 23, 20, 14, 21, 10, 6, 3, 7, 18, 2, 1, 12, 8, 4, 11, 15, 16, 19], "win_min": [0, 0, 0, 0, 0, 0, 0, 11, 0, 0, 0, 0, 0, 0, 0, 0, 0, 0, 0, 0, 0, 0, 0, 0], "win_max": [120, 120, 120, 120, 120, 120, 120, 115, 120, 120, 120, 120, 120, 120, 120, 120, 120, 120, 120, 120, 120, 120, 120, 120]}