{"subs": 1, "jobs": 18, "T": 120, "power_use": [2.8650044400511816, 0.1254866468421502, 0.50570082725203, 2.506585376791269, 2.438817861043651, 0.18070307670503122, 1.1270382072172869, 1.5028739931756776, 0.5222443430499012, 3.63456320170571, 2.814184995288806, 3.0212175550047937, 2.480082901838908, 2.7778580520850893, 0.7295969380950439, 3.116036091216305, 2.6490521843324135, 1.8657795242525275], "power_resource": [2.653700238, 2.88134496, 3.070356264, 3.652320222, 4.23120582, 4.797316224, 5.341262436, 5.853655458, 6.325721964, 6.749458218, 7.11716832, 7.422387714, 7.659113598, 7.823036268, 7.910461692, 7.918927182, 7.847663148, 7.696515672, 7.467023934, 7.161650622, 6.784551522, 6.86397321, 7.179966864, 7.442089218, 7.644645306, 8.005429098, 8.34543396, 8.613405198, 8.806572288, 8.92416564, 8.966031336, 0.0, 0.0, 0.0, 0.0, 0.0, 0.0, 0.0, 0.0, 0.0, 0.0, 0.0, 0.0, 0.0, 0.0, 0.0, 0.0, 0.0, 0.0, 0.0, 0.0, 0.0, 0.0, 0.0, 0.0, 0.0, 0.0, 0.0, 0.0, 0.0, 0.0, 0.0, 0.0, 0.0, 0.0, 0.0, 0.0, 6.691123296, 7.065144036, 7.40037744, 7.689435444, 7.925083902, 8.101627848, 8.26924455, 8.585084286, 8.828582562, 8.996661018, 9.087780474, 9.101633094, 9.039450222, 8.902924956, 8.695905246, 8.422700796, 8.088698736, 7.700825376, 7.266007026, 6.792709176, 6.289551234, 5.765306526, 5.229671886, 4.691882394, 4.573827288, 4.383276804, 4.115459484, 3.775300704, 3.368341512, 2.901508218, 2.583821466, 2.827011906, 2.989549314, 3.527338806, 4.10730183, 4.676336676, 5.224900428, 5.743911924, 6.224136084, 6.657569172, 7.036515288, 7.354048122, 7.604164872, 7.782247998, 7.88444955, 7.908152922, 7.851972852, 7.71590934, 7.50119373, 7.209980874, 6.846118722, 6.815950794, 7.141487364], "min_cpu_time": [8, 22, 16, 10, 15, 16, 5, 4, 2, 13, 23, 13, 7, 5, 12, 11, 3, 22], "max_cpu_time": [22, 56, 58, 48, 39, 54, 23, 20, 49, 57, 33, 51, 50, 9, 47, 20, 3, 34], "min_job_period": [19, 91, 102, 42, 13, 41, 7, 37, 16, 109, 36, 40, 26, 25, 109, 2, 26, 114], "max_job_period": [58, 105, 103, 117, 22, 93, 60, 68, 88, 114, 72, 61, 112, 117, 113, 42, 94, 119], "min_startup": [2, 1, 1, 2, 1, 1, 3, 3, 6, 1, 1, 1, 2, 3, 1, 1, 4, 1], "max_startup": [79, 82, 75, 48, 66, 58, 29, 60, 56, 68, 116, 65, 42, 107, 18, 119, 108, 23], "priority": [13, 1, 8, 12, 17, 4, 18, 10, 2, 5, 15, 6, 14, 9, 7, 16, 11, 3], "win_min": [0, 6, 0, 0, 0, 0, 0, 0, 0, 0, 0, 0, 0, 0, 0, 0, 0, 0], "win_max": [120, 102, 120, 120, 120, 120, 120, 120, 120, 120, 120, 120, 120, 120, 120, 120, 120, 120]}