{"subs": 1, "jobs": 20, "T": 120, "power_use": [2.8782481222501426, 2.7760649236652166, 3.1727547042820525, 2.788030542514545, 2.457009458619833, 1.9497867660630046, 0.8419082987470026, 2.278506742867906, 2.550132745351281, 0.5037358803747178, 2.264937881026508, 0.4000173656422709, 2.192836441202902, 0.6440863751643798, 0.48486405336124877, 0.4612692234952083, 3.644990998195319, 2.396368396635244, 1.0081333015865346, 0.2950810231884448], "power_resource": [0.0, 0.0, 0.0, 0.0, 0.0, 0.0, 0.0, 0.0, 0.0, 0.0, 0.0, 0.0, 0.0, 0.0, 6.658030926, 6.999574968, 7.343581698, 7.642644372, 7.88983668, 8.079001902, 8.20459899, 8.52859638, 8.787024702, 8.970648876, 9.077467968, 9.107174142, 9.06038307, 8.938941768, 8.746236432, 8.486115012, 8.164426392, 7.787327292, 7.36189794, 6.89629599, 6.398986932, 5.87889801, 5.345418222, 4.808090484, 4.60830492, 4.433761908, 4.181490306, 3.8556459, 3.462077574, 3.007095966, 2.511018252, 2.769600492, 2.948145372, 3.402203472, 3.982782168, 4.55443362, 5.107460994, 5.63262921, 6.120857106, 6.56383311, 6.953553486, 7.283091924, 7.546445622, 7.738535286, 7.855512966, 7.894146384, 7.853358114, 7.732532484, 7.532593002, 7.25569452, 6.905223234, 6.766389198, 7.10100693, 7.384062132, 7.60970592, 7.872290028, 8.238768786, 8.534291346, 8.755933266, 8.902155366, 8.972495892, 8.96803227, 0.0, 0.0, 0.0, 0.0, 0.0, 0.0, 0.0, 0.0, 0.0, 0.0, 0.0, 0.0, 0.0, 0.0, 0.0, 0.0, 0.0, 0.0, 0.0, 0.0, 0.0, 0.0, 0.0, 0.0, 0.0, 0.0, 0.0, 0.0, 0.0, 0.0, 0.0, 0.0, 0.0, 0.0, 0.0, 6.716058012, 6.93246672, 7.284785022, 7.593852366, 7.85212677, 8.053605432, 8.192593386, 8.469030114, 8.742234564], "min_cpu_time": [18, 6, 6, 3, 2, 22, 11, 3, 11, 3, 2, 1, 12, 12, 23, 8, 4, 18, 9, 9], "max_cpu_time": [41, 52, 28, 30, 18, 52, 16, 12, 59, 41, 33, 47, 59, 21, 52, 25, 44, 47, 59, 14], "min_job_period": [98, 80, 54, 33, 7, 37, 6, 52, 27, 84, 27, 10, 100, 8, 90, 111, 13, 67, 54, 96], "max_job_period": [111, 91, 54, 75, 108, 112, 20, 110, 30, 87, 116, 52, 101, 60, 91, 111, 73, 78, 95, 104], "min_startup": [1, 1, 1, 1, 1, 1, 1, 1, 1, 1, 1, 1, 1, 1, 1, 1, 1, 1, 1, 1], "max_startup": [89, 68, 83, 90, 59, 43, 92, 46, 75, 107, 19, 2, 31, 95, 68, 113, 66, 32, 92, 79], "priority": [19, 4, 17, 20, 16, 13, 18, 9, 14, 8, 6, 3, 11, 12, 7, 15, 10, 1, 5, 2], "win_min": [0, 0, 0, 0, 0, 0, 0, 0, 0, 0, 0, 0, 0, 0, 23, 0, 0, 0, 0, 0], "win_max": [120, 120, 120, 120, 120, 120, 120, 120, 120, 120, 120, 120, 120, 120, 110, 120, 120, 120, 120, 120]}