{"subs": 1, "jobs": 13, "T": 120, "power_use": [0.07588877594940924, 0.21911891979739845, 0.7155318653710607, 2.6808108100740964, 3.7542622711151687, 0.3850358177854088, 2.185540794807323, 2.230492866309914, 1.5118841073651432, 2.275474923285726, 3.7045856214116735, 0.8473453891078965, 1.7487543814934123], "power_resource": [7.648801092, 7.390218852, 7.0571403, 6.654029058, 6.954323076, 7.250923062, 7.49118906, 7.744999842, 8.128255662, 8.441478792, 8.681283036, 8.845975296, 8.9349399, 8.948638602, 0.0, 0.0, 0.0, 0.0, 0.0, 0.0, 0.0, 0.0, 0.0, 0.0, 0.0, 0.0, 0.0, 0.0, 0.0, 0.0, 0.0, 0.0, 0.0, 0.0, 0.0, 0.0, 0.0, 0.0, 0.0, 0.0, 0.0, 0.0, 0.0, 0.0, 0.0, 0.0, 0.0, 0.0, 0.0, 6.809794074, 6.832112184, 7.190895042, 7.507966122, 7.775783442, 7.987882446, 8.138722086, 8.40238362, 8.689132854, 8.902155366, 9.03883455, 9.098400816, 9.081008082, 8.987887692, 8.82181017, 8.586777384, 8.287560792, 7.930163196, 7.521356988, 7.068991986, 6.581379762, 6.067293642, 5.535814788, 4.996793952, 4.638165012, 4.495021272, 4.272609762, 3.974470596, 3.606144822, 3.173327406, 2.68356033, 2.720654568, 2.932753572, 3.195029844, 3.777455556, 4.354801974, 4.9176801, 5.4563931, 5.961859812, 6.425460828, 6.839192412, 7.195512582, 7.4881107, 7.711445718, 7.861054014, 7.933549392, 7.926930918, 7.840275084, 7.674043644, 7.429929696, 7.110703764, 6.720521634, 6.909994692, 7.21644543, 7.467793524, 7.67204271, 8.068227642, 8.394841638, 8.648806338, 8.827659054, 8.930938032, 8.958643272, 0.0, 0.0, 0.0, 0.0, 0.0, 0.0, 0.0, 0.0, 0.0], "min_cpu_time": [10, 18, 8, 18, 17, 20, 21, 11, 6, 19, 20, 12, 16], "max_cpu_time": [31, 53, 25, 28, 38, 24, 35, 29, 43, 52, 29, 20, 31], "min_job_period": [76, 45, 28, 23, 49, 73, 117, 44, 69, 77, 76, 103, 77], "max_job_period": [77, 110, 81, 23, 98, 104, 118, 46, 74, 110, 106, 116, 81], "min_startup": [1, 1, 1, 1, 1, 1, 1, 1, 1, 1, 1, 1, 1], "max_startup": [4, 96, 80, 102, 74, 3, 116, 29, 47, 10, 19, 36, 46], "priority": [3, 13, 2, 8, 6, 10, 5, 1, 4, 9, 11, 7, 12], "win_min": [0, 0, 0, 0, 0, 0, 0, 0, 0, 0, 0, 0, 20], "win_max": [120, 120, 120, 120, 120, 120, 120, 120, 120, 120, 120, 120, 107]}