{"subs": 1, "jobs": 13, "T": 120, "power_use": [2.744234984122999, 1.7188340957559893, 0.8250738658073684, 1.1925859337485984, 2.2375025618441597, 2.7063884667036784, 0.269099672441469, 0.5902512309301551, 2.1302519826544715, 2.329390329749121, 3.5815637794165123, 0.20103217700126214, 1.5414233208035009], "power_resource": [4.10730183, 4.676336676, 5.224900428, 5.743911924, 6.224136084, 6.657569172, 7.036515288, 7.354048122, 7.604164872, 7.782247998, 7.88444955, 7.908152922, 7.851972852, 7.71590934, 7.50119373, 7.209980874, 6.846118722, 6.815950794, 7.141487364, 7.41423006, 7.628329998, 7.940167866, 8.293563594, 8.575233534, 8.782714998, 8.914468806, 8.970648876, 8.952178716, 0.0, 0.0, 0.0, 0.0, 0.0, 0.0, 0.0, 0.0, 0.0, 0.0, 0.0, 0.0, 0.0, 0.0, 0.0, 0.0, 0.0, 0.0, 0.0, 0.0, 0.0, 0.0, 0.0, 0.0, 0.0, 0.0, 0.0, 0.0, 0.0, 0.0, 0.0, 0.0, 0.0, 0.0, 0.0, 6.658030926, 6.999574968, 7.343581698, 7.642644372, 7.88983668, 8.079001902, 8.20459899, 8.52859638, 8.787024702, 8.970648876, 9.077467968, 9.107174142, 9.06038307, 8.938941768, 8.746236432, 8.486115012, 8.164426392, 7.787327292, 7.36189794, 6.89629599, 6.398986932, 5.87889801, 5.345418222, 4.808090484, 4.60830492, 4.433761908, 4.181490306, 3.8556459, 3.462077574, 3.007095966, 2.511018252, 2.769600492, 2.948145372, 3.402203472, 3.982782168, 4.55443362, 5.107460994, 5.63262921, 6.120857106, 6.56383311, 6.953553486, 7.283091924, 7.546445622, 7.738535286, 7.855512966, 7.894146384, 7.853358114, 7.732532484, 7.532593002, 7.25569452, 6.905223234, 6.766389198, 7.10100693, 7.384062132, 7.60970592, 7.872290028, 8.238768786], "min_cpu_time": [3, 23, 17, 19, 5, 6, 16, 5, 20, 17, 14, 18, 3], "max_cpu_time": [35, 47, 49, 52, 13, 14, 49, 27, 47, 40, 57, 36, 16], "min_job_period": [3, 16, 26, 32, 10, 1, 33, 12, 33, 35, 7, 51, 3], "max_job_period": [89, 63, 36, 34, 25, 73, 85, 31, 52, 82, 81, 54, 17], "min_startup": [15, 2, 3, 2, 9, 8, 3, 9, 2, 3, 3, 2, 15], "max_startup": [32, 82, 79, 23, 62, 118, 5, 25, 98, 23, 116, 4, 116], "priority": [12, 7, 3, 8, 6, 4, 1, 9, 5, 11, 2, 13, 10], "win_min": [10, 0, 0, 0, 0, 0, 0, 0, 0, 0, 0, 0, 0], "win_max": [117, 120, 120, 120, 120, 120, 120, 120, 120, 120, 120, 120, 120]}