{"subs": 1, "jobs": 18, "T": 120, "power_use": [0.6585597667108972, 3.625860647262246, 2.2391152286783593, 1.2273295377781437, 0.6985843278757874, 2.288673784314102, 3.0337192761576532, 2.1406938444971666, 2.2322550028804726, 0.34857352708506445, 1.6040744511895915, 1.769839976342058, 0.605294808210439, 2.306858872292185, 0.16829470473053154, 2.299971299385727, 0.8248347066692704, 0.7076851371018704], "power_resource": [4.23120582, 4.797316224, 5.341262436, 5.853655458, 6.325721964, 6.749458218, 7.11716832, 7.422387714, 7.659113598, 7.823036268, 7.910461692, 7.918927182, 7.847663148, 7.696515672, 7.467023934, 7.161650622, 6.784551522, 6.86397321, 7.179966864, 7.442089218, 7.644645306, 8.005429098, 8.34543396, 8.613405198, 8.806572288, 8.92416564, 8.966031336, 0.0, 0.0, 0.0, 0.0, 0.0, 0.0, 0.0, 0.0, 0.0, 0.0, 0.0, 0.0, 0.0, 0.0, 0.0, 0.0, 0.0, 0.0, 0.0, 0.0, 0.0, 0.0, 0.0, 0.0, 0.0, 0.0, 0.0, 0.0, 0.0, 0.0, 0.0, 0.0, 0.0, 0.0, 0.0, 0.0, 6.691123296, 7.065144036, 7.40037744, 7.689435444, 7.925083902, 8.101627848, 8.26924455, 8.585084286, 8.828582562, 8.996661018, 9.087780474, 9.101633094, 9.039450222, 8.902924956, 8.695905246, 8.422700796, 8.088698736, 7.700825376, 7.266007026, 6.792709176, 6.289551234, 5.765306526, 5.229671886, 4.691882394, 4.573827288, 4.383276804, 4.115459484, 3.775300704, 3.368341512, 2.901508218, 2.583821466, 2.827011906, 2.989549314, 3.527338806, 4.10730183, 4.676336676, 5.224900428, 5.743911924, 6.224136084, 6.657569172, 7.036515288, 7.354048122, 7.604164872, 7.782247998, 7.88444955, 7.908152922, 7.851972852, 7.71590934, 7.50119373, 7.209980874, 6.846118722, 6.815950794, 7.141487364, 7.41423006, 7.628329998, 7.940167866, 8.293563594], "min_cpu_time": [15, 11, 9, 23, 15, 22, 6, 2, 3, 14, 16, 22, 6, 16, 13, 9, 8, 16], "max_cpu_time": [44, 37, 36, 31, 51, 37, 24, 45, 51, 41, 29, 56, 44, 49, 49, 14, 45, 40], "min_job_period": [47, 99, 113, 113, 6, 24, 2, 1, 3, 53, 66, 55, 109, 104, 75, 34, 59, 49], "max_job_period": [77, 107, 115, 113, 74, 96, 110, 76, 64, 90, 118, 108, 110, 109, 105, 75, 68, 96], "min_startup": [1, 1, 1, 1, 1, 1, 1, 3, 2, 1, 1, 1, 1, 1, 1, 1, 1, 1], "max_startup": [118, 70, 96, 16, 64, 108, 68, 80, 110, 79, 36, 67, 17, 70, 75, 2, 37, 22], "priority": [12, 1, 16, 13, 15, 2, 5, 8, 17, 3, 7, 11, 18, 9, 10, 4, 6, 14], "win_min": [0, 0, 0, 0, 0, 0, 1, 0, 0, 0, 0, 0, 0, 0, 0, 0, 0, 0], "win_max": [120, 120, 120, 120, 120, 120, 101, 120, 120, 120, 120, 120, 120, 120, 120, 120, 120, 120]}