{"subs": 1, "jobs": 13, "T": 120, "power_use": [3.2619942977088687, 2.8668496823943608, 0.8528730683579352, 1.311240057366421, 3.935212329286245, 0.3148201770369309, 0.1585475886397725, 2.996977124998832, 2.3288060605911034, 3.644141839733693, 3.0564540068204638, 0.16546727305651018, 2.076549321323839], "power_resource": [8.971572384, 8.9811153, 0.0, 0.0, 0.0, 0.0, 0.0, 0.0, 0.0, 0.0, 0.0, 0.0, 0.0, 0.0, 0.0, 0.0, 0.0, 0.0, 0.0, 0.0, 0.0, 0.0, 0.0, 0.0, 0.0, 0.0, 0.0, 0.0, 0.0, 0.0, 0.0, 0.0, 0.0, 0.0, 0.0, 0.0, 0.0, 6.771160656, 6.863665374, 7.22414133, 7.54275159, 7.81210809, 8.025592356, 8.17766334, 8.406385488, 8.694519984, 8.908927758, 9.04730004, 9.108559404, 9.092859768, 9.001740312, 8.83797156, 8.605093626, 8.308339722, 7.95371265, 7.547830884, 7.098544242, 6.614010378, 6.103310454, 5.575525632, 5.040198828, 4.667255514, 4.525497036, 4.304470788, 4.00802472, 3.64169988, 3.211191234, 2.724040764, 2.64585042, 2.856102408, 3.152086722, 3.733127172, 4.30893441, 4.869811602, 5.406215832, 5.909219856, 6.370204266, 6.78085749, 7.133945382, 7.423157304, 7.642952208, 7.788866472, 7.8575139, 7.847201394, 7.75669761, 7.58661822, 7.338656322, 7.015736358, 6.662032794, 7.014351096, 7.317569556, 7.565531454, 7.752541824, 8.121637188, 8.444249316, 8.69405823, 8.86875516, 8.967878352, 8.991427806, 0.0, 0.0, 0.0, 0.0, 0.0, 0.0, 0.0, 0.0, 0.0, 0.0, 0.0, 0.0, 0.0, 0.0, 0.0, 0.0, 0.0, 0.0, 0.0, 0.0, 0.0], "min_cpu_time": [21, 23, 13, 11, 20, 10, 16, 12, 12, 1, 23, 6, 2], "max_cpu_time": [38, 54, 58, 17, 42, 44, 41, 35, 31, 20, 48, 44, 33], "min_job_period": [107, 56, 31, 4, 104, 26, 57, 87, 105, 7, 32, 32, 2], "max_job_period": [116, 105, 94, 78, 116, 89, 69, 118, 106, 46, 116, 33, 33], "min_startup": [1, 1, 1, 1, 1, 2, 1, 1, 1, 12, 1, 2, 6], "max_startup": [101, 41, 76, 37, 33, 112, 87, 89, 98, 44, 72, 115, 15], "priority": [13, 11, 6, 1, 12, 4, 7, 8, 9, 10, 3, 5, 2], "win_min": [0, 0, 0, 0, 0, 0, 22, 0, 0, 0, 0, 0, 0], "win_max": [120, 120, 120, 120, 120, 120, 96, 120, 120, 120, 120, 120, 120]}