{"subs": 1, "jobs": 24, "T": 120, "power_use": [2.8697809035911384, 0.29443901108819104, 3.3301391233003876, 1.6727193587021696, 1.4190692398287201, 2.0450423025853435, 0.6036407461047654, 1.9762825614581563, 1.986472963549276, 1.2674041584480766, 2.6721439668874836, 0.5388083616836115, 2.369972685749481, 0.7755405907442892, 3.7972149484667783, 3.9760723124828368, 1.9383727083397992, 1.7035449865609875, 0.6233452864770662, 2.4726450002069837, 3.927335821830427, 2.442278872134356, 3.5480027425758633, 2.6354007670547666], "power_resource": [8.079001902, 8.20459899, 8.52859638, 8.787024702, 8.970648876, 9.077467968, 9.107174142, 9.06038307, 8.938941768, 8.746236432, 8.486115012, 8.164426392, 7.787327292, 7.36189794, 6.89629599, 6.398986932, 5.87889801, 5.345418222, 4.808090484, 4.60830492, 4.433761908, 4.181490306, 3.8556459, 3.462077574, 3.007095966, 2.511018252, 2.769600492, 2.948145372, 3.402203472, 3.982782168, 4.55443362, 5.107460994, 5.63262921, 6.120857106, 6.56383311, 6.953553486, 7.283091924, 7.546445622, 7.738535286, 7.855512966, 7.894146384, 7.853358114, 7.732532484, 7.532593002, 7.25569452, 6.905223234, 6.766389198, 7.10100693, 7.384062132, 7.60970592, 7.872290028, 8.238768786, 8.534291346, 8.755933266, 8.902155366, 8.972495892, 8.96803227, 0.0, 0.0, 0.0, 0.0, 0.0, 0.0, 0.0, 0.0, 0.0, 0.0, 0.0, 0.0, 0.0, 0.0, 0.0, 0.0, 0.0, 0.0, 0.0, 0.0, 0.0, 0.0, 0.0, 0.0, 0.0, 0.0, 0.0, 0.0, 0.0, 0.0, 0.0, 0.0, 0.0, 0.0, 0.0, 6.716058012, 6.93246672, 7.284785022, 7.593852366, 7.85212677, 8.053605432, 8.192593386, 8.469030114, 8.742234564, 8.941404456, 9.064077102, 9.109482912, 9.078237558, 8.97188022, 8.793489258, 8.54706654, 8.23769136, 7.871520438, 7.45578792, 6.998189706, 6.507191286, 5.991565986, 5.460856722, 4.924298574, 4.639396356, 4.48132257, 4.244442768, 3.93337449], "min_cpu_time": [17, 2, 14, 20, 10, 22, 6, 14, 8, 22, 3, 9, 3, 23, 2, 3, 22, 8, 1, 22, 21, 19, 6, 7], "max_cpu_time": [27, 21, 48, 30, 11, 46, 23, 26, 39, 26, 24, 52, 55, 31, 10, 17, 35, 50, 40, 38, 58, 48, 19, 19], "min_job_period": [94, 24, 10, 117, 17, 79, 65, 60, 5, 15, 91, 119, 49, 21, 44, 35, 46, 100, 17, 91, 81, 12, 81, 115], "max_job_period": [107, 55, 63, 117, 100, 112, 66, 91, 111, 107, 104, 119, 105, 42, 79, 76, 48, 102, 92, 111, 90, 108, 102, 115], "min_startup": [1, 2, 1, 1, 1, 1, 1, 1, 1, 1, 1, 1, 1, 1, 2, 1, 1, 1, 3, 1, 1, 1, 1, 1], "max_startup": [80, 84, 70, 90, 108, 113, 72, 3, 99, 35, 93, 101, 4, 65, 75, 50, 28, 101, 97, 87, 78, 42, 18, 16], "priority": [16, 12, 6, 18, 7, 4, 9, 13, 20, 21, 1, 15, 8, 24, 3, 11, 17, 14, 19, 22, 23, 2, 10, 5], "win_min": [0, 0, 0, 0, 6, 0, 0, 0, 0, 0, 0, 0, 0, 0, 0, 0, 0, 0, 0, 0, 0, 0, 0, 0], "win_max": [120, 120, 120, 120, 102, 120, 120, 120, 120, 120, 120, 120, 120, 120, 120, 120, 120, 120, 120, 120, 120, 120, 120, 120]}