{"subs": 1, "jobs": 20, "T": 120, "power_use": [2.8816625286971553, 0.5284447671393416, 3.674608422221465, 0.611649598230177, 1.2552371947419658, 0.7274158485671919, 1.0272664115677443, 1.214030214718562, 1.0892417883706973, 1.7971392381620634, 2.9803694617526157, 3.2807019191445193, 1.3418021731569885, 2.360758352724801, 2.1982864547522007, 0.39385940345112996, 2.2032419131730503, 1.298403283259004, 3.568104501659627, 3.3011740404390624], "power_resource": [6.868282914, 7.209826956, 7.486109766, 7.692205968, 7.82365194, 7.877369322, 7.851665016, 7.746077268, 7.561067832, 7.298637642, 6.961865058, 6.714980586, 7.05867948, 7.35189327, 7.588773072, 7.80210342, 8.18151129, 8.490578634, 8.72638101, 8.886917484, 8.971572384, 8.9811153, 0.0, 0.0, 0.0, 0.0, 0.0, 0.0, 0.0, 0.0, 0.0, 0.0, 0.0, 0.0, 0.0, 0.0, 0.0, 0.0, 0.0, 0.0, 0.0, 0.0, 0.0, 0.0, 0.0, 0.0, 0.0, 0.0, 0.0, 0.0, 0.0, 0.0, 0.0, 0.0, 0.0, 0.0, 0.0, 6.771160656, 6.863665374, 7.22414133, 7.54275159, 7.81210809, 8.025592356, 8.17766334, 8.406385488, 8.694519984, 8.908927758, 9.04730004, 9.108559404, 9.092859768, 9.001740312, 8.83797156, 8.605093626, 8.308339722, 7.95371265, 7.547830884, 7.098544242, 6.614010378, 6.103310454, 5.575525632, 5.040198828, 4.667255514, 4.525497036, 4.304470788, 4.00802472, 3.64169988, 3.211191234, 2.724040764, 2.64585042, 2.856102408, 3.152086722, 3.733127172, 4.30893441, 4.869811602, 5.406215832, 5.909219856, 6.370204266, 6.78085749, 7.133945382, 7.423157304, 7.642952208, 7.788866472, 7.8575139, 7.847201394, 7.75669761, 7.58661822, 7.338656322, 7.015736358, 6.662032794, 7.014351096, 7.317569556, 7.565531454, 7.752541824, 8.121637188, 8.444249316, 8.69405823, 8.86875516, 8.967878352, 8.991427806, 0.0], "min_cpu_time": [18, 10, 17, 19, 18, 1, 23, 21, 4, 9, 16, 10, 23, 20, 19, 1, 22, 23, 15, 19], "max_cpu_time": [22, 12, 36, 30, 33, 12, 41, 37, 40, 45, 28, 40, 48, 52, 43, 11, 44, 52, 20, 49], "min_job_period": [78, 16, 17, 42, 11, 7, 4, 28, 38, 12, 74, 46, 63, 88, 45, 7, 35, 23, 107, 98], "max_job_period": [93, 83, 118, 48, 93, 24, 78, 89, 41, 68, 90, 52, 90, 111, 85, 34, 63, 68, 111, 117], "min_startup": [1, 2, 1, 1, 1, 12, 1, 1, 3, 2, 1, 2, 1, 1, 1, 12, 1, 1, 1, 1], "max_startup": [63, 52, 101, 26, 57, 61, 42, 18, 115, 3, 62, 73, 51, 115, 96, 84, 109, 72, 94, 76], "priority": [15, 16, 10, 11, 17, 8, 1, 12, 3, 9, 5, 14, 7, 20, 19, 4, 2, 13, 18, 6], "win_min": [0, 0, 0, 0, 0, 0, 0, 0, 0, 0, 0, 23, 0, 0, 0, 0, 0, 0, 0, 0], "win_max": [120, 120, 120, 120, 120, 120, 120, 120, 120, 120, 120, 98, 120, 120, 120, 120, 120, 120, 120, 120]}