{"subs": 1, "jobs": 24, "T": 120, "power_use": [3.413749941155396, 1.8334486280923847, 1.9798310683115283, 2.3036317837468974, 0.3067715357341295, 1.8019541519067261, 0.24192289972970024, 2.193658111046175, 0.5874837272682416, 1.0548798598606237, 1.6436604186802544, 3.8747038940611542, 1.8204916940084988, 0.8888456255808741, 0.8499640443065424, 1.1589111381636743, 1.88999722169847, 2.8202938436261396, 0.3125149981278854, 1.9951260199233651, 2.331364811568654, 2.1264700587851, 3.861337148623134, 3.098140161214103], "power_resource": [0.0, 0.0, 0.0, 0.0, 0.0, 0.0, 0.0, 0.0, 0.0, 0.0, 0.0, 0.0, 0.0, 0.0, 0.0, 0.0, 0.0, 0.0, 0.0, 0.0, 0.0, 0.0, 0.0, 0.0, 6.716058012, 6.93246672, 7.284785022, 7.593852366, 7.85212677, 8.053605432, 8.192593386, 8.469030114, 8.742234564, 8.941404456, 9.064077102, 9.109482912, 9.078237558, 8.97188022, 8.793489258, 8.54706654, 8.23769136, 7.871520438, 7.45578792, 6.998189706, 6.507191286, 5.991565986, 5.460856722, 4.924298574, 4.639396356, 4.48132257, 4.244442768, 3.93337449, 3.55319703, 3.110374944, 2.612142378, 2.709264636, 2.90366307, 3.277068138, 3.858108588, 4.431914892, 4.989098052, 5.520115152, 6.01588503, 6.467942196, 6.868282914, 7.209826956, 7.486109766, 7.692205968, 7.82365194, 7.877369322, 7.851665016, 7.746077268, 7.561067832, 7.298637642, 6.961865058, 6.714980586, 7.05867948, 7.35189327, 7.588773072, 7.80210342, 8.18151129, 8.490578634, 8.72638101, 8.886917484, 8.971572384, 8.9811153, 0.0, 0.0, 0.0, 0.0, 0.0, 0.0, 0.0, 0.0, 0.0, 0.0, 0.0, 0.0, 0.0, 0.0, 0.0, 0.0, 0.0, 0.0, 0.0, 0.0, 0.0, 0.0, 0.0, 0.0, 0.0, 0.0, 0.0, 0.0, 0.0, 0.0, 0.0, 0.0, 0.0, 0.0], "min_cpu_time": [15, 1, 17, 10, 15, 7, 1, 5, 5, 8, 8, 15, 8, 23, 4, 19, 22, 4, 20, 8, 5, 5, 3, 13], "max_cpu_time": [16, 32, 48, 21, 18, 11, 58, 58, 43, 29, 31, 49, 16, 37, 40, 44, 48, 50, 41, 9, 6, 37, 13, 31], "min_job_period": [51, 1, 100, 8, 5, 112, 12, 104, 81, 69, 27, 10, 102, 4, 3, 19, 77, 112, 111, 105, 62, 22, 32, 102], "max_job_period": [77, 5, 115, 23, 46, 118, 103, 116, 104, 100, 118, 83, 113, 97, 9, 116, 79, 118, 115, 111, 82, 92, 74, 108], "min_startup": [1, 5, 1, 1, 1, 1, 5, 1, 1, 1, 1, 1, 1, 1, 1, 1, 1, 1, 1, 1, 1, 1, 2, 1], "max_startup": [43, 49, 100, 92, 65, 3, 103, 26, 112, 97, 32, 11, 92, 41, 62, 89, 89, 104, 51, 35, 96, 2, 116, 69], "priority": [14, 2, 21, 17, 18, 9, 19, 4, 1, 10, 3, 6, 11, 13, 5, 24, 8, 22, 20, 23, 15, 7, 12, 16], "win_min": [0, 0, 0, 0, 0, 0, 0, 0, 0, 0, 0, 0, 0, 0, 0, 0, 0, 0, 0, 20, 0, 0, 0, 0], "win_max": [120, 120, 120, 120, 120, 120, 120, 120, 120, 120, 120, 120, 120, 120, 120, 120, 120, 120, 120, 117, 120, 120, 120, 120]}