{"subs": 1, "jobs": 9, "T": 120, "power_use": [0.4767873731649064, 1.7709415997915274, 2.676853349069908, 2.7767641897540454, 2.805681970252783, 1.9206123871124545, 0.4177470763084361, 2.6442906110521407, 1.1483549610984922], "power_resource": [0.0, 0.0, 0.0, 0.0, 0.0, 0.0, 0.0, 0.0, 0.0, 0.0, 0.0, 0.0, 0.0, 0.0, 0.0, 0.0, 0.0, 0.0, 6.691123296, 7.065144036, 7.40037744, 7.689435444, 7.925083902, 8.101627848, 8.26924455, 8.585084286, 8.828582562, 8.996661018, 9.087780474, 9.101633094, 9.039450222, 8.902924956, 8.695905246, 8.422700796, 8.088698736, 7.700825376, 7.266007026, 6.792709176, 6.289551234, 5.765306526, 5.229671886, 4.691882394, 4.573827288, 4.383276804, 4.115459484, 3.775300704, 3.368341512, 2.901508218, 2.583821466, 2.827011906, 2.989549314, 3.527338806, 4.10730183, 4.676336676, 5.224900428, 5.743911924, 6.224136084, 6.657569172, 7.036515288, 7.354048122, 7.604164872, 7.782247998, 7.88444955, 7.908152922, 7.851972852, 7.71590934, 7.50119373, 7.209980874, 6.846118722, 6.815950794, 7.141487364, 7.41423006, 7.628329998, 7.940167866, 8.293563594, 8.575233534, 8.782714998, 8.914468806, 8.970648876, 8.952178716, 0.0, 0.0, 0.0, 0.0, 0.0, 0.0, 0.0, 0.0, 0.0, 0.0, 0.0, 0.0, 0.0, 0.0, 0.0, 0.0, 0.0, 0.0, 0.0, 0.0, 0.0, 0.0, 0.0, 0.0, 0.0, 0.0, 0.0, 0.0, 0.0, 0.0, 0.0, 0.0, 0.0, 0.0, 0.0, 6.658030926, 6.999574968, 7.343581698, 7.642644372, 7.88983668], "min_cpu_time": [58, 40, 8, 33, 18, 23, 15, 42, 39], "max_cpu_time": [90, 113, 57, 109, 18, 88, 73, 74, 114], "min_job_period": [43, 110, 14, 18, 2, 61, 57, 23, 61], "max_job_period": [71, 117, 37, 80, 60, 96, 57, 116, 62], "min_startup": [1, 1, 3, 1, 2, 1, 2, 1, 1], "max_startup": [12, 63, 78, 48, 39, 10, 109, 28, 85], "priority": [3, 5, 2, 9, 8, 1, 7, 4, 6], "win_min": [0, 0, 0, 0, 19, 0, 0, 0, 0], "win_max": [120, 120, 120, 120, 97, 120, 120, 120, 120]}