{"subs": 1, "jobs": 24, "T": 120, "power_use": [0.8631725626512837, 0.5728089966744976, 2.149468942621665, 0.3792813567639551, 0.33820243238413417, 0.10410849021964501, 3.1360497226736275, 3.587814622567516, 2.574798011102935, 3.7843255694272315, 3.4983002684693365, 2.3588417720771213, 2.004717077948772, 2.4888666410489533, 3.7883973818635104, 0.48449269598801376, 3.4263417117520065, 3.3833647148971453, 0.3643810003439973, 0.9131939924950317, 3.4642273338587444, 3.145323233316229, 2.5216378129387147, 0.8698787443900095], "power_resource": [0.0, 0.0, 0.0, 0.0, 0.0, 0.0, 0.0, 0.0, 0.0, 0.0, 0.0, 0.0, 0.0, 0.0, 0.0, 0.0, 6.716058012, 6.93246672, 7.284785022, 7.593852366, 7.85212677, 8.053605432, 8.192593386, 8.469030114, 8.742234564, 8.941404456, 9.064077102, 9.109482912, 9.078237558, 8.97188022, 8.793489258, 8.54706654, 8.23769136, 7.871520438, 7.45578792, 6.998189706, 6.507191286, 5.991565986, 5.460856722, 4.924298574, 4.639396356, 4.48132257, 4.244442768, 3.93337449, 3.55319703, 3.110374944, 2.612142378, 2.709264636, 2.90366307, 3.277068138, 3.858108588, 4.431914892, 4.989098052, 5.520115152, 6.01588503, 6.467942196, 6.868282914, 7.209826956, 7.486109766, 7.692205968, 7.82365194, 7.877369322, 7.851665016, 7.746077268, 7.561067832, 7.298637642, 6.961865058, 6.714980586, 7.05867948, 7.35189327, 7.588773072, 7.80210342, 8.18151129, 8.490578634, 8.72638101, 8.886917484, 8.971572384, 8.9811153, 0.0, 0.0, 0.0, 0.0, 0.0, 0.0, 0.0, 0.0, 0.0, 0.0, 0.0, 0.0, 0.0, 0.0, 0.0, 0.0, 0.0, 0.0, 0.0, 0.0, 0.0, 0.0, 0.0, 0.0, 0.0, 0.0, 0.0, 0.0, 0.0, 0.0, 0.0, 0.0, 0.0, 0.0, 0.0, 6.771160656, 6.863665374, 7.22414133, 7.54275159, 7.81210809, 8.025592356, 8.17766334], "min_cpu_time": [20, 8, 16, 17, 13, 17, 1, 14, 8, 11, 15, 8, 16, 23, 4, 8, 3, 21, 10, 2, 10, 19, 22, 5], "max_cpu_time": [58, 53, 43, 38, 20, 41, 2, 55, 33, 13, 51, 20, 52, 45, 54, 34, 24, 46, 28, 9, 24, 35, 35, 6], "min_job_period": [21, 84, 65, 99, 27, 26, 55, 106, 7, 94, 37, 23, 36, 94, 44, 31, 55, 105, 8, 44, 9, 70, 59, 27], "max_job_period": [30, 88, 113, 111, 97, 80, 107, 106, 30, 108, 62, 94, 103, 115, 79, 114, 62, 112, 48, 72, 118, 119, 116, 40], "min_startup": [1, 1, 1, 1, 1, 1, 1, 1, 1, 1, 1, 1, 1, 1, 1, 1, 1, 1, 1, 1, 1, 1, 1, 1], "max_startup": [79, 74, 117, 69, 21, 88, 44, 31, 96, 73, 71, 74, 77, 117, 44, 69, 96, 67, 42, 36, 20, 17, 25, 14], "priority": [18, 14, 2, 9, 20, 8, 21, 6, 24, 19, 7, 4, 23, 11, 22, 16, 13, 3, 12, 1, 10, 5, 17, 15], "win_min": [0, 0, 0, 0, 0, 0, 0, 0, 0, 0, 0, 0, 0, 0, 0, 0, 0, 0, 18, 0, 0, 0, 0, 0], "win_max": [120, 120, 120, 120, 120, 120, 120, 120, 120, 120, 120, 120, 120, 120, 120, 120, 120, 120, 101, 120, 120, 120, 120, 120]}