{"subs": 1, "jobs": 22, "T": 120, "power_use": [3.2926513872300815, 1.159484352538512, 3.68981531562077, 2.447085667999661, 1.71404807632385, 0.32226324013373897, 0.5289954062502631, 1.0816614335800308, 2.178530131486304, 3.882850455588757, 2.06140559736797, 3.8301282824928813, 0.6681348764693941, 3.3111340989779565, 0.48962623285124357, 2.7176411091735506, 1.2683204301997901, 1.1488848803410594, 0.9559867974361659, 3.2372393760172407, 3.8947722323928025, 1.2416194052000185], "power_resource": [5.57029242, 6.068678904, 6.523506594, 6.926771754, 7.271548074, 7.551370998, 7.761007314, 7.896147318, 7.95371265, 7.931856294, 7.829962578, 7.648801092, 7.390218852, 7.0571403, 6.654029058, 6.954323076, 7.250923062, 7.49118906, 7.744999842, 8.128255662, 8.441478792, 8.681283036, 8.845975296, 8.9349399, 8.948638602, 0.0, 0.0, 0.0, 0.0, 0.0, 0.0, 0.0, 0.0, 0.0, 0.0, 0.0, 0.0, 0.0, 0.0, 0.0, 0.0, 0.0, 0.0, 0.0, 0.0, 0.0, 0.0, 0.0, 0.0, 0.0, 0.0, 0.0, 0.0, 0.0, 0.0, 0.0, 0.0, 0.0, 0.0, 0.0, 6.809794074, 6.832112184, 7.190895042, 7.507966122, 7.775783442, 7.987882446, 8.138722086, 8.40238362, 8.689132854, 8.902155366, 9.03883455, 9.098400816, 9.081008082, 8.987887692, 8.82181017, 8.586777384, 8.287560792, 7.930163196, 7.521356988, 7.068991986, 6.581379762, 6.067293642, 5.535814788, 4.996793952, 4.638165012, 4.495021272, 4.272609762, 3.974470596, 3.606144822, 3.173327406, 2.68356033, 2.720654568, 2.932753572, 3.195029844, 3.777455556, 4.354801974, 4.9176801, 5.4563931, 5.961859812, 6.425460828, 6.839192412, 7.195512582, 7.4881107, 7.711445718, 7.861054014, 7.933549392, 7.926930918, 7.840275084, 7.674043644, 7.429929696, 7.110703764, 6.720521634, 6.909994692, 7.21644543, 7.467793524, 7.67204271, 8.068227642, 8.394841638, 8.648806338, 8.827659054], "min_cpu_time": [21, 11, 13, 7, 15, 14, 9, 6, 1, 2, 21, 16, 23, 21, 2, 7, 7, 1, 1, 2, 21, 11], "max_cpu_time": [55, 58, 42, 48, 17, 38, 12, 38, 27, 11, 34, 59, 36, 46, 18, 9, 17, 52, 50, 13, 46, 52], "min_job_period": [53, 99, 110, 71, 28, 33, 20, 93, 16, 27, 70, 110, 17, 28, 2, 107, 104, 5, 13, 18, 60, 86], "max_job_period": [113, 117, 111, 89, 65, 83, 117, 107, 30, 93, 74, 118, 63, 111, 64, 109, 118, 13, 71, 76, 95, 109], "min_startup": [1, 1, 1, 1, 1, 1, 1, 1, 6, 3, 1, 1, 1, 1, 3, 1, 1, 6, 6, 3, 1, 1], "max_startup": [64, 36, 37, 26, 55, 40, 15, 65, 29, 78, 5, 85, 59, 93, 109, 61, 99, 50, 111, 21, 9, 99], "priority": [19, 10, 3, 22, 1, 17, 9, 6, 8, 14, 12, 13, 5, 4, 18, 16, 15, 2, 21, 11, 7, 20], "win_min": [0, 0, 0, 0, 0, 0, 0, 0, 0, 0, 0, 0, 0, 0, 0, 0, 0, 0, 0, 0, 17, 0], "win_max": [120, 120, 120, 120, 120, 120, 120, 120, 120, 120, 120, 120, 120, 120, 120, 120, 120, 120, 120, 120, 114, 120]}