{"subs": 1, "jobs": 22, "T": 120, "power_use": [3.4151844099978312, 2.70412997287493, 3.5683173174421565, 0.04544594656858552, 3.3910585822985726, 2.2923809338308243, 0.6904325091525793, 0.27314470893911846, 3.635702376306455, 3.088750998917054, 3.437139186347996, 0.9449361948162011, 3.2173702511200566, 1.2890372706055846, 0.25950602632799735, 0.6987292457574592, 2.030757076717331, 2.1401028148241514, 0.6128893588718881, 1.5685481137541912, 3.7065055376654894, 1.8127614417077988], "power_resource": [8.938941768, 8.746236432, 8.486115012, 8.164426392, 7.787327292, 7.36189794, 6.89629599, 6.398986932, 5.87889801, 5.345418222, 4.808090484, 4.60830492, 4.433761908, 4.181490306, 3.8556459, 3.462077574, 3.007095966, 2.511018252, 2.769600492, 2.948145372, 3.402203472, 3.982782168, 4.55443362, 5.107460994, 5.63262921, 6.120857106, 6.56383311, 6.953553486, 7.283091924, 7.546445622, 7.738535286, 7.855512966, 7.894146384, 7.853358114, 7.732532484, 7.532593002, 7.25569452, 6.905223234, 6.766389198, 7.10100693, 7.384062132, 7.60970592, 7.872290028, 8.238768786, 8.534291346, 8.755933266, 8.902155366, 8.972495892, 8.96803227, 0.0, 0.0, 0.0, 0.0, 0.0, 0.0, 0.0, 0.0, 0.0, 0.0, 0.0, 0.0, 0.0, 0.0, 0.0, 0.0, 0.0, 0.0, 0.0, 0.0, 0.0, 0.0, 0.0, 0.0, 0.0, 0.0, 0.0, 0.0, 0.0, 0.0, 0.0, 0.0, 0.0, 0.0, 0.0, 6.716058012, 6.93246672, 7.284785022, 7.593852366, 7.85212677, 8.053605432, 8.192593386, 8.469030114, 8.742234564, 8.941404456, 9.064077102, 9.109482912, 9.078237558, 8.97188022, 8.793489258, 8.54706654, 8.23769136, 7.871520438, 7.45578792, 6.998189706, 6.507191286, 5.991565986, 5.460856722, 4.924298574, 4.639396356, 4.48132257, 4.244442768, 3.93337449, 3.55319703, 3.110374944, 2.612142378, 2.709264636, 2.90366307, 3.277068138, 3.858108588, 4.431914892], "min_cpu_time": [2, 4, 10, 23, 11, 5, 11, 1, 8, 16, 7, 3, 3, 12, 11, 15, 5, 21, 18, 3, 10, 16], "max_cpu_time": [54, 27, 29, 30, 20, 59, 11, 54, 49, 29, 39, 37, 48, 49, 19, 21, 34, 47, 49, 21, 56, 52], "min_job_period": [115, 110, 62, 56, 19, 37, 56, 103, 59, 67, 53, 86, 11, 87, 112, 90, 34, 85, 28, 97, 95, 63], "max_job_period": [119, 118, 112, 65, 46, 118, 110, 110, 97, 117, 71, 107, 27, 91, 117, 111, 113, 86, 45, 101, 101, 66], "min_startup": [1, 1, 1, 1, 1, 1, 1, 1, 1, 1, 1, 1, 1, 1, 1, 1, 1, 1, 1, 1, 1, 1], "max_startup": [109, 105, 48, 22, 94, 37, 12, 2, 78, 41, 52, 17, 71, 9, 102, 105, 103, 71, 31, 8, 32, 33], "priority": [21, 5, 22, 11, 14, 4, 2, 20, 1, 9, 15, 6, 18, 17, 16, 13, 7, 12, 8, 19, 10, 3], "win_min": [0, 0, 0, 0, 9, 0, 0, 0, 0, 0, 0, 0, 0, 0, 0, 0, 0, 0, 0, 0, 0, 0], "win_max": [120, 120, 120, 120, 96, 120, 120, 120, 120, 120, 120, 120, 120, 120, 120, 120, 120, 120, 120, 120, 120, 120]}