{"subs": 1, "jobs": 13, "T": 120, "power_use": [1.9053273097112626, 2.360044793961156, 1.0139522213224519, 1.7477388904736273, 0.9242268571805687, 3.626886494096144, 3.6615941188924848, 0.5036491116017239, 0.3342922322953192, 1.7465115791733412, 0.2100948030600938, 2.8006658616690245, 3.064484976465428], "power_resource": [0.0, 0.0, 0.0, 0.0, 0.0, 0.0, 0.0, 0.0, 0.0, 0.0, 0.0, 0.0, 0.0, 0.0, 0.0, 0.0, 0.0, 0.0, 0.0, 0.0, 0.0, 0.0, 0.0, 0.0, 0.0, 0.0, 0.0, 6.716058012, 6.93246672, 7.284785022, 7.593852366, 7.85212677, 8.053605432, 8.192593386, 8.469030114, 8.742234564, 8.941404456, 9.064077102, 9.109482912, 9.078237558, 8.97188022, 8.793489258, 8.54706654, 8.23769136, 7.871520438, 7.45578792, 6.998189706, 6.507191286, 5.991565986, 5.460856722, 4.924298574, 4.639396356, 4.48132257, 4.244442768, 3.93337449, 3.55319703, 3.110374944, 2.612142378, 2.709264636, 2.90366307, 3.277068138, 3.858108588, 4.431914892, 4.989098052, 5.520115152, 6.01588503, 6.467942196, 6.868282914, 7.209826956, 7.486109766, 7.692205968, 7.82365194, 7.877369322, 7.851665016, 7.746077268, 7.561067832, 7.298637642, 6.961865058, 6.714980586, 7.05867948, 7.35189327, 7.588773072, 7.80210342, 8.18151129, 8.490578634, 8.72638101, 8.886917484, 8.971572384, 8.9811153, 0.0, 0.0, 0.0, 0.0, 0.0, 0.0, 0.0, 0.0, 0.0, 0.0, 0.0, 0.0, 0.0, 0.0, 0.0, 0.0, 0.0, 0.0, 0.0, 0.0, 0.0, 0.0, 0.0, 0.0, 0.0, 0.0, 0.0, 0.0, 0.0, 0.0, 0.0], "min_cpu_time": [10, 12, 8, 1, 5, 10, 23, 8, 9, 19, 21, 8, 18], "max_cpu_time": [53, 12, 38, 7, 47, 36, 31, 53, 12, 24, 41, 41, 35], "min_job_period": [114, 91, 89, 7, 41, 39, 60, 78, 43, 15, 36, 117, 7], "max_job_period": [117, 97, 106, 96, 48, 59, 107, 113, 118, 56, 48, 119, 19], "min_startup": [1, 1, 1, 6, 2, 1, 1, 1, 1, 1, 1, 1, 1], "max_startup": [50, 42, 10, 20, 37, 88, 117, 37, 9, 87, 105, 39, 22], "priority": [7, 12, 8, 3, 1, 6, 5, 4, 13, 9, 11, 10, 2], "win_min": [0, 9, 0, 0, 0, 0, 0, 0, 0, 0, 0, 0, 0], "win_max": [120, 99, 120, 120, 120, 120, 120, 120, 120, 120, 120, 120, 120]}