{"subs": 1, "jobs": 18, "T": 120, "power_use": [2.315494514618559, 1.543301134859232, 1.3835135970852772, 3.439363459743458, 2.8427889567137528, 2.3261526093856912, 2.965085554600203, 1.9856103337614135, 1.104986061295836, 0.7953957494269841, 1.386060950195898, 1.3492936094731358, 1.8315215008893784, 2.567975352935249, 2.221299781083806, 3.066347054675366, 0.39475793810797094, 2.6001507237064367], "power_resource": [0.0, 0.0, 0.0, 0.0, 0.0, 0.0, 0.0, 0.0, 0.0, 0.0, 0.0, 0.0, 0.0, 0.0, 0.0, 0.0, 0.0, 0.0, 0.0, 0.0, 0.0, 0.0, 0.0, 0.0, 0.0, 0.0, 0.0, 0.0, 0.0, 0.0, 0.0, 6.76238733, 7.128866088, 7.455172248, 7.733763828, 7.957714518, 8.12148327, 8.337276306, 8.63864775, 8.866908144, 9.019286964, 9.094706784, 9.093013686, 9.015285096, 8.863983702, 8.642803536, 8.356362138, 8.01066231, 7.612168608, 7.168423014, 6.6877371, 6.178884192, 5.650945452, 5.113309878, 4.662637974, 4.536117378, 4.329405504, 4.04650422, 3.692031066, 3.272142762, 2.7936117, 2.653700238, 2.88134496, 3.070356264, 3.652320222, 4.23120582, 4.797316224, 5.341262436, 5.853655458, 6.325721964, 6.749458218, 7.11716832, 7.422387714, 7.659113598, 7.823036268, 7.910461692, 7.918927182, 7.847663148, 7.696515672, 7.467023934, 7.161650622, 6.784551522, 6.86397321, 7.179966864, 7.442089218, 7.644645306, 8.005429098, 8.34543396, 8.613405198, 8.806572288, 8.92416564, 8.966031336, 0.0, 0.0, 0.0, 0.0, 0.0, 0.0, 0.0, 0.0, 0.0, 0.0, 0.0, 0.0, 0.0, 0.0, 0.0, 0.0, 0.0, 0.0, 0.0, 0.0, 0.0, 0.0, 0.0, 0.0, 0.0, 0.0, 0.0, 0.0], "min_cpu_time": [1, 15, 7, 10, 4, 2, 14, 19, 11, 7, 22, 8, 10, 17, 12, 19, 5, 17], "max_cpu_time": [41, 54, 39, 42, 56, 35, 31, 39, 41, 56, 36, 34, 57, 41, 42, 44, 9, 37], "min_job_period": [4, 16, 18, 44, 11, 4, 11, 78, 11, 24, 78, 6, 23, 55, 59, 17, 3, 12], "max_job_period": [25, 106, 118, 99, 54, 52, 85, 94, 58, 78, 100, 44, 58, 111, 116, 55, 71, 23], "min_startup": [20, 2, 3, 2, 5, 10, 2, 1, 2, 3, 1, 3, 2, 2, 2, 1, 4, 2], "max_startup": [87, 104, 61, 80, 39, 29, 3, 76, 29, 99, 63, 108, 77, 55, 21, 83, 65, 5], "priority": [6, 7, 18, 9, 11, 1, 10, 13, 5, 15, 17, 3, 4, 12, 16, 14, 2, 8], "win_min": [0, 0, 0, 0, 0, 0, 0, 0, 0, 0, 0, 0, 0, 0, 0, 0, 4, 0], "win_max": [120, 120, 120, 120, 120, 120, 120, 120, 120, 120, 120, 120, 120, 120, 120, 120, 113, 120]}