{"subs": 1, "jobs": 18, "T": 120, "power_use": [0.2179283100943021, 3.5097442511408725, 0.966568593806854, 3.543800777427549, 1.5234466364061148, 3.373240215507942, 2.1630559618398104, 2.261060052844571, 3.936244975355154, 3.855352637936202, 0.4661540474106404, 1.4629502184067522, 1.0096795712487017, 1.7986994069608637, 0.514148159443863, 2.0511572740294364, 3.4636729375978574, 1.4158903902350308], "power_resource": [6.749458218, 7.11716832, 7.422387714, 7.659113598, 7.823036268, 7.910461692, 7.918927182, 7.847663148, 7.696515672, 7.467023934, 7.161650622, 6.784551522, 6.86397321, 7.179966864, 7.442089218, 7.644645306, 8.005429098, 8.34543396, 8.613405198, 8.806572288, 8.92416564, 8.966031336, 0.0, 0.0, 0.0, 0.0, 0.0, 0.0, 0.0, 0.0, 0.0, 0.0, 0.0, 0.0, 0.0, 0.0, 0.0, 0.0, 0.0, 0.0, 0.0, 0.0, 0.0, 0.0, 0.0, 0.0, 0.0, 0.0, 0.0, 0.0, 0.0, 0.0, 0.0, 0.0, 0.0, 0.0, 0.0, 0.0, 6.691123296, 7.065144036, 7.40037744, 7.689435444, 7.925083902, 8.101627848, 8.26924455, 8.585084286, 8.828582562, 8.996661018, 9.087780474, 9.101633094, 9.039450222, 8.902924956, 8.695905246, 8.422700796, 8.088698736, 7.700825376, 7.266007026, 6.792709176, 6.289551234, 5.765306526, 5.229671886, 4.691882394, 4.573827288, 4.383276804, 4.115459484, 3.775300704, 3.368341512, 2.901508218, 2.583821466, 2.827011906, 2.989549314, 3.527338806, 4.10730183, 4.676336676, 5.224900428, 5.743911924, 6.224136084, 6.657569172, 7.036515288, 7.354048122, 7.604164872, 7.782247998, 7.88444955, 7.908152922, 7.851972852, 7.71590934, 7.50119373, 7.209980874, 6.846118722, 6.815950794, 7.141487364, 7.41423006, 7.628329998, 7.940167866, 8.293563594, 8.575233534, 8.782714998, 8.914468806, 8.970648876, 8.952178716], "min_cpu_time": [5, 11, 1, 4, 18, 3, 20, 4, 23, 8, 11, 1, 11, 5, 2, 1, 9, 22], "max_cpu_time": [20, 12, 57, 56, 26, 45, 56, 52, 36, 20, 43, 16, 59, 37, 28, 16, 49, 26], "min_job_period": [11, 3, 2, 9, 40, 6, 49, 6, 38, 4, 9, 2, 11, 8, 2, 1, 13, 22], "max_job_period": [38, 111, 52, 17, 74, 16, 99, 61, 61, 87, 40, 21, 103, 32, 102, 65, 68, 25], "min_startup": [7, 3, 35, 9, 2, 12, 2, 9, 2, 5, 3, 35, 3, 7, 18, 35, 4, 2], "max_startup": [41, 76, 98, 40, 118, 35, 51, 38, 10, 93, 99, 55, 78, 45, 75, 63, 79, 117], "priority": [11, 16, 15, 14, 2, 7, 5, 6, 13, 1, 9, 3, 10, 18, 4, 8, 12, 17], "win_min": [0, 0, 0, 0, 0, 0, 0, 0, 10, 0, 0, 0, 0, 0, 0, 0, 0, 0], "win_max": [120, 120, 120, 120, 120, 120, 120, 120, 118, 120, 120, 120, 120, 120, 120, 120, 120, 120]}