{"subs": 1, "jobs": 18, "T": 120, "power_use": [0.556678289704448, 3.200567244139621, 0.6301376443970678, 0.6693744131417264, 3.1248630882988913, 0.17752203640395925, 1.694918425931013, 2.2473390648731697, 2.5280288896148426, 0.4309451371102387, 3.677535763215671, 0.6863835344574997, 2.1748126575739524, 1.2612571975706954, 1.209493442604267, 2.524444685748622, 0.6351055515181826, 0.6245680189929421], "power_resource": [9.064077102, 9.109482912, 9.078237558, 8.97188022, 8.793489258, 8.54706654, 8.23769136, 7.871520438, 7.45578792, 6.998189706, 6.507191286, 5.991565986, 5.460856722, 4.924298574, 4.639396356, 4.48132257, 4.244442768, 3.93337449, 3.55319703, 3.110374944, 2.612142378, 2.709264636, 2.90366307, 3.277068138, 3.858108588, 4.431914892, 4.989098052, 5.520115152, 6.01588503, 6.467942196, 6.868282914, 7.209826956, 7.486109766, 7.692205968, 7.82365194, 7.877369322, 7.851665016, 7.746077268, 7.561067832, 7.298637642, 6.961865058, 6.714980586, 7.05867948, 7.35189327, 7.588773072, 7.80210342, 8.18151129, 8.490578634, 8.72638101, 8.886917484, 8.971572384, 8.9811153, 0.0, 0.0, 0.0, 0.0, 0.0, 0.0, 0.0, 0.0, 0.0, 0.0, 0.0, 0.0, 0.0, 0.0, 0.0, 0.0, 0.0, 0.0, 0.0, 0.0, 0.0, 0.0, 0.0, 0.0, 0.0, 0.0, 0.0, 0.0, 0.0, 0.0, 0.0, 0.0, 0.0, 0.0, 0.0, 6.771160656, 6.863665374, 7.22414133, 7.54275159, 7.81210809, 8.025592356, 8.17766334, 8.406385488, 8.694519984, 8.908927758, 9.04730004, 9.108559404, 9.092859768, 9.001740312, 8.83797156, 8.605093626, 8.308339722, 7.95371265, 7.547830884, 7.098544242, 6.614010378, 6.103310454, 5.575525632, 5.040198828, 4.667255514, 4.525497036, 4.304470788, 4.00802472, 3.64169988, 3.211191234, 2.724040764, 2.64585042, 2.856102408], "min_cpu_time": [14, 5, 13, 1, 20, 1, 6, 19, 14, 14, 13, 19, 23, 20, 20, 7, 17, 10], "max_cpu_time": [27, 50, 24, 43, 27, 27, 39, 51, 54, 58, 43, 37, 31, 27, 48, 34, 23, 18], "min_job_period": [42, 5, 83, 9, 54, 3, 66, 74, 62, 115, 94, 85, 73, 76, 55, 24, 36, 24], "max_job_period": [68, 64, 91, 56, 62, 20, 112, 102, 97, 117, 104, 105, 100, 77, 77, 34, 80, 109], "min_startup": [1, 2, 1, 6, 1, 6, 1, 1, 1, 1, 1, 1, 1, 1, 1, 1, 1, 1], "max_startup": [101, 113, 91, 49, 29, 32, 37, 79, 37, 40, 80, 115, 54, 112, 75, 65, 89, 105], "priority": [8, 16, 2, 3, 15, 10, 7, 5, 6, 12, 14, 1, 18, 9, 17, 4, 11, 13], "win_min": [0, 0, 0, 0, 0, 0, 0, 0, 0, 0, 0, 0, 0, 0, 0, 0, 0, 20], "win_max": [120, 120, 120, 120, 120, 120, 120, 120, 120, 120, 120, 120, 120, 120, 120, 120, 120, 97]}