{"subs": 1, "jobs": 18, "T": 120, "power_use": [3.16037779098088, 3.922676291215576, 0.5691090298013253, 2.8050222761323367, 2.630940625103227, 3.317778247160263, 1.7587545665653757, 1.5773955199143108, 3.533795645368517, 0.22114257370261983, 2.516296277178676, 1.6530640405188353, 0.6222173235262396, 3.0498245050039996, 0.01567619567690848, 0.17667437301796374, 2.8791690327964825, 1.6811520797753217], "power_resource": [3.8556459, 3.462077574, 3.007095966, 2.511018252, 2.769600492, 2.948145372, 3.402203472, 3.982782168, 4.55443362, 5.107460994, 5.63262921, 6.120857106, 6.56383311, 6.953553486, 7.283091924, 7.546445622, 7.738535286, 7.855512966, 7.894146384, 7.853358114, 7.732532484, 7.532593002, 7.25569452, 6.905223234, 6.766389198, 7.10100693, 7.384062132, 7.60970592, 7.872290028, 8.238768786, 8.534291346, 8.755933266, 8.902155366, 8.972495892, 8.96803227, 0.0, 0.0, 0.0, 0.0, 0.0, 0.0, 0.0, 0.0, 0.0, 0.0, 0.0, 0.0, 0.0, 0.0, 0.0, 0.0, 0.0, 0.0, 0.0, 0.0, 0.0, 0.0, 0.0, 0.0, 0.0, 0.0, 0.0, 0.0, 0.0, 0.0, 0.0, 0.0, 0.0, 0.0, 0.0, 6.716058012, 6.93246672, 7.284785022, 7.593852366, 7.85212677, 8.053605432, 8.192593386, 8.469030114, 8.742234564, 8.941404456, 9.064077102, 9.109482912, 9.078237558, 8.97188022, 8.793489258, 8.54706654, 8.23769136, 7.871520438, 7.45578792, 6.998189706, 6.507191286, 5.991565986, 5.460856722, 4.924298574, 4.639396356, 4.48132257, 4.244442768, 3.93337449, 3.55319703, 3.110374944, 2.612142378, 2.709264636, 2.90366307, 3.277068138, 3.858108588, 4.431914892, 4.989098052, 5.520115152, 6.01588503, 6.467942196, 6.868282914, 7.209826956, 7.486109766, 7.692205968, 7.82365194, 7.877369322, 7.851665016, 7.746077268, 7.561067832, 7.298637642], "min_cpu_time": [13, 5, 9, 12, 6, 4, 4, 4, 22, 14, 22, 10, 20, 2, 20, 17, 4, 8], "max_cpu_time": [49, 8, 9, 40, 24, 6, 25, 29, 57, 32, 59, 31, 35, 23, 20, 23, 20, 46], "min_job_period": [54, 19, 22, 32, 5, 14, 10, 7, 94, 32, 27, 10, 18, 5, 37, 4, 5, 27], "max_job_period": [56, 35, 80, 78, 103, 37, 43, 92, 113, 119, 56, 27, 112, 39, 52, 55, 30, 72], "min_startup": [2, 6, 3, 3, 5, 8, 8, 8, 1, 2, 1, 3, 2, 15, 2, 2, 8, 4], "max_startup": [43, 98, 93, 34, 93, 102, 101, 32, 18, 118, 98, 19, 21, 86, 13, 15, 96, 115], "priority": [17, 1, 7, 3, 6, 2, 16, 4, 11, 10, 14, 12, 18, 5, 9, 13, 8, 15], "win_min": [0, 0, 0, 0, 0, 0, 0, 0, 0, 0, 0, 0, 0, 0, 0, 3, 0, 0], "win_max": [120, 120, 120, 120, 120, 120, 120, 120, 120, 120, 120, 120, 120, 120, 120, 100, 120, 120]}