{"subs": 1, "jobs": 22, "T": 120, "power_use": [0.560097448147912, 0.33933923497674956, 0.6853965240149921, 0.5874108471422951, 2.228334476311377, 0.4343106005260356, 2.658111927411919, 2.69154893176293, 2.8648768225898156, 1.1202618280608792, 3.616506716924501, 1.916169073863322, 1.039732674937092, 2.677490756565317, 2.370752425319028, 1.6061558382988168, 0.7640994633397068, 1.1068991285149095, 2.2896934441090195, 3.468565104858615, 0.5196754612335435, 0.1051226418194461], "power_resource": [9.055149858, 9.09886257, 9.0657702, 8.957411928, 8.776866114, 8.527980708, 8.21614284, 7.847355312, 7.428698352, 6.96786786, 6.473637162, 5.954625666, 5.42022237, 4.879816272, 4.610305854, 4.450846806, 4.212581742, 3.899666448, 3.517488054, 3.07220328, 2.571354108, 2.784530538, 2.980929906, 3.319857342, 3.902283054, 4.477782456, 5.03696655, 5.57029242, 6.068678904, 6.523506594, 6.926771754, 7.271548074, 7.551370998, 7.761007314, 7.896147318, 7.95371265, 7.931856294, 7.829962578, 7.648801092, 7.390218852, 7.0571403, 6.654029058, 6.954323076, 7.250923062, 7.49118906, 7.744999842, 8.128255662, 8.441478792, 8.681283036, 8.845975296, 8.9349399, 8.948638602, 0.0, 0.0, 0.0, 0.0, 0.0, 0.0, 0.0, 0.0, 0.0, 0.0, 0.0, 0.0, 0.0, 0.0, 0.0, 0.0, 0.0, 0.0, 0.0, 0.0, 0.0, 0.0, 0.0, 0.0, 0.0, 0.0, 0.0, 0.0, 0.0, 0.0, 0.0, 0.0, 0.0, 0.0, 0.0, 6.809794074, 6.832112184, 7.190895042, 7.507966122, 7.775783442, 7.987882446, 8.138722086, 8.40238362, 8.689132854, 8.902155366, 9.03883455, 9.098400816, 9.081008082, 8.987887692, 8.82181017, 8.586777384, 8.287560792, 7.930163196, 7.521356988, 7.068991986, 6.581379762, 6.067293642, 5.535814788, 4.996793952, 4.638165012, 4.495021272, 4.272609762, 3.974470596, 3.606144822, 3.173327406, 2.68356033, 2.720654568, 2.932753572], "min_cpu_time": [3, 15, 11, 22, 5, 3, 2, 16, 19, 10, 3, 20, 19, 10, 6, 3, 4, 14, 19, 12, 8, 12], "max_cpu_time": [46, 22, 17, 24, 26, 10, 8, 49, 23, 32, 16, 27, 48, 31, 56, 3, 11, 41, 38, 14, 51, 18], "min_job_period": [2, 20, 22, 119, 36, 21, 4, 84, 83, 34, 8, 41, 87, 19, 21, 18, 9, 62, 118, 26, 7, 48], "max_job_period": [37, 102, 104, 119, 45, 111, 37, 91, 103, 64, 27, 57, 91, 27, 109, 26, 11, 79, 118, 42, 114, 98], "min_startup": [5, 1, 2, 1, 3, 5, 8, 1, 1, 2, 5, 1, 1, 2, 3, 5, 4, 1, 1, 2, 2, 2], "max_startup": [61, 66, 96, 44, 15, 103, 79, 117, 18, 6, 24, 54, 103, 14, 58, 105, 92, 38, 65, 32, 62, 46], "priority": [13, 6, 1, 20, 8, 15, 11, 7, 9, 17, 12, 4, 21, 18, 10, 3, 5, 14, 19, 16, 2, 22], "win_min": [0, 0, 0, 0, 0, 0, 0, 0, 23, 0, 0, 0, 0, 0, 0, 0, 0, 0, 0, 0, 0, 0], "win_max": [120, 120, 120, 120, 120, 120, 120, 120, 115, 120, 120, 120, 120, 120, 120, 120, 120, 120, 120, 120, 120, 120]}