{"subs": 1, "jobs": 13, "T": 120, "power_use": [0.5924176992730636, 2.5849335616738287, 1.289031457073458, 2.6303644144836706, 0.23924849449878682, 0.7680354162277181, 2.2034044379017423, 0.35635918927699506, 0.5972938848063056, 3.3218813725811147, 1.9370619466658168, 1.9521612278581495, 0.5692390144382792], "power_resource": [8.490578634, 8.72638101, 8.886917484, 8.971572384, 8.9811153, 0.0, 0.0, 0.0, 0.0, 0.0, 0.0, 0.0, 0.0, 0.0, 0.0, 0.0, 0.0, 0.0, 0.0, 0.0, 0.0, 0.0, 0.0, 0.0, 0.0, 0.0, 0.0, 0.0, 0.0, 0.0, 0.0, 0.0, 0.0, 0.0, 0.0, 0.0, 0.0, 0.0, 0.0, 0.0, 6.771160656, 6.863665374, 7.22414133, 7.54275159, 7.81210809, 8.025592356, 8.17766334, 8.406385488, 8.694519984, 8.908927758, 9.04730004, 9.108559404, 9.092859768, 9.001740312, 8.83797156, 8.605093626, 8.308339722, 7.95371265, 7.547830884, 7.098544242, 6.614010378, 6.103310454, 5.575525632, 5.040198828, 4.667255514, 4.525497036, 4.304470788, 4.00802472, 3.64169988, 3.211191234, 2.724040764, 2.64585042, 2.856102408, 3.152086722, 3.733127172, 4.30893441, 4.869811602, 5.406215832, 5.909219856, 6.370204266, 6.78085749, 7.133945382, 7.423157304, 7.642952208, 7.788866472, 7.8575139, 7.847201394, 7.75669761, 7.58661822, 7.338656322, 7.015736358, 6.662032794, 7.014351096, 7.317569556, 7.565531454, 7.752541824, 8.121637188, 8.444249316, 8.69405823, 8.86875516, 8.967878352, 8.991427806, 0.0, 0.0, 0.0, 0.0, 0.0, 0.0, 0.0, 0.0, 0.0, 0.0, 0.0, 0.0, 0.0, 0.0, 0.0, 0.0, 0.0, 0.0], "min_cpu_time": [13, 20, 21, 8, 5, 20, 23, 23, 13, 9, 6, 4, 5], "max_cpu_time": [53, 43, 42, 17, 37, 46, 24, 30, 22, 26, 48, 40, 9], "min_job_period": [22, 45, 28, 10, 19, 34, 40, 39, 29, 23, 6, 4, 5], "max_job_period": [42, 86, 89, 87, 63, 71, 55, 114, 59, 71, 22, 61, 29], "min_startup": [3, 2, 2, 4, 6, 2, 2, 2, 3, 4, 5, 8, 6], "max_startup": [9, 32, 65, 103, 34, 48, 9, 96, 33, 27, 25, 84, 98], "priority": [12, 13, 6, 3, 4, 2, 5, 9, 11, 7, 10, 1, 8], "win_min": [0, 0, 0, 0, 0, 0, 0, 20, 0, 0, 0, 0, 0], "win_max": [120, 120, 120, 120, 120, 120, 120, 107, 120, 120, 120, 120, 120]}