{"subs": 1, "jobs": 20, "T": 120, "power_use": [2.7600955364607866, 2.530074798712476, 3.0933988595745268, 1.7745123951302755, 0.36265144969162905, 1.1913681603575743, 2.36156333799656, 1.6109707770942838, 2.4840397468858644, 2.952258108670878, 3.9420277468572356, 0.9973578692192343, 2.8805426122287936, 0.35018580421892553, 0.9621610501659559, 1.6979572793118007, 0.1741806573853912, 2.216629320366992, 1.8094819727826494, 3.313054783996621], "power_resource": [0.0, 0.0, 0.0, 0.0, 0.0, 0.0, 0.0, 0.0, 0.0, 0.0, 0.0, 0.0, 0.0, 0.0, 0.0, 0.0, 0.0, 0.0, 0.0, 0.0, 0.0, 0.0, 0.0, 0.0, 6.76238733, 7.128866088, 7.455172248, 7.733763828, 7.957714518, 8.12148327, 8.337276306, 8.63864775, 8.866908144, 9.019286964, 9.094706784, 9.093013686, 9.015285096, 8.863983702, 8.642803536, 8.356362138, 8.01066231, 7.612168608, 7.168423014, 6.6877371, 6.178884192, 5.650945452, 5.113309878, 4.662637974, 4.536117378, 4.329405504, 4.04650422, 3.692031066, 3.272142762, 2.7936117, 2.653700238, 2.88134496, 3.070356264, 3.652320222, 4.23120582, 4.797316224, 5.341262436, 5.853655458, 6.325721964, 6.749458218, 7.11716832, 7.422387714, 7.659113598, 7.823036268, 7.910461692, 7.918927182, 7.847663148, 7.696515672, 7.467023934, 7.161650622, 6.784551522, 6.86397321, 7.179966864, 7.442089218, 7.644645306, 8.005429098, 8.34543396, 8.613405198, 8.806572288, 8.92416564, 8.966031336, 0.0, 0.0, 0.0, 0.0, 0.0, 0.0, 0.0, 0.0, 0.0, 0.0, 0.0, 0.0, 0.0, 0.0, 0.0, 0.0, 0.0, 0.0, 0.0, 0.0, 0.0, 0.0, 0.0, 0.0, 0.0, 0.0, 0.0, 0.0, 0.0, 0.0, 0.0, 0.0, 0.0, 0.0, 0.0], "min_cpu_time": [14, 10, 20, 21, 15, 10, 10, 12, 8, 23, 6, 14, 23, 11, 9, 11, 9, 21, 2, 6], "max_cpu_time": [47, 31, 49, 44, 58, 17, 13, 30, 28, 42, 18, 54, 28, 36, 16, 32, 26, 36, 24, 6], "min_job_period": [68, 16, 16, 43, 84, 13, 28, 47, 31, 88, 17, 22, 72, 119, 24, 18, 15, 77, 5, 36], "max_job_period": [87, 103, 115, 77, 99, 41, 68, 101, 44, 118, 47, 33, 109, 119, 38, 24, 32, 92, 19, 87], "min_startup": [1, 2, 1, 1, 1, 2, 2, 1, 2, 1, 3, 1, 1, 1, 2, 1, 2, 1, 7, 3], "max_startup": [94, 72, 106, 71, 102, 44, 25, 112, 46, 43, 116, 102, 99, 99, 98, 54, 62, 101, 38, 47], "priority": [3, 16, 13, 15, 8, 7, 1, 11, 17, 14, 2, 5, 10, 4, 6, 9, 20, 18, 12, 19], "win_min": [0, 0, 8, 0, 0, 0, 0, 0, 0, 0, 0, 0, 0, 0, 0, 0, 0, 0, 0, 0], "win_max": [120, 120, 109, 120, 120, 120, 120, 120, 120, 120, 120, 120, 120, 120, 120, 120, 120, 120, 120, 120]}