{"subs": 1, "jobs": 18, "T": 120, "power_use": [2.1215996195870854, 2.3210277571966964, 1.2183405252572568, 1.153360793694634, 2.40066023209759, 1.1153878141142823, 0.6257003362886406, 1.2213621193768405, 1.2608026763009046, 0.42551926337303403, 3.5381261391437753, 2.323344650895663, 1.0110341145405797, 1.5205641993533168, 2.3339876078380732, 2.4612895408720354, 0.5517899151023954, 3.6220731893291047], "power_resource": [0.0, 0.0, 0.0, 0.0, 0.0, 0.0, 0.0, 0.0, 0.0, 0.0, 6.754383594, 6.900297858, 7.25107698, 7.558451226, 7.815340368, 8.015433768, 8.153190378, 8.464566492, 8.736539598, 8.934016392, 9.055149858, 9.09886257, 9.0657702, 8.957411928, 8.776866114, 8.527980708, 8.21614284, 7.847355312, 7.428698352, 6.96786786, 6.473637162, 5.954625666, 5.42022237, 4.879816272, 4.610305854, 4.450846806, 4.212581742, 3.899666448, 3.517488054, 3.07220328, 2.571354108, 2.784530538, 2.980929906, 3.319857342, 3.902283054, 4.477782456, 5.03696655, 5.57029242, 6.068678904, 6.523506594, 6.926771754, 7.271548074, 7.551370998, 7.761007314, 7.896147318, 7.95371265, 7.931856294, 7.829962578, 7.648801092, 7.390218852, 7.0571403, 6.654029058, 6.954323076, 7.250923062, 7.49118906, 7.744999842, 8.128255662, 8.441478792, 8.681283036, 8.845975296, 8.9349399, 8.948638602, 0.0, 0.0, 0.0, 0.0, 0.0, 0.0, 0.0, 0.0, 0.0, 0.0, 0.0, 0.0, 0.0, 0.0, 0.0, 0.0, 0.0, 0.0, 0.0, 0.0, 0.0, 0.0, 0.0, 0.0, 0.0, 0.0, 0.0, 0.0, 0.0, 0.0, 0.0, 0.0, 0.0, 0.0, 0.0, 6.809794074, 6.832112184, 7.190895042, 7.507966122, 7.775783442, 7.987882446, 8.138722086, 8.40238362, 8.689132854, 8.902155366, 9.03883455, 9.098400816, 9.081008082], "min_cpu_time": [3, 11, 21, 5, 23, 9, 2, 7, 22, 20, 15, 2, 18, 22, 15, 2, 1, 5], "max_cpu_time": [33, 53, 27, 10, 49, 30, 21, 38, 55, 53, 42, 11, 47, 24, 51, 7, 33, 47], "min_job_period": [5, 14, 57, 31, 59, 48, 7, 117, 70, 59, 94, 36, 103, 59, 34, 32, 15, 1], "max_job_period": [15, 68, 78, 34, 88, 97, 102, 119, 112, 81, 98, 72, 114, 110, 52, 94, 49, 27], "min_startup": [2, 1, 1, 1, 1, 1, 3, 1, 1, 1, 1, 3, 1, 1, 1, 3, 5, 1], "max_startup": [46, 78, 39, 13, 53, 44, 101, 91, 87, 114, 4, 45, 115, 108, 29, 61, 27, 19], "priority": [4, 5, 16, 11, 10, 8, 6, 14, 17, 3, 15, 12, 13, 2, 7, 9, 1, 18], "win_min": [0, 0, 0, 0, 16, 0, 0, 0, 0, 0, 0, 0, 0, 0, 0, 0, 0, 0], "win_max": [120, 120, 120, 120, 116, 120, 120, 120, 120, 120, 120, 120, 120, 120, 120, 120, 120, 120]}