{"subs": 1, "jobs": 24, "T": 120, "power_use": [3.4169653828412083, 2.6979879065269836, 3.512183978633875, 3.584023103602776, 0.08249612847746857, 1.9607623261926752, 0.5800814383784202, 2.1067603408159914, 2.3181817132973075, 0.013565937366531326, 1.6167389108661236, 0.8333388383925721, 1.7298755764294025, 1.2753492040459602, 2.5751785112821555, 0.7620975229291547, 3.992578016326074, 3.95478717262593, 0.8856550978460188, 3.8471976112574575, 1.6932138111417585, 3.4290760783826117, 0.21360823627750436, 3.9938892367187044], "power_resource": [5.535814788, 4.996793952, 4.638165012, 4.495021272, 4.272609762, 3.974470596, 3.606144822, 3.173327406, 2.68356033, 2.720654568, 2.932753572, 3.195029844, 3.777455556, 4.354801974, 4.9176801, 5.4563931, 5.961859812, 6.425460828, 6.839192412, 7.195512582, 7.4881107, 7.711445718, 7.861054014, 7.933549392, 7.926930918, 7.840275084, 7.674043644, 7.429929696, 7.110703764, 6.720521634, 6.909994692, 7.21644543, 7.467793524, 7.67204271, 8.068227642, 8.394841638, 8.648806338, 8.827659054, 8.930938032, 8.958643272, 0.0, 0.0, 0.0, 0.0, 0.0, 0.0, 0.0, 0.0, 0.0, 0.0, 0.0, 0.0, 0.0, 0.0, 0.0, 0.0, 0.0, 0.0, 0.0, 0.0, 0.0, 0.0, 0.0, 0.0, 0.0, 0.0, 0.0, 0.0, 0.0, 0.0, 0.0, 0.0, 0.0, 0.0, 0.0, 0.0, 6.76238733, 7.128866088, 7.455172248, 7.733763828, 7.957714518, 8.12148327, 8.337276306, 8.63864775, 8.866908144, 9.019286964, 9.094706784, 9.093013686, 9.015285096, 8.863983702, 8.642803536, 8.356362138, 8.01066231, 7.612168608, 7.168423014, 6.6877371, 6.178884192, 5.650945452, 5.113309878, 4.662637974, 4.536117378, 4.329405504, 4.04650422, 3.692031066, 3.272142762, 2.7936117, 2.653700238, 2.88134496, 3.070356264, 3.652320222, 4.23120582, 4.797316224, 5.341262436, 5.853655458, 6.325721964, 6.749458218, 7.11716832, 7.422387714, 7.659113598, 7.823036268], "min_cpu_time": [4, 1, 4, 19, 15, 7, 12, 16, 20, 4, 10, 13, 21, 19, 11, 12, 17, 1, 17, 1, 14, 7, 12, 3], "max_cpu_time": [58, 44, 32, 22, 23, 23, 43, 48, 55, 43, 19, 43, 30, 52, 40, 29, 31, 13, 28, 47, 55, 32, 55, 59], "min_job_period": [16, 12, 51, 93, 116, 119, 41, 108, 97, 111, 69, 70, 10, 32, 4, 66, 79, 26, 58, 2, 12, 79, 4, 68], "max_job_period": [24, 25, 73, 114, 119, 119, 55, 112, 117, 111, 107, 86, 81, 95, 35, 119, 101, 114, 92, 47, 110, 98, 34, 98], "min_startup": [1, 3, 1, 1, 1, 1, 1, 1, 1, 1, 1, 1, 1, 1, 1, 1, 1, 3, 1, 3, 1, 1, 1, 1], "max_startup": [72, 85, 17, 33, 96, 64, 3, 6, 8, 29, 97, 18, 114, 96, 39, 5, 66, 77, 73, 71, 22, 2, 74, 96], "priority": [1, 9, 21, 8, 12, 4, 15, 22, 20, 19, 6, 5, 18, 2, 23, 17, 10, 3, 14, 7, 24, 13, 11, 16], "win_min": [0, 0, 0, 0, 0, 3, 0, 0, 0, 0, 0, 0, 0, 0, 0, 0, 0, 0, 0, 0, 0, 0, 0, 0], "win_max": [120, 120, 120, 120, 120, 111, 120, 120, 120, 120, 120, 120, 120, 120, 120, 120, 120, 120, 120, 120, 120, 120, 120, 120]}