{"subs": 1, "jobs": 18, "T": 120, "power_use": [2.5458384506800056, 2.3113915089014685, 1.199074882894413, 3.231729567025385, 1.2409935850889273, 0.6787559887402592, 2.89177057024071, 1.2272259219095114, 0.5430217775926797, 0.323291927913352, 0.6143720310609229, 1.26472271057795, 0.04585699799651495, 0.614417859426457, 2.4319307045147895, 0.4657787273904071, 1.9676237548788384, 0.062322812411400516], "power_resource": [0.0, 0.0, 0.0, 0.0, 0.0, 0.0, 0.0, 0.0, 0.0, 0.0, 0.0, 0.0, 0.0, 0.0, 0.0, 6.716058012, 6.93246672, 7.284785022, 7.593852366, 7.85212677, 8.053605432, 8.192593386, 8.469030114, 8.742234564, 8.941404456, 9.064077102, 9.109482912, 9.078237558, 8.97188022, 8.793489258, 8.54706654, 8.23769136, 7.871520438, 7.45578792, 6.998189706, 6.507191286, 5.991565986, 5.460856722, 4.924298574, 4.639396356, 4.48132257, 4.244442768, 3.93337449, 3.55319703, 3.110374944, 2.612142378, 2.709264636, 2.90366307, 3.277068138, 3.858108588, 4.431914892, 4.989098052, 5.520115152, 6.01588503, 6.467942196, 6.868282914, 7.209826956, 7.486109766, 7.692205968, 7.82365194, 7.877369322, 7.851665016, 7.746077268, 7.561067832, 7.298637642, 6.961865058, 6.714980586, 7.05867948, 7.35189327, 7.588773072, 7.80210342, 8.18151129, 8.490578634, 8.72638101, 8.886917484, 8.971572384, 8.9811153, 0.0, 0.0, 0.0, 0.0, 0.0, 0.0, 0.0, 0.0, 0.0, 0.0, 0.0, 0.0, 0.0, 0.0, 0.0, 0.0, 0.0, 0.0, 0.0, 0.0, 0.0, 0.0, 0.0, 0.0, 0.0, 0.0, 0.0, 0.0, 0.0, 0.0, 0.0, 0.0, 0.0, 0.0, 0.0, 6.771160656, 6.863665374, 7.22414133, 7.54275159, 7.81210809, 8.025592356, 8.17766334, 8.406385488], "min_cpu_time": [7, 2, 21, 15, 22, 23, 12, 22, 13, 7, 1, 4, 17, 6, 13, 18, 14, 16], "max_cpu_time": [30, 10, 38, 21, 55, 57, 22, 52, 49, 56, 53, 23, 32, 46, 40, 50, 34, 27], "min_job_period": [115, 18, 45, 75, 38, 3, 75, 65, 113, 72, 8, 50, 35, 19, 88, 111, 8, 91], "max_job_period": [118, 95, 70, 114, 71, 114, 114, 79, 118, 112, 92, 112, 118, 83, 88, 111, 93, 105], "min_startup": [1, 3, 1, 1, 1, 1, 1, 1, 1, 1, 6, 2, 1, 1, 1, 1, 1, 1], "max_startup": [41, 81, 42, 38, 113, 15, 94, 113, 45, 56, 45, 60, 56, 27, 35, 17, 35, 14], "priority": [9, 3, 12, 14, 17, 4, 18, 13, 5, 16, 7, 2, 6, 1, 11, 10, 15, 8], "win_min": [0, 0, 0, 0, 0, 0, 0, 0, 0, 0, 0, 5, 0, 0, 0, 0, 0, 0], "win_max": [120, 120, 120, 120, 120, 120, 120, 120, 120, 120, 120, 117, 120, 120, 120, 120, 120, 120]}