{"subs": 1, "jobs": 24, "T": 120, "power_use": [1.951993342804316, 2.543309974141876, 0.8215825392701516, 1.175605036932114, 2.7618204136359994, 1.612043271825434, 0.16478802741192347, 0.5099951855900804, 0.5597086661216171, 2.9480875046632935, 0.8198649121884592, 2.084248690538903, 3.8888863351302887, 0.5722662401616638, 3.7622189188659747, 1.139431707316116, 0.4115877005625223, 1.3854514073405042, 1.9987787638254944, 3.0024937348185112, 0.6707496227774875, 2.450314897470119, 0.5309224536764062, 1.140820135505874], "power_resource": [6.954323076, 7.250923062, 7.49118906, 7.744999842, 8.128255662, 8.441478792, 8.681283036, 8.845975296, 8.9349399, 8.948638602, 0.0, 0.0, 0.0, 0.0, 0.0, 0.0, 0.0, 0.0, 0.0, 0.0, 0.0, 0.0, 0.0, 0.0, 0.0, 0.0, 0.0, 0.0, 0.0, 0.0, 0.0, 0.0, 0.0, 0.0, 0.0, 0.0, 0.0, 0.0, 0.0, 0.0, 0.0, 0.0, 0.0, 0.0, 0.0, 6.809794074, 6.832112184, 7.190895042, 7.507966122, 7.775783442, 7.987882446, 8.138722086, 8.40238362, 8.689132854, 8.902155366, 9.03883455, 9.098400816, 9.081008082, 8.987887692, 8.82181017, 8.586777384, 8.287560792, 7.930163196, 7.521356988, 7.068991986, 6.581379762, 6.067293642, 5.535814788, 4.996793952, 4.638165012, 4.495021272, 4.272609762, 3.974470596, 3.606144822, 3.173327406, 2.68356033, 2.720654568, 2.932753572, 3.195029844, 3.777455556, 4.354801974, 4.9176801, 5.4563931, 5.961859812, 6.425460828, 6.839192412, 7.195512582, 7.4881107, 7.711445718, 7.861054014, 7.933549392, 7.926930918, 7.840275084, 7.674043644, 7.429929696, 7.110703764, 6.720521634, 6.909994692, 7.21644543, 7.467793524, 7.67204271, 8.068227642, 8.394841638, 8.648806338, 8.827659054, 8.930938032, 8.958643272, 0.0, 0.0, 0.0, 0.0, 0.0, 0.0, 0.0, 0.0, 0.0, 0.0, 0.0, 0.0, 0.0], "min_cpu_time": [19, 14, 19, 9, 6, 2, 22, 1, 23, 10, 12, 17, 3, 22, 2, 2, 12, 15, 16, 4, 6, 23, 12, 4], "max_cpu_time": [37, 41, 58, 46, 32, 39, 25, 34, 30, 44, 37, 27, 14, 39, 30, 56, 34, 17, 52, 9, 20, 51, 55, 12], "min_job_period": [73, 107, 28, 98, 58, 92, 3, 4, 64, 114, 61, 78, 96, 69, 60, 103, 78, 6, 65, 60, 33, 73, 81, 53], "max_job_period": [88, 118, 32, 108, 79, 98, 91, 106, 79, 116, 88, 92, 116, 108, 74, 108, 113, 107, 80, 83, 114, 108, 110, 55], "min_startup": [1, 1, 1, 1, 1, 1, 1, 1, 1, 1, 1, 1, 1, 1, 1, 1, 1, 1, 1, 1, 1, 1, 1, 1], "max_startup": [85, 60, 94, 69, 92, 93, 48, 108, 78, 61, 103, 116, 117, 2, 90, 100, 48, 76, 9, 76, 82, 92, 29, 56], "priority": [20, 2, 12, 22, 4, 24, 5, 15, 8, 17, 23, 6, 7, 14, 19, 21, 18, 9, 11, 1, 13, 3, 16, 10], "win_min": [0, 0, 0, 0, 0, 0, 19, 0, 0, 0, 0, 0, 0, 0, 0, 0, 0, 0, 0, 0, 0, 0, 0, 0], "win_max": [120, 120, 120, 120, 120, 120, 102, 120, 120, 120, 120, 120, 120, 120, 120, 120, 120, 120, 120, 120, 120, 120, 120, 120]}