{"subs": 1, "jobs": 24, "T": 120, "power_use": [1.7342196171993536, 1.2956463625304484, 1.5125151512101902, 3.3557318467345874, 1.035046330135846, 2.101468771896979, 0.07190137425774609, 0.2790185044590446, 2.3084803671260925, 2.640569263588291, 1.6067386296409698, 1.856278951209088, 2.714701984157183, 1.0406021363654807, 0.21741920315300337, 2.051644212323122, 3.306452265483873, 3.4480510085623743, 1.0791901015303482, 0.2091219461451568, 2.555106205315163, 1.7158662631578219, 2.239895287150369, 0.18241257121344345], "power_resource": [7.467793524, 7.67204271, 8.068227642, 8.394841638, 8.648806338, 8.827659054, 8.930938032, 8.958643272, 0.0, 0.0, 0.0, 0.0, 0.0, 0.0, 0.0, 0.0, 0.0, 0.0, 0.0, 0.0, 0.0, 0.0, 0.0, 0.0, 0.0, 0.0, 0.0, 0.0, 0.0, 0.0, 0.0, 0.0, 0.0, 0.0, 0.0, 0.0, 0.0, 0.0, 0.0, 0.0, 0.0, 0.0, 0.0, 0.0, 6.76238733, 7.128866088, 7.455172248, 7.733763828, 7.957714518, 8.12148327, 8.337276306, 8.63864775, 8.866908144, 9.019286964, 9.094706784, 9.093013686, 9.015285096, 8.863983702, 8.642803536, 8.356362138, 8.01066231, 7.612168608, 7.168423014, 6.6877371, 6.178884192, 5.650945452, 5.113309878, 4.662637974, 4.536117378, 4.329405504, 4.04650422, 3.692031066, 3.272142762, 2.7936117, 2.653700238, 2.88134496, 3.070356264, 3.652320222, 4.23120582, 4.797316224, 5.341262436, 5.853655458, 6.325721964, 6.749458218, 7.11716832, 7.422387714, 7.659113598, 7.823036268, 7.910461692, 7.918927182, 7.847663148, 7.696515672, 7.467023934, 7.161650622, 6.784551522, 6.86397321, 7.179966864, 7.442089218, 7.644645306, 8.005429098, 8.34543396, 8.613405198, 8.806572288, 8.92416564, 8.966031336, 0.0, 0.0, 0.0, 0.0, 0.0, 0.0, 0.0, 0.0, 0.0, 0.0, 0.0, 0.0, 0.0, 0.0, 0.0], "min_cpu_time": [11, 9, 4, 6, 3, 11, 3, 12, 2, 4, 6, 3, 6, 8, 21, 21, 11, 20, 13, 3, 7, 4, 16, 21], "max_cpu_time": [28, 24, 53, 51, 42, 35, 4, 48, 23, 47, 12, 4, 15, 56, 24, 59, 46, 57, 52, 59, 7, 14, 50, 24], "min_job_period": [75, 95, 47, 8, 36, 83, 16, 94, 21, 48, 10, 57, 12, 67, 103, 23, 15, 2, 6, 54, 49, 43, 84, 41], "max_job_period": [93, 106, 99, 109, 38, 113, 78, 119, 78, 84, 91, 108, 32, 114, 103, 40, 78, 95, 24, 103, 68, 53, 108, 46], "min_startup": [1, 1, 2, 1, 2, 1, 2, 1, 3, 2, 1, 2, 1, 1, 1, 1, 1, 1, 1, 2, 1, 2, 1, 1], "max_startup": [68, 4, 33, 16, 117, 5, 117, 54, 10, 29, 72, 91, 60, 32, 1, 46, 16, 1, 7, 56, 8, 23, 82, 74], "priority": [5, 16, 14, 4, 20, 3, 15, 6, 17, 22, 9, 2, 1, 18, 7, 13, 24, 11, 19, 23, 8, 21, 10, 12], "win_min": [0, 0, 0, 0, 0, 0, 0, 0, 0, 0, 0, 0, 0, 0, 0, 9, 0, 0, 0, 0, 0, 0, 0, 0], "win_max": [120, 120, 120, 120, 120, 120, 120, 120, 120, 120, 120, 120, 120, 120, 120, 111, 120, 120, 120, 120, 120, 120, 120, 120]}