{"subs": 1, "jobs": 13, "T": 120, "power_use": [1.4402723335120493, 1.378070022257685, 3.1962215527087237, 3.233786590126436, 0.1476758025380535, 0.193308415948869, 3.0131312739630944, 0.3967561982494243, 1.902530906095064, 0.8047831064489037, 1.0731440050769692, 3.028901905860392, 3.97583891666925], "power_resource": [8.287560792, 7.930163196, 7.521356988, 7.068991986, 6.581379762, 6.067293642, 5.535814788, 4.996793952, 4.638165012, 4.495021272, 4.272609762, 3.974470596, 3.606144822, 3.173327406, 2.68356033, 2.720654568, 2.932753572, 3.195029844, 3.777455556, 4.354801974, 4.9176801, 5.4563931, 5.961859812, 6.425460828, 6.839192412, 7.195512582, 7.4881107, 7.711445718, 7.861054014, 7.933549392, 7.926930918, 7.840275084, 7.674043644, 7.429929696, 7.110703764, 6.720521634, 6.909994692, 7.21644543, 7.467793524, 7.67204271, 8.068227642, 8.394841638, 8.648806338, 8.827659054, 8.930938032, 8.958643272, 0.0, 0.0, 0.0, 0.0, 0.0, 0.0, 0.0, 0.0, 0.0, 0.0, 0.0, 0.0, 0.0, 0.0, 0.0, 0.0, 0.0, 0.0, 0.0, 0.0, 0.0, 0.0, 0.0, 0.0, 0.0, 0.0, 0.0, 0.0, 0.0, 0.0, 0.0, 0.0, 0.0, 0.0, 0.0, 0.0, 6.76238733, 7.128866088, 7.455172248, 7.733763828, 7.957714518, 8.12148327, 8.337276306, 8.63864775, 8.866908144, 9.019286964, 9.094706784, 9.093013686, 9.015285096, 8.863983702, 8.642803536, 8.356362138, 8.01066231, 7.612168608, 7.168423014, 6.6877371, 6.178884192, 5.650945452, 5.113309878, 4.662637974, 4.536117378, 4.329405504, 4.04650422, 3.692031066, 3.272142762, 2.7936117, 2.653700238, 2.88134496, 3.070356264, 3.652320222, 4.23120582, 4.797316224, 5.341262436, 5.853655458], "min_cpu_time": [4, 22, 16, 9, 23, 14, 6, 16, 22, 17, 19, 7, 16], "max_cpu_time": [12, 39, 54, 40, 39, 37, 58, 27, 30, 51, 44, 21, 25], "min_job_period": [60, 112, 45, 108, 11, 32, 109, 89, 24, 8, 115, 61, 27], "max_job_period": [118, 118, 113, 115, 100, 62, 115, 115, 48, 30, 117, 70, 52], "min_startup": [1, 1, 1, 1, 1, 1, 1, 1, 1, 1, 1, 1, 1], "max_startup": [52, 104, 9, 57, 41, 7, 47, 40, 10, 71, 82, 7, 50], "priority": [1, 8, 13, 12, 4, 6, 3, 7, 10, 9, 2, 5, 11], "win_min": [0, 0, 7, 0, 0, 0, 0, 0, 0, 0, 0, 0, 0], "win_max": [120, 120, 115, 120, 120, 120, 120, 120, 120, 120, 120, 120, 120]}