{"subs": 1, "jobs": 22, "T": 120, "power_use": [1.894049524492953, 2.901752204004461, 2.6636563554597443, 1.3222357138452951, 0.2852581174816146, 3.029913423847321, 1.4693266786698373, 1.1130682398060872, 2.0536029808850293, 0.8408723553110894, 0.7745714047541782, 1.735649694489073, 2.087682451513398, 3.124919173902225, 3.380685403339634, 3.731537242377932, 1.2122565512847345, 3.1695330943806588, 3.9195498269165894, 0.7250641431452379, 1.8898882510857948, 1.7689350670699473], "power_resource": [0.0, 0.0, 0.0, 0.0, 0.0, 0.0, 0.0, 0.0, 0.0, 0.0, 0.0, 0.0, 0.0, 0.0, 0.0, 0.0, 0.0, 0.0, 0.0, 0.0, 0.0, 0.0, 0.0, 0.0, 0.0, 0.0, 6.809794074, 6.832112184, 7.190895042, 7.507966122, 7.775783442, 7.987882446, 8.138722086, 8.40238362, 8.689132854, 8.902155366, 9.03883455, 9.098400816, 9.081008082, 8.987887692, 8.82181017, 8.586777384, 8.287560792, 7.930163196, 7.521356988, 7.068991986, 6.581379762, 6.067293642, 5.535814788, 4.996793952, 4.638165012, 4.495021272, 4.272609762, 3.974470596, 3.606144822, 3.173327406, 2.68356033, 2.720654568, 2.932753572, 3.195029844, 3.777455556, 4.354801974, 4.9176801, 5.4563931, 5.961859812, 6.425460828, 6.839192412, 7.195512582, 7.4881107, 7.711445718, 7.861054014, 7.933549392, 7.926930918, 7.840275084, 7.674043644, 7.429929696, 7.110703764, 6.720521634, 6.909994692, 7.21644543, 7.467793524, 7.67204271, 8.068227642, 8.394841638, 8.648806338, 8.827659054, 8.930938032, 8.958643272, 0.0, 0.0, 0.0, 0.0, 0.0, 0.0, 0.0, 0.0, 0.0, 0.0, 0.0, 0.0, 0.0, 0.0, 0.0, 0.0, 0.0, 0.0, 0.0, 0.0, 0.0, 0.0, 0.0, 0.0, 0.0, 0.0, 0.0, 0.0, 0.0, 0.0, 0.0, 0.0], "min_cpu_time": [12, 19, 8, 1, 22, 2, 3, 16, 3, 18, 10, 11, 4, 11, 13, 3, 7, 12, 23, 22, 20, 20], "max_cpu_time": [16, 57, 35, 12, 57, 45, 38, 27, 31, 55, 28, 59, 53, 13, 55, 39, 22, 28, 34, 25, 49, 49], "min_job_period": [37, 112, 50, 19, 57, 8, 20, 85, 14, 103, 50, 64, 22, 68, 112, 33, 62, 97, 20, 57, 25, 119], "max_job_period": [59, 114, 78, 23, 104, 70, 67, 102, 108, 119, 103, 113, 86, 86, 117, 81, 68, 109, 98, 81, 74, 119], "min_startup": [1, 1, 1, 6, 1, 3, 2, 1, 2, 1, 1, 1, 2, 1, 1, 2, 1, 1, 1, 1, 1, 1], "max_startup": [28, 104, 19, 30, 41, 85, 27, 60, 82, 52, 95, 5, 86, 100, 23, 103, 9, 97, 55, 64, 117, 86], "priority": [3, 22, 5, 2, 8, 10, 4, 1, 16, 7, 14, 21, 9, 12, 15, 19, 11, 20, 18, 6, 17, 13], "win_min": [0, 2, 0, 0, 0, 0, 0, 0, 0, 0, 0, 0, 0, 0, 0, 0, 0, 0, 0, 0, 0, 0], "win_max": [120, 107, 120, 120, 120, 120, 120, 120, 120, 120, 120, 120, 120, 120, 120, 120, 120, 120, 120, 120, 120, 120]}