{"subs": 1, "jobs": 18, "T": 120, "power_use": [0.5769376737570675, 2.1338649954928584, 3.988397676323419, 3.223280754654649, 0.5597161722773816, 3.0937738019365755, 1.8918250108361514, 2.3029250928466847, 0.20543496940125505, 2.121943069777012, 3.50901967282544, 3.3656955133478994, 0.7496764171866633, 0.9518240747836101, 3.754489138891202, 1.5742516566000648, 0.5055750193532779, 2.3666173307166596], "power_resource": [7.467023934, 7.161650622, 6.784551522, 6.86397321, 7.179966864, 7.442089218, 7.644645306, 8.005429098, 8.34543396, 8.613405198, 8.806572288, 8.92416564, 8.966031336, 0.0, 0.0, 0.0, 0.0, 0.0, 0.0, 0.0, 0.0, 0.0, 0.0, 0.0, 0.0, 0.0, 0.0, 0.0, 0.0, 0.0, 0.0, 0.0, 0.0, 0.0, 0.0, 0.0, 0.0, 0.0, 0.0, 0.0, 0.0, 0.0, 0.0, 0.0, 0.0, 0.0, 0.0, 0.0, 0.0, 6.691123296, 7.065144036, 7.40037744, 7.689435444, 7.925083902, 8.101627848, 8.26924455, 8.585084286, 8.828582562, 8.996661018, 9.087780474, 9.101633094, 9.039450222, 8.902924956, 8.695905246, 8.422700796, 8.088698736, 7.700825376, 7.266007026, 6.792709176, 6.289551234, 5.765306526, 5.229671886, 4.691882394, 4.573827288, 4.383276804, 4.115459484, 3.775300704, 3.368341512, 2.901508218, 2.583821466, 2.827011906, 2.989549314, 3.527338806, 4.10730183, 4.676336676, 5.224900428, 5.743911924, 6.224136084, 6.657569172, 7.036515288, 7.354048122, 7.604164872, 7.782247998, 7.88444955, 7.908152922, 7.851972852, 7.71590934, 7.50119373, 7.209980874, 6.846118722, 6.815950794, 7.141487364, 7.41423006, 7.628329998, 7.940167866, 8.293563594, 8.575233534, 8.782714998, 8.914468806, 8.970648876, 8.952178716, 0.0, 0.0, 0.0, 0.0, 0.0, 0.0, 0.0, 0.0, 0.0], "min_cpu_time": [17, 16, 10, 23, 16, 1, 15, 1, 15, 22, 8, 6, 6, 6, 13, 13, 15, 23], "max_cpu_time": [49, 30, 15, 47, 16, 44, 20, 37, 44, 42, 12, 28, 25, 52, 54, 33, 17, 45], "min_job_period": [21, 13, 90, 61, 39, 8, 76, 7, 119, 37, 11, 55, 48, 13, 6, 55, 75, 101], "max_job_period": [63, 99, 106, 88, 97, 73, 78, 118, 119, 39, 76, 89, 116, 115, 92, 73, 78, 118], "min_startup": [1, 1, 1, 1, 1, 11, 1, 11, 1, 1, 2, 2, 2, 2, 1, 1, 1, 1], "max_startup": [53, 40, 103, 99, 30, 75, 105, 110, 16, 44, 111, 81, 72, 56, 28, 79, 63, 55], "priority": [9, 15, 13, 1, 4, 12, 10, 3, 5, 17, 11, 7, 2, 18, 8, 16, 14, 6], "win_min": [0, 0, 0, 0, 0, 0, 0, 0, 0, 0, 0, 18, 0, 0, 0, 0, 0, 0], "win_max": [120, 120, 120, 120, 120, 120, 120, 120, 120, 120, 120, 114, 120, 120, 120, 120, 120, 120]}