{"subs": 1, "jobs": 13, "T": 120, "power_use": [2.4587445946225253, 0.578268394162569, 2.4914329045448618, 1.8261675989606083, 3.9326703044150677, 0.6804901519910068, 1.1150367974792168, 1.9030863755250504, 1.6655412660364175, 0.5291684009908286, 1.6193719012344583, 3.5206889297658024, 0.8591981523956146], "power_resource": [8.689132854, 8.902155366, 9.03883455, 9.098400816, 9.081008082, 8.987887692, 8.82181017, 8.586777384, 8.287560792, 7.930163196, 7.521356988, 7.068991986, 6.581379762, 6.067293642, 5.535814788, 4.996793952, 4.638165012, 4.495021272, 4.272609762, 3.974470596, 3.606144822, 3.173327406, 2.68356033, 2.720654568, 2.932753572, 3.195029844, 3.777455556, 4.354801974, 4.9176801, 5.4563931, 5.961859812, 6.425460828, 6.839192412, 7.195512582, 7.4881107, 7.711445718, 7.861054014, 7.933549392, 7.926930918, 7.840275084, 7.674043644, 7.429929696, 7.110703764, 6.720521634, 6.909994692, 7.21644543, 7.467793524, 7.67204271, 8.068227642, 8.394841638, 8.648806338, 8.827659054, 8.930938032, 8.958643272, 0.0, 0.0, 0.0, 0.0, 0.0, 0.0, 0.0, 0.0, 0.0, 0.0, 0.0, 0.0, 0.0, 0.0, 0.0, 0.0, 0.0, 0.0, 0.0, 0.0, 0.0, 0.0, 0.0, 0.0, 0.0, 0.0, 0.0, 0.0, 0.0, 0.0, 0.0, 0.0, 0.0, 0.0, 0.0, 0.0, 6.76238733, 7.128866088, 7.455172248, 7.733763828, 7.957714518, 8.12148327, 8.337276306, 8.63864775, 8.866908144, 9.019286964, 9.094706784, 9.093013686, 9.015285096, 8.863983702, 8.642803536, 8.356362138, 8.01066231, 7.612168608, 7.168423014, 6.6877371, 6.178884192, 5.650945452, 5.113309878, 4.662637974, 4.536117378, 4.329405504, 4.04650422, 3.692031066, 3.272142762, 2.7936117], "min_cpu_time": [12, 10, 10, 10, 4, 10, 17, 2, 8, 20, 8, 17, 10], "max_cpu_time": [35, 11, 30, 49, 28, 33, 37, 45, 24, 27, 8, 34, 28], "min_job_period": [12, 16, 14, 1, 6, 32, 15, 2, 7, 59, 38, 29, 34], "max_job_period": [86, 105, 57, 54, 49, 63, 96, 48, 57, 80, 116, 98, 34], "min_startup": [2, 3, 3, 3, 6, 3, 2, 12, 3, 1, 3, 2, 3], "max_startup": [52, 92, 37, 54, 65, 37, 11, 57, 10, 31, 73, 116, 55], "priority": [2, 4, 9, 7, 8, 6, 13, 3, 5, 11, 10, 1, 12], "win_min": [0, 0, 0, 0, 0, 6, 0, 0, 0, 0, 0, 0, 0], "win_max": [120, 120, 120, 120, 120, 104, 120, 120, 120, 120, 120, 120, 120]}