{"subs": 1, "jobs": 20, "T": 120, "power_use": [3.3619563669949164, 0.5850486318675329, 1.109183932510462, 3.376015649771126, 0.06162198559075331, 0.6246446910559457, 2.9819387787020095, 3.4167060037082044, 0.7717200394063062, 0.5472136039326461, 2.9045537693707697, 1.6274948182927622, 2.753835737063655, 3.812441690249299, 3.424668226253451, 2.9305008460771904, 1.4339736779835008, 0.5383316613091628, 2.8046019203601316, 0.21430149117849387], "power_resource": [8.845975296, 8.9349399, 8.948638602, 0.0, 0.0, 0.0, 0.0, 0.0, 0.0, 0.0, 0.0, 0.0, 0.0, 0.0, 0.0, 0.0, 0.0, 0.0, 0.0, 0.0, 0.0, 0.0, 0.0, 0.0, 0.0, 0.0, 0.0, 0.0, 0.0, 0.0, 0.0, 0.0, 0.0, 0.0, 0.0, 0.0, 0.0, 0.0, 6.809794074, 6.832112184, 7.190895042, 7.507966122, 7.775783442, 7.987882446, 8.138722086, 8.40238362, 8.689132854, 8.902155366, 9.03883455, 9.098400816, 9.081008082, 8.987887692, 8.82181017, 8.586777384, 8.287560792, 7.930163196, 7.521356988, 7.068991986, 6.581379762, 6.067293642, 5.535814788, 4.996793952, 4.638165012, 4.495021272, 4.272609762, 3.974470596, 3.606144822, 3.173327406, 2.68356033, 2.720654568, 2.932753572, 3.195029844, 3.777455556, 4.354801974, 4.9176801, 5.4563931, 5.961859812, 6.425460828, 6.839192412, 7.195512582, 7.4881107, 7.711445718, 7.861054014, 7.933549392, 7.926930918, 7.840275084, 7.674043644, 7.429929696, 7.110703764, 6.720521634, 6.909994692, 7.21644543, 7.467793524, 7.67204271, 8.068227642, 8.394841638, 8.648806338, 8.827659054, 8.930938032, 8.958643272, 0.0, 0.0, 0.0, 0.0, 0.0, 0.0, 0.0, 0.0, 0.0, 0.0, 0.0, 0.0, 0.0, 0.0, 0.0, 0.0, 0.0, 0.0, 0.0, 0.0], "min_cpu_time": [22, 12, 9, 17, 7, 2, 11, 9, 4, 7, 2, 2, 15, 14, 4, 1, 15, 1, 17, 23], "max_cpu_time": [35, 58, 23, 31, 26, 25, 26, 46, 59, 45, 31, 15, 23, 26, 12, 42, 16, 38, 39, 30], "min_job_period": [85, 14, 9, 51, 11, 4, 88, 19, 7, 19, 3, 8, 6, 84, 30, 10, 16, 12, 3, 32], "max_job_period": [94, 28, 48, 109, 76, 67, 115, 48, 80, 86, 115, 69, 91, 91, 31, 87, 31, 105, 101, 104], "min_startup": [1, 1, 1, 1, 2, 4, 1, 1, 2, 2, 4, 4, 1, 1, 2, 8, 1, 8, 1, 1], "max_startup": [102, 50, 69, 95, 57, 112, 108, 92, 49, 78, 26, 72, 1, 21, 94, 18, 28, 93, 31, 3], "priority": [2, 16, 19, 1, 18, 10, 9, 15, 8, 17, 13, 5, 11, 12, 6, 20, 4, 14, 3, 7], "win_min": [0, 12, 0, 0, 0, 0, 0, 0, 0, 0, 0, 0, 0, 0, 0, 0, 0, 0, 0, 0], "win_max": [120, 109, 120, 120, 120, 120, 120, 120, 120, 120, 120, 120, 120, 120, 120, 120, 120, 120, 120, 120]}