{"subs": 1, "jobs": 22, "T": 120, "power_use": [0.036208285532208895, 0.7747709854916159, 1.3587576596201947, 1.6983119589362417, 2.4958841229700437, 0.7810477974295722, 1.405754029233335, 1.1835007930733195, 2.086987864656177, 1.2558305824066702, 1.4848533936640174, 1.3690152231458022, 3.278063857468792, 2.6357443657920068, 1.5512741095634994, 3.9955746075087353, 2.072318684318711, 3.590018527464475, 0.07040416748961811, 2.157267139121684, 3.646602006929859, 2.355891758712668], "power_resource": [7.35189327, 7.588773072, 7.80210342, 8.18151129, 8.490578634, 8.72638101, 8.886917484, 8.971572384, 8.9811153, 0.0, 0.0, 0.0, 0.0, 0.0, 0.0, 0.0, 0.0, 0.0, 0.0, 0.0, 0.0, 0.0, 0.0, 0.0, 0.0, 0.0, 0.0, 0.0, 0.0, 0.0, 0.0, 0.0, 0.0, 0.0, 0.0, 0.0, 0.0, 0.0, 0.0, 0.0, 0.0, 0.0, 0.0, 0.0, 6.771160656, 6.863665374, 7.22414133, 7.54275159, 7.81210809, 8.025592356, 8.17766334, 8.406385488, 8.694519984, 8.908927758, 9.04730004, 9.108559404, 9.092859768, 9.001740312, 8.83797156, 8.605093626, 8.308339722, 7.95371265, 7.547830884, 7.098544242, 6.614010378, 6.103310454, 5.575525632, 5.040198828, 4.667255514, 4.525497036, 4.304470788, 4.00802472, 3.64169988, 3.211191234, 2.724040764, 2.64585042, 2.856102408, 3.152086722, 3.733127172, 4.30893441, 4.869811602, 5.406215832, 5.909219856, 6.370204266, 6.78085749, 7.133945382, 7.423157304, 7.642952208, 7.788866472, 7.8575139, 7.847201394, 7.75669761, 7.58661822, 7.338656322, 7.015736358, 6.662032794, 7.014351096, 7.317569556, 7.565531454, 7.752541824, 8.121637188, 8.444249316, 8.69405823, 8.86875516, 8.967878352, 8.991427806, 0.0, 0.0, 0.0, 0.0, 0.0, 0.0, 0.0, 0.0, 0.0, 0.0, 0.0, 0.0, 0.0, 0.0], "min_cpu_time": [11, 17, 20, 5, 11, 21, 18, 12, 1, 6, 21, 5, 1, 4, 14, 20, 19, 21, 6, 5, 17, 16], "max_cpu_time": [33, 23, 43, 12, 13, 59, 44, 14, 49, 38, 56, 40, 24, 11, 18, 43, 58, 56, 25, 17, 49, 30], "min_job_period": [79, 13, 59, 30, 22, 32, 10, 40, 1, 20, 88, 18, 4, 11, 82, 77, 81, 37, 2, 28, 83, 77], "max_job_period": [116, 59, 99, 52, 110, 69, 58, 41, 12, 58, 116, 59, 26, 48, 110, 113, 90, 54, 27, 51, 100, 103], "min_startup": [1, 1, 1, 3, 1, 1, 1, 1, 13, 3, 1, 3, 13, 4, 1, 1, 1, 1, 3, 3, 1, 1], "max_startup": [104, 62, 83, 84, 1, 116, 77, 97, 44, 102, 61, 74, 91, 55, 50, 72, 90, 91, 56, 43, 73, 27], "priority": [5, 15, 1, 4, 21, 10, 22, 2, 7, 13, 17, 19, 18, 11, 12, 16, 3, 9, 6, 14, 20, 8], "win_min": [0, 0, 0, 0, 0, 0, 0, 0, 0, 0, 0, 0, 0, 0, 0, 5, 0, 0, 0, 0, 0, 0], "win_max": [120, 120, 120, 120, 120, 120, 120, 120, 120, 120, 120, 120, 120, 120, 120, 101, 120, 120, 120, 120, 120, 120]}