{"subs": 1, "jobs": 9, "T": 120, "power_use": [2.904504667821687, 3.2172945984385994, 0.8449607288578339, 2.1614064656848693, 1.3364852433835097, 2.2076632087185324, 2.9742815661960744, 3.8745857869649662, 1.878450147743646], "power_resource": [6.961865058, 6.714980586, 7.05867948, 7.35189327, 7.588773072, 7.80210342, 8.18151129, 8.490578634, 8.72638101, 8.886917484, 8.971572384, 8.9811153, 0.0, 0.0, 0.0, 0.0, 0.0, 0.0, 0.0, 0.0, 0.0, 0.0, 0.0, 0.0, 0.0, 0.0, 0.0, 0.0, 0.0, 0.0, 0.0, 0.0, 0.0, 0.0, 0.0, 0.0, 0.0, 0.0, 0.0, 0.0, 0.0, 0.0, 0.0, 0.0, 0.0, 0.0, 0.0, 6.771160656, 6.863665374, 7.22414133, 7.54275159, 7.81210809, 8.025592356, 8.17766334, 8.406385488, 8.694519984, 8.908927758, 9.04730004, 9.108559404, 9.092859768, 9.001740312, 8.83797156, 8.605093626, 8.308339722, 7.95371265, 7.547830884, 7.098544242, 6.614010378, 6.103310454, 5.575525632, 5.040198828, 4.667255514, 4.525497036, 4.304470788, 4.00802472, 3.64169988, 3.211191234, 2.724040764, 2.64585042, 2.856102408, 3.152086722, 3.733127172, 4.30893441, 4.869811602, 5.406215832, 5.909219856, 6.370204266, 6.78085749, 7.133945382, 7.423157304, 7.642952208, 7.788866472, 7.8575139, 7.847201394, 7.75669761, 7.58661822, 7.338656322, 7.015736358, 6.662032794, 7.014351096, 7.317569556, 7.565531454, 7.752541824, 8.121637188, 8.444249316, 8.69405823, 8.86875516, 8.967878352, 8.991427806, 0.0, 0.0, 0.0, 0.0, 0.0, 0.0, 0.0, 0.0, 0.0, 0.0, 0.0], "min_cpu_time": [3, 4, 12, 17, 20, 3, 3, 19, 17], "max_cpu_time": [11, 41, 59, 39, 41, 29, 10, 25, 28], "min_job_period": [9, 6, 16, 18, 19, 6, 9, 20, 47], "max_job_period": [93, 112, 66, 33, 26, 101, 119, 111, 69], "min_startup": [10, 8, 3, 2, 2, 10, 10, 2, 2], "max_startup": [58, 100, 102, 118, 47, 14, 21, 58, 111], "priority": [5, 8, 2, 6, 9, 7, 3, 1, 4], "win_min": [0, 0, 11, 0, 0, 0, 0, 0, 0], "win_max": [120, 120, 98, 120, 120, 120, 120, 120, 120]}