{"subs": 1, "jobs": 22, "T": 120, "power_use": [1.681561230199471, 1.8857432555360665, 0.6037095381365469, 0.8420895222674397, 3.56314068791345, 1.504990430554641, 3.369628706251243, 2.896417363866895, 0.7758564514170595, 3.0585377841327173, 3.8395657065288264, 1.683477896292402, 1.9891101974721297, 2.90577616854675, 0.6980312059555576, 2.2658618834402233, 2.620975899743298, 2.3186884593296697, 0.5389672561012735, 3.2963834611151563, 0.4452524719491683, 0.358969728841359], "power_resource": [9.094706784, 9.093013686, 9.015285096, 8.863983702, 8.642803536, 8.356362138, 8.01066231, 7.612168608, 7.168423014, 6.6877371, 6.178884192, 5.650945452, 5.113309878, 4.662637974, 4.536117378, 4.329405504, 4.04650422, 3.692031066, 3.272142762, 2.7936117, 2.653700238, 2.88134496, 3.070356264, 3.652320222, 4.23120582, 4.797316224, 5.341262436, 5.853655458, 6.325721964, 6.749458218, 7.11716832, 7.422387714, 7.659113598, 7.823036268, 7.910461692, 7.918927182, 7.847663148, 7.696515672, 7.467023934, 7.161650622, 6.784551522, 6.86397321, 7.179966864, 7.442089218, 7.644645306, 8.005429098, 8.34543396, 8.613405198, 8.806572288, 8.92416564, 8.966031336, 0.0, 0.0, 0.0, 0.0, 0.0, 0.0, 0.0, 0.0, 0.0, 0.0, 0.0, 0.0, 0.0, 0.0, 0.0, 0.0, 0.0, 0.0, 0.0, 0.0, 0.0, 0.0, 0.0, 0.0, 0.0, 0.0, 0.0, 0.0, 0.0, 0.0, 0.0, 0.0, 0.0, 0.0, 0.0, 0.0, 6.691123296, 7.065144036, 7.40037744, 7.689435444, 7.925083902, 8.101627848, 8.26924455, 8.585084286, 8.828582562, 8.996661018, 9.087780474, 9.101633094, 9.039450222, 8.902924956, 8.695905246, 8.422700796, 8.088698736, 7.700825376, 7.266007026, 6.792709176, 6.289551234, 5.765306526, 5.229671886, 4.691882394, 4.573827288, 4.383276804, 4.115459484, 3.775300704, 3.368341512, 2.901508218, 2.583821466, 2.827011906, 2.989549314], "min_cpu_time": [21, 13, 18, 5, 20, 5, 22, 2, 20, 8, 9, 17, 9, 21, 15, 17, 18, 23, 8, 23, 23, 7], "max_cpu_time": [26, 21, 27, 44, 38, 27, 41, 15, 30, 14, 11, 21, 17, 26, 25, 19, 43, 35, 35, 46, 58, 47], "min_job_period": [70, 3, 29, 102, 112, 23, 39, 29, 102, 57, 99, 88, 57, 68, 4, 35, 48, 99, 53, 71, 37, 78], "max_job_period": [85, 84, 41, 110, 119, 37, 107, 103, 109, 87, 111, 109, 104, 80, 42, 43, 103, 109, 77, 116, 54, 83], "min_startup": [1, 1, 1, 1, 1, 1, 1, 2, 1, 1, 1, 1, 1, 1, 1, 1, 1, 1, 1, 1, 1, 1], "max_startup": [118, 102, 91, 93, 37, 105, 59, 86, 29, 54, 65, 2, 35, 16, 96, 82, 116, 79, 96, 98, 45, 84], "priority": [22, 17, 8, 13, 1, 3, 9, 20, 4, 18, 19, 2, 14, 6, 15, 10, 7, 12, 5, 11, 16, 21], "win_min": [0, 0, 0, 0, 0, 0, 0, 0, 0, 0, 0, 22, 0, 0, 0, 0, 0, 0, 0, 0, 0, 0], "win_max": [120, 120, 120, 120, 120, 120, 120, 120, 120, 120, 120, 97, 120, 120, 120, 120, 120, 120, 120, 120, 120, 120]}