{"subs": 1, "jobs": 24, "T": 120, "power_use": [2.531351666380853, 0.8522034055395477, 1.4709661335052509, 2.049303377576132, 3.2987522325432086, 2.1483497633807196, 0.9953487436107263, 1.1639191022828477, 2.2031351089772824, 0.019706219506915403, 3.1751169130810966, 0.19084099696968107, 2.886684847979096, 0.6224246806010004, 0.2812148970813298, 3.4379875516696625, 2.6983772451206263, 1.3891228014948112, 2.9290398851057255, 0.8890481736196374, 1.9100714518384916, 1.3203662179059579, 3.9702115736768038, 0.5595210568964518], "power_resource": [7.628329998, 7.940167866, 8.293563594, 8.575233534, 8.782714998, 8.914468806, 8.970648876, 8.952178716, 0.0, 0.0, 0.0, 0.0, 0.0, 0.0, 0.0, 0.0, 0.0, 0.0, 0.0, 0.0, 0.0, 0.0, 0.0, 0.0, 0.0, 0.0, 0.0, 0.0, 0.0, 0.0, 0.0, 0.0, 0.0, 0.0, 0.0, 0.0, 0.0, 0.0, 0.0, 0.0, 0.0, 0.0, 0.0, 6.658030926, 6.999574968, 7.343581698, 7.642644372, 7.88983668, 8.079001902, 8.20459899, 8.52859638, 8.787024702, 8.970648876, 9.077467968, 9.107174142, 9.06038307, 8.938941768, 8.746236432, 8.486115012, 8.164426392, 7.787327292, 7.36189794, 6.89629599, 6.398986932, 5.87889801, 5.345418222, 4.808090484, 4.60830492, 4.433761908, 4.181490306, 3.8556459, 3.462077574, 3.007095966, 2.511018252, 2.769600492, 2.948145372, 3.402203472, 3.982782168, 4.55443362, 5.107460994, 5.63262921, 6.120857106, 6.56383311, 6.953553486, 7.283091924, 7.546445622, 7.738535286, 7.855512966, 7.894146384, 7.853358114, 7.732532484, 7.532593002, 7.25569452, 6.905223234, 6.766389198, 7.10100693, 7.384062132, 7.60970592, 7.872290028, 8.238768786, 8.534291346, 8.755933266, 8.902155366, 8.972495892, 8.96803227, 0.0, 0.0, 0.0, 0.0, 0.0, 0.0, 0.0, 0.0, 0.0, 0.0, 0.0, 0.0, 0.0, 0.0, 0.0], "min_cpu_time": [7, 18, 14, 15, 13, 22, 3, 22, 8, 12, 7, 12, 8, 4, 5, 17, 11, 5, 10, 7, 16, 2, 20, 21], "max_cpu_time": [23, 56, 36, 17, 39, 46, 58, 52, 45, 17, 30, 53, 39, 12, 36, 24, 53, 24, 53, 21, 56, 10, 32, 36], "min_job_period": [80, 32, 82, 84, 20, 104, 5, 99, 23, 114, 2, 69, 69, 26, 66, 105, 61, 31, 32, 67, 52, 43, 15, 117], "max_job_period": [113, 101, 89, 112, 91, 106, 92, 104, 79, 117, 71, 69, 80, 90, 104, 108, 109, 31, 112, 92, 64, 116, 107, 119], "min_startup": [1, 1, 1, 1, 1, 1, 1, 1, 1, 1, 1, 1, 1, 1, 1, 1, 1, 1, 1, 1, 1, 1, 1, 1], "max_startup": [117, 20, 77, 52, 74, 86, 56, 54, 30, 112, 119, 24, 27, 38, 32, 7, 72, 82, 27, 93, 105, 49, 22, 40], "priority": [17, 12, 23, 18, 24, 19, 11, 8, 2, 14, 20, 1, 7, 21, 9, 3, 15, 5, 6, 13, 22, 16, 4, 10], "win_min": [0, 0, 0, 0, 0, 0, 0, 0, 0, 0, 0, 20, 0, 0, 0, 0, 0, 0, 0, 0, 0, 0, 0, 0], "win_max": [120, 120, 120, 120, 120, 120, 120, 120, 120, 120, 120, 106, 120, 120, 120, 120, 120, 120, 120, 120, 120, 120, 120, 120]}