{"subs": 1, "jobs": 9, "T": 120, "power_use": [1.8303146671373947, 0.025730587923191058, 1.2863851900685344, 1.211549569511481, 3.7980184337274245, 0.647495378651121, 0.5812304479741766, 3.85065721499565, 3.783370843516795], "power_resource": [6.178884192, 5.650945452, 5.113309878, 4.662637974, 4.536117378, 4.329405504, 4.04650422, 3.692031066, 3.272142762, 2.7936117, 2.653700238, 2.88134496, 3.070356264, 3.652320222, 4.23120582, 4.797316224, 5.341262436, 5.853655458, 6.325721964, 6.749458218, 7.11716832, 7.422387714, 7.659113598, 7.823036268, 7.910461692, 7.918927182, 7.847663148, 7.696515672, 7.467023934, 7.161650622, 6.784551522, 6.86397321, 7.179966864, 7.442089218, 7.644645306, 8.005429098, 8.34543396, 8.613405198, 8.806572288, 8.92416564, 8.966031336, 0.0, 0.0, 0.0, 0.0, 0.0, 0.0, 0.0, 0.0, 0.0, 0.0, 0.0, 0.0, 0.0, 0.0, 0.0, 0.0, 0.0, 0.0, 0.0, 0.0, 0.0, 0.0, 0.0, 0.0, 0.0, 0.0, 0.0, 0.0, 0.0, 0.0, 0.0, 0.0, 0.0, 0.0, 0.0, 0.0, 6.691123296, 7.065144036, 7.40037744, 7.689435444, 7.925083902, 8.101627848, 8.26924455, 8.585084286, 8.828582562, 8.996661018, 9.087780474, 9.101633094, 9.039450222, 8.902924956, 8.695905246, 8.422700796, 8.088698736, 7.700825376, 7.266007026, 6.792709176, 6.289551234, 5.765306526, 5.229671886, 4.691882394, 4.573827288, 4.383276804, 4.115459484, 3.775300704, 3.368341512, 2.901508218, 2.583821466, 2.827011906, 2.989549314, 3.527338806, 4.10730183, 4.676336676, 5.224900428, 5.743911924, 6.224136084, 6.657569172, 7.036515288, 7.354048122, 7.604164872], "min_cpu_time": [19, 14, 2, 21, 8, 12, 11, 3, 21], "max_cpu_time": [54, 50, 30, 24, 23, 34, 37, 40, 32], "min_job_period": [55, 56, 4, 98, 37, 56, 11, 11, 42], "max_job_period": [116, 113, 39, 103, 76, 118, 39, 67, 93], "min_startup": [1, 2, 9, 1, 3, 2, 2, 6, 1], "max_startup": [113, 19, 35, 68, 94, 43, 82, 83, 102], "priority": [5, 7, 1, 2, 3, 6, 8, 9, 4], "win_min": [0, 0, 0, 0, 20, 0, 0, 0, 0], "win_max": [120, 120, 120, 120, 115, 120, 120, 120, 120]}