{"subs": 1, "jobs": 18, "T": 120, "power_use": [2.414755444444353, 2.330347106583212, 1.0313658144500004, 2.428637752632981, 1.307370446036544, 1.8906603017669468, 1.4305098116010995, 3.3598943355304884, 0.19603943864650417, 2.7593269831174725, 3.3750193274005498, 2.3595697987412487, 1.3330369525802923, 2.621052827909087, 2.9641760412334976, 1.5767823275509798, 2.5663592053706155, 0.8062113408835043], "power_resource": [0.0, 0.0, 0.0, 0.0, 0.0, 0.0, 0.0, 0.0, 0.0, 0.0, 0.0, 0.0, 0.0, 0.0, 0.0, 0.0, 0.0, 0.0, 0.0, 6.771160656, 6.863665374, 7.22414133, 7.54275159, 7.81210809, 8.025592356, 8.17766334, 8.406385488, 8.694519984, 8.908927758, 9.04730004, 9.108559404, 9.092859768, 9.001740312, 8.83797156, 8.605093626, 8.308339722, 7.95371265, 7.547830884, 7.098544242, 6.614010378, 6.103310454, 5.575525632, 5.040198828, 4.667255514, 4.525497036, 4.304470788, 4.00802472, 3.64169988, 3.211191234, 2.724040764, 2.64585042, 2.856102408, 3.152086722, 3.733127172, 4.30893441, 4.869811602, 5.406215832, 5.909219856, 6.370204266, 6.78085749, 7.133945382, 7.423157304, 7.642952208, 7.788866472, 7.8575139, 7.847201394, 7.75669761, 7.58661822, 7.338656322, 7.015736358, 6.662032794, 7.014351096, 7.317569556, 7.565531454, 7.752541824, 8.121637188, 8.444249316, 8.69405823, 8.86875516, 8.967878352, 8.991427806, 0.0, 0.0, 0.0, 0.0, 0.0, 0.0, 0.0, 0.0, 0.0, 0.0, 0.0, 0.0, 0.0, 0.0, 0.0, 0.0, 0.0, 0.0, 0.0, 0.0, 0.0, 0.0, 0.0, 0.0, 0.0, 0.0, 0.0, 0.0, 0.0, 0.0, 0.0, 0.0, 0.0, 0.0, 0.0, 0.0, 6.793324848, 7.161650622, 7.489495962], "min_cpu_time": [5, 21, 5, 1, 8, 18, 5, 16, 1, 23, 3, 13, 9, 12, 7, 3, 19, 21], "max_cpu_time": [35, 46, 58, 37, 59, 36, 59, 40, 38, 45, 31, 24, 19, 43, 41, 37, 51, 47], "min_job_period": [36, 111, 11, 4, 58, 40, 10, 112, 4, 83, 11, 71, 48, 40, 57, 17, 8, 115], "max_job_period": [113, 119, 20, 49, 92, 79, 47, 117, 73, 99, 64, 111, 85, 43, 105, 80, 114, 117], "min_startup": [3, 1, 3, 14, 2, 1, 3, 1, 14, 1, 5, 1, 2, 2, 2, 5, 1, 1], "max_startup": [67, 48, 47, 65, 97, 103, 81, 18, 110, 33, 62, 18, 54, 62, 83, 93, 6, 107], "priority": [10, 17, 7, 14, 2, 9, 13, 3, 4, 11, 12, 1, 5, 15, 6, 8, 16, 18], "win_min": [0, 0, 0, 0, 0, 0, 0, 0, 0, 0, 0, 0, 0, 0, 0, 0, 20, 0], "win_max": [120, 120, 120, 120, 120, 120, 120, 120, 120, 120, 120, 120, 120, 120, 120, 120, 104, 120]}