{"subs": 1, "jobs": 9, "T": 120, "power_use": [3.417405997219014, 0.5883850243731836, 3.376563964812128, 0.49170900213469065, 3.8059120920267357, 3.7694539463538894, 1.8269594124221697, 2.783633441712883, 1.5473261181105251], "power_resource": [0.0, 0.0, 0.0, 0.0, 0.0, 0.0, 0.0, 0.0, 0.0, 0.0, 0.0, 6.76238733, 7.128866088, 7.455172248, 7.733763828, 7.957714518, 8.12148327, 8.337276306, 8.63864775, 8.866908144, 9.019286964, 9.094706784, 9.093013686, 9.015285096, 8.863983702, 8.642803536, 8.356362138, 8.01066231, 7.612168608, 7.168423014, 6.6877371, 6.178884192, 5.650945452, 5.113309878, 4.662637974, 4.536117378, 4.329405504, 4.04650422, 3.692031066, 3.272142762, 2.7936117, 2.653700238, 2.88134496, 3.070356264, 3.652320222, 4.23120582, 4.797316224, 5.341262436, 5.853655458, 6.325721964, 6.749458218, 7.11716832, 7.422387714, 7.659113598, 7.823036268, 7.910461692, 7.918927182, 7.847663148, 7.696515672, 7.467023934, 7.161650622, 6.784551522, 6.86397321, 7.179966864, 7.442089218, 7.644645306, 8.005429098, 8.34543396, 8.613405198, 8.806572288, 8.92416564, 8.966031336, 0.0, 0.0, 0.0, 0.0, 0.0, 0.0, 0.0, 0.0, 0.0, 0.0, 0.0, 0.0, 0.0, 0.0, 0.0, 0.0, 0.0, 0.0, 0.0, 0.0, 0.0, 0.0, 0.0, 0.0, 0.0, 0.0, 0.0, 0.0, 0.0, 0.0, 0.0, 0.0, 0.0, 0.0, 0.0, 0.0, 6.691123296, 7.065144036, 7.40037744, 7.689435444, 7.925083902, 8.101627848, 8.26924455, 8.585084286, 8.828582562, 8.996661018, 9.087780474, 9.101633094], "min_cpu_time": [2, 4, 4, 3, 23, 11, 19, 15, 21], "max_cpu_time": [5, 35, 17, 56, 38, 54, 58, 43, 38], "min_job_period": [3, 4, 2, 1, 46, 17, 48, 30, 34], "max_job_period": [38, 97, 94, 82, 72, 18, 52, 50, 86], "min_startup": [20, 10, 10, 14, 2, 4, 2, 3, 2], "max_startup": [113, 94, 10, 95, 83, 87, 114, 71, 32], "priority": [6, 4, 1, 8, 7, 2, 3, 5, 9], "win_min": [0, 0, 0, 0, 0, 0, 7, 0, 0], "win_max": [120, 120, 120, 120, 120, 120, 101, 120, 120]}