{"subs": 1, "jobs": 24, "T": 120, "power_use": [3.8760454230451713, 1.880836219631955, 2.4579507767228743, 2.836275036362426, 0.3117212383126794, 0.7108755237199509, 2.585058429342754, 0.012732361407918781, 1.4021961071135973, 2.1242849893235016, 0.6975491896232219, 0.4713897997173385, 0.45108561462849567, 2.6127903003643698, 3.620781182421586, 2.993697422802078, 2.0968924449231525, 1.9325496762855148, 3.0767466124942593, 2.870990099740977, 3.8912163179007204, 1.6644624265535881, 3.332256473186891, 3.731224093010308], "power_resource": [0.0, 0.0, 0.0, 0.0, 0.0, 0.0, 0.0, 0.0, 0.0, 0.0, 0.0, 0.0, 0.0, 6.716058012, 6.93246672, 7.284785022, 7.593852366, 7.85212677, 8.053605432, 8.192593386, 8.469030114, 8.742234564, 8.941404456, 9.064077102, 9.109482912, 9.078237558, 8.97188022, 8.793489258, 8.54706654, 8.23769136, 7.871520438, 7.45578792, 6.998189706, 6.507191286, 5.991565986, 5.460856722, 4.924298574, 4.639396356, 4.48132257, 4.244442768, 3.93337449, 3.55319703, 3.110374944, 2.612142378, 2.709264636, 2.90366307, 3.277068138, 3.858108588, 4.431914892, 4.989098052, 5.520115152, 6.01588503, 6.467942196, 6.868282914, 7.209826956, 7.486109766, 7.692205968, 7.82365194, 7.877369322, 7.851665016, 7.746077268, 7.561067832, 7.298637642, 6.961865058, 6.714980586, 7.05867948, 7.35189327, 7.588773072, 7.80210342, 8.18151129, 8.490578634, 8.72638101, 8.886917484, 8.971572384, 8.9811153, 0.0, 0.0, 0.0, 0.0, 0.0, 0.0, 0.0, 0.0, 0.0, 0.0, 0.0, 0.0, 0.0, 0.0, 0.0, 0.0, 0.0, 0.0, 0.0, 0.0, 0.0, 0.0, 0.0, 0.0, 0.0, 0.0, 0.0, 0.0, 0.0, 0.0, 0.0, 0.0, 0.0, 0.0, 0.0, 6.771160656, 6.863665374, 7.22414133, 7.54275159, 7.81210809, 8.025592356, 8.17766334, 8.406385488, 8.694519984, 8.908927758], "min_cpu_time": [1, 11, 9, 21, 14, 18, 9, 1, 5, 9, 16, 20, 17, 2, 3, 18, 12, 8, 18, 18, 18, 20, 3, 13], "max_cpu_time": [5, 15, 43, 37, 33, 46, 41, 9, 14, 14, 17, 25, 36, 55, 29, 41, 55, 33, 40, 33, 28, 44, 14, 43], "min_job_period": [7, 107, 84, 42, 93, 31, 26, 21, 10, 114, 75, 83, 33, 12, 46, 39, 80, 105, 19, 13, 62, 29, 52, 98], "max_job_period": [25, 119, 88, 96, 111, 34, 42, 86, 67, 118, 105, 84, 49, 119, 56, 88, 81, 115, 30, 119, 117, 101, 91, 115], "min_startup": [4, 1, 1, 1, 1, 1, 1, 4, 1, 1, 1, 1, 1, 2, 2, 1, 1, 1, 1, 1, 1, 1, 2, 1], "max_startup": [18, 42, 57, 16, 4, 75, 37, 99, 109, 10, 39, 53, 71, 87, 108, 33, 3, 10, 117, 79, 75, 95, 86, 60], "priority": [1, 6, 23, 16, 14, 5, 21, 10, 11, 4, 20, 18, 2, 7, 24, 13, 9, 8, 17, 12, 22, 19, 15, 3], "win_min": [0, 0, 0, 0, 0, 21, 0, 0, 0, 0, 0, 0, 0, 0, 0, 0, 0, 0, 0, 0, 0, 0, 0, 0], "win_max": [120, 120, 120, 120, 120, 117, 120, 120, 120, 120, 120, 120, 120, 120, 120, 120, 120, 120, 120, 120, 120, 120, 120, 120]}