{"subs": 1, "jobs": 18, "T": 120, "power_use": [0.8582772955602802, 2.9139566928445344, 3.986864432207475, 0.4262704334135942, 2.049767981731864, 1.202594214226714, 2.7301928186897126, 2.130642140921701, 2.304206439232762, 1.0008862225503852, 2.1977646903634147, 2.4201163794989244, 2.0453376656823683, 1.8345164691022304, 1.7882749485581124, 1.0238593023520122, 3.4426690217175913, 2.2196151992569284], "power_resource": [0.0, 0.0, 0.0, 0.0, 0.0, 0.0, 0.0, 0.0, 0.0, 0.0, 0.0, 0.0, 0.0, 0.0, 0.0, 0.0, 0.0, 0.0, 0.0, 0.0, 0.0, 0.0, 0.0, 0.0, 0.0, 0.0, 0.0, 0.0, 0.0, 0.0, 0.0, 0.0, 0.0, 0.0, 0.0, 0.0, 6.76238733, 7.128866088, 7.455172248, 7.733763828, 7.957714518, 8.12148327, 8.337276306, 8.63864775, 8.866908144, 9.019286964, 9.094706784, 9.093013686, 9.015285096, 8.863983702, 8.642803536, 8.356362138, 8.01066231, 7.612168608, 7.168423014, 6.6877371, 6.178884192, 5.650945452, 5.113309878, 4.662637974, 4.536117378, 4.329405504, 4.04650422, 3.692031066, 3.272142762, 2.7936117, 2.653700238, 2.88134496, 3.070356264, 3.652320222, 4.23120582, 4.797316224, 5.341262436, 5.853655458, 6.325721964, 6.749458218, 7.11716832, 7.422387714, 7.659113598, 7.823036268, 7.910461692, 7.918927182, 7.847663148, 7.696515672, 7.467023934, 7.161650622, 6.784551522, 6.86397321, 7.179966864, 7.442089218, 7.644645306, 8.005429098, 8.34543396, 8.613405198, 8.806572288, 8.92416564, 8.966031336, 0.0, 0.0, 0.0, 0.0, 0.0, 0.0, 0.0, 0.0, 0.0, 0.0, 0.0, 0.0, 0.0, 0.0, 0.0, 0.0, 0.0, 0.0, 0.0, 0.0, 0.0, 0.0, 0.0], "min_cpu_time": [5, 3, 23, 8, 13, 21, 11, 12, 8, 13, 11, 4, 16, 1, 10, 11, 6, 18], "max_cpu_time": [7, 47, 24, 8, 15, 54, 29, 51, 21, 57, 54, 36, 29, 22, 54, 34, 8, 20], "min_job_period": [11, 31, 32, 4, 78, 112, 70, 56, 90, 11, 73, 2, 20, 3, 61, 92, 27, 3], "max_job_period": [66, 45, 60, 34, 113, 117, 90, 93, 115, 92, 90, 60, 89, 104, 105, 108, 96, 27], "min_startup": [2, 3, 1, 1, 1, 1, 1, 1, 1, 1, 1, 2, 1, 8, 1, 1, 2, 1], "max_startup": [38, 78, 82, 79, 60, 4, 34, 87, 12, 84, 23, 54, 103, 70, 26, 112, 38, 69], "priority": [2, 4, 7, 15, 5, 1, 3, 13, 16, 6, 11, 10, 12, 17, 14, 9, 18, 8], "win_min": [18, 0, 0, 0, 0, 0, 0, 0, 0, 0, 0, 0, 0, 0, 0, 0, 0, 0], "win_max": [100, 120, 120, 120, 120, 120, 120, 120, 120, 120, 120, 120, 120, 120, 120, 120, 120, 120]}