{"subs": 1, "jobs": 18, "T": 120, "power_use": [2.46613608867152, 3.0489967879769497, 3.712401155973549, 0.7162964378583507, 3.646589801128889, 2.509432746125035, 3.2243715954677516, 1.1892653375201059, 2.0054028289210835, 0.8437471686354503, 3.419870492891615, 0.8262705791152294, 2.1978238465235727, 1.6774737213557953, 0.20786215769003089, 1.6544691203994004, 3.1397457031109783, 2.1204407587997514], "power_resource": [7.521356988, 7.068991986, 6.581379762, 6.067293642, 5.535814788, 4.996793952, 4.638165012, 4.495021272, 4.272609762, 3.974470596, 3.606144822, 3.173327406, 2.68356033, 2.720654568, 2.932753572, 3.195029844, 3.777455556, 4.354801974, 4.9176801, 5.4563931, 5.961859812, 6.425460828, 6.839192412, 7.195512582, 7.4881107, 7.711445718, 7.861054014, 7.933549392, 7.926930918, 7.840275084, 7.674043644, 7.429929696, 7.110703764, 6.720521634, 6.909994692, 7.21644543, 7.467793524, 7.67204271, 8.068227642, 8.394841638, 8.648806338, 8.827659054, 8.930938032, 8.958643272, 0.0, 0.0, 0.0, 0.0, 0.0, 0.0, 0.0, 0.0, 0.0, 0.0, 0.0, 0.0, 0.0, 0.0, 0.0, 0.0, 0.0, 0.0, 0.0, 0.0, 0.0, 0.0, 0.0, 0.0, 0.0, 0.0, 0.0, 0.0, 0.0, 0.0, 0.0, 0.0, 0.0, 0.0, 0.0, 0.0, 6.76238733, 7.128866088, 7.455172248, 7.733763828, 7.957714518, 8.12148327, 8.337276306, 8.63864775, 8.866908144, 9.019286964, 9.094706784, 9.093013686, 9.015285096, 8.863983702, 8.642803536, 8.356362138, 8.01066231, 7.612168608, 7.168423014, 6.6877371, 6.178884192, 5.650945452, 5.113309878, 4.662637974, 4.536117378, 4.329405504, 4.04650422, 3.692031066, 3.272142762, 2.7936117, 2.653700238, 2.88134496, 3.070356264, 3.652320222, 4.23120582, 4.797316224, 5.341262436, 5.853655458, 6.325721964, 6.749458218], "min_cpu_time": [19, 1, 6, 6, 18, 9, 22, 20, 9, 14, 22, 9, 3, 14, 6, 18, 19, 2], "max_cpu_time": [48, 33, 32, 55, 42, 15, 28, 56, 13, 20, 46, 20, 50, 33, 32, 23, 20, 46], "min_job_period": [64, 2, 34, 2, 59, 47, 19, 56, 57, 9, 81, 109, 24, 75, 45, 112, 117, 12], "max_job_period": [116, 44, 96, 112, 59, 114, 108, 69, 82, 22, 110, 117, 108, 94, 92, 118, 117, 24], "min_startup": [1, 9, 2, 2, 1, 1, 1, 1, 1, 1, 1, 1, 3, 1, 2, 1, 1, 5], "max_startup": [77, 68, 63, 37, 90, 48, 18, 7, 41, 73, 27, 89, 15, 57, 65, 98, 15, 5], "priority": [10, 3, 11, 17, 9, 8, 15, 18, 6, 5, 1, 16, 14, 12, 13, 7, 4, 2], "win_min": [0, 0, 0, 0, 0, 0, 0, 0, 0, 0, 0, 0, 0, 0, 8, 0, 0, 0], "win_max": [120, 120, 120, 120, 120, 120, 120, 120, 120, 120, 120, 120, 120, 120, 119, 120, 120, 120]}