{"subs": 1, "jobs": 13, "T": 120, "power_use": [3.433041006414768, 3.785053280397781, 1.5376609231644534, 1.2666401839382522, 3.200099558285133, 3.9658973498575945, 2.3458256268957425, 2.1629721151945884, 2.442296588157494, 0.04684134888230424, 1.3606177063162435, 3.721440505164469, 2.26425488869231], "power_resource": [0.0, 0.0, 0.0, 0.0, 0.0, 0.0, 0.0, 0.0, 0.0, 0.0, 0.0, 0.0, 0.0, 0.0, 0.0, 0.0, 0.0, 0.0, 0.0, 0.0, 0.0, 0.0, 0.0, 0.0, 0.0, 0.0, 0.0, 0.0, 6.658030926, 6.999574968, 7.343581698, 7.642644372, 7.88983668, 8.079001902, 8.20459899, 8.52859638, 8.787024702, 8.970648876, 9.077467968, 9.107174142, 9.06038307, 8.938941768, 8.746236432, 8.486115012, 8.164426392, 7.787327292, 7.36189794, 6.89629599, 6.398986932, 5.87889801, 5.345418222, 4.808090484, 4.60830492, 4.433761908, 4.181490306, 3.8556459, 3.462077574, 3.007095966, 2.511018252, 2.769600492, 2.948145372, 3.402203472, 3.982782168, 4.55443362, 5.107460994, 5.63262921, 6.120857106, 6.56383311, 6.953553486, 7.283091924, 7.546445622, 7.738535286, 7.855512966, 7.894146384, 7.853358114, 7.732532484, 7.532593002, 7.25569452, 6.905223234, 6.766389198, 7.10100693, 7.384062132, 7.60970592, 7.872290028, 8.238768786, 8.534291346, 8.755933266, 8.902155366, 8.972495892, 8.96803227, 0.0, 0.0, 0.0, 0.0, 0.0, 0.0, 0.0, 0.0, 0.0, 0.0, 0.0, 0.0, 0.0, 0.0, 0.0, 0.0, 0.0, 0.0, 0.0, 0.0, 0.0, 0.0, 0.0, 0.0, 0.0, 0.0, 0.0, 0.0, 0.0, 0.0], "min_cpu_time": [16, 23, 5, 1, 19, 5, 12, 2, 10, 2, 19, 4, 6], "max_cpu_time": [29, 30, 6, 1, 58, 32, 51, 4, 55, 41, 47, 22, 15], "min_job_period": [45, 46, 10, 2, 34, 9, 15, 3, 25, 5, 41, 12, 16], "max_job_period": [118, 63, 49, 20, 96, 14, 105, 29, 35, 75, 48, 70, 29], "min_startup": [2, 2, 7, 34, 2, 7, 3, 17, 4, 17, 2, 9, 6], "max_startup": [83, 62, 111, 92, 6, 90, 4, 114, 42, 59, 78, 68, 35], "priority": [13, 7, 11, 4, 12, 2, 10, 8, 3, 5, 9, 6, 1], "win_min": [8, 0, 0, 0, 0, 0, 0, 0, 0, 0, 0, 0, 0], "win_max": [115, 120, 120, 120, 120, 120, 120, 120, 120, 120, 120, 120, 120]}