{"subs": 1, "jobs": 22, "T": 120, "power_use": [3.5512285920474436, 0.5895268451188319, 1.5094662588842018, 0.9670363096193437, 2.8009438122197907, 0.04573432972204669, 1.3201723408401622, 0.8843971118980272, 2.213885408878788, 1.1236082012095183, 1.1024932604706896, 1.6337284341256169, 0.3171248393730215, 3.619725366824844, 3.648771086283716, 0.686243215269594, 2.485019802777597, 1.2873566788160906, 0.14746196924145297, 1.8552118275645058, 2.17178919367671, 2.1123044974838905], "power_resource": [8.394841638, 8.648806338, 8.827659054, 8.930938032, 8.958643272, 0.0, 0.0, 0.0, 0.0, 0.0, 0.0, 0.0, 0.0, 0.0, 0.0, 0.0, 0.0, 0.0, 0.0, 0.0, 0.0, 0.0, 0.0, 0.0, 0.0, 0.0, 0.0, 0.0, 0.0, 0.0, 0.0, 0.0, 0.0, 0.0, 0.0, 0.0, 0.0, 0.0, 0.0, 0.0, 0.0, 6.76238733, 7.128866088, 7.455172248, 7.733763828, 7.957714518, 8.12148327, 8.337276306, 8.63864775, 8.866908144, 9.019286964, 9.094706784, 9.093013686, 9.015285096, 8.863983702, 8.642803536, 8.356362138, 8.01066231, 7.612168608, 7.168423014, 6.6877371, 6.178884192, 5.650945452, 5.113309878, 4.662637974, 4.536117378, 4.329405504, 4.04650422, 3.692031066, 3.272142762, 2.7936117, 2.653700238, 2.88134496, 3.070356264, 3.652320222, 4.23120582, 4.797316224, 5.341262436, 5.853655458, 6.325721964, 6.749458218, 7.11716832, 7.422387714, 7.659113598, 7.823036268, 7.910461692, 7.918927182, 7.847663148, 7.696515672, 7.467023934, 7.161650622, 6.784551522, 6.86397321, 7.179966864, 7.442089218, 7.644645306, 8.005429098, 8.34543396, 8.613405198, 8.806572288, 8.92416564, 8.966031336, 0.0, 0.0, 0.0, 0.0, 0.0, 0.0, 0.0, 0.0, 0.0, 0.0, 0.0, 0.0, 0.0, 0.0, 0.0, 0.0, 0.0, 0.0], "min_cpu_time": [15, 11, 4, 4, 2, 2, 7, 21, 11, 1, 9, 4, 12, 21, 13, 12, 20, 16, 8, 1, 5, 12], "max_cpu_time": [29, 41, 25, 14, 51, 7, 17, 31, 47, 57, 29, 47, 58, 23, 39, 19, 24, 23, 13, 47, 24, 45], "min_job_period": [43, 105, 12, 17, 3, 6, 36, 102, 87, 6, 82, 17, 76, 62, 36, 71, 5, 104, 7, 2, 42, 18], "max_job_period": [112, 107, 75, 18, 25, 27, 79, 113, 105, 54, 89, 54, 105, 117, 117, 99, 38, 109, 63, 27, 89, 75], "min_startup": [1, 1, 3, 3, 5, 5, 2, 1, 1, 10, 1, 3, 1, 1, 1, 1, 1, 1, 2, 10, 2, 1], "max_startup": [98, 81, 53, 67, 98, 84, 112, 11, 62, 45, 51, 77, 46, 86, 29, 97, 82, 45, 44, 29, 14, 74], "priority": [8, 12, 20, 13, 22, 7, 2, 11, 14, 5, 1, 10, 18, 9, 21, 4, 6, 3, 19, 16, 15, 17], "win_min": [0, 0, 0, 0, 0, 0, 0, 0, 0, 0, 0, 0, 0, 0, 0, 21, 0, 0, 0, 0, 0, 0], "win_max": [120, 120, 120, 120, 120, 120, 120, 120, 120, 120, 120, 120, 120, 120, 120, 113, 120, 120, 120, 120, 120, 120]}