{"subs": 1, "jobs": 24, "T": 120, "power_use": [2.203702829045326, 3.0131094207000295, 1.3910259714808118, 0.7707160138562466, 1.7722244994139735, 3.0849589540275955, 3.3429545103537928, 3.4669837455665653, 1.8644606322981192, 3.457082526050594, 1.7009581112120362, 0.7906996703968506, 3.835410638028642, 3.948673203444712, 2.375650072123461, 3.8043220107658016, 0.4294100588532438, 0.4358773868623262, 2.361743565343021, 0.22308526718105204, 2.136920373870104, 1.9642784547706844, 2.7544074759852237, 1.0173584551491521], "power_resource": [9.015285096, 8.863983702, 8.642803536, 8.356362138, 8.01066231, 7.612168608, 7.168423014, 6.6877371, 6.178884192, 5.650945452, 5.113309878, 4.662637974, 4.536117378, 4.329405504, 4.04650422, 3.692031066, 3.272142762, 2.7936117, 2.653700238, 2.88134496, 3.070356264, 3.652320222, 4.23120582, 4.797316224, 5.341262436, 5.853655458, 6.325721964, 6.749458218, 7.11716832, 7.422387714, 7.659113598, 7.823036268, 7.910461692, 7.918927182, 7.847663148, 7.696515672, 7.467023934, 7.161650622, 6.784551522, 6.86397321, 7.179966864, 7.442089218, 7.644645306, 8.005429098, 8.34543396, 8.613405198, 8.806572288, 8.92416564, 8.966031336, 0.0, 0.0, 0.0, 0.0, 0.0, 0.0, 0.0, 0.0, 0.0, 0.0, 0.0, 0.0, 0.0, 0.0, 0.0, 0.0, 0.0, 0.0, 0.0, 0.0, 0.0, 0.0, 0.0, 0.0, 0.0, 0.0, 0.0, 0.0, 0.0, 0.0, 0.0, 0.0, 0.0, 0.0, 0.0, 0.0, 6.691123296, 7.065144036, 7.40037744, 7.689435444, 7.925083902, 8.101627848, 8.26924455, 8.585084286, 8.828582562, 8.996661018, 9.087780474, 9.101633094, 9.039450222, 8.902924956, 8.695905246, 8.422700796, 8.088698736, 7.700825376, 7.266007026, 6.792709176, 6.289551234, 5.765306526, 5.229671886, 4.691882394, 4.573827288, 4.383276804, 4.115459484, 3.775300704, 3.368341512, 2.901508218, 2.583821466, 2.827011906, 2.989549314, 3.527338806, 4.10730183], "min_cpu_time": [18, 2, 21, 3, 12, 15, 17, 10, 13, 23, 19, 19, 11, 10, 20, 11, 15, 17, 4, 1, 10, 19, 16, 12], "max_cpu_time": [38, 13, 47, 59, 12, 33, 20, 26, 42, 31, 23, 20, 32, 12, 22, 45, 39, 46, 41, 12, 35, 23, 48, 57], "min_job_period": [17, 10, 62, 101, 18, 3, 56, 32, 103, 61, 102, 118, 88, 7, 56, 110, 79, 110, 51, 21, 27, 98, 119, 114], "max_job_period": [92, 86, 93, 103, 44, 117, 68, 66, 106, 63, 115, 118, 117, 54, 82, 114, 115, 111, 110, 84, 33, 103, 119, 114], "min_startup": [1, 2, 1, 1, 1, 1, 1, 1, 1, 1, 1, 1, 1, 1, 1, 1, 1, 1, 1, 3, 1, 1, 1, 1], "max_startup": [113, 46, 74, 3, 10, 54, 15, 107, 116, 86, 21, 63, 86, 17, 115, 1, 104, 33, 78, 73, 17, 99, 58, 63], "priority": [15, 11, 2, 17, 23, 6, 21, 1, 24, 7, 19, 22, 20, 13, 8, 9, 14, 3, 16, 12, 4, 10, 5, 18], "win_min": [0, 0, 0, 0, 0, 0, 0, 0, 0, 0, 0, 0, 0, 0, 0, 0, 0, 0, 11, 0, 0, 0, 0, 0], "win_max": [120, 120, 120, 120, 120, 120, 120, 120, 120, 120, 120, 120, 120, 120, 120, 120, 120, 120, 96, 120, 120, 120, 120, 120]}