{"subs": 1, "jobs": 13, "T": 120, "power_use": [1.7373213686493107, 3.315358139611773, 2.5306991570851336, 3.244006818782437, 1.5674598278510825, 3.035796532632385, 3.053873435907477, 3.0025201683684495, 1.349570131111579, 0.7868197580862614, 3.630903926327738, 2.2064545013431496, 0.22705947303203253], "power_resource": [8.72638101, 8.886917484, 8.971572384, 8.9811153, 0.0, 0.0, 0.0, 0.0, 0.0, 0.0, 0.0, 0.0, 0.0, 0.0, 0.0, 0.0, 0.0, 0.0, 0.0, 0.0, 0.0, 0.0, 0.0, 0.0, 0.0, 0.0, 0.0, 0.0, 0.0, 0.0, 0.0, 0.0, 0.0, 0.0, 0.0, 0.0, 0.0, 0.0, 0.0, 6.771160656, 6.863665374, 7.22414133, 7.54275159, 7.81210809, 8.025592356, 8.17766334, 8.406385488, 8.694519984, 8.908927758, 9.04730004, 9.108559404, 9.092859768, 9.001740312, 8.83797156, 8.605093626, 8.308339722, 7.95371265, 7.547830884, 7.098544242, 6.614010378, 6.103310454, 5.575525632, 5.040198828, 4.667255514, 4.525497036, 4.304470788, 4.00802472, 3.64169988, 3.211191234, 2.724040764, 2.64585042, 2.856102408, 3.152086722, 3.733127172, 4.30893441, 4.869811602, 5.406215832, 5.909219856, 6.370204266, 6.78085749, 7.133945382, 7.423157304, 7.642952208, 7.788866472, 7.8575139, 7.847201394, 7.75669761, 7.58661822, 7.338656322, 7.015736358, 6.662032794, 7.014351096, 7.317569556, 7.565531454, 7.752541824, 8.121637188, 8.444249316, 8.69405823, 8.86875516, 8.967878352, 8.991427806, 0.0, 0.0, 0.0, 0.0, 0.0, 0.0, 0.0, 0.0, 0.0, 0.0, 0.0, 0.0, 0.0, 0.0, 0.0, 0.0, 0.0, 0.0, 0.0], "min_cpu_time": [2, 2, 22, 1, 22, 16, 10, 22, 16, 7, 11, 10, 21], "max_cpu_time": [7, 39, 51, 11, 48, 44, 27, 53, 51, 15, 32, 46, 22], "min_job_period": [7, 6, 85, 3, 116, 34, 7, 47, 90, 1, 23, 48, 30], "max_job_period": [43, 100, 112, 40, 117, 44, 50, 72, 110, 59, 94, 89, 33], "min_startup": [10, 10, 1, 20, 1, 1, 2, 1, 1, 3, 2, 2, 1], "max_startup": [61, 82, 57, 110, 31, 96, 9, 24, 59, 90, 94, 108, 73], "priority": [12, 1, 7, 6, 9, 13, 10, 5, 11, 3, 8, 2, 4], "win_min": [0, 0, 0, 0, 0, 12, 0, 0, 0, 0, 0, 0, 0], "win_max": [120, 120, 120, 120, 120, 117, 120, 120, 120, 120, 120, 120, 120]}