{"subs": 1, "jobs": 22, "T": 120, "power_use": [1.5787969079622521, 3.652998384262497, 2.9878132030947, 2.1836643116184415, 0.4070953924366405, 0.416298664381691, 0.07526913480603498, 1.5605158267605226, 3.0478929411496587, 1.7756696995871197, 3.4010291358407163, 2.1871883190708443, 2.401986787053758, 2.486131639997767, 0.4891860930779903, 3.467434929390731, 0.2736410266474435, 2.263956222498502, 3.458052926035952, 2.9071747589796373, 1.6256393664155748, 2.2522151753249005], "power_resource": [7.71590934, 7.50119373, 7.209980874, 6.846118722, 6.815950794, 7.141487364, 7.41423006, 7.628329998, 7.940167866, 8.293563594, 8.575233534, 8.782714998, 8.914468806, 8.970648876, 8.952178716, 0.0, 0.0, 0.0, 0.0, 0.0, 0.0, 0.0, 0.0, 0.0, 0.0, 0.0, 0.0, 0.0, 0.0, 0.0, 0.0, 0.0, 0.0, 0.0, 0.0, 0.0, 0.0, 0.0, 0.0, 0.0, 0.0, 0.0, 0.0, 0.0, 0.0, 0.0, 0.0, 0.0, 0.0, 0.0, 6.658030926, 6.999574968, 7.343581698, 7.642644372, 7.88983668, 8.079001902, 8.20459899, 8.52859638, 8.787024702, 8.970648876, 9.077467968, 9.107174142, 9.06038307, 8.938941768, 8.746236432, 8.486115012, 8.164426392, 7.787327292, 7.36189794, 6.89629599, 6.398986932, 5.87889801, 5.345418222, 4.808090484, 4.60830492, 4.433761908, 4.181490306, 3.8556459, 3.462077574, 3.007095966, 2.511018252, 2.769600492, 2.948145372, 3.402203472, 3.982782168, 4.55443362, 5.107460994, 5.63262921, 6.120857106, 6.56383311, 6.953553486, 7.283091924, 7.546445622, 7.738535286, 7.855512966, 7.894146384, 7.853358114, 7.732532484, 7.532593002, 7.25569452, 6.905223234, 6.766389198, 7.10100693, 7.384062132, 7.60970592, 7.872290028, 8.238768786, 8.534291346, 8.755933266, 8.902155366, 8.972495892, 8.96803227, 0.0, 0.0, 0.0, 0.0, 0.0, 0.0, 0.0, 0.0], "min_cpu_time": [4, 2, 13, 4, 15, 17, 3, 10, 8, 12, 20, 8, 21, 1, 8, 21, 10, 11, 5, 14, 23, 10], "max_cpu_time": [53, 55, 56, 59, 25, 38, 55, 39, 34, 18, 27, 37, 34, 52, 18, 49, 51, 30, 13, 43, 30, 27], "min_job_period": [34, 38, 108, 11, 81, 78, 54, 9, 25, 48, 100, 28, 115, 26, 118, 11, 57, 59, 22, 31, 96, 12], "max_job_period": [48, 87, 112, 106, 112, 95, 110, 17, 39, 100, 109, 63, 118, 28, 118, 103, 59, 71, 69, 38, 96, 75], "min_startup": [1, 1, 1, 1, 1, 1, 1, 1, 1, 1, 1, 1, 1, 2, 1, 1, 1, 1, 1, 1, 1, 1], "max_startup": [112, 109, 6, 25, 100, 23, 63, 24, 21, 20, 22, 116, 24, 21, 100, 35, 117, 88, 111, 35, 6, 2], "priority": [7, 21, 12, 2, 16, 14, 19, 11, 4, 8, 13, 9, 20, 22, 3, 5, 18, 15, 17, 10, 6, 1], "win_min": [0, 0, 0, 0, 0, 0, 16, 0, 0, 0, 0, 0, 0, 0, 0, 0, 0, 0, 0, 0, 0, 0], "win_max": [120, 120, 120, 120, 120, 120, 116, 120, 120, 120, 120, 120, 120, 120, 120, 120, 120, 120, 120, 120, 120, 120]}