{"subs": 1, "jobs": 24, "T": 120, "power_use": [0.4716411130634612, 0.991456596786319, 2.8167077796489663, 3.7211405942338316, 3.972034710317831, 3.247279201395688, 1.6151607515615978, 0.4618518390528427, 0.9064204281197348, 1.4162934520065855, 3.8129391911668824, 1.26633097797728, 0.2709046770571467, 0.7603939688452704, 0.09473922108324873, 1.5230195089882652, 2.0698860352143025, 3.6576273250808513, 1.981857509114516, 3.097687153837005, 0.04816771066832891, 2.33830022045724, 3.297760058851489, 1.4303742198292104], "power_resource": [8.356362138, 8.01066231, 7.612168608, 7.168423014, 6.6877371, 6.178884192, 5.650945452, 5.113309878, 4.662637974, 4.536117378, 4.329405504, 4.04650422, 3.692031066, 3.272142762, 2.7936117, 2.653700238, 2.88134496, 3.070356264, 3.652320222, 4.23120582, 4.797316224, 5.341262436, 5.853655458, 6.325721964, 6.749458218, 7.11716832, 7.422387714, 7.659113598, 7.823036268, 7.910461692, 7.918927182, 7.847663148, 7.696515672, 7.467023934, 7.161650622, 6.784551522, 6.86397321, 7.179966864, 7.442089218, 7.644645306, 8.005429098, 8.34543396, 8.613405198, 8.806572288, 8.92416564, 8.966031336, 0.0, 0.0, 0.0, 0.0, 0.0, 0.0, 0.0, 0.0, 0.0, 0.0, 0.0, 0.0, 0.0, 0.0, 0.0, 0.0, 0.0, 0.0, 0.0, 0.0, 0.0, 0.0, 0.0, 0.0, 0.0, 0.0, 0.0, 0.0, 0.0, 0.0, 0.0, 0.0, 0.0, 0.0, 0.0, 0.0, 6.691123296, 7.065144036, 7.40037744, 7.689435444, 7.925083902, 8.101627848, 8.26924455, 8.585084286, 8.828582562, 8.996661018, 9.087780474, 9.101633094, 9.039450222, 8.902924956, 8.695905246, 8.422700796, 8.088698736, 7.700825376, 7.266007026, 6.792709176, 6.289551234, 5.765306526, 5.229671886, 4.691882394, 4.573827288, 4.383276804, 4.115459484, 3.775300704, 3.368341512, 2.901508218, 2.583821466, 2.827011906, 2.989549314, 3.527338806, 4.10730183, 4.676336676, 5.224900428, 5.743911924], "min_cpu_time": [2, 15, 21, 10, 10, 15, 9, 8, 7, 20, 4, 10, 11, 23, 5, 4, 22, 14, 18, 12, 11, 23, 11, 3], "max_cpu_time": [25, 29, 39, 58, 13, 57, 40, 41, 31, 40, 16, 10, 50, 37, 23, 12, 53, 34, 54, 51, 13, 42, 39, 21], "min_job_period": [13, 117, 114, 58, 37, 96, 32, 13, 29, 7, 38, 94, 68, 47, 26, 23, 99, 47, 57, 12, 57, 116, 41, 17], "max_job_period": [109, 118, 114, 109, 61, 115, 60, 74, 69, 61, 92, 113, 90, 71, 29, 88, 99, 68, 107, 82, 80, 118, 89, 116], "min_startup": [5, 1, 1, 1, 1, 1, 2, 2, 2, 1, 3, 1, 1, 1, 2, 3, 1, 1, 1, 1, 1, 1, 1, 4], "max_startup": [81, 20, 23, 47, 36, 60, 82, 18, 51, 119, 102, 84, 13, 119, 17, 54, 86, 90, 109, 13, 63, 12, 3, 93], "priority": [8, 18, 7, 6, 14, 22, 13, 20, 12, 11, 23, 9, 4, 15, 24, 1, 5, 2, 19, 10, 21, 16, 17, 3], "win_min": [6, 0, 0, 0, 0, 0, 0, 0, 0, 0, 0, 0, 0, 0, 0, 0, 0, 0, 0, 0, 0, 0, 0, 0], "win_max": [113, 120, 120, 120, 120, 120, 120, 120, 120, 120, 120, 120, 120, 120, 120, 120, 120, 120, 120, 120, 120, 120, 120, 120]}