{"subs": 1, "jobs": 24, "T": 120, "power_use": [1.923835904056463, 0.586680704925634, 1.9478277900551566, 2.2367427010106447, 2.4807732182631965, 2.4146449100269822, 1.3528079148578567, 3.8930822357307115, 2.3069817505816017, 2.6760956421726574, 2.3228304548215486, 1.2978614093775576, 0.01552819503614808, 0.5729007153298491, 1.5409512493501842, 0.3418899167760601, 3.4621138946471155, 3.13372885977189, 0.4720704950956704, 2.454470683460497, 2.1184931645916794, 2.5182261795756506, 2.9643071584759366, 0.23891499765457416], "power_resource": [0.0, 0.0, 0.0, 0.0, 0.0, 0.0, 0.0, 0.0, 0.0, 0.0, 0.0, 0.0, 0.0, 0.0, 0.0, 0.0, 0.0, 0.0, 0.0, 0.0, 0.0, 0.0, 0.0, 0.0, 0.0, 0.0, 0.0, 0.0, 0.0, 0.0, 0.0, 6.76238733, 7.128866088, 7.455172248, 7.733763828, 7.957714518, 8.12148327, 8.337276306, 8.63864775, 8.866908144, 9.019286964, 9.094706784, 9.093013686, 9.015285096, 8.863983702, 8.642803536, 8.356362138, 8.01066231, 7.612168608, 7.168423014, 6.6877371, 6.178884192, 5.650945452, 5.113309878, 4.662637974, 4.536117378, 4.329405504, 4.04650422, 3.692031066, 3.272142762, 2.7936117, 2.653700238, 2.88134496, 3.070356264, 3.652320222, 4.23120582, 4.797316224, 5.341262436, 5.853655458, 6.325721964, 6.749458218, 7.11716832, 7.422387714, 7.659113598, 7.823036268, 7.910461692, 7.918927182, 7.847663148, 7.696515672, 7.467023934, 7.161650622, 6.784551522, 6.86397321, 7.179966864, 7.442089218, 7.644645306, 8.005429098, 8.34543396, 8.613405198, 8.806572288, 8.92416564, 8.966031336, 0.0, 0.0, 0.0, 0.0, 0.0, 0.0, 0.0, 0.0, 0.0, 0.0, 0.0, 0.0, 0.0, 0.0, 0.0, 0.0, 0.0, 0.0, 0.0, 0.0, 0.0, 0.0, 0.0, 0.0, 0.0, 0.0, 0.0, 0.0], "min_cpu_time": [4, 8, 1, 17, 13, 22, 2, 22, 8, 2, 3, 17, 9, 6, 17, 6, 3, 19, 5, 18, 4, 3, 4, 19], "max_cpu_time": [38, 8, 48, 37, 42, 38, 56, 38, 8, 30, 38, 27, 50, 8, 32, 15, 16, 49, 46, 19, 59, 57, 54, 45], "min_job_period": [44, 17, 46, 32, 28, 13, 67, 78, 14, 110, 14, 60, 116, 78, 38, 86, 78, 81, 107, 64, 3, 39, 82, 84], "max_job_period": [108, 38, 116, 82, 55, 72, 103, 92, 30, 119, 69, 115, 118, 94, 52, 116, 81, 102, 108, 111, 76, 101, 82, 97], "min_startup": [1, 1, 2, 1, 1, 1, 1, 1, 1, 1, 1, 1, 1, 1, 1, 1, 1, 1, 1, 1, 1, 1, 1, 1], "max_startup": [35, 46, 26, 108, 53, 76, 63, 64, 54, 39, 51, 9, 75, 28, 50, 47, 90, 55, 103, 87, 93, 53, 22, 22], "priority": [8, 17, 18, 14, 22, 19, 12, 2, 6, 1, 10, 7, 3, 20, 15, 24, 21, 13, 23, 5, 11, 9, 16, 4], "win_min": [0, 0, 0, 0, 0, 0, 0, 0, 0, 0, 0, 0, 0, 0, 0, 0, 0, 0, 0, 0, 8, 0, 0, 0], "win_max": [120, 120, 120, 120, 120, 120, 120, 120, 120, 120, 120, 120, 120, 120, 120, 120, 120, 120, 120, 120, 113, 120, 120, 120]}