{"subs": 1, "jobs": 18, "T": 120, "power_use": [0.29777100748897056, 3.297121357710188, 2.3512530291464673, 3.5872941328736543, 2.917779474917967, 2.1985637456474443, 0.7710119174248843, 0.44946923760288815, 1.7350875276760422, 1.5167581104695413, 0.018177904644475447, 0.15245622797371328, 1.3158773908780874, 3.49795201459203, 0.5013459055733054, 1.9916939363894561, 2.7007963110089825, 1.44561808399878], "power_resource": [9.094706784, 9.093013686, 9.015285096, 8.863983702, 8.642803536, 8.356362138, 8.01066231, 7.612168608, 7.168423014, 6.6877371, 6.178884192, 5.650945452, 5.113309878, 4.662637974, 4.536117378, 4.329405504, 4.04650422, 3.692031066, 3.272142762, 2.7936117, 2.653700238, 2.88134496, 3.070356264, 3.652320222, 4.23120582, 4.797316224, 5.341262436, 5.853655458, 6.325721964, 6.749458218, 7.11716832, 7.422387714, 7.659113598, 7.823036268, 7.910461692, 7.918927182, 7.847663148, 7.696515672, 7.467023934, 7.161650622, 6.784551522, 6.86397321, 7.179966864, 7.442089218, 7.644645306, 8.005429098, 8.34543396, 8.613405198, 8.806572288, 8.92416564, 8.966031336, 0.0, 0.0, 0.0, 0.0, 0.0, 0.0, 0.0, 0.0, 0.0, 0.0, 0.0, 0.0, 0.0, 0.0, 0.0, 0.0, 0.0, 0.0, 0.0, 0.0, 0.0, 0.0, 0.0, 0.0, 0.0, 0.0, 0.0, 0.0, 0.0, 0.0, 0.0, 0.0, 0.0, 0.0, 0.0, 0.0, 6.691123296, 7.065144036, 7.40037744, 7.689435444, 7.925083902, 8.101627848, 8.26924455, 8.585084286, 8.828582562, 8.996661018, 9.087780474, 9.101633094, 9.039450222, 8.902924956, 8.695905246, 8.422700796, 8.088698736, 7.700825376, 7.266007026, 6.792709176, 6.289551234, 5.765306526, 5.229671886, 4.691882394, 4.573827288, 4.383276804, 4.115459484, 3.775300704, 3.368341512, 2.901508218, 2.583821466, 2.827011906, 2.989549314], "min_cpu_time": [23, 7, 15, 18, 13, 6, 15, 17, 15, 13, 3, 17, 19, 5, 12, 15, 14, 2], "max_cpu_time": [43, 43, 26, 24, 19, 6, 55, 25, 31, 18, 38, 48, 28, 53, 43, 59, 18, 45], "min_job_period": [90, 34, 51, 111, 112, 53, 51, 18, 90, 92, 31, 30, 58, 24, 48, 52, 90, 10], "max_job_period": [105, 70, 99, 113, 112, 107, 63, 119, 106, 99, 57, 83, 111, 35, 113, 64, 90, 44], "min_startup": [1, 2, 1, 1, 1, 2, 1, 1, 1, 1, 3, 1, 1, 2, 1, 1, 1, 4], "max_startup": [50, 74, 20, 90, 4, 45, 51, 37, 68, 80, 23, 79, 71, 70, 4, 54, 70, 103], "priority": [14, 13, 12, 1, 8, 16, 7, 6, 9, 5, 2, 15, 11, 4, 17, 18, 3, 10], "win_min": [0, 0, 0, 0, 0, 0, 0, 0, 0, 0, 10, 0, 0, 0, 0, 0, 0, 0], "win_max": [120, 120, 120, 120, 120, 120, 120, 120, 120, 120, 114, 120, 120, 120, 120, 120, 120, 120]}