{"subs": 1, "jobs": 24, "T": 120, "power_use": [3.8070962586305996, 3.545074002565374, 0.2694836116505162, 1.7186912083937016, 1.0999337788062316, 0.7173606239052033, 1.2857443489615028, 2.476780171020461, 3.112147461147737, 2.678935413598782, 3.0687101257253144, 0.19995062784901477, 1.3323302008399507, 0.5637565566627795, 2.9081287971453844, 3.563961118042132, 1.4651183614771364, 0.5097932622465768, 0.8690325714114548, 2.973921138158831, 2.044237710930409, 1.4211395881815367, 1.407856725792525, 1.3697514266034956], "power_resource": [0.0, 0.0, 0.0, 0.0, 0.0, 0.0, 0.0, 0.0, 0.0, 0.0, 0.0, 0.0, 0.0, 0.0, 0.0, 0.0, 0.0, 0.0, 6.771160656, 6.863665374, 7.22414133, 7.54275159, 7.81210809, 8.025592356, 8.17766334, 8.406385488, 8.694519984, 8.908927758, 9.04730004, 9.108559404, 9.092859768, 9.001740312, 8.83797156, 8.605093626, 8.308339722, 7.95371265, 7.547830884, 7.098544242, 6.614010378, 6.103310454, 5.575525632, 5.040198828, 4.667255514, 4.525497036, 4.304470788, 4.00802472, 3.64169988, 3.211191234, 2.724040764, 2.64585042, 2.856102408, 3.152086722, 3.733127172, 4.30893441, 4.869811602, 5.406215832, 5.909219856, 6.370204266, 6.78085749, 7.133945382, 7.423157304, 7.642952208, 7.788866472, 7.8575139, 7.847201394, 7.75669761, 7.58661822, 7.338656322, 7.015736358, 6.662032794, 7.014351096, 7.317569556, 7.565531454, 7.752541824, 8.121637188, 8.444249316, 8.69405823, 8.86875516, 8.967878352, 8.991427806, 0.0, 0.0, 0.0, 0.0, 0.0, 0.0, 0.0, 0.0, 0.0, 0.0, 0.0, 0.0, 0.0, 0.0, 0.0, 0.0, 0.0, 0.0, 0.0, 0.0, 0.0, 0.0, 0.0, 0.0, 0.0, 0.0, 0.0, 0.0, 0.0, 0.0, 0.0, 0.0, 0.0, 0.0, 0.0, 0.0, 6.793324848, 7.161650622, 7.489495962, 7.769472804], "min_cpu_time": [10, 16, 19, 13, 12, 10, 9, 5, 8, 2, 7, 14, 23, 1, 4, 3, 18, 7, 5, 1, 20, 4, 3, 17], "max_cpu_time": [43, 55, 23, 38, 41, 38, 31, 48, 16, 55, 15, 18, 52, 49, 57, 18, 33, 25, 31, 8, 57, 39, 44, 37], "min_job_period": [119, 42, 51, 76, 104, 31, 14, 58, 96, 12, 82, 100, 96, 14, 50, 28, 103, 76, 113, 13, 39, 20, 51, 48], "max_job_period": [119, 86, 77, 109, 107, 100, 103, 113, 113, 21, 118, 101, 114, 68, 99, 85, 113, 94, 113, 16, 63, 28, 105, 93], "min_startup": [1, 1, 1, 1, 1, 1, 1, 1, 1, 3, 1, 1, 1, 5, 2, 2, 1, 1, 1, 5, 1, 2, 2, 1], "max_startup": [107, 18, 19, 100, 73, 33, 22, 97, 64, 114, 39, 84, 82, 33, 72, 52, 6, 3, 50, 99, 1, 76, 57, 4], "priority": [19, 4, 7, 11, 9, 12, 14, 2, 3, 20, 24, 17, 15, 6, 8, 18, 13, 1, 16, 5, 23, 21, 22, 10], "win_min": [0, 0, 0, 0, 0, 12, 0, 0, 0, 0, 0, 0, 0, 0, 0, 0, 0, 0, 0, 0, 0, 0, 0, 0], "win_max": [120, 120, 120, 120, 120, 111, 120, 120, 120, 120, 120, 120, 120, 120, 120, 120, 120, 120, 120, 120, 120, 120, 120, 120]}