{"subs": 1, "jobs": 9, "T": 120, "power_use": [2.039201440894326, 0.1054847973902619, 2.5332998799423545, 0.27141384511848976, 0.36022946910771936, 0.41552925051699535, 2.8062036795795477, 2.1872663512260138, 2.024693751055216], "power_resource": [5.853655458, 6.325721964, 6.749458218, 7.11716832, 7.422387714, 7.659113598, 7.823036268, 7.910461692, 7.918927182, 7.847663148, 7.696515672, 7.467023934, 7.161650622, 6.784551522, 6.86397321, 7.179966864, 7.442089218, 7.644645306, 8.005429098, 8.34543396, 8.613405198, 8.806572288, 8.92416564, 8.966031336, 0.0, 0.0, 0.0, 0.0, 0.0, 0.0, 0.0, 0.0, 0.0, 0.0, 0.0, 0.0, 0.0, 0.0, 0.0, 0.0, 0.0, 0.0, 0.0, 0.0, 0.0, 0.0, 0.0, 0.0, 0.0, 0.0, 0.0, 0.0, 0.0, 0.0, 0.0, 0.0, 0.0, 0.0, 0.0, 0.0, 6.691123296, 7.065144036, 7.40037744, 7.689435444, 7.925083902, 8.101627848, 8.26924455, 8.585084286, 8.828582562, 8.996661018, 9.087780474, 9.101633094, 9.039450222, 8.902924956, 8.695905246, 8.422700796, 8.088698736, 7.700825376, 7.266007026, 6.792709176, 6.289551234, 5.765306526, 5.229671886, 4.691882394, 4.573827288, 4.383276804, 4.115459484, 3.775300704, 3.368341512, 2.901508218, 2.583821466, 2.827011906, 2.989549314, 3.527338806, 4.10730183, 4.676336676, 5.224900428, 5.743911924, 6.224136084, 6.657569172, 7.036515288, 7.354048122, 7.604164872, 7.782247998, 7.88444955, 7.908152922, 7.851972852, 7.71590934, 7.50119373, 7.209980874, 6.846118722, 6.815950794, 7.141487364, 7.41423006, 7.628329998, 7.940167866, 8.293563594, 8.575233534, 8.782714998, 8.914468806], "min_cpu_time": [6, 23, 19, 19, 2, 3, 20, 14, 19], "max_cpu_time": [14, 40, 57, 25, 40, 50, 31, 44, 54], "min_job_period": [10, 10, 53, 42, 5, 3, 46, 6, 36], "max_job_period": [87, 34, 89, 43, 31, 49, 119, 77, 36], "min_startup": [7, 2, 2, 2, 20, 13, 2, 3, 2], "max_startup": [59, 10, 22, 104, 42, 116, 28, 12, 37], "priority": [2, 5, 3, 8, 9, 1, 4, 6, 7], "win_min": [18, 0, 0, 0, 0, 0, 0, 0, 0], "win_max": [118, 120, 120, 120, 120, 120, 120, 120, 120]}