{"subs": 1, "jobs": 13, "T": 120, "power_use": [3.39910002633797, 2.474478308812645, 3.9192253067069505, 2.0727772272462244, 2.3030475423863126, 3.3757420098739237, 3.8613836388980425, 1.9500820117261508, 1.6645619952582376, 1.435725256100932, 2.0336412653404743, 1.8770627314928197, 0.46798689425380374], "power_resource": [0.0, 0.0, 6.809794074, 6.832112184, 7.190895042, 7.507966122, 7.775783442, 7.987882446, 8.138722086, 8.40238362, 8.689132854, 8.902155366, 9.03883455, 9.098400816, 9.081008082, 8.987887692, 8.82181017, 8.586777384, 8.287560792, 7.930163196, 7.521356988, 7.068991986, 6.581379762, 6.067293642, 5.535814788, 4.996793952, 4.638165012, 4.495021272, 4.272609762, 3.974470596, 3.606144822, 3.173327406, 2.68356033, 2.720654568, 2.932753572, 3.195029844, 3.777455556, 4.354801974, 4.9176801, 5.4563931, 5.961859812, 6.425460828, 6.839192412, 7.195512582, 7.4881107, 7.711445718, 7.861054014, 7.933549392, 7.926930918, 7.840275084, 7.674043644, 7.429929696, 7.110703764, 6.720521634, 6.909994692, 7.21644543, 7.467793524, 7.67204271, 8.068227642, 8.394841638, 8.648806338, 8.827659054, 8.930938032, 8.958643272, 0.0, 0.0, 0.0, 0.0, 0.0, 0.0, 0.0, 0.0, 0.0, 0.0, 0.0, 0.0, 0.0, 0.0, 0.0, 0.0, 0.0, 0.0, 0.0, 0.0, 0.0, 0.0, 0.0, 0.0, 0.0, 0.0, 0.0, 0.0, 0.0, 0.0, 0.0, 0.0, 0.0, 0.0, 0.0, 0.0, 6.76238733, 7.128866088, 7.455172248, 7.733763828, 7.957714518, 8.12148327, 8.337276306, 8.63864775, 8.866908144, 9.019286964, 9.094706784, 9.093013686, 9.015285096, 8.863983702, 8.642803536, 8.356362138, 8.01066231, 7.612168608, 7.168423014, 6.6877371], "min_cpu_time": [10, 4, 3, 16, 4, 19, 21, 3, 10, 9, 21, 15, 10], "max_cpu_time": [10, 57, 55, 57, 45, 34, 40, 43, 37, 23, 57, 30, 30], "min_job_period": [2, 5, 6, 17, 7, 30, 9, 5, 2, 13, 30, 28, 1], "max_job_period": [41, 95, 119, 28, 40, 33, 119, 75, 101, 70, 64, 40, 105], "min_startup": [5, 13, 17, 3, 13, 3, 2, 17, 5, 6, 2, 3, 5], "max_startup": [29, 55, 23, 112, 97, 83, 59, 119, 14, 115, 7, 36, 42], "priority": [2, 5, 13, 12, 10, 3, 9, 6, 7, 11, 1, 4, 8], "win_min": [0, 0, 0, 0, 0, 0, 0, 0, 0, 0, 0, 0, 13], "win_max": [120, 120, 120, 120, 120, 120, 120, 120, 120, 120, 120, 120, 97]}