{"subs": 1, "jobs": 9, "T": 120, "power_use": [3.1736668526817717, 1.688577585959216, 3.569524553818189, 3.199816656963546, 0.33120765209813, 2.0823530920943396, 1.6306456535612313, 1.9576241790456579, 0.19576986729097803], "power_resource": [0.0, 0.0, 0.0, 0.0, 0.0, 0.0, 0.0, 0.0, 0.0, 0.0, 0.0, 0.0, 0.0, 0.0, 0.0, 0.0, 0.0, 0.0, 0.0, 0.0, 0.0, 0.0, 0.0, 0.0, 0.0, 6.76238733, 7.128866088, 7.455172248, 7.733763828, 7.957714518, 8.12148327, 8.337276306, 8.63864775, 8.866908144, 9.019286964, 9.094706784, 9.093013686, 9.015285096, 8.863983702, 8.642803536, 8.356362138, 8.01066231, 7.612168608, 7.168423014, 6.6877371, 6.178884192, 5.650945452, 5.113309878, 4.662637974, 4.536117378, 4.329405504, 4.04650422, 3.692031066, 3.272142762, 2.7936117, 2.653700238, 2.88134496, 3.070356264, 3.652320222, 4.23120582, 4.797316224, 5.341262436, 5.853655458, 6.325721964, 6.749458218, 7.11716832, 7.422387714, 7.659113598, 7.823036268, 7.910461692, 7.918927182, 7.847663148, 7.696515672, 7.467023934, 7.161650622, 6.784551522, 6.86397321, 7.179966864, 7.442089218, 7.644645306, 8.005429098, 8.34543396, 8.613405198, 8.806572288, 8.92416564, 8.966031336, 0.0, 0.0, 0.0, 0.0, 0.0, 0.0, 0.0, 0.0, 0.0, 0.0, 0.0, 0.0, 0.0, 0.0, 0.0, 0.0, 0.0, 0.0, 0.0, 0.0, 0.0, 0.0, 0.0, 0.0, 0.0, 0.0, 0.0, 0.0, 0.0, 0.0, 0.0, 0.0, 0.0, 0.0], "min_cpu_time": [23, 4, 21, 8, 5, 16, 6, 19, 2], "max_cpu_time": [54, 23, 45, 58, 56, 26, 57, 36, 6], "min_job_period": [65, 21, 93, 23, 9, 28, 2, 49, 11], "max_job_period": [102, 108, 98, 78, 52, 57, 78, 84, 62], "min_startup": [1, 5, 1, 3, 4, 1, 4, 1, 10], "max_startup": [116, 59, 67, 65, 17, 81, 11, 80, 118], "priority": [4, 9, 3, 2, 8, 1, 7, 6, 5], "win_min": [0, 0, 13, 0, 0, 0, 0, 0, 0], "win_max": [120, 120, 108, 120, 120, 120, 120, 120, 120]}