{"subs": 1, "jobs": 22, "T": 120, "power_use": [0.5610478401734239, 3.1361075480454326, 1.986952067574452, 0.0126267967122094, 1.5514161654296863, 0.4091107889725562, 2.672945564637147, 1.66616110067349, 3.9702308317037467, 0.02449031595196365, 3.8396587416014185, 2.849466427516021, 1.580360119438022, 0.012172349155014521, 1.1432921077733715, 1.2303251510776188, 3.3316896370012525, 0.5525130013173968, 1.765512313288905, 1.1783085486563702, 1.100606751055877, 2.530940912085893], "power_resource": [6.999574968, 7.343581698, 7.642644372, 7.88983668, 8.079001902, 8.20459899, 8.52859638, 8.787024702, 8.970648876, 9.077467968, 9.107174142, 9.06038307, 8.938941768, 8.746236432, 8.486115012, 8.164426392, 7.787327292, 7.36189794, 6.89629599, 6.398986932, 5.87889801, 5.345418222, 4.808090484, 4.60830492, 4.433761908, 4.181490306, 3.8556459, 3.462077574, 3.007095966, 2.511018252, 2.769600492, 2.948145372, 3.402203472, 3.982782168, 4.55443362, 5.107460994, 5.63262921, 6.120857106, 6.56383311, 6.953553486, 7.283091924, 7.546445622, 7.738535286, 7.855512966, 7.894146384, 7.853358114, 7.732532484, 7.532593002, 7.25569452, 6.905223234, 6.766389198, 7.10100693, 7.384062132, 7.60970592, 7.872290028, 8.238768786, 8.534291346, 8.755933266, 8.902155366, 8.972495892, 8.96803227, 0.0, 0.0, 0.0, 0.0, 0.0, 0.0, 0.0, 0.0, 0.0, 0.0, 0.0, 0.0, 0.0, 0.0, 0.0, 0.0, 0.0, 0.0, 0.0, 0.0, 0.0, 0.0, 0.0, 0.0, 0.0, 0.0, 0.0, 0.0, 0.0, 0.0, 0.0, 0.0, 0.0, 0.0, 0.0, 6.716058012, 6.93246672, 7.284785022, 7.593852366, 7.85212677, 8.053605432, 8.192593386, 8.469030114, 8.742234564, 8.941404456, 9.064077102, 9.109482912, 9.078237558, 8.97188022, 8.793489258, 8.54706654, 8.23769136, 7.871520438, 7.45578792, 6.998189706, 6.507191286, 5.991565986, 5.460856722, 4.924298574], "min_cpu_time": [5, 23, 8, 11, 13, 23, 3, 23, 8, 18, 4, 18, 11, 21, 19, 19, 18, 22, 17, 19, 18, 15], "max_cpu_time": [23, 28, 25, 29, 33, 57, 17, 42, 27, 37, 21, 18, 25, 47, 21, 44, 40, 24, 55, 58, 30, 55], "min_job_period": [48, 78, 3, 40, 57, 95, 3, 45, 13, 90, 20, 23, 82, 105, 43, 59, 49, 17, 47, 39, 117, 19], "max_job_period": [55, 79, 73, 68, 107, 113, 35, 111, 54, 90, 89, 54, 101, 114, 96, 112, 109, 80, 103, 60, 118, 58], "min_startup": [1, 1, 1, 1, 1, 1, 2, 1, 1, 1, 2, 1, 1, 1, 1, 1, 1, 1, 1, 1, 1, 1], "max_startup": [96, 84, 9, 47, 79, 38, 41, 117, 25, 70, 95, 106, 27, 7, 5, 119, 53, 6, 42, 81, 66, 68], "priority": [2, 1, 20, 6, 17, 19, 16, 10, 5, 14, 7, 11, 8, 9, 4, 15, 18, 13, 21, 12, 3, 22], "win_min": [0, 0, 0, 0, 0, 0, 0, 0, 11, 0, 0, 0, 0, 0, 0, 0, 0, 0, 0, 0, 0, 0], "win_max": [120, 120, 120, 120, 120, 120, 120, 120, 118, 120, 120, 120, 120, 120, 120, 120, 120, 120, 120, 120, 120, 120]}