{"subs": 1, "jobs": 20, "T": 120, "power_use": [3.0233382438520158, 1.3916633004987669, 1.393628422375228, 3.6231487454953695, 0.6093905059360508, 3.3024555603907224, 2.402468027860299, 1.0770344107609842, 3.7708469611109665, 3.1427258691324784, 3.0304120733360453, 3.1772994407049158, 1.984994608586925, 3.870939433831532, 3.382067224993217, 1.9859443895570374, 0.3289512784153585, 1.8128298070912978, 3.0864043445478697, 3.3350959309075887], "power_resource": [6.868282914, 7.209826956, 7.486109766, 7.692205968, 7.82365194, 7.877369322, 7.851665016, 7.746077268, 7.561067832, 7.298637642, 6.961865058, 6.714980586, 7.05867948, 7.35189327, 7.588773072, 7.80210342, 8.18151129, 8.490578634, 8.72638101, 8.886917484, 8.971572384, 8.9811153, 0.0, 0.0, 0.0, 0.0, 0.0, 0.0, 0.0, 0.0, 0.0, 0.0, 0.0, 0.0, 0.0, 0.0, 0.0, 0.0, 0.0, 0.0, 0.0, 0.0, 0.0, 0.0, 0.0, 0.0, 0.0, 0.0, 0.0, 0.0, 0.0, 0.0, 0.0, 0.0, 0.0, 0.0, 0.0, 6.771160656, 6.863665374, 7.22414133, 7.54275159, 7.81210809, 8.025592356, 8.17766334, 8.406385488, 8.694519984, 8.908927758, 9.04730004, 9.108559404, 9.092859768, 9.001740312, 8.83797156, 8.605093626, 8.308339722, 7.95371265, 7.547830884, 7.098544242, 6.614010378, 6.103310454, 5.575525632, 5.040198828, 4.667255514, 4.525497036, 4.304470788, 4.00802472, 3.64169988, 3.211191234, 2.724040764, 2.64585042, 2.856102408, 3.152086722, 3.733127172, 4.30893441, 4.869811602, 5.406215832, 5.909219856, 6.370204266, 6.78085749, 7.133945382, 7.423157304, 7.642952208, 7.788866472, 7.8575139, 7.847201394, 7.75669761, 7.58661822, 7.338656322, 7.015736358, 6.662032794, 7.014351096, 7.317569556, 7.565531454, 7.752541824, 8.121637188, 8.444249316, 8.69405823, 8.86875516, 8.967878352, 8.991427806, 0.0], "min_cpu_time": [15, 6, 13, 12, 3, 23, 21, 12, 7, 13, 6, 6, 6, 1, 9, 22, 4, 10, 11, 5], "max_cpu_time": [47, 56, 34, 16, 32, 40, 28, 17, 53, 15, 22, 6, 16, 14, 58, 57, 45, 11, 14, 34], "min_job_period": [23, 6, 6, 106, 114, 12, 89, 84, 71, 98, 27, 5, 108, 47, 51, 88, 95, 113, 20, 70], "max_job_period": [105, 100, 100, 116, 114, 36, 117, 99, 108, 117, 119, 97, 115, 81, 92, 95, 100, 118, 55, 119], "min_startup": [1, 1, 1, 1, 1, 1, 1, 1, 1, 1, 1, 1, 1, 2, 1, 1, 1, 1, 1, 1], "max_startup": [33, 106, 59, 90, 63, 17, 58, 119, 111, 109, 54, 47, 36, 10, 79, 90, 98, 14, 61, 100], "priority": [4, 2, 1, 6, 19, 15, 9, 7, 5, 12, 14, 20, 10, 18, 3, 13, 8, 11, 16, 17], "win_min": [0, 0, 0, 0, 0, 0, 0, 0, 0, 0, 0, 0, 8, 0, 0, 0, 0, 0, 0, 0], "win_max": [120, 120, 120, 120, 120, 120, 120, 120, 120, 120, 120, 120, 115, 120, 120, 120, 120, 120, 120, 120]}