{"subs": 1, "jobs": 9, "T": 120, "power_use": [3.6583267736119964, 3.886700896294484, 0.353009349805334, 1.4097039605565371, 2.98762585500095, 3.252644398384175, 2.550803986425412, 2.7955238990152624, 2.870872337747308], "power_resource": [0.0, 0.0, 0.0, 0.0, 0.0, 0.0, 0.0, 0.0, 0.0, 0.0, 0.0, 0.0, 0.0, 0.0, 0.0, 0.0, 0.0, 0.0, 0.0, 0.0, 0.0, 0.0, 0.0, 0.0, 0.0, 0.0, 0.0, 0.0, 0.0, 0.0, 0.0, 0.0, 0.0, 0.0, 0.0, 0.0, 6.691123296, 7.065144036, 7.40037744, 7.689435444, 7.925083902, 8.101627848, 8.26924455, 8.585084286, 8.828582562, 8.996661018, 9.087780474, 9.101633094, 9.039450222, 8.902924956, 8.695905246, 8.422700796, 8.088698736, 7.700825376, 7.266007026, 6.792709176, 6.289551234, 5.765306526, 5.229671886, 4.691882394, 4.573827288, 4.383276804, 4.115459484, 3.775300704, 3.368341512, 2.901508218, 2.583821466, 2.827011906, 2.989549314, 3.527338806, 4.10730183, 4.676336676, 5.224900428, 5.743911924, 6.224136084, 6.657569172, 7.036515288, 7.354048122, 7.604164872, 7.782247998, 7.88444955, 7.908152922, 7.851972852, 7.71590934, 7.50119373, 7.209980874, 6.846118722, 6.815950794, 7.141487364, 7.41423006, 7.628329998, 7.940167866, 8.293563594, 8.575233534, 8.782714998, 8.914468806, 8.970648876, 8.952178716, 0.0, 0.0, 0.0, 0.0, 0.0, 0.0, 0.0, 0.0, 0.0, 0.0, 0.0, 0.0, 0.0, 0.0, 0.0, 0.0, 0.0, 0.0, 0.0, 0.0, 0.0, 0.0], "min_cpu_time": [16, 4, 10, 14, 1, 11, 8, 15, 1], "max_cpu_time": [40, 10, 58, 43, 54, 11, 20, 41, 46], "min_job_period": [116, 23, 45, 31, 3, 22, 35, 19, 5], "max_job_period": [119, 29, 74, 118, 118, 59, 88, 62, 55], "min_startup": [1, 5, 2, 2, 18, 2, 3, 2, 18], "max_startup": [46, 107, 38, 7, 100, 106, 89, 52, 119], "priority": [2, 5, 8, 6, 1, 7, 3, 4, 9], "win_min": [0, 2, 0, 0, 0, 0, 0, 0, 0], "win_max": [120, 102, 120, 120, 120, 120, 120, 120, 120]}