{"subs": 1, "jobs": 22, "T": 120, "power_use": [2.0266971580171442, 1.5210518422620323, 2.4483127047368063, 2.4878361691535145, 2.820572132276771, 1.5911690970026222, 2.4417576063969877, 2.5772238831165253, 0.19361234789397302, 1.3891701706204338, 2.148621177825879, 3.80579424623889, 2.455838559696149, 3.772402122830023, 2.5382521059577132, 1.5625082049237784, 2.1747424181036097, 1.4009084005719723, 1.7241292380176543, 3.316165326559357, 0.018718437009871677, 2.970162874053075], "power_resource": [8.490578634, 8.72638101, 8.886917484, 8.971572384, 8.9811153, 0.0, 0.0, 0.0, 0.0, 0.0, 0.0, 0.0, 0.0, 0.0, 0.0, 0.0, 0.0, 0.0, 0.0, 0.0, 0.0, 0.0, 0.0, 0.0, 0.0, 0.0, 0.0, 0.0, 0.0, 0.0, 0.0, 0.0, 0.0, 0.0, 0.0, 0.0, 0.0, 0.0, 0.0, 0.0, 6.771160656, 6.863665374, 7.22414133, 7.54275159, 7.81210809, 8.025592356, 8.17766334, 8.406385488, 8.694519984, 8.908927758, 9.04730004, 9.108559404, 9.092859768, 9.001740312, 8.83797156, 8.605093626, 8.308339722, 7.95371265, 7.547830884, 7.098544242, 6.614010378, 6.103310454, 5.575525632, 5.040198828, 4.667255514, 4.525497036, 4.304470788, 4.00802472, 3.64169988, 3.211191234, 2.724040764, 2.64585042, 2.856102408, 3.152086722, 3.733127172, 4.30893441, 4.869811602, 5.406215832, 5.909219856, 6.370204266, 6.78085749, 7.133945382, 7.423157304, 7.642952208, 7.788866472, 7.8575139, 7.847201394, 7.75669761, 7.58661822, 7.338656322, 7.015736358, 6.662032794, 7.014351096, 7.317569556, 7.565531454, 7.752541824, 8.121637188, 8.444249316, 8.69405823, 8.86875516, 8.967878352, 8.991427806, 0.0, 0.0, 0.0, 0.0, 0.0, 0.0, 0.0, 0.0, 0.0, 0.0, 0.0, 0.0, 0.0, 0.0, 0.0, 0.0, 0.0, 0.0], "min_cpu_time": [23, 10, 11, 10, 16, 12, 18, 11, 4, 1, 5, 19, 8, 4, 3, 5, 1, 20, 21, 7, 17, 4], "max_cpu_time": [26, 50, 21, 42, 22, 21, 29, 18, 31, 55, 46, 59, 46, 8, 39, 57, 23, 21, 32, 50, 27, 22], "min_job_period": [27, 24, 88, 2, 113, 29, 25, 5, 11, 7, 12, 50, 18, 19, 1, 15, 11, 59, 35, 34, 14, 13], "max_job_period": [93, 83, 115, 96, 118, 47, 72, 52, 38, 39, 91, 115, 53, 57, 73, 21, 12, 96, 75, 118, 103, 25], "min_startup": [1, 1, 1, 1, 1, 1, 1, 1, 3, 10, 2, 1, 2, 3, 4, 2, 10, 1, 1, 2, 1, 3], "max_startup": [62, 23, 40, 104, 76, 8, 67, 93, 87, 54, 7, 28, 26, 106, 13, 32, 24, 41, 45, 98, 85, 82], "priority": [5, 8, 22, 13, 7, 4, 10, 14, 20, 16, 1, 12, 17, 3, 2, 9, 15, 21, 18, 6, 19, 11], "win_min": [0, 0, 0, 1, 0, 0, 0, 0, 0, 0, 0, 0, 0, 0, 0, 0, 0, 0, 0, 0, 0, 0], "win_max": [120, 120, 120, 109, 120, 120, 120, 120, 120, 120, 120, 120, 120, 120, 120, 120, 120, 120, 120, 120, 120, 120]}