{"subs": 1, "jobs": 24, "T": 120, "power_use": [2.6463373141206077, 2.39654608750397, 0.36589671426708487, 3.2432479595550583, 0.6667054781112589, 0.054284952380068544, 2.3644712786899977, 2.14260201478645, 2.9992528731263923, 1.8395296075982057, 1.3212441102062547, 0.6486111389213526, 2.005768203422556, 3.685697871133162, 2.6699890368126282, 2.774594246108084, 0.11401023486340386, 3.4994312712112663, 3.0220958947921543, 3.664872918194933, 1.1223549464242726, 1.976634530275838, 1.2221211044500742, 2.3587866426197954], "power_resource": [7.71590934, 7.50119373, 7.209980874, 6.846118722, 6.815950794, 7.141487364, 7.41423006, 7.628329998, 7.940167866, 8.293563594, 8.575233534, 8.782714998, 8.914468806, 8.970648876, 8.952178716, 0.0, 0.0, 0.0, 0.0, 0.0, 0.0, 0.0, 0.0, 0.0, 0.0, 0.0, 0.0, 0.0, 0.0, 0.0, 0.0, 0.0, 0.0, 0.0, 0.0, 0.0, 0.0, 0.0, 0.0, 0.0, 0.0, 0.0, 0.0, 0.0, 0.0, 0.0, 0.0, 0.0, 0.0, 0.0, 6.658030926, 6.999574968, 7.343581698, 7.642644372, 7.88983668, 8.079001902, 8.20459899, 8.52859638, 8.787024702, 8.970648876, 9.077467968, 9.107174142, 9.06038307, 8.938941768, 8.746236432, 8.486115012, 8.164426392, 7.787327292, 7.36189794, 6.89629599, 6.398986932, 5.87889801, 5.345418222, 4.808090484, 4.60830492, 4.433761908, 4.181490306, 3.8556459, 3.462077574, 3.007095966, 2.511018252, 2.769600492, 2.948145372, 3.402203472, 3.982782168, 4.55443362, 5.107460994, 5.63262921, 6.120857106, 6.56383311, 6.953553486, 7.283091924, 7.546445622, 7.738535286, 7.855512966, 7.894146384, 7.853358114, 7.732532484, 7.532593002, 7.25569452, 6.905223234, 6.766389198, 7.10100693, 7.384062132, 7.60970592, 7.872290028, 8.238768786, 8.534291346, 8.755933266, 8.902155366, 8.972495892, 8.96803227, 0.0, 0.0, 0.0, 0.0, 0.0, 0.0, 0.0, 0.0], "min_cpu_time": [23, 7, 15, 17, 12, 10, 8, 12, 10, 15, 5, 18, 2, 21, 16, 21, 7, 3, 3, 16, 13, 21, 22, 5], "max_cpu_time": [56, 8, 39, 59, 53, 38, 54, 17, 12, 45, 22, 42, 3, 35, 30, 49, 14, 5, 32, 16, 41, 48, 44, 17], "min_job_period": [110, 103, 51, 43, 107, 117, 103, 16, 58, 25, 55, 14, 35, 110, 58, 103, 50, 12, 36, 90, 37, 34, 1, 12], "max_job_period": [113, 107, 97, 115, 117, 117, 106, 74, 107, 31, 57, 58, 56, 119, 91, 104, 95, 29, 111, 109, 73, 44, 117, 112], "min_startup": [1, 1, 1, 1, 1, 1, 1, 1, 1, 1, 2, 1, 3, 1, 1, 1, 1, 2, 2, 1, 1, 1, 1, 2], "max_startup": [10, 9, 67, 37, 37, 20, 21, 95, 11, 28, 79, 96, 90, 119, 47, 88, 5, 18, 94, 78, 9, 3, 29, 43], "priority": [10, 18, 3, 7, 13, 5, 1, 21, 8, 19, 9, 11, 16, 12, 20, 2, 4, 6, 23, 15, 22, 14, 17, 24], "win_min": [0, 0, 0, 0, 0, 0, 0, 0, 1, 0, 0, 0, 0, 0, 0, 0, 0, 0, 0, 0, 0, 0, 0, 0], "win_max": [120, 120, 120, 120, 120, 120, 120, 120, 102, 120, 120, 120, 120, 120, 120, 120, 120, 120, 120, 120, 120, 120, 120, 120]}