{"subs": 1, "jobs": 20, "T": 120, "power_use": [2.7826688846582956, 0.38524522987727805, 3.7140619475545833, 0.6097458105502576, 3.269586058719293, 3.1342591194918654, 1.7593711314279123, 3.6882427390515784, 0.4469782814327241, 3.7908203057243055, 1.008154722491486, 3.9908877436863595, 1.3220145983597318, 1.1589914210560164, 3.8872526333016224, 2.704303600513443, 0.4238250745337954, 3.4252468680815285, 0.5868728401771246, 1.2660706060560594], "power_resource": [9.077467968, 9.107174142, 9.06038307, 8.938941768, 8.746236432, 8.486115012, 8.164426392, 7.787327292, 7.36189794, 6.89629599, 6.398986932, 5.87889801, 5.345418222, 4.808090484, 4.60830492, 4.433761908, 4.181490306, 3.8556459, 3.462077574, 3.007095966, 2.511018252, 2.769600492, 2.948145372, 3.402203472, 3.982782168, 4.55443362, 5.107460994, 5.63262921, 6.120857106, 6.56383311, 6.953553486, 7.283091924, 7.546445622, 7.738535286, 7.855512966, 7.894146384, 7.853358114, 7.732532484, 7.532593002, 7.25569452, 6.905223234, 6.766389198, 7.10100693, 7.384062132, 7.60970592, 7.872290028, 8.238768786, 8.534291346, 8.755933266, 8.902155366, 8.972495892, 8.96803227, 0.0, 0.0, 0.0, 0.0, 0.0, 0.0, 0.0, 0.0, 0.0, 0.0, 0.0, 0.0, 0.0, 0.0, 0.0, 0.0, 0.0, 0.0, 0.0, 0.0, 0.0, 0.0, 0.0, 0.0, 0.0, 0.0, 0.0, 0.0, 0.0, 0.0, 0.0, 0.0, 0.0, 0.0, 0.0, 6.716058012, 6.93246672, 7.284785022, 7.593852366, 7.85212677, 8.053605432, 8.192593386, 8.469030114, 8.742234564, 8.941404456, 9.064077102, 9.109482912, 9.078237558, 8.97188022, 8.793489258, 8.54706654, 8.23769136, 7.871520438, 7.45578792, 6.998189706, 6.507191286, 5.991565986, 5.460856722, 4.924298574, 4.639396356, 4.48132257, 4.244442768, 3.93337449, 3.55319703, 3.110374944, 2.612142378, 2.709264636, 2.90366307], "min_cpu_time": [16, 17, 12, 6, 16, 18, 11, 4, 2, 1, 11, 13, 5, 7, 4, 18, 8, 12, 8, 5], "max_cpu_time": [26, 30, 19, 8, 48, 51, 47, 21, 10, 4, 59, 40, 35, 40, 38, 42, 30, 58, 37, 35], "min_job_period": [9, 11, 10, 16, 119, 15, 88, 31, 13, 7, 112, 25, 3, 35, 22, 35, 50, 65, 44, 46], "max_job_period": [33, 33, 28, 47, 119, 20, 90, 67, 69, 99, 117, 67, 113, 75, 37, 100, 93, 70, 53, 60], "min_startup": [1, 1, 1, 2, 1, 1, 1, 3, 5, 10, 1, 1, 2, 2, 3, 1, 2, 1, 2, 2], "max_startup": [11, 28, 8, 44, 27, 24, 25, 112, 93, 63, 93, 116, 62, 74, 107, 26, 80, 108, 102, 12], "priority": [6, 17, 14, 7, 3, 8, 12, 11, 16, 20, 18, 13, 15, 19, 5, 9, 4, 10, 1, 2], "win_min": [0, 0, 0, 0, 0, 0, 0, 0, 0, 0, 0, 0, 0, 6, 0, 0, 0, 0, 0, 0], "win_max": [120, 120, 120, 120, 120, 120, 120, 120, 120, 120, 120, 120, 120, 105, 120, 120, 120, 120, 120, 120]}