{"subs": 1, "jobs": 18, "T": 120, "power_use": [0.23725068886025383, 2.929231957250161, 1.7681520520470764, 1.79916363804386, 3.11041006812988, 0.14005965254681768, 3.774901480228583, 1.8737996791223912, 3.915088330385488, 0.7255221888972301, 3.3273971145970758, 3.9399908748641645, 2.1131887641188563, 3.445369960376599, 3.6543452529805065, 2.163775076852505, 2.6313578127848922, 3.6375291063119572], "power_resource": [8.966031336, 0.0, 0.0, 0.0, 0.0, 0.0, 0.0, 0.0, 0.0, 0.0, 0.0, 0.0, 0.0, 0.0, 0.0, 0.0, 0.0, 0.0, 0.0, 0.0, 0.0, 0.0, 0.0, 0.0, 0.0, 0.0, 0.0, 0.0, 0.0, 0.0, 0.0, 0.0, 0.0, 0.0, 0.0, 0.0, 0.0, 6.691123296, 7.065144036, 7.40037744, 7.689435444, 7.925083902, 8.101627848, 8.26924455, 8.585084286, 8.828582562, 8.996661018, 9.087780474, 9.101633094, 9.039450222, 8.902924956, 8.695905246, 8.422700796, 8.088698736, 7.700825376, 7.266007026, 6.792709176, 6.289551234, 5.765306526, 5.229671886, 4.691882394, 4.573827288, 4.383276804, 4.115459484, 3.775300704, 3.368341512, 2.901508218, 2.583821466, 2.827011906, 2.989549314, 3.527338806, 4.10730183, 4.676336676, 5.224900428, 5.743911924, 6.224136084, 6.657569172, 7.036515288, 7.354048122, 7.604164872, 7.782247998, 7.88444955, 7.908152922, 7.851972852, 7.71590934, 7.50119373, 7.209980874, 6.846118722, 6.815950794, 7.141487364, 7.41423006, 7.628329998, 7.940167866, 8.293563594, 8.575233534, 8.782714998, 8.914468806, 8.970648876, 8.952178716, 0.0, 0.0, 0.0, 0.0, 0.0, 0.0, 0.0, 0.0, 0.0, 0.0, 0.0, 0.0, 0.0, 0.0, 0.0, 0.0, 0.0, 0.0, 0.0, 0.0, 0.0], "min_cpu_time": [15, 4, 10, 11, 13, 17, 15, 2, 16, 9, 15, 17, 2, 23, 10, 7, 2, 21], "max_cpu_time": [37, 48, 50, 23, 23, 47, 18, 47, 58, 50, 48, 45, 57, 58, 33, 9, 48, 22], "min_job_period": [45, 115, 94, 50, 14, 109, 4, 5, 99, 70, 61, 9, 49, 95, 26, 110, 35, 66], "max_job_period": [58, 115, 104, 55, 51, 114, 25, 114, 101, 97, 74, 64, 96, 111, 77, 119, 38, 74], "min_startup": [1, 1, 1, 1, 1, 1, 1, 2, 1, 1, 1, 1, 2, 1, 1, 1, 2, 1], "max_startup": [11, 12, 51, 44, 28, 79, 98, 5, 88, 46, 55, 105, 96, 44, 2, 106, 21, 20], "priority": [5, 14, 13, 16, 9, 12, 2, 15, 10, 8, 7, 11, 17, 3, 6, 18, 1, 4], "win_min": [0, 0, 0, 0, 0, 0, 0, 0, 0, 0, 0, 0, 0, 0, 0, 6, 0, 0], "win_max": [120, 120, 120, 120, 120, 120, 120, 120, 120, 120, 120, 120, 120, 120, 120, 117, 120, 120]}