{"subs": 1, "jobs": 24, "T": 120, "power_use": [2.9936725711540872, 2.6596666753211657, 0.5705151060402585, 3.665343310294421, 1.2258895940779937, 1.1582547002798798, 3.951645814697028, 0.03864716641241843, 0.47143029299454775, 0.9580880246965175, 2.032637895192904, 2.7954991202791604, 0.12002507112923003, 2.6334286092924173, 0.44669689820513764, 0.5026010109437994, 1.6591407442280937, 1.9411687700919356, 2.669709366485471, 2.797788655047272, 1.9850945580362396, 0.6586770805403265, 1.9007001734256102, 0.4652968967083135], "power_resource": [7.82365194, 7.877369322, 7.851665016, 7.746077268, 7.561067832, 7.298637642, 6.961865058, 6.714980586, 7.05867948, 7.35189327, 7.588773072, 7.80210342, 8.18151129, 8.490578634, 8.72638101, 8.886917484, 8.971572384, 8.9811153, 0.0, 0.0, 0.0, 0.0, 0.0, 0.0, 0.0, 0.0, 0.0, 0.0, 0.0, 0.0, 0.0, 0.0, 0.0, 0.0, 0.0, 0.0, 0.0, 0.0, 0.0, 0.0, 0.0, 0.0, 0.0, 0.0, 0.0, 0.0, 0.0, 0.0, 0.0, 0.0, 0.0, 0.0, 0.0, 6.771160656, 6.863665374, 7.22414133, 7.54275159, 7.81210809, 8.025592356, 8.17766334, 8.406385488, 8.694519984, 8.908927758, 9.04730004, 9.108559404, 9.092859768, 9.001740312, 8.83797156, 8.605093626, 8.308339722, 7.95371265, 7.547830884, 7.098544242, 6.614010378, 6.103310454, 5.575525632, 5.040198828, 4.667255514, 4.525497036, 4.304470788, 4.00802472, 3.64169988, 3.211191234, 2.724040764, 2.64585042, 2.856102408, 3.152086722, 3.733127172, 4.30893441, 4.869811602, 5.406215832, 5.909219856, 6.370204266, 6.78085749, 7.133945382, 7.423157304, 7.642952208, 7.788866472, 7.8575139, 7.847201394, 7.75669761, 7.58661822, 7.338656322, 7.015736358, 6.662032794, 7.014351096, 7.317569556, 7.565531454, 7.752541824, 8.121637188, 8.444249316, 8.69405823, 8.86875516, 8.967878352, 8.991427806, 0.0, 0.0, 0.0, 0.0, 0.0], "min_cpu_time": [9, 22, 17, 12, 7, 13, 19, 18, 23, 3, 8, 11, 11, 2, 14, 7, 9, 1, 13, 13, 12, 18, 3, 4], "max_cpu_time": [32, 24, 29, 35, 40, 26, 33, 30, 54, 26, 54, 37, 34, 38, 46, 14, 29, 6, 32, 23, 15, 27, 58, 23], "min_job_period": [24, 79, 61, 35, 68, 8, 67, 90, 84, 49, 84, 116, 23, 22, 77, 10, 64, 14, 108, 11, 117, 60, 41, 58], "max_job_period": [54, 91, 92, 67, 88, 72, 79, 108, 86, 112, 87, 119, 29, 38, 117, 13, 79, 74, 114, 87, 119, 75, 84, 65], "min_startup": [1, 1, 1, 1, 1, 1, 1, 1, 1, 1, 1, 1, 1, 1, 1, 1, 1, 2, 1, 1, 1, 1, 1, 1], "max_startup": [92, 86, 45, 76, 51, 48, 118, 20, 114, 38, 58, 35, 27, 5, 5, 30, 111, 14, 113, 47, 90, 51, 24, 103], "priority": [12, 15, 21, 23, 4, 16, 13, 9, 11, 22, 14, 8, 2, 20, 17, 24, 18, 1, 10, 19, 6, 3, 5, 7], "win_min": [0, 0, 0, 0, 0, 0, 0, 0, 0, 0, 0, 0, 0, 0, 5, 0, 0, 0, 0, 0, 0, 0, 0, 0], "win_max": [120, 120, 120, 120, 120, 120, 120, 120, 120, 120, 120, 120, 120, 120, 108, 120, 120, 120, 120, 120, 120, 120, 120, 120]}