{"subs": 1, "jobs": 24, "T": 120, "power_use": [0.9246128515632935, 0.4372131842079751, 1.0029137800599963, 0.09816176598290322, 3.189463455205674, 1.1246358578557691, 0.07650727478048072, 3.9771968985335233, 2.938635715064255, 0.4302208747683187, 2.466901720023929, 0.7747135049560834, 2.7900868647806263, 0.024024885108710425, 1.5483919223901756, 1.9907973192322603, 3.9478658981779944, 0.3185051152017716, 3.9404742454725805, 1.784296778185208, 0.9006544658070017, 2.8085482084150963, 0.5889246902044835, 3.9448258285657745], "power_resource": [7.829962578, 7.648801092, 7.390218852, 7.0571403, 6.654029058, 6.954323076, 7.250923062, 7.49118906, 7.744999842, 8.128255662, 8.441478792, 8.681283036, 8.845975296, 8.9349399, 8.948638602, 0.0, 0.0, 0.0, 0.0, 0.0, 0.0, 0.0, 0.0, 0.0, 0.0, 0.0, 0.0, 0.0, 0.0, 0.0, 0.0, 0.0, 0.0, 0.0, 0.0, 0.0, 0.0, 0.0, 0.0, 0.0, 0.0, 0.0, 0.0, 0.0, 0.0, 0.0, 0.0, 0.0, 0.0, 0.0, 6.809794074, 6.832112184, 7.190895042, 7.507966122, 7.775783442, 7.987882446, 8.138722086, 8.40238362, 8.689132854, 8.902155366, 9.03883455, 9.098400816, 9.081008082, 8.987887692, 8.82181017, 8.586777384, 8.287560792, 7.930163196, 7.521356988, 7.068991986, 6.581379762, 6.067293642, 5.535814788, 4.996793952, 4.638165012, 4.495021272, 4.272609762, 3.974470596, 3.606144822, 3.173327406, 2.68356033, 2.720654568, 2.932753572, 3.195029844, 3.777455556, 4.354801974, 4.9176801, 5.4563931, 5.961859812, 6.425460828, 6.839192412, 7.195512582, 7.4881107, 7.711445718, 7.861054014, 7.933549392, 7.926930918, 7.840275084, 7.674043644, 7.429929696, 7.110703764, 6.720521634, 6.909994692, 7.21644543, 7.467793524, 7.67204271, 8.068227642, 8.394841638, 8.648806338, 8.827659054, 8.930938032, 8.958643272, 0.0, 0.0, 0.0, 0.0, 0.0, 0.0, 0.0, 0.0], "min_cpu_time": [16, 22, 3, 8, 12, 20, 15, 21, 22, 15, 19, 2, 17, 1, 2, 14, 14, 19, 8, 16, 20, 4, 4, 21], "max_cpu_time": [57, 48, 12, 27, 16, 46, 27, 59, 31, 38, 43, 5, 36, 34, 44, 42, 18, 58, 33, 56, 50, 15, 15, 32], "min_job_period": [84, 98, 64, 113, 73, 79, 98, 6, 5, 1, 71, 104, 71, 41, 57, 47, 37, 30, 14, 104, 6, 27, 84, 111], "max_job_period": [102, 101, 81, 118, 74, 101, 103, 57, 98, 83, 75, 112, 88, 49, 78, 102, 39, 100, 39, 119, 101, 86, 113, 111], "min_startup": [1, 1, 1, 1, 1, 1, 1, 1, 1, 1, 1, 1, 1, 2, 1, 1, 1, 1, 1, 1, 1, 1, 1, 1], "max_startup": [113, 71, 9, 113, 27, 104, 47, 14, 82, 94, 113, 117, 96, 108, 10, 90, 45, 108, 32, 10, 95, 14, 116, 70], "priority": [16, 9, 14, 7, 11, 22, 8, 17, 21, 4, 12, 10, 6, 1, 19, 24, 3, 23, 2, 5, 20, 13, 18, 15], "win_min": [0, 0, 0, 0, 0, 0, 0, 0, 0, 0, 0, 0, 0, 0, 0, 0, 0, 0, 0, 0, 0, 0, 0, 8], "win_max": [120, 120, 120, 120, 120, 120, 120, 120, 120, 120, 120, 120, 120, 120, 120, 120, 120, 120, 120, 120, 120, 120, 120, 110]}