{"subs": 1, "jobs": 24, "T": 120, "power_use": [3.053768025791776, 2.803826304361947, 0.8431705541185629, 0.6151358599330186, 2.6221064028624843, 3.8284303975301373, 2.6439155962456327, 3.2268649414309785, 3.6554467931679184, 3.3917983706890715, 2.892392628768384, 2.3279279111293425, 2.926656476662825, 1.8170451753360524, 2.86421225648316, 1.0793305310188859, 1.7389693298611417, 2.3050448210485923, 2.5010199277598963, 0.468094189913969, 2.325350772054583, 3.004758839533887, 3.1709111533129275, 2.6056057004382476], "power_resource": [0.0, 6.691123296, 7.065144036, 7.40037744, 7.689435444, 7.925083902, 8.101627848, 8.26924455, 8.585084286, 8.828582562, 8.996661018, 9.087780474, 9.101633094, 9.039450222, 8.902924956, 8.695905246, 8.422700796, 8.088698736, 7.700825376, 7.266007026, 6.792709176, 6.289551234, 5.765306526, 5.229671886, 4.691882394, 4.573827288, 4.383276804, 4.115459484, 3.775300704, 3.368341512, 2.901508218, 2.583821466, 2.827011906, 2.989549314, 3.527338806, 4.10730183, 4.676336676, 5.224900428, 5.743911924, 6.224136084, 6.657569172, 7.036515288, 7.354048122, 7.604164872, 7.782247998, 7.88444955, 7.908152922, 7.851972852, 7.71590934, 7.50119373, 7.209980874, 6.846118722, 6.815950794, 7.141487364, 7.41423006, 7.628329998, 7.940167866, 8.293563594, 8.575233534, 8.782714998, 8.914468806, 8.970648876, 8.952178716, 0.0, 0.0, 0.0, 0.0, 0.0, 0.0, 0.0, 0.0, 0.0, 0.0, 0.0, 0.0, 0.0, 0.0, 0.0, 0.0, 0.0, 0.0, 0.0, 0.0, 0.0, 0.0, 0.0, 0.0, 0.0, 0.0, 0.0, 0.0, 0.0, 0.0, 0.0, 0.0, 0.0, 0.0, 0.0, 6.658030926, 6.999574968, 7.343581698, 7.642644372, 7.88983668, 8.079001902, 8.20459899, 8.52859638, 8.787024702, 8.970648876, 9.077467968, 9.107174142, 9.06038307, 8.938941768, 8.746236432, 8.486115012, 8.164426392, 7.787327292, 7.36189794, 6.89629599, 6.398986932, 5.87889801], "min_cpu_time": [2, 16, 4, 2, 13, 22, 12, 15, 6, 13, 17, 20, 1, 12, 15, 14, 3, 4, 18, 21, 22, 22, 22, 14], "max_cpu_time": [39, 18, 52, 53, 56, 25, 35, 56, 45, 28, 55, 25, 21, 30, 47, 25, 16, 45, 29, 42, 49, 54, 34, 17], "min_job_period": [22, 109, 84, 11, 73, 113, 46, 44, 37, 109, 29, 58, 9, 51, 13, 102, 80, 45, 83, 103, 46, 59, 63, 95], "max_job_period": [72, 115, 118, 43, 74, 116, 105, 111, 109, 118, 52, 71, 88, 85, 25, 119, 102, 101, 89, 115, 72, 91, 67, 98], "min_startup": [2, 1, 1, 2, 1, 1, 1, 1, 1, 1, 1, 1, 4, 1, 1, 1, 1, 1, 1, 1, 1, 1, 1, 1], "max_startup": [64, 55, 55, 19, 82, 12, 109, 6, 109, 55, 19, 59, 98, 94, 29, 39, 42, 118, 25, 91, 102, 107, 110, 102], "priority": [6, 21, 10, 3, 4, 19, 9, 16, 20, 8, 11, 24, 17, 14, 23, 15, 5, 13, 22, 1, 7, 2, 18, 12], "win_min": [0, 11, 0, 0, 0, 0, 0, 0, 0, 0, 0, 0, 0, 0, 0, 0, 0, 0, 0, 0, 0, 0, 0, 0], "win_max": [120, 112, 120, 120, 120, 120, 120, 120, 120, 120, 120, 120, 120, 120, 120, 120, 120, 120, 120, 120, 120, 120, 120, 120]}