{"subs": 1, "jobs": 9, "T": 120, "power_use": [1.5954013448249726, 2.261630217132466, 1.5465109382827147, 1.215603247495015, 2.9406579836317763, 3.2926540611437836, 2.9572305022676435, 1.4190717312420498, 2.6630709651061917], "power_resource": [0.0, 0.0, 0.0, 0.0, 0.0, 0.0, 0.0, 0.0, 0.0, 0.0, 0.0, 0.0, 0.0, 0.0, 0.0, 0.0, 0.0, 0.0, 0.0, 0.0, 0.0, 0.0, 0.0, 0.0, 0.0, 0.0, 0.0, 0.0, 0.0, 0.0, 0.0, 0.0, 0.0, 0.0, 6.716058012, 6.93246672, 7.284785022, 7.593852366, 7.85212677, 8.053605432, 8.192593386, 8.469030114, 8.742234564, 8.941404456, 9.064077102, 9.109482912, 9.078237558, 8.97188022, 8.793489258, 8.54706654, 8.23769136, 7.871520438, 7.45578792, 6.998189706, 6.507191286, 5.991565986, 5.460856722, 4.924298574, 4.639396356, 4.48132257, 4.244442768, 3.93337449, 3.55319703, 3.110374944, 2.612142378, 2.709264636, 2.90366307, 3.277068138, 3.858108588, 4.431914892, 4.989098052, 5.520115152, 6.01588503, 6.467942196, 6.868282914, 7.209826956, 7.486109766, 7.692205968, 7.82365194, 7.877369322, 7.851665016, 7.746077268, 7.561067832, 7.298637642, 6.961865058, 6.714980586, 7.05867948, 7.35189327, 7.588773072, 7.80210342, 8.18151129, 8.490578634, 8.72638101, 8.886917484, 8.971572384, 8.9811153, 0.0, 0.0, 0.0, 0.0, 0.0, 0.0, 0.0, 0.0, 0.0, 0.0, 0.0, 0.0, 0.0, 0.0, 0.0, 0.0, 0.0, 0.0, 0.0, 0.0, 0.0, 0.0, 0.0, 0.0], "min_cpu_time": [8, 18, 10, 21, 19, 14, 12, 14, 19], "max_cpu_time": [13, 21, 13, 33, 39, 17, 58, 43, 45], "min_job_period": [2, 54, 5, 50, 108, 47, 9, 59, 79], "max_job_period": [60, 108, 17, 98, 117, 103, 47, 59, 103], "min_startup": [3, 1, 2, 1, 1, 2, 2, 2, 1], "max_startup": [15, 4, 104, 103, 66, 17, 66, 39, 85], "priority": [6, 5, 7, 1, 8, 4, 3, 2, 9], "win_min": [20, 0, 0, 0, 0, 0, 0, 0, 0], "win_max": [101, 120, 120, 120, 120, 120, 120, 120, 120]}