{"subs": 1, "jobs": 18, "T": 120, "power_use": [3.8548239430399716, 1.2054013793912823, 3.0572642729116413, 2.825527360558104, 3.1446951780398273, 1.9800996106704212, 3.0198524187825906, 1.6652466393536722, 3.23663324977413, 1.7273590928377691, 3.8307004026946485, 3.87124814645202, 3.8908794067559915, 3.599497515547007, 2.2215041221655425, 1.487319978541181, 0.06346560825412031, 0.21634514335134544], "power_resource": [8.938941768, 8.746236432, 8.486115012, 8.164426392, 7.787327292, 7.36189794, 6.89629599, 6.398986932, 5.87889801, 5.345418222, 4.808090484, 4.60830492, 4.433761908, 4.181490306, 3.8556459, 3.462077574, 3.007095966, 2.511018252, 2.769600492, 2.948145372, 3.402203472, 3.982782168, 4.55443362, 5.107460994, 5.63262921, 6.120857106, 6.56383311, 6.953553486, 7.283091924, 7.546445622, 7.738535286, 7.855512966, 7.894146384, 7.853358114, 7.732532484, 7.532593002, 7.25569452, 6.905223234, 6.766389198, 7.10100693, 7.384062132, 7.60970592, 7.872290028, 8.238768786, 8.534291346, 8.755933266, 8.902155366, 8.972495892, 8.96803227, 0.0, 0.0, 0.0, 0.0, 0.0, 0.0, 0.0, 0.0, 0.0, 0.0, 0.0, 0.0, 0.0, 0.0, 0.0, 0.0, 0.0, 0.0, 0.0, 0.0, 0.0, 0.0, 0.0, 0.0, 0.0, 0.0, 0.0, 0.0, 0.0, 0.0, 0.0, 0.0, 0.0, 0.0, 0.0, 6.716058012, 6.93246672, 7.284785022, 7.593852366, 7.85212677, 8.053605432, 8.192593386, 8.469030114, 8.742234564, 8.941404456, 9.064077102, 9.109482912, 9.078237558, 8.97188022, 8.793489258, 8.54706654, 8.23769136, 7.871520438, 7.45578792, 6.998189706, 6.507191286, 5.991565986, 5.460856722, 4.924298574, 4.639396356, 4.48132257, 4.244442768, 3.93337449, 3.55319703, 3.110374944, 2.612142378, 2.709264636, 2.90366307, 3.277068138, 3.858108588, 4.431914892], "min_cpu_time": [3, 1, 16, 10, 17, 8, 22, 21, 5, 3, 7, 21, 1, 2, 16, 10, 22, 19], "max_cpu_time": [48, 35, 26, 26, 57, 34, 31, 58, 42, 52, 19, 43, 46, 22, 39, 52, 43, 46], "min_job_period": [36, 72, 36, 55, 8, 63, 82, 61, 68, 79, 4, 3, 74, 92, 81, 108, 39, 74], "max_job_period": [63, 117, 92, 69, 111, 70, 90, 90, 81, 105, 44, 63, 105, 97, 102, 114, 110, 75], "min_startup": [1, 1, 1, 1, 1, 1, 1, 1, 1, 1, 1, 1, 1, 1, 1, 1, 1, 1], "max_startup": [70, 54, 35, 99, 64, 63, 28, 66, 98, 28, 68, 67, 38, 39, 39, 53, 113, 6], "priority": [17, 6, 14, 2, 5, 11, 1, 3, 7, 4, 8, 9, 12, 16, 15, 10, 13, 18], "win_min": [19, 0, 0, 0, 0, 0, 0, 0, 0, 0, 0, 0, 0, 0, 0, 0, 0, 0], "win_max": [99, 120, 120, 120, 120, 120, 120, 120, 120, 120, 120, 120, 120, 120, 120, 120, 120, 120]}