{"subs": 1, "jobs": 24, "T": 120, "power_use": [1.1079976399110738, 3.9564748385205233, 2.9646376921988504, 0.8804574207461799, 0.6862283456072843, 0.34011679560619634, 1.689217556815174, 2.1297336452512923, 2.395392844879902, 3.4167691951309402, 2.0152885182016447, 0.879567117546308, 2.649642170547914, 0.6296388376343494, 2.6248644282116174, 1.5338489616733668, 0.6079668893720486, 0.36461229493571407, 3.9692602148080334, 0.14232838273433845, 2.5290487591535666, 1.8790471808238072, 0.7425848444938289, 1.543136661396722], "power_resource": [7.298637642, 6.961865058, 6.714980586, 7.05867948, 7.35189327, 7.588773072, 7.80210342, 8.18151129, 8.490578634, 8.72638101, 8.886917484, 8.971572384, 8.9811153, 0.0, 0.0, 0.0, 0.0, 0.0, 0.0, 0.0, 0.0, 0.0, 0.0, 0.0, 0.0, 0.0, 0.0, 0.0, 0.0, 0.0, 0.0, 0.0, 0.0, 0.0, 0.0, 0.0, 0.0, 0.0, 0.0, 0.0, 0.0, 0.0, 0.0, 0.0, 0.0, 0.0, 0.0, 0.0, 6.771160656, 6.863665374, 7.22414133, 7.54275159, 7.81210809, 8.025592356, 8.17766334, 8.406385488, 8.694519984, 8.908927758, 9.04730004, 9.108559404, 9.092859768, 9.001740312, 8.83797156, 8.605093626, 8.308339722, 7.95371265, 7.547830884, 7.098544242, 6.614010378, 6.103310454, 5.575525632, 5.040198828, 4.667255514, 4.525497036, 4.304470788, 4.00802472, 3.64169988, 3.211191234, 2.724040764, 2.64585042, 2.856102408, 3.152086722, 3.733127172, 4.30893441, 4.869811602, 5.406215832, 5.909219856, 6.370204266, 6.78085749, 7.133945382, 7.423157304, 7.642952208, 7.788866472, 7.8575139, 7.847201394, 7.75669761, 7.58661822, 7.338656322, 7.015736358, 6.662032794, 7.014351096, 7.317569556, 7.565531454, 7.752541824, 8.121637188, 8.444249316, 8.69405823, 8.86875516, 8.967878352, 8.991427806, 0.0, 0.0, 0.0, 0.0, 0.0, 0.0, 0.0, 0.0, 0.0, 0.0], "min_cpu_time": [1, 18, 19, 15, 19, 23, 3, 19, 16, 1, 10, 9, 12, 20, 2, 3, 11, 22, 9, 7, 19, 7, 22, 3], "max_cpu_time": [13, 23, 59, 59, 44, 53, 29, 58, 27, 54, 54, 29, 13, 20, 9, 3, 24, 22, 32, 17, 19, 19, 38, 26], "min_job_period": [49, 111, 119, 4, 62, 42, 51, 50, 71, 25, 107, 41, 8, 49, 66, 116, 114, 73, 31, 2, 110, 30, 69, 2], "max_job_period": [54, 112, 119, 70, 111, 86, 55, 98, 105, 32, 113, 99, 115, 108, 86, 116, 117, 113, 111, 93, 115, 78, 83, 86], "min_startup": [2, 1, 1, 1, 1, 1, 1, 1, 1, 2, 1, 1, 1, 1, 1, 1, 1, 1, 1, 1, 1, 1, 1, 1], "max_startup": [5, 112, 92, 111, 71, 93, 9, 45, 71, 106, 112, 30, 68, 77, 100, 36, 3, 107, 101, 32, 85, 26, 95, 7], "priority": [12, 10, 24, 20, 8, 22, 6, 5, 9, 17, 11, 1, 4, 15, 23, 2, 21, 18, 16, 7, 13, 19, 3, 14], "win_min": [0, 0, 0, 0, 0, 0, 0, 0, 0, 2, 0, 0, 0, 0, 0, 0, 0, 0, 0, 0, 0, 0, 0, 0], "win_max": [120, 120, 120, 120, 120, 120, 120, 120, 120, 107, 120, 120, 120, 120, 120, 120, 120, 120, 120, 120, 120, 120, 120, 120]}