{"subs": 1, "jobs": 13, "T": 120, "power_use": [2.7829064403701183, 0.8472062664545694, 2.943400565772097, 1.4721371958731886, 2.333393143134025, 3.9569451606329764, 2.3385920592134455, 1.1039492726339706, 0.9727119256918798, 3.0026721833572463, 1.714760046837839, 2.4711090254762476, 2.406398126267246], "power_resource": [6.998189706, 6.507191286, 5.991565986, 5.460856722, 4.924298574, 4.639396356, 4.48132257, 4.244442768, 3.93337449, 3.55319703, 3.110374944, 2.612142378, 2.709264636, 2.90366307, 3.277068138, 3.858108588, 4.431914892, 4.989098052, 5.520115152, 6.01588503, 6.467942196, 6.868282914, 7.209826956, 7.486109766, 7.692205968, 7.82365194, 7.877369322, 7.851665016, 7.746077268, 7.561067832, 7.298637642, 6.961865058, 6.714980586, 7.05867948, 7.35189327, 7.588773072, 7.80210342, 8.18151129, 8.490578634, 8.72638101, 8.886917484, 8.971572384, 8.9811153, 0.0, 0.0, 0.0, 0.0, 0.0, 0.0, 0.0, 0.0, 0.0, 0.0, 0.0, 0.0, 0.0, 0.0, 0.0, 0.0, 0.0, 0.0, 0.0, 0.0, 0.0, 0.0, 0.0, 0.0, 0.0, 0.0, 0.0, 0.0, 0.0, 0.0, 0.0, 0.0, 0.0, 0.0, 0.0, 6.771160656, 6.863665374, 7.22414133, 7.54275159, 7.81210809, 8.025592356, 8.17766334, 8.406385488, 8.694519984, 8.908927758, 9.04730004, 9.108559404, 9.092859768, 9.001740312, 8.83797156, 8.605093626, 8.308339722, 7.95371265, 7.547830884, 7.098544242, 6.614010378, 6.103310454, 5.575525632, 5.040198828, 4.667255514, 4.525497036, 4.304470788, 4.00802472, 3.64169988, 3.211191234, 2.724040764, 2.64585042, 2.856102408, 3.152086722, 3.733127172, 4.30893441, 4.869811602, 5.406215832, 5.909219856, 6.370204266, 6.78085749, 7.133945382], "min_cpu_time": [23, 6, 6, 14, 17, 7, 7, 2, 9, 23, 11, 9, 5], "max_cpu_time": [34, 49, 23, 40, 57, 59, 32, 27, 11, 58, 53, 34, 38], "min_job_period": [19, 7, 18, 39, 50, 4, 6, 1, 17, 39, 38, 24, 14], "max_job_period": [80, 71, 62, 85, 57, 63, 33, 115, 43, 96, 41, 54, 65], "min_startup": [2, 6, 6, 3, 2, 5, 5, 18, 4, 2, 3, 4, 7], "max_startup": [98, 8, 81, 49, 28, 40, 101, 51, 79, 53, 70, 93, 95], "priority": [4, 13, 3, 2, 11, 10, 12, 5, 8, 1, 7, 6, 9], "win_min": [0, 0, 0, 0, 0, 0, 0, 0, 0, 0, 0, 0, 7], "win_max": [120, 120, 120, 120, 120, 120, 120, 120, 120, 120, 120, 120, 110]}