{"subs": 1, "jobs": 18, "T": 120, "power_use": [3.9763074794025712, 1.7899116976853744, 2.633481869629259, 2.8218212058844303, 0.5434614435222159, 1.3852757685198867, 3.422807031016986, 1.6376994266953777, 2.506801833149255, 2.5845075616543216, 1.8551307010947955, 3.040861559275866, 2.692555478997826, 0.2611712753995832, 3.6182203468319223, 1.0268875230507526, 1.2431489083904466, 3.5184288658522687], "power_resource": [0.0, 0.0, 0.0, 6.691123296, 7.065144036, 7.40037744, 7.689435444, 7.925083902, 8.101627848, 8.26924455, 8.585084286, 8.828582562, 8.996661018, 9.087780474, 9.101633094, 9.039450222, 8.902924956, 8.695905246, 8.422700796, 8.088698736, 7.700825376, 7.266007026, 6.792709176, 6.289551234, 5.765306526, 5.229671886, 4.691882394, 4.573827288, 4.383276804, 4.115459484, 3.775300704, 3.368341512, 2.901508218, 2.583821466, 2.827011906, 2.989549314, 3.527338806, 4.10730183, 4.676336676, 5.224900428, 5.743911924, 6.224136084, 6.657569172, 7.036515288, 7.354048122, 7.604164872, 7.782247998, 7.88444955, 7.908152922, 7.851972852, 7.71590934, 7.50119373, 7.209980874, 6.846118722, 6.815950794, 7.141487364, 7.41423006, 7.628329998, 7.940167866, 8.293563594, 8.575233534, 8.782714998, 8.914468806, 8.970648876, 8.952178716, 0.0, 0.0, 0.0, 0.0, 0.0, 0.0, 0.0, 0.0, 0.0, 0.0, 0.0, 0.0, 0.0, 0.0, 0.0, 0.0, 0.0, 0.0, 0.0, 0.0, 0.0, 0.0, 0.0, 0.0, 0.0, 0.0, 0.0, 0.0, 0.0, 0.0, 0.0, 0.0, 0.0, 0.0, 0.0, 6.658030926, 6.999574968, 7.343581698, 7.642644372, 7.88983668, 8.079001902, 8.20459899, 8.52859638, 8.787024702, 8.970648876, 9.077467968, 9.107174142, 9.06038307, 8.938941768, 8.746236432, 8.486115012, 8.164426392, 7.787327292, 7.36189794, 6.89629599], "min_cpu_time": [9, 6, 3, 23, 9, 14, 1, 6, 13, 19, 11, 3, 20, 15, 16, 18, 1, 7], "max_cpu_time": [28, 48, 24, 56, 35, 35, 51, 7, 56, 40, 32, 10, 29, 28, 30, 20, 14, 45], "min_job_period": [37, 47, 8, 3, 15, 23, 1, 52, 65, 44, 73, 23, 98, 67, 83, 32, 3, 18], "max_job_period": [94, 66, 21, 61, 89, 34, 59, 111, 86, 108, 84, 44, 107, 102, 107, 114, 56, 72], "min_startup": [1, 2, 4, 1, 1, 1, 10, 2, 1, 1, 1, 4, 1, 1, 1, 1, 10, 2], "max_startup": [25, 22, 103, 84, 28, 94, 64, 7, 65, 54, 77, 56, 113, 78, 21, 84, 58, 96], "priority": [12, 14, 18, 9, 5, 15, 4, 1, 2, 16, 10, 7, 17, 11, 8, 3, 13, 6], "win_min": [0, 0, 0, 0, 4, 0, 0, 0, 0, 0, 0, 0, 0, 0, 0, 0, 0, 0], "win_max": [120, 120, 120, 120, 99, 120, 120, 120, 120, 120, 120, 120, 120, 120, 120, 120, 120, 120]}