{"subs": 1, "jobs": 22, "T": 120, "power_use": [3.036229098496778, 0.5648334022139734, 2.981614781735786, 2.3696200148291484, 0.5922187176761233, 2.0116208167813676, 3.4524749795299132, 1.9529312175570552, 0.10067261390013321, 0.03998552865893176, 3.8024460557758744, 1.056699470903395, 1.9511586872098103, 3.8201098318427427, 3.5487149659805244, 3.614286336588113, 1.9526253258342883, 2.673575935735685, 2.324224958939032, 2.470556166413208, 2.7738722107715734, 3.2331756133355642], "power_resource": [0.0, 0.0, 0.0, 0.0, 0.0, 0.0, 0.0, 0.0, 0.0, 0.0, 0.0, 0.0, 0.0, 0.0, 0.0, 0.0, 0.0, 0.0, 0.0, 0.0, 0.0, 0.0, 0.0, 0.0, 0.0, 0.0, 0.0, 6.716058012, 6.93246672, 7.284785022, 7.593852366, 7.85212677, 8.053605432, 8.192593386, 8.469030114, 8.742234564, 8.941404456, 9.064077102, 9.109482912, 9.078237558, 8.97188022, 8.793489258, 8.54706654, 8.23769136, 7.871520438, 7.45578792, 6.998189706, 6.507191286, 5.991565986, 5.460856722, 4.924298574, 4.639396356, 4.48132257, 4.244442768, 3.93337449, 3.55319703, 3.110374944, 2.612142378, 2.709264636, 2.90366307, 3.277068138, 3.858108588, 4.431914892, 4.989098052, 5.520115152, 6.01588503, 6.467942196, 6.868282914, 7.209826956, 7.486109766, 7.692205968, 7.82365194, 7.877369322, 7.851665016, 7.746077268, 7.561067832, 7.298637642, 6.961865058, 6.714980586, 7.05867948, 7.35189327, 7.588773072, 7.80210342, 8.18151129, 8.490578634, 8.72638101, 8.886917484, 8.971572384, 8.9811153, 0.0, 0.0, 0.0, 0.0, 0.0, 0.0, 0.0, 0.0, 0.0, 0.0, 0.0, 0.0, 0.0, 0.0, 0.0, 0.0, 0.0, 0.0, 0.0, 0.0, 0.0, 0.0, 0.0, 0.0, 0.0, 0.0, 0.0, 0.0, 0.0, 0.0, 0.0], "min_cpu_time": [22, 4, 14, 5, 10, 2, 9, 5, 10, 15, 15, 10, 16, 14, 9, 5, 13, 15, 3, 19, 22, 15], "max_cpu_time": [58, 8, 24, 16, 52, 35, 44, 12, 31, 28, 33, 31, 22, 41, 27, 47, 41, 18, 15, 57, 53, 38], "min_job_period": [70, 11, 29, 3, 14, 5, 56, 25, 49, 77, 15, 20, 21, 103, 32, 18, 6, 1, 14, 88, 116, 110], "max_job_period": [107, 17, 115, 76, 40, 45, 108, 52, 94, 97, 64, 24, 101, 113, 102, 29, 82, 69, 84, 101, 117, 114], "min_startup": [1, 5, 1, 4, 2, 9, 2, 4, 2, 1, 1, 2, 1, 1, 2, 4, 2, 1, 6, 1, 1, 1], "max_startup": [37, 77, 77, 4, 66, 67, 83, 21, 31, 104, 66, 65, 58, 62, 71, 67, 45, 8, 27, 5, 97, 28], "priority": [10, 22, 5, 1, 19, 12, 6, 9, 2, 7, 15, 13, 18, 17, 8, 11, 3, 21, 4, 16, 20, 14], "win_min": [0, 0, 0, 0, 0, 0, 6, 0, 0, 0, 0, 0, 0, 0, 0, 0, 0, 0, 0, 0, 0, 0], "win_max": [120, 120, 120, 120, 120, 120, 116, 120, 120, 120, 120, 120, 120, 120, 120, 120, 120, 120, 120, 120, 120, 120]}