{"subs": 1, "jobs": 20, "T": 120, "power_use": [3.8304119473209273, 0.479707943594736, 1.9610473300205973, 3.5297756602780472, 3.8857818170466842, 2.6097169684450803, 1.5994068373239108, 3.8460045675268613, 2.5602843326462477, 1.9987400210322586, 3.9046224790405364, 2.056670087593426, 3.3744352414150063, 3.884950587332671, 1.8564448193889547, 1.479258679388219, 0.6836376244877567, 1.5690267316317854, 1.8006010032869983, 2.0980084508200743], "power_resource": [0.0, 0.0, 0.0, 0.0, 0.0, 0.0, 0.0, 0.0, 0.0, 0.0, 0.0, 6.716058012, 6.93246672, 7.284785022, 7.593852366, 7.85212677, 8.053605432, 8.192593386, 8.469030114, 8.742234564, 8.941404456, 9.064077102, 9.109482912, 9.078237558, 8.97188022, 8.793489258, 8.54706654, 8.23769136, 7.871520438, 7.45578792, 6.998189706, 6.507191286, 5.991565986, 5.460856722, 4.924298574, 4.639396356, 4.48132257, 4.244442768, 3.93337449, 3.55319703, 3.110374944, 2.612142378, 2.709264636, 2.90366307, 3.277068138, 3.858108588, 4.431914892, 4.989098052, 5.520115152, 6.01588503, 6.467942196, 6.868282914, 7.209826956, 7.486109766, 7.692205968, 7.82365194, 7.877369322, 7.851665016, 7.746077268, 7.561067832, 7.298637642, 6.961865058, 6.714980586, 7.05867948, 7.35189327, 7.588773072, 7.80210342, 8.18151129, 8.490578634, 8.72638101, 8.886917484, 8.971572384, 8.9811153, 0.0, 0.0, 0.0, 0.0, 0.0, 0.0, 0.0, 0.0, 0.0, 0.0, 0.0, 0.0, 0.0, 0.0, 0.0, 0.0, 0.0, 0.0, 0.0, 0.0, 0.0, 0.0, 0.0, 0.0, 0.0, 0.0, 0.0, 0.0, 0.0, 0.0, 0.0, 0.0, 0.0, 0.0, 0.0, 6.771160656, 6.863665374, 7.22414133, 7.54275159, 7.81210809, 8.025592356, 8.17766334, 8.406385488, 8.694519984, 8.908927758, 9.04730004, 9.108559404], "min_cpu_time": [21, 3, 22, 20, 5, 6, 17, 3, 16, 12, 19, 5, 22, 4, 7, 5, 15, 16, 5, 11], "max_cpu_time": [46, 54, 40, 48, 16, 45, 57, 59, 24, 51, 57, 37, 51, 5, 55, 7, 26, 40, 48, 36], "min_job_period": [95, 13, 110, 119, 85, 35, 88, 46, 115, 115, 92, 18, 22, 71, 107, 98, 91, 30, 47, 52], "max_job_period": [117, 67, 111, 119, 90, 72, 100, 107, 116, 117, 94, 96, 115, 95, 117, 118, 105, 106, 50, 100], "min_startup": [1, 2, 1, 1, 1, 1, 1, 2, 1, 1, 1, 1, 1, 1, 1, 1, 1, 1, 1, 1], "max_startup": [46, 79, 119, 104, 98, 78, 6, 111, 108, 64, 40, 105, 45, 42, 80, 48, 41, 60, 106, 23], "priority": [12, 3, 7, 11, 19, 20, 17, 1, 4, 16, 18, 8, 5, 10, 6, 13, 15, 2, 14, 9], "win_min": [0, 0, 0, 0, 0, 0, 0, 0, 0, 0, 0, 15, 0, 0, 0, 0, 0, 0, 0, 0], "win_max": [120, 120, 120, 120, 120, 120, 120, 120, 120, 120, 120, 119, 120, 120, 120, 120, 120, 120, 120, 120]}