{"subs": 1, "jobs": 20, "T": 120, "power_use": [0.728499431544354, 1.0651870804906145, 2.1554534936792273, 0.7478251637864614, 0.2558296659930057, 0.6822429438794153, 2.4114718070054177, 2.8505993381756953, 3.570178978385736, 0.5526148464086212, 0.21171606208216887, 1.9968280877891253, 0.4880548770448097, 1.8960236927164893, 2.8595142835576772, 0.48557817916565926, 1.8760570662321792, 1.0992281161339903, 1.9445723982166094, 3.923880417906576], "power_resource": [7.50119373, 7.209980874, 6.846118722, 6.815950794, 7.141487364, 7.41423006, 7.628329998, 7.940167866, 8.293563594, 8.575233534, 8.782714998, 8.914468806, 8.970648876, 8.952178716, 0.0, 0.0, 0.0, 0.0, 0.0, 0.0, 0.0, 0.0, 0.0, 0.0, 0.0, 0.0, 0.0, 0.0, 0.0, 0.0, 0.0, 0.0, 0.0, 0.0, 0.0, 0.0, 0.0, 0.0, 0.0, 0.0, 0.0, 0.0, 0.0, 0.0, 0.0, 0.0, 0.0, 0.0, 0.0, 6.658030926, 6.999574968, 7.343581698, 7.642644372, 7.88983668, 8.079001902, 8.20459899, 8.52859638, 8.787024702, 8.970648876, 9.077467968, 9.107174142, 9.06038307, 8.938941768, 8.746236432, 8.486115012, 8.164426392, 7.787327292, 7.36189794, 6.89629599, 6.398986932, 5.87889801, 5.345418222, 4.808090484, 4.60830492, 4.433761908, 4.181490306, 3.8556459, 3.462077574, 3.007095966, 2.511018252, 2.769600492, 2.948145372, 3.402203472, 3.982782168, 4.55443362, 5.107460994, 5.63262921, 6.120857106, 6.56383311, 6.953553486, 7.283091924, 7.546445622, 7.738535286, 7.855512966, 7.894146384, 7.853358114, 7.732532484, 7.532593002, 7.25569452, 6.905223234, 6.766389198, 7.10100693, 7.384062132, 7.60970592, 7.872290028, 8.238768786, 8.534291346, 8.755933266, 8.902155366, 8.972495892, 8.96803227, 0.0, 0.0, 0.0, 0.0, 0.0, 0.0, 0.0, 0.0, 0.0], "min_cpu_time": [6, 8, 6, 3, 20, 3, 17, 9, 20, 21, 5, 5, 5, 20, 22, 18, 21, 2, 9, 14], "max_cpu_time": [31, 58, 28, 43, 56, 16, 54, 11, 44, 46, 57, 5, 40, 53, 28, 35, 34, 19, 15, 32], "min_job_period": [33, 39, 58, 14, 69, 29, 62, 43, 25, 64, 31, 22, 14, 45, 65, 28, 16, 16, 54, 78], "max_job_period": [40, 92, 97, 20, 83, 57, 69, 94, 50, 75, 43, 39, 40, 96, 118, 83, 77, 19, 97, 100], "min_startup": [2, 2, 2, 4, 1, 4, 1, 2, 1, 1, 3, 3, 3, 1, 1, 1, 1, 6, 2, 1], "max_startup": [35, 113, 95, 117, 97, 60, 24, 20, 82, 37, 12, 88, 90, 40, 97, 45, 98, 42, 44, 25], "priority": [15, 18, 1, 5, 19, 7, 14, 13, 12, 9, 6, 4, 17, 8, 20, 2, 11, 3, 10, 16], "win_min": [0, 0, 0, 0, 0, 0, 0, 0, 0, 0, 0, 0, 0, 21, 0, 0, 0, 0, 0, 0], "win_max": [120, 120, 120, 120, 120, 120, 120, 120, 120, 120, 120, 120, 120, 96, 120, 120, 120, 120, 120, 120]}