{"subs": 1, "jobs": 18, "T": 120, "power_use": [2.9485580835409855, 1.0818389201182914, 0.24917516383202612, 3.0240438109613303, 3.8900609265196784, 2.323102751629884, 1.940374612507187, 3.2953794129652643, 1.490396138344248, 2.4812106461929457, 3.644668873181215, 2.6188160296551093, 2.1003733262497173, 2.362563774835799, 0.4789273898237202, 1.877233829057747, 0.57030250292105, 0.9267521126930495], "power_resource": [4.272609762, 3.974470596, 3.606144822, 3.173327406, 2.68356033, 2.720654568, 2.932753572, 3.195029844, 3.777455556, 4.354801974, 4.9176801, 5.4563931, 5.961859812, 6.425460828, 6.839192412, 7.195512582, 7.4881107, 7.711445718, 7.861054014, 7.933549392, 7.926930918, 7.840275084, 7.674043644, 7.429929696, 7.110703764, 6.720521634, 6.909994692, 7.21644543, 7.467793524, 7.67204271, 8.068227642, 8.394841638, 8.648806338, 8.827659054, 8.930938032, 8.958643272, 0.0, 0.0, 0.0, 0.0, 0.0, 0.0, 0.0, 0.0, 0.0, 0.0, 0.0, 0.0, 0.0, 0.0, 0.0, 0.0, 0.0, 0.0, 0.0, 0.0, 0.0, 0.0, 0.0, 0.0, 0.0, 0.0, 0.0, 0.0, 0.0, 0.0, 0.0, 0.0, 0.0, 0.0, 0.0, 0.0, 6.76238733, 7.128866088, 7.455172248, 7.733763828, 7.957714518, 8.12148327, 8.337276306, 8.63864775, 8.866908144, 9.019286964, 9.094706784, 9.093013686, 9.015285096, 8.863983702, 8.642803536, 8.356362138, 8.01066231, 7.612168608, 7.168423014, 6.6877371, 6.178884192, 5.650945452, 5.113309878, 4.662637974, 4.536117378, 4.329405504, 4.04650422, 3.692031066, 3.272142762, 2.7936117, 2.653700238, 2.88134496, 3.070356264, 3.652320222, 4.23120582, 4.797316224, 5.341262436, 5.853655458, 6.325721964, 6.749458218, 7.11716832, 7.422387714, 7.659113598, 7.823036268, 7.910461692, 7.918927182, 7.847663148, 7.696515672], "min_cpu_time": [21, 10, 19, 1, 16, 10, 6, 3, 23, 1, 13, 12, 6, 7, 17, 13, 11, 10], "max_cpu_time": [50, 31, 35, 37, 26, 32, 54, 22, 31, 5, 41, 59, 59, 14, 59, 59, 16, 55], "min_job_period": [89, 18, 110, 12, 77, 14, 89, 19, 103, 36, 34, 70, 107, 23, 101, 5, 53, 44], "max_job_period": [113, 29, 118, 14, 79, 53, 90, 51, 108, 116, 55, 105, 116, 54, 108, 104, 83, 119], "min_startup": [1, 1, 1, 3, 1, 1, 1, 1, 1, 3, 1, 1, 1, 1, 1, 1, 1, 1], "max_startup": [69, 104, 4, 106, 77, 4, 47, 86, 3, 81, 35, 55, 23, 85, 108, 34, 55, 47], "priority": [8, 4, 12, 17, 11, 5, 10, 1, 14, 6, 2, 9, 16, 13, 15, 7, 3, 18], "win_min": [0, 0, 20, 0, 0, 0, 0, 0, 0, 0, 0, 0, 0, 0, 0, 0, 0, 0], "win_max": [120, 120, 112, 120, 120, 120, 120, 120, 120, 120, 120, 120, 120, 120, 120, 120, 120, 120]}