{"subs": 1, "jobs": 22, "T": 120, "power_use": [1.8207324150129807, 2.357216832664094, 2.9966820487138, 2.6163690400827075, 3.4401789651113193, 3.942171323358159, 0.262300492331074, 1.5054878106874103, 0.6980412459058982, 3.773194132126217, 1.8553992918734752, 0.33157258732125966, 0.1267777259334702, 3.810450718193284, 1.1620748386632092, 1.34444962960897, 3.1129345357422795, 3.1927071516973418, 1.6814619800891584, 2.7289819642138076, 2.8510980035808196, 0.7324985958286707], "power_resource": [7.925083902, 8.101627848, 8.26924455, 8.585084286, 8.828582562, 8.996661018, 9.087780474, 9.101633094, 9.039450222, 8.902924956, 8.695905246, 8.422700796, 8.088698736, 7.700825376, 7.266007026, 6.792709176, 6.289551234, 5.765306526, 5.229671886, 4.691882394, 4.573827288, 4.383276804, 4.115459484, 3.775300704, 3.368341512, 2.901508218, 2.583821466, 2.827011906, 2.989549314, 3.527338806, 4.10730183, 4.676336676, 5.224900428, 5.743911924, 6.224136084, 6.657569172, 7.036515288, 7.354048122, 7.604164872, 7.782247998, 7.88444955, 7.908152922, 7.851972852, 7.71590934, 7.50119373, 7.209980874, 6.846118722, 6.815950794, 7.141487364, 7.41423006, 7.628329998, 7.940167866, 8.293563594, 8.575233534, 8.782714998, 8.914468806, 8.970648876, 8.952178716, 0.0, 0.0, 0.0, 0.0, 0.0, 0.0, 0.0, 0.0, 0.0, 0.0, 0.0, 0.0, 0.0, 0.0, 0.0, 0.0, 0.0, 0.0, 0.0, 0.0, 0.0, 0.0, 0.0, 0.0, 0.0, 0.0, 0.0, 0.0, 0.0, 0.0, 0.0, 0.0, 0.0, 0.0, 0.0, 6.658030926, 6.999574968, 7.343581698, 7.642644372, 7.88983668, 8.079001902, 8.20459899, 8.52859638, 8.787024702, 8.970648876, 9.077467968, 9.107174142, 9.06038307, 8.938941768, 8.746236432, 8.486115012, 8.164426392, 7.787327292, 7.36189794, 6.89629599, 6.398986932, 5.87889801, 5.345418222, 4.808090484, 4.60830492, 4.433761908, 4.181490306], "min_cpu_time": [10, 16, 9, 2, 17, 7, 2, 19, 5, 14, 12, 9, 9, 1, 5, 18, 18, 3, 16, 5, 12, 10], "max_cpu_time": [59, 52, 54, 13, 59, 35, 58, 51, 46, 33, 18, 13, 47, 9, 14, 51, 54, 52, 48, 14, 58, 59], "min_job_period": [116, 5, 27, 20, 33, 63, 4, 4, 57, 39, 65, 107, 8, 7, 6, 110, 106, 38, 17, 53, 97, 34], "max_job_period": [119, 109, 68, 75, 72, 94, 68, 79, 69, 54, 73, 114, 55, 90, 101, 113, 106, 76, 45, 57, 106, 102], "min_startup": [1, 1, 1, 4, 1, 1, 4, 1, 2, 1, 1, 1, 1, 7, 2, 1, 1, 3, 1, 2, 1, 1], "max_startup": [110, 34, 79, 61, 32, 28, 117, 9, 65, 84, 115, 45, 33, 12, 6, 109, 39, 61, 68, 59, 89, 17], "priority": [3, 17, 1, 15, 7, 10, 6, 13, 5, 9, 14, 19, 8, 4, 11, 16, 12, 18, 22, 21, 20, 2], "win_min": [0, 0, 0, 0, 22, 0, 0, 0, 0, 0, 0, 0, 0, 0, 0, 0, 0, 0, 0, 0, 0, 0], "win_max": [120, 120, 120, 120, 119, 120, 120, 120, 120, 120, 120, 120, 120, 120, 120, 120, 120, 120, 120, 120, 120, 120]}