{"subs": 1, "jobs": 24, "T": 120, "power_use": [0.3029231260480368, 1.099148560826074, 1.6770535505841702, 2.720230025892346, 2.1613444666965367, 0.8516269843226402, 0.1509396663174935, 1.70981188626178, 3.8515849457008016, 0.5825067713407471, 3.9556253630306735, 0.29448172434067216, 1.6636976769387786, 0.5842979833331385, 1.6682392343360661, 0.1898821635113101, 3.1076473882949363, 0.6313783618824352, 1.4764354313634431, 3.796964846139805, 1.7996018374234823, 1.587596508020096, 3.1313694465178075, 3.9938928897911112], "power_resource": [4.244442768, 3.93337449, 3.55319703, 3.110374944, 2.612142378, 2.709264636, 2.90366307, 3.277068138, 3.858108588, 4.431914892, 4.989098052, 5.520115152, 6.01588503, 6.467942196, 6.868282914, 7.209826956, 7.486109766, 7.692205968, 7.82365194, 7.877369322, 7.851665016, 7.746077268, 7.561067832, 7.298637642, 6.961865058, 6.714980586, 7.05867948, 7.35189327, 7.588773072, 7.80210342, 8.18151129, 8.490578634, 8.72638101, 8.886917484, 8.971572384, 8.9811153, 0.0, 0.0, 0.0, 0.0, 0.0, 0.0, 0.0, 0.0, 0.0, 0.0, 0.0, 0.0, 0.0, 0.0, 0.0, 0.0, 0.0, 0.0, 0.0, 0.0, 0.0, 0.0, 0.0, 0.0, 0.0, 0.0, 0.0, 0.0, 0.0, 0.0, 0.0, 0.0, 0.0, 0.0, 0.0, 6.771160656, 6.863665374, 7.22414133, 7.54275159, 7.81210809, 8.025592356, 8.17766334, 8.406385488, 8.694519984, 8.908927758, 9.04730004, 9.108559404, 9.092859768, 9.001740312, 8.83797156, 8.605093626, 8.308339722, 7.95371265, 7.547830884, 7.098544242, 6.614010378, 6.103310454, 5.575525632, 5.040198828, 4.667255514, 4.525497036, 4.304470788, 4.00802472, 3.64169988, 3.211191234, 2.724040764, 2.64585042, 2.856102408, 3.152086722, 3.733127172, 4.30893441, 4.869811602, 5.406215832, 5.909219856, 6.370204266, 6.78085749, 7.133945382, 7.423157304, 7.642952208, 7.788866472, 7.8575139, 7.847201394, 7.75669761, 7.58661822], "min_cpu_time": [3, 15, 2, 2, 19, 1, 12, 21, 13, 17, 12, 11, 19, 4, 18, 23, 23, 11, 11, 14, 21, 4, 10, 20], "max_cpu_time": [10, 42, 55, 13, 27, 41, 17, 52, 35, 46, 42, 43, 54, 4, 48, 53, 57, 18, 28, 55, 25, 28, 26, 41], "min_job_period": [18, 53, 2, 10, 9, 3, 13, 65, 41, 90, 7, 43, 24, 28, 3, 32, 12, 3, 40, 58, 5, 22, 58, 55], "max_job_period": [46, 119, 95, 14, 107, 101, 40, 102, 74, 107, 52, 44, 59, 59, 72, 86, 105, 92, 87, 62, 34, 94, 62, 95], "min_startup": [6, 1, 9, 9, 1, 17, 2, 1, 2, 1, 2, 2, 1, 4, 1, 1, 1, 2, 2, 1, 1, 4, 2, 1], "max_startup": [30, 119, 78, 23, 77, 33, 28, 108, 71, 55, 30, 22, 67, 16, 63, 91, 71, 47, 113, 82, 76, 14, 113, 48], "priority": [22, 18, 12, 5, 2, 4, 8, 3, 11, 15, 9, 17, 23, 24, 21, 7, 20, 16, 1, 19, 13, 6, 10, 14], "win_min": [0, 0, 0, 0, 4, 0, 0, 0, 0, 0, 0, 0, 0, 0, 0, 0, 0, 0, 0, 0, 0, 0, 0, 0], "win_max": [120, 120, 120, 120, 108, 120, 120, 120, 120, 120, 120, 120, 120, 120, 120, 120, 120, 120, 120, 120, 120, 120, 120, 120]}