{"subs": 1, "jobs": 18, "T": 120, "power_use": [0.24914849149473883, 2.2920781137376434, 1.410852076561653, 1.8830113770417813, 2.931214785037193, 0.9904148516888771, 2.823360505766107, 3.124986091806529, 3.5881825245118386, 1.2388032904107533, 2.8867364628780616, 3.373806942819472, 1.3990141010990047, 1.888119415444407, 1.4960299769206002, 3.7754853453012256, 1.5702443316490557, 2.9045277917375083], "power_resource": [5.87889801, 5.345418222, 4.808090484, 4.60830492, 4.433761908, 4.181490306, 3.8556459, 3.462077574, 3.007095966, 2.511018252, 2.769600492, 2.948145372, 3.402203472, 3.982782168, 4.55443362, 5.107460994, 5.63262921, 6.120857106, 6.56383311, 6.953553486, 7.283091924, 7.546445622, 7.738535286, 7.855512966, 7.894146384, 7.853358114, 7.732532484, 7.532593002, 7.25569452, 6.905223234, 6.766389198, 7.10100693, 7.384062132, 7.60970592, 7.872290028, 8.238768786, 8.534291346, 8.755933266, 8.902155366, 8.972495892, 8.96803227, 0.0, 0.0, 0.0, 0.0, 0.0, 0.0, 0.0, 0.0, 0.0, 0.0, 0.0, 0.0, 0.0, 0.0, 0.0, 0.0, 0.0, 0.0, 0.0, 0.0, 0.0, 0.0, 0.0, 0.0, 0.0, 0.0, 0.0, 0.0, 0.0, 0.0, 0.0, 0.0, 0.0, 0.0, 0.0, 6.716058012, 6.93246672, 7.284785022, 7.593852366, 7.85212677, 8.053605432, 8.192593386, 8.469030114, 8.742234564, 8.941404456, 9.064077102, 9.109482912, 9.078237558, 8.97188022, 8.793489258, 8.54706654, 8.23769136, 7.871520438, 7.45578792, 6.998189706, 6.507191286, 5.991565986, 5.460856722, 4.924298574, 4.639396356, 4.48132257, 4.244442768, 3.93337449, 3.55319703, 3.110374944, 2.612142378, 2.709264636, 2.90366307, 3.277068138, 3.858108588, 4.431914892, 4.989098052, 5.520115152, 6.01588503, 6.467942196, 6.868282914, 7.209826956, 7.486109766, 7.692205968], "min_cpu_time": [20, 10, 11, 2, 3, 13, 4, 5, 9, 14, 9, 8, 18, 16, 7, 8, 23, 3], "max_cpu_time": [42, 28, 47, 49, 11, 37, 5, 34, 51, 37, 15, 44, 36, 42, 13, 9, 51, 10], "min_job_period": [107, 16, 56, 2, 3, 12, 11, 12, 55, 78, 57, 55, 114, 83, 30, 57, 25, 3], "max_job_period": [116, 82, 82, 107, 107, 18, 50, 51, 114, 119, 84, 109, 116, 94, 119, 58, 105, 76], "min_startup": [1, 2, 2, 9, 6, 2, 5, 4, 2, 1, 2, 2, 1, 1, 3, 2, 1, 6], "max_startup": [95, 85, 28, 77, 100, 65, 34, 50, 119, 70, 65, 107, 50, 108, 84, 19, 10, 28], "priority": [15, 4, 5, 18, 10, 2, 3, 7, 1, 8, 17, 12, 14, 16, 13, 6, 9, 11], "win_min": [0, 0, 0, 0, 0, 0, 0, 0, 0, 0, 0, 0, 0, 0, 0, 0, 0, 13], "win_max": [120, 120, 120, 120, 120, 120, 120, 120, 120, 120, 120, 120, 120, 120, 120, 120, 120, 106]}