{"subs": 1, "jobs": 22, "T": 120, "power_use": [0.25783833351461294, 0.37109852819627936, 3.640078031292215, 1.0514621401205437, 2.457568245705964, 1.8536875463785585, 0.5786766565258801, 3.967226074320234, 3.6739993752490445, 1.1848620066949862, 2.572183363991483, 2.149716188689058, 1.0298691947298166, 0.913295255053032, 0.4983719328290699, 2.743798213951887, 3.3200100957934793, 0.039255968187257496, 1.0246159989527777, 0.5180892725126763, 0.2643109591018686, 1.124835000664351], "power_resource": [0.0, 0.0, 0.0, 0.0, 0.0, 0.0, 0.0, 0.0, 0.0, 0.0, 0.0, 0.0, 0.0, 0.0, 0.0, 0.0, 0.0, 0.0, 0.0, 0.0, 0.0, 0.0, 0.0, 0.0, 0.0, 6.754383594, 6.900297858, 7.25107698, 7.558451226, 7.815340368, 8.015433768, 8.153190378, 8.464566492, 8.736539598, 8.934016392, 9.055149858, 9.09886257, 9.0657702, 8.957411928, 8.776866114, 8.527980708, 8.21614284, 7.847355312, 7.428698352, 6.96786786, 6.473637162, 5.954625666, 5.42022237, 4.879816272, 4.610305854, 4.450846806, 4.212581742, 3.899666448, 3.517488054, 3.07220328, 2.571354108, 2.784530538, 2.980929906, 3.319857342, 3.902283054, 4.477782456, 5.03696655, 5.57029242, 6.068678904, 6.523506594, 6.926771754, 7.271548074, 7.551370998, 7.761007314, 7.896147318, 7.95371265, 7.931856294, 7.829962578, 7.648801092, 7.390218852, 7.0571403, 6.654029058, 6.954323076, 7.250923062, 7.49118906, 7.744999842, 8.128255662, 8.441478792, 8.681283036, 8.845975296, 8.9349399, 8.948638602, 0.0, 0.0, 0.0, 0.0, 0.0, 0.0, 0.0, 0.0, 0.0, 0.0, 0.0, 0.0, 0.0, 0.0, 0.0, 0.0, 0.0, 0.0, 0.0, 0.0, 0.0, 0.0, 0.0, 0.0, 0.0, 0.0, 0.0, 0.0, 0.0, 0.0, 0.0, 0.0, 0.0], "min_cpu_time": [20, 20, 15, 13, 13, 4, 8, 17, 11, 10, 22, 15, 12, 7, 8, 8, 18, 11, 1, 11, 11, 5], "max_cpu_time": [34, 22, 45, 37, 37, 6, 53, 55, 54, 42, 23, 16, 22, 32, 51, 14, 40, 34, 15, 46, 15, 12], "min_job_period": [71, 46, 25, 53, 26, 11, 35, 20, 54, 37, 96, 15, 55, 7, 6, 6, 105, 55, 1, 19, 9, 24], "max_job_period": [107, 98, 79, 63, 41, 59, 43, 116, 58, 78, 98, 95, 61, 57, 31, 16, 118, 90, 88, 100, 38, 29], "min_startup": [1, 1, 2, 2, 2, 5, 3, 1, 2, 2, 1, 2, 2, 3, 3, 3, 1, 2, 19, 2, 2, 4], "max_startup": [26, 2, 29, 22, 114, 70, 100, 80, 89, 26, 96, 8, 30, 17, 109, 40, 85, 89, 87, 81, 113, 118], "priority": [18, 10, 8, 17, 20, 16, 12, 9, 1, 13, 21, 19, 6, 15, 5, 4, 11, 2, 14, 7, 22, 3], "win_min": [0, 0, 0, 0, 0, 0, 0, 0, 0, 0, 0, 0, 13, 0, 0, 0, 0, 0, 0, 0, 0, 0], "win_max": [120, 120, 120, 120, 120, 120, 120, 120, 120, 120, 120, 120, 110, 120, 120, 120, 120, 120, 120, 120, 120, 120]}