{"subs": 1, "jobs": 20, "T": 120, "power_use": [2.1786802979683055, 3.723250263374405, 1.319258103166159, 2.3110510875530235, 1.0381092472857518, 2.7518783151249697, 3.2248818241551485, 0.507171628967347, 2.4221055608773643, 0.7565907662054946, 2.7647345167295865, 3.574391573603764, 1.2857597545428439, 3.7408289252701867, 2.607575264217291, 0.4888289733886106, 0.5950263591782096, 3.327974700378828, 2.9225106973432395, 1.5183462915107844], "power_resource": [0.0, 0.0, 0.0, 0.0, 0.0, 0.0, 0.0, 6.809794074, 6.832112184, 7.190895042, 7.507966122, 7.775783442, 7.987882446, 8.138722086, 8.40238362, 8.689132854, 8.902155366, 9.03883455, 9.098400816, 9.081008082, 8.987887692, 8.82181017, 8.586777384, 8.287560792, 7.930163196, 7.521356988, 7.068991986, 6.581379762, 6.067293642, 5.535814788, 4.996793952, 4.638165012, 4.495021272, 4.272609762, 3.974470596, 3.606144822, 3.173327406, 2.68356033, 2.720654568, 2.932753572, 3.195029844, 3.777455556, 4.354801974, 4.9176801, 5.4563931, 5.961859812, 6.425460828, 6.839192412, 7.195512582, 7.4881107, 7.711445718, 7.861054014, 7.933549392, 7.926930918, 7.840275084, 7.674043644, 7.429929696, 7.110703764, 6.720521634, 6.909994692, 7.21644543, 7.467793524, 7.67204271, 8.068227642, 8.394841638, 8.648806338, 8.827659054, 8.930938032, 8.958643272, 0.0, 0.0, 0.0, 0.0, 0.0, 0.0, 0.0, 0.0, 0.0, 0.0, 0.0, 0.0, 0.0, 0.0, 0.0, 0.0, 0.0, 0.0, 0.0, 0.0, 0.0, 0.0, 0.0, 0.0, 0.0, 0.0, 0.0, 0.0, 0.0, 0.0, 0.0, 0.0, 0.0, 0.0, 0.0, 0.0, 6.76238733, 7.128866088, 7.455172248, 7.733763828, 7.957714518, 8.12148327, 8.337276306, 8.63864775, 8.866908144, 9.019286964, 9.094706784, 9.093013686, 9.015285096, 8.863983702, 8.642803536], "min_cpu_time": [17, 11, 2, 19, 4, 22, 2, 7, 2, 17, 19, 1, 12, 23, 13, 11, 16, 8, 22, 7], "max_cpu_time": [27, 17, 55, 39, 34, 46, 51, 58, 8, 18, 25, 57, 32, 41, 14, 11, 40, 49, 57, 12], "min_job_period": [49, 109, 3, 48, 39, 46, 11, 9, 21, 16, 112, 5, 42, 60, 13, 48, 100, 58, 85, 42], "max_job_period": [78, 114, 71, 109, 87, 57, 54, 107, 92, 97, 118, 55, 109, 72, 103, 118, 100, 114, 92, 93], "min_startup": [1, 1, 5, 1, 3, 1, 5, 2, 5, 1, 1, 10, 1, 1, 1, 1, 1, 2, 1, 2], "max_startup": [11, 42, 66, 87, 7, 74, 41, 51, 34, 17, 45, 106, 81, 83, 12, 48, 78, 23, 29, 16], "priority": [3, 20, 6, 2, 12, 11, 16, 7, 15, 10, 1, 13, 4, 5, 17, 8, 19, 14, 18, 9], "win_min": [0, 0, 0, 0, 0, 0, 0, 0, 0, 0, 14, 0, 0, 0, 0, 0, 0, 0, 0, 0], "win_max": [120, 120, 120, 120, 120, 120, 120, 120, 120, 120, 99, 120, 120, 120, 120, 120, 120, 120, 120, 120]}