{"subs": 1, "jobs": 22, "T": 120, "power_use": [0.590431865311365, 3.8685426919724017, 0.6440207986714602, 2.339744675041154, 2.2922855815828216, 0.1737393918663076, 0.35614381474233525, 0.6276572677979538, 2.7204096735126853, 3.1719433100669554, 1.356979885616086, 1.4538074932174885, 2.7766019200848064, 3.902345652087244, 0.0522815103500275, 0.43225936608495646, 2.84302057908413, 1.9440092421875461, 2.6548303526964827, 0.14709147904868933, 3.0837084968352606, 2.9080343390166683], "power_resource": [8.970648876, 9.077467968, 9.107174142, 9.06038307, 8.938941768, 8.746236432, 8.486115012, 8.164426392, 7.787327292, 7.36189794, 6.89629599, 6.398986932, 5.87889801, 5.345418222, 4.808090484, 4.60830492, 4.433761908, 4.181490306, 3.8556459, 3.462077574, 3.007095966, 2.511018252, 2.769600492, 2.948145372, 3.402203472, 3.982782168, 4.55443362, 5.107460994, 5.63262921, 6.120857106, 6.56383311, 6.953553486, 7.283091924, 7.546445622, 7.738535286, 7.855512966, 7.894146384, 7.853358114, 7.732532484, 7.532593002, 7.25569452, 6.905223234, 6.766389198, 7.10100693, 7.384062132, 7.60970592, 7.872290028, 8.238768786, 8.534291346, 8.755933266, 8.902155366, 8.972495892, 8.96803227, 0.0, 0.0, 0.0, 0.0, 0.0, 0.0, 0.0, 0.0, 0.0, 0.0, 0.0, 0.0, 0.0, 0.0, 0.0, 0.0, 0.0, 0.0, 0.0, 0.0, 0.0, 0.0, 0.0, 0.0, 0.0, 0.0, 0.0, 0.0, 0.0, 0.0, 0.0, 0.0, 0.0, 0.0, 0.0, 6.716058012, 6.93246672, 7.284785022, 7.593852366, 7.85212677, 8.053605432, 8.192593386, 8.469030114, 8.742234564, 8.941404456, 9.064077102, 9.109482912, 9.078237558, 8.97188022, 8.793489258, 8.54706654, 8.23769136, 7.871520438, 7.45578792, 6.998189706, 6.507191286, 5.991565986, 5.460856722, 4.924298574, 4.639396356, 4.48132257, 4.244442768, 3.93337449, 3.55319703, 3.110374944, 2.612142378, 2.709264636], "min_cpu_time": [21, 3, 9, 23, 9, 4, 10, 16, 14, 4, 20, 20, 2, 16, 8, 16, 5, 16, 9, 21, 1, 9], "max_cpu_time": [58, 11, 16, 33, 32, 26, 56, 59, 40, 29, 23, 40, 6, 56, 58, 50, 56, 58, 45, 34, 22, 24], "min_job_period": [64, 54, 59, 72, 26, 32, 20, 59, 33, 20, 23, 29, 34, 67, 22, 92, 57, 11, 111, 31, 14, 102], "max_job_period": [83, 82, 73, 106, 68, 101, 90, 115, 86, 21, 41, 95, 57, 111, 62, 101, 68, 101, 115, 111, 78, 104], "min_startup": [1, 2, 1, 1, 1, 2, 1, 1, 1, 2, 1, 1, 3, 1, 1, 1, 1, 1, 1, 1, 5, 1], "max_startup": [84, 47, 49, 85, 118, 29, 63, 97, 105, 69, 7, 59, 54, 74, 27, 30, 3, 72, 72, 59, 109, 89], "priority": [12, 16, 8, 9, 14, 3, 20, 15, 22, 5, 6, 4, 11, 18, 17, 7, 19, 13, 2, 1, 10, 21], "win_min": [0, 0, 0, 0, 0, 0, 0, 0, 0, 7, 0, 0, 0, 0, 0, 0, 0, 0, 0, 0, 0, 0], "win_max": [120, 120, 120, 120, 120, 120, 120, 120, 120, 115, 120, 120, 120, 120, 120, 120, 120, 120, 120, 120, 120, 120]}