{"subs": 1, "jobs": 24, "T": 120, "power_use": [1.7997555242918564, 0.6510899356615023, 2.047497758426442, 2.1176345225689874, 0.2722000105556733, 3.0187441467223657, 0.7510408385247572, 1.05003247156331, 1.173061764745757, 1.0198228349775542, 3.9465856667625503, 0.8257276380401621, 2.5336461303302693, 2.815717712075786, 1.3546544621808054, 2.3770006118818086, 1.217046533455614, 3.3331709996364314, 0.23358321624169281, 0.18195713033364924, 1.9375761766546336, 2.519048305284312, 0.2822601415298125, 1.4660440448662038], "power_resource": [0.0, 0.0, 0.0, 0.0, 0.0, 0.0, 0.0, 0.0, 0.0, 0.0, 0.0, 6.76238733, 7.128866088, 7.455172248, 7.733763828, 7.957714518, 8.12148327, 8.337276306, 8.63864775, 8.866908144, 9.019286964, 9.094706784, 9.093013686, 9.015285096, 8.863983702, 8.642803536, 8.356362138, 8.01066231, 7.612168608, 7.168423014, 6.6877371, 6.178884192, 5.650945452, 5.113309878, 4.662637974, 4.536117378, 4.329405504, 4.04650422, 3.692031066, 3.272142762, 2.7936117, 2.653700238, 2.88134496, 3.070356264, 3.652320222, 4.23120582, 4.797316224, 5.341262436, 5.853655458, 6.325721964, 6.749458218, 7.11716832, 7.422387714, 7.659113598, 7.823036268, 7.910461692, 7.918927182, 7.847663148, 7.696515672, 7.467023934, 7.161650622, 6.784551522, 6.86397321, 7.179966864, 7.442089218, 7.644645306, 8.005429098, 8.34543396, 8.613405198, 8.806572288, 8.92416564, 8.966031336, 0.0, 0.0, 0.0, 0.0, 0.0, 0.0, 0.0, 0.0, 0.0, 0.0, 0.0, 0.0, 0.0, 0.0, 0.0, 0.0, 0.0, 0.0, 0.0, 0.0, 0.0, 0.0, 0.0, 0.0, 0.0, 0.0, 0.0, 0.0, 0.0, 0.0, 0.0, 0.0, 0.0, 0.0, 0.0, 0.0, 6.691123296, 7.065144036, 7.40037744, 7.689435444, 7.925083902, 8.101627848, 8.26924455, 8.585084286, 8.828582562, 8.996661018, 9.087780474, 9.101633094], "min_cpu_time": [22, 4, 15, 14, 20, 7, 19, 13, 1, 15, 18, 19, 5, 21, 5, 20, 7, 8, 10, 1, 18, 7, 12, 18], "max_cpu_time": [30, 19, 56, 14, 52, 13, 37, 56, 51, 22, 53, 19, 8, 26, 21, 55, 28, 50, 14, 26, 57, 13, 52, 28], "min_job_period": [64, 30, 15, 65, 115, 42, 47, 10, 2, 1, 2, 42, 32, 94, 19, 4, 33, 23, 60, 3, 3, 20, 36, 72], "max_job_period": [110, 111, 41, 76, 116, 50, 67, 97, 57, 90, 111, 61, 54, 113, 33, 96, 100, 61, 70, 107, 66, 82, 107, 89], "min_startup": [1, 2, 1, 1, 1, 2, 1, 1, 8, 1, 1, 1, 2, 1, 2, 1, 2, 1, 1, 8, 1, 2, 1, 1], "max_startup": [97, 48, 47, 77, 20, 85, 42, 94, 11, 77, 11, 87, 24, 80, 99, 115, 5, 10, 85, 95, 104, 62, 96, 102], "priority": [19, 21, 8, 7, 4, 3, 1, 12, 24, 20, 5, 9, 13, 23, 11, 14, 16, 2, 18, 15, 22, 6, 17, 10], "win_min": [0, 0, 0, 0, 18, 0, 0, 0, 0, 0, 0, 0, 0, 0, 0, 0, 0, 0, 0, 0, 0, 0, 0, 0], "win_max": [120, 120, 120, 120, 114, 120, 120, 120, 120, 120, 120, 120, 120, 120, 120, 120, 120, 120, 120, 120, 120, 120, 120, 120]}