{"subs": 1, "jobs": 22, "T": 120, "power_use": [3.1425169414857206, 0.8181411100929727, 0.9630272867354916, 2.848722508359538, 3.436208614219338, 2.0219128524290446, 2.7124246341602487, 1.4292478801835775, 1.570269903773731, 0.6015033812159618, 2.0827547794409136, 3.977715325025843, 2.744740213274098, 0.5121916431804704, 1.3407438246039038, 2.0903855515253205, 3.0126053365765606, 3.6130396634789683, 2.3403293236793368, 1.0882654791732982, 2.003376537614258, 2.614974708897586], "power_resource": [8.938941768, 8.746236432, 8.486115012, 8.164426392, 7.787327292, 7.36189794, 6.89629599, 6.398986932, 5.87889801, 5.345418222, 4.808090484, 4.60830492, 4.433761908, 4.181490306, 3.8556459, 3.462077574, 3.007095966, 2.511018252, 2.769600492, 2.948145372, 3.402203472, 3.982782168, 4.55443362, 5.107460994, 5.63262921, 6.120857106, 6.56383311, 6.953553486, 7.283091924, 7.546445622, 7.738535286, 7.855512966, 7.894146384, 7.853358114, 7.732532484, 7.532593002, 7.25569452, 6.905223234, 6.766389198, 7.10100693, 7.384062132, 7.60970592, 7.872290028, 8.238768786, 8.534291346, 8.755933266, 8.902155366, 8.972495892, 8.96803227, 0.0, 0.0, 0.0, 0.0, 0.0, 0.0, 0.0, 0.0, 0.0, 0.0, 0.0, 0.0, 0.0, 0.0, 0.0, 0.0, 0.0, 0.0, 0.0, 0.0, 0.0, 0.0, 0.0, 0.0, 0.0, 0.0, 0.0, 0.0, 0.0, 0.0, 0.0, 0.0, 0.0, 0.0, 0.0, 6.716058012, 6.93246672, 7.284785022, 7.593852366, 7.85212677, 8.053605432, 8.192593386, 8.469030114, 8.742234564, 8.941404456, 9.064077102, 9.109482912, 9.078237558, 8.97188022, 8.793489258, 8.54706654, 8.23769136, 7.871520438, 7.45578792, 6.998189706, 6.507191286, 5.991565986, 5.460856722, 4.924298574, 4.639396356, 4.48132257, 4.244442768, 3.93337449, 3.55319703, 3.110374944, 2.612142378, 2.709264636, 2.90366307, 3.277068138, 3.858108588, 4.431914892], "min_cpu_time": [14, 13, 2, 3, 13, 12, 11, 10, 17, 20, 6, 4, 17, 14, 8, 4, 3, 20, 17, 15, 18, 1], "max_cpu_time": [32, 13, 50, 59, 26, 32, 13, 50, 56, 47, 16, 49, 35, 37, 48, 49, 55, 53, 51, 22, 20, 1], "min_job_period": [8, 40, 18, 37, 6, 18, 53, 77, 84, 106, 32, 30, 108, 106, 84, 34, 8, 22, 119, 44, 21, 4], "max_job_period": [38, 52, 21, 56, 90, 56, 70, 99, 92, 114, 102, 60, 113, 115, 116, 46, 69, 45, 119, 83, 81, 63], "min_startup": [1, 1, 5, 3, 1, 1, 1, 1, 1, 1, 2, 2, 1, 1, 1, 2, 3, 1, 1, 1, 1, 9], "max_startup": [34, 70, 108, 22, 104, 77, 7, 117, 65, 40, 105, 85, 45, 55, 41, 11, 75, 94, 103, 92, 86, 112], "priority": [20, 1, 6, 7, 19, 9, 3, 15, 21, 22, 18, 14, 11, 5, 13, 17, 16, 8, 2, 4, 12, 10], "win_min": [0, 0, 0, 0, 0, 6, 0, 0, 0, 0, 0, 0, 0, 0, 0, 0, 0, 0, 0, 0, 0, 0], "win_max": [120, 120, 120, 120, 120, 111, 120, 120, 120, 120, 120, 120, 120, 120, 120, 120, 120, 120, 120, 120, 120, 120]}