{"subs": 1, "jobs": 22, "T": 120, "power_use": [2.676578730410076, 2.106362979962219, 0.22192413079992093, 3.1529387964285402, 2.4501234531470657, 0.08023689157093854, 1.9250937195324667, 1.7322166849656846, 1.147097310068673, 2.306513581480202, 2.2909476761290364, 3.402828129546297, 1.9783166159516772, 1.181761535075956, 3.117451883560963, 0.6397908959696134, 1.3705254754600342, 0.4556823729850304, 0.8747722870926364, 0.8518884785536619, 1.0259320062230768, 2.340298364729409], "power_resource": [7.823036268, 7.910461692, 7.918927182, 7.847663148, 7.696515672, 7.467023934, 7.161650622, 6.784551522, 6.86397321, 7.179966864, 7.442089218, 7.644645306, 8.005429098, 8.34543396, 8.613405198, 8.806572288, 8.92416564, 8.966031336, 0.0, 0.0, 0.0, 0.0, 0.0, 0.0, 0.0, 0.0, 0.0, 0.0, 0.0, 0.0, 0.0, 0.0, 0.0, 0.0, 0.0, 0.0, 0.0, 0.0, 0.0, 0.0, 0.0, 0.0, 0.0, 0.0, 0.0, 0.0, 0.0, 0.0, 0.0, 0.0, 0.0, 0.0, 0.0, 0.0, 6.691123296, 7.065144036, 7.40037744, 7.689435444, 7.925083902, 8.101627848, 8.26924455, 8.585084286, 8.828582562, 8.996661018, 9.087780474, 9.101633094, 9.039450222, 8.902924956, 8.695905246, 8.422700796, 8.088698736, 7.700825376, 7.266007026, 6.792709176, 6.289551234, 5.765306526, 5.229671886, 4.691882394, 4.573827288, 4.383276804, 4.115459484, 3.775300704, 3.368341512, 2.901508218, 2.583821466, 2.827011906, 2.989549314, 3.527338806, 4.10730183, 4.676336676, 5.224900428, 5.743911924, 6.224136084, 6.657569172, 7.036515288, 7.354048122, 7.604164872, 7.782247998, 7.88444955, 7.908152922, 7.851972852, 7.71590934, 7.50119373, 7.209980874, 6.846118722, 6.815950794, 7.141487364, 7.41423006, 7.628329998, 7.940167866, 8.293563594, 8.575233534, 8.782714998, 8.914468806, 8.970648876, 8.952178716, 0.0, 0.0, 0.0, 0.0], "min_cpu_time": [11, 9, 5, 18, 11, 9, 19, 2, 12, 3, 20, 6, 21, 5, 13, 19, 9, 10, 14, 22, 4, 8], "max_cpu_time": [26, 33, 11, 36, 18, 16, 24, 58, 12, 21, 23, 29, 55, 13, 49, 47, 55, 12, 50, 47, 22, 21], "min_job_period": [53, 23, 14, 112, 5, 46, 106, 7, 59, 9, 108, 6, 111, 29, 25, 6, 13, 23, 70, 78, 21, 45], "max_job_period": [72, 82, 114, 112, 19, 110, 113, 45, 92, 45, 108, 119, 117, 87, 75, 24, 19, 25, 70, 108, 29, 61], "min_startup": [2, 2, 4, 1, 2, 2, 1, 9, 2, 6, 1, 3, 1, 4, 2, 1, 2, 2, 1, 1, 5, 2], "max_startup": [10, 17, 115, 69, 56, 104, 104, 84, 88, 91, 89, 67, 65, 59, 55, 60, 11, 14, 22, 25, 22, 68], "priority": [12, 13, 14, 11, 6, 18, 3, 15, 22, 1, 5, 21, 8, 19, 16, 2, 17, 20, 4, 9, 10, 7], "win_min": [0, 0, 0, 0, 0, 0, 0, 0, 0, 0, 0, 0, 0, 0, 0, 0, 0, 0, 0, 0, 0, 4], "win_max": [120, 120, 120, 120, 120, 120, 120, 120, 120, 120, 120, 120, 120, 120, 120, 120, 120, 120, 120, 120, 120, 107]}