{"subs": 1, "jobs": 13, "T": 120, "power_use": [2.192446507674777, 3.1131783412032124, 2.0989455807315385, 1.3157729463727506, 0.46388717392629575, 1.528333653875003, 2.1195769250603207, 3.7246139865922467, 2.411669434195394, 3.5424278014103625, 0.36949827839470956, 0.5873430201296549, 3.152935610555969], "power_resource": [8.585084286, 8.828582562, 8.996661018, 9.087780474, 9.101633094, 9.039450222, 8.902924956, 8.695905246, 8.422700796, 8.088698736, 7.700825376, 7.266007026, 6.792709176, 6.289551234, 5.765306526, 5.229671886, 4.691882394, 4.573827288, 4.383276804, 4.115459484, 3.775300704, 3.368341512, 2.901508218, 2.583821466, 2.827011906, 2.989549314, 3.527338806, 4.10730183, 4.676336676, 5.224900428, 5.743911924, 6.224136084, 6.657569172, 7.036515288, 7.354048122, 7.604164872, 7.782247998, 7.88444955, 7.908152922, 7.851972852, 7.71590934, 7.50119373, 7.209980874, 6.846118722, 6.815950794, 7.141487364, 7.41423006, 7.628329998, 7.940167866, 8.293563594, 8.575233534, 8.782714998, 8.914468806, 8.970648876, 8.952178716, 0.0, 0.0, 0.0, 0.0, 0.0, 0.0, 0.0, 0.0, 0.0, 0.0, 0.0, 0.0, 0.0, 0.0, 0.0, 0.0, 0.0, 0.0, 0.0, 0.0, 0.0, 0.0, 0.0, 0.0, 0.0, 0.0, 0.0, 0.0, 0.0, 0.0, 0.0, 0.0, 0.0, 0.0, 0.0, 6.658030926, 6.999574968, 7.343581698, 7.642644372, 7.88983668, 8.079001902, 8.20459899, 8.52859638, 8.787024702, 8.970648876, 9.077467968, 9.107174142, 9.06038307, 8.938941768, 8.746236432, 8.486115012, 8.164426392, 7.787327292, 7.36189794, 6.89629599, 6.398986932, 5.87889801, 5.345418222, 4.808090484, 4.60830492, 4.433761908, 4.181490306, 3.8556459, 3.462077574, 3.007095966], "min_cpu_time": [6, 17, 17, 22, 2, 9, 5, 3, 4, 10, 16, 2, 7], "max_cpu_time": [57, 17, 35, 23, 55, 26, 36, 27, 54, 47, 23, 9, 28], "min_job_period": [5, 32, 36, 44, 2, 8, 4, 1, 4, 7, 20, 1, 4], "max_job_period": [113, 74, 115, 106, 42, 39, 34, 48, 63, 72, 27, 102, 100], "min_startup": [10, 3, 3, 2, 30, 6, 12, 20, 15, 6, 3, 30, 8], "max_startup": [21, 50, 95, 78, 63, 96, 19, 85, 44, 78, 82, 42, 35], "priority": [13, 8, 6, 9, 12, 7, 2, 4, 5, 3, 11, 1, 10], "win_min": [0, 1, 0, 0, 0, 0, 0, 0, 0, 0, 0, 0, 0], "win_max": [120, 96, 120, 120, 120, 120, 120, 120, 120, 120, 120, 120, 120]}