{"subs": 1, "jobs": 24, "T": 120, "power_use": [1.0950533460663023, 1.0240925165099042, 2.6910325950819898, 2.306727222053979, 2.128714671616051, 1.269598838444234, 0.8917034177429204, 1.5129134647052151, 0.8068730586758431, 3.388595058721148, 2.029101933329238, 2.4548686360509158, 3.684300609281911, 0.2877238301726302, 0.8379399908405522, 2.4912842919243694, 1.304601914359542, 0.03330610805563911, 2.682360437568529, 2.088808674239649, 0.7417941015090577, 0.8367869254177257, 0.07170559648963783, 0.7015582393996758], "power_resource": [9.03883455, 9.098400816, 9.081008082, 8.987887692, 8.82181017, 8.586777384, 8.287560792, 7.930163196, 7.521356988, 7.068991986, 6.581379762, 6.067293642, 5.535814788, 4.996793952, 4.638165012, 4.495021272, 4.272609762, 3.974470596, 3.606144822, 3.173327406, 2.68356033, 2.720654568, 2.932753572, 3.195029844, 3.777455556, 4.354801974, 4.9176801, 5.4563931, 5.961859812, 6.425460828, 6.839192412, 7.195512582, 7.4881107, 7.711445718, 7.861054014, 7.933549392, 7.926930918, 7.840275084, 7.674043644, 7.429929696, 7.110703764, 6.720521634, 6.909994692, 7.21644543, 7.467793524, 7.67204271, 8.068227642, 8.394841638, 8.648806338, 8.827659054, 8.930938032, 8.958643272, 0.0, 0.0, 0.0, 0.0, 0.0, 0.0, 0.0, 0.0, 0.0, 0.0, 0.0, 0.0, 0.0, 0.0, 0.0, 0.0, 0.0, 0.0, 0.0, 0.0, 0.0, 0.0, 0.0, 0.0, 0.0, 0.0, 0.0, 0.0, 0.0, 0.0, 0.0, 0.0, 0.0, 0.0, 0.0, 0.0, 6.76238733, 7.128866088, 7.455172248, 7.733763828, 7.957714518, 8.12148327, 8.337276306, 8.63864775, 8.866908144, 9.019286964, 9.094706784, 9.093013686, 9.015285096, 8.863983702, 8.642803536, 8.356362138, 8.01066231, 7.612168608, 7.168423014, 6.6877371, 6.178884192, 5.650945452, 5.113309878, 4.662637974, 4.536117378, 4.329405504, 4.04650422, 3.692031066, 3.272142762, 2.7936117, 2.653700238, 2.88134496], "min_cpu_time": [5, 23, 22, 22, 5, 7, 3, 5, 23, 7, 4, 3, 2, 5, 23, 8, 13, 5, 13, 12, 14, 4, 17, 7], "max_cpu_time": [15, 49, 33, 58, 16, 11, 17, 37, 30, 21, 30, 54, 29, 44, 36, 25, 44, 35, 28, 17, 18, 38, 21, 47], "min_job_period": [86, 112, 102, 110, 27, 78, 108, 33, 51, 26, 50, 53, 103, 113, 35, 9, 50, 106, 112, 46, 112, 47, 2, 7], "max_job_period": [110, 114, 109, 116, 97, 111, 109, 64, 67, 111, 105, 88, 112, 119, 105, 27, 96, 106, 119, 118, 119, 97, 100, 77], "min_startup": [1, 1, 1, 1, 1, 1, 1, 1, 1, 1, 1, 1, 1, 1, 1, 1, 1, 1, 1, 1, 1, 1, 1, 1], "max_startup": [58, 61, 65, 88, 56, 78, 40, 73, 47, 35, 13, 53, 73, 100, 84, 21, 54, 89, 33, 43, 54, 98, 40, 17], "priority": [11, 13, 3, 16, 22, 24, 21, 6, 12, 18, 4, 20, 23, 17, 14, 5, 10, 15, 19, 8, 1, 9, 2, 7], "win_min": [0, 0, 0, 0, 0, 0, 0, 0, 0, 0, 0, 0, 0, 0, 23, 0, 0, 0, 0, 0, 0, 0, 0, 0], "win_max": [120, 120, 120, 120, 120, 120, 120, 120, 120, 120, 120, 120, 120, 120, 101, 120, 120, 120, 120, 120, 120, 120, 120, 120]}