{"subs": 1, "jobs": 13, "T": 120, "power_use": [1.8435009167901455, 0.31510887462714116, 3.9025160876652976, 1.0734665844282698, 2.675354994497479, 1.9518309357626789, 0.842808356647948, 1.380485196809487, 3.015580754476777, 0.982745759079151, 1.9743461152186335, 0.704543876894777, 0.8492032242311838], "power_resource": [0.0, 6.658030926, 6.999574968, 7.343581698, 7.642644372, 7.88983668, 8.079001902, 8.20459899, 8.52859638, 8.787024702, 8.970648876, 9.077467968, 9.107174142, 9.06038307, 8.938941768, 8.746236432, 8.486115012, 8.164426392, 7.787327292, 7.36189794, 6.89629599, 6.398986932, 5.87889801, 5.345418222, 4.808090484, 4.60830492, 4.433761908, 4.181490306, 3.8556459, 3.462077574, 3.007095966, 2.511018252, 2.769600492, 2.948145372, 3.402203472, 3.982782168, 4.55443362, 5.107460994, 5.63262921, 6.120857106, 6.56383311, 6.953553486, 7.283091924, 7.546445622, 7.738535286, 7.855512966, 7.894146384, 7.853358114, 7.732532484, 7.532593002, 7.25569452, 6.905223234, 6.766389198, 7.10100693, 7.384062132, 7.60970592, 7.872290028, 8.238768786, 8.534291346, 8.755933266, 8.902155366, 8.972495892, 8.96803227, 0.0, 0.0, 0.0, 0.0, 0.0, 0.0, 0.0, 0.0, 0.0, 0.0, 0.0, 0.0, 0.0, 0.0, 0.0, 0.0, 0.0, 0.0, 0.0, 0.0, 0.0, 0.0, 0.0, 0.0, 0.0, 0.0, 0.0, 0.0, 0.0, 0.0, 0.0, 0.0, 0.0, 0.0, 0.0, 6.716058012, 6.93246672, 7.284785022, 7.593852366, 7.85212677, 8.053605432, 8.192593386, 8.469030114, 8.742234564, 8.941404456, 9.064077102, 9.109482912, 9.078237558, 8.97188022, 8.793489258, 8.54706654, 8.23769136, 7.871520438, 7.45578792, 6.998189706, 6.507191286, 5.991565986], "min_cpu_time": [11, 12, 2, 5, 18, 3, 23, 21, 15, 23, 21, 10, 6], "max_cpu_time": [57, 38, 36, 48, 56, 14, 42, 28, 40, 51, 59, 59, 22], "min_job_period": [19, 39, 5, 1, 38, 14, 112, 71, 17, 73, 60, 8, 30], "max_job_period": [112, 91, 109, 103, 55, 79, 118, 76, 63, 108, 68, 72, 119], "min_startup": [2, 2, 9, 4, 1, 6, 1, 1, 1, 1, 1, 2, 3], "max_startup": [13, 40, 91, 112, 110, 11, 64, 107, 46, 42, 93, 46, 89], "priority": [12, 13, 5, 3, 11, 7, 10, 1, 6, 4, 2, 9, 8], "win_min": [0, 0, 0, 0, 0, 0, 0, 0, 0, 0, 0, 0, 5], "win_max": [120, 120, 120, 120, 120, 120, 120, 120, 120, 120, 120, 120, 116]}