{"subs": 1, "jobs": 20, "T": 120, "power_use": [1.1410223737452407, 1.573683296245452, 1.5803547823623405, 2.1200827545849306, 0.4617206844684447, 0.6320430319647116, 0.603250832269552, 1.4703365098400238, 1.6207629874815799, 0.44782303668534834, 1.2660623875694177, 1.2752087384798247, 0.024301165359773773, 1.6194011909016963, 1.6994252351363386, 3.3299901364866638, 0.41412429273555307, 0.3198407395118773, 0.8432858827693822, 3.3585255228786184], "power_resource": [7.933549392, 7.926930918, 7.840275084, 7.674043644, 7.429929696, 7.110703764, 6.720521634, 6.909994692, 7.21644543, 7.467793524, 7.67204271, 8.068227642, 8.394841638, 8.648806338, 8.827659054, 8.930938032, 8.958643272, 0.0, 0.0, 0.0, 0.0, 0.0, 0.0, 0.0, 0.0, 0.0, 0.0, 0.0, 0.0, 0.0, 0.0, 0.0, 0.0, 0.0, 0.0, 0.0, 0.0, 0.0, 0.0, 0.0, 0.0, 0.0, 0.0, 0.0, 0.0, 0.0, 0.0, 0.0, 0.0, 0.0, 0.0, 0.0, 0.0, 6.76238733, 7.128866088, 7.455172248, 7.733763828, 7.957714518, 8.12148327, 8.337276306, 8.63864775, 8.866908144, 9.019286964, 9.094706784, 9.093013686, 9.015285096, 8.863983702, 8.642803536, 8.356362138, 8.01066231, 7.612168608, 7.168423014, 6.6877371, 6.178884192, 5.650945452, 5.113309878, 4.662637974, 4.536117378, 4.329405504, 4.04650422, 3.692031066, 3.272142762, 2.7936117, 2.653700238, 2.88134496, 3.070356264, 3.652320222, 4.23120582, 4.797316224, 5.341262436, 5.853655458, 6.325721964, 6.749458218, 7.11716832, 7.422387714, 7.659113598, 7.823036268, 7.910461692, 7.918927182, 7.847663148, 7.696515672, 7.467023934, 7.161650622, 6.784551522, 6.86397321, 7.179966864, 7.442089218, 7.644645306, 8.005429098, 8.34543396, 8.613405198, 8.806572288, 8.92416564, 8.966031336, 0.0, 0.0, 0.0, 0.0, 0.0, 0.0], "min_cpu_time": [11, 13, 11, 3, 15, 12, 13, 4, 11, 23, 10, 5, 13, 8, 10, 8, 17, 11, 4, 3], "max_cpu_time": [48, 16, 59, 25, 55, 21, 33, 51, 40, 40, 35, 36, 33, 18, 15, 15, 19, 38, 51, 23], "min_job_period": [112, 42, 74, 39, 77, 6, 56, 14, 64, 34, 15, 40, 82, 52, 16, 48, 99, 77, 8, 11], "max_job_period": [115, 84, 95, 76, 113, 105, 108, 107, 95, 116, 78, 88, 94, 98, 21, 57, 101, 105, 27, 48], "min_startup": [1, 1, 1, 3, 1, 1, 1, 3, 1, 1, 1, 2, 1, 2, 1, 2, 1, 1, 3, 3], "max_startup": [51, 72, 51, 97, 113, 104, 84, 58, 82, 2, 117, 22, 108, 97, 96, 33, 27, 52, 102, 55], "priority": [5, 17, 2, 14, 13, 11, 20, 4, 15, 3, 9, 12, 19, 18, 10, 8, 1, 7, 16, 6], "win_min": [0, 0, 0, 0, 0, 0, 0, 0, 0, 17, 0, 0, 0, 0, 0, 0, 0, 0, 0, 0], "win_max": [120, 120, 120, 120, 120, 120, 120, 120, 120, 102, 120, 120, 120, 120, 120, 120, 120, 120, 120, 120]}