{"subs": 1, "jobs": 20, "T": 120, "power_use": [2.8585451564291033, 3.5144428653856807, 0.8542057492844093, 0.3748097808266517, 2.1002009848191756, 0.7861216228754437, 1.4568374375779638, 0.6405087718905617, 0.798017990889462, 3.3776561372746126, 2.9056040223642614, 2.5007076531675496, 0.7276661547051163, 1.3400451616804037, 2.608958346591012, 3.1101167575993633, 0.5093296007627789, 1.9963595291422684, 1.4457632078948361, 2.429730327067464], "power_resource": [0.0, 0.0, 0.0, 0.0, 0.0, 0.0, 0.0, 0.0, 0.0, 0.0, 0.0, 0.0, 0.0, 0.0, 0.0, 0.0, 0.0, 0.0, 6.76238733, 7.128866088, 7.455172248, 7.733763828, 7.957714518, 8.12148327, 8.337276306, 8.63864775, 8.866908144, 9.019286964, 9.094706784, 9.093013686, 9.015285096, 8.863983702, 8.642803536, 8.356362138, 8.01066231, 7.612168608, 7.168423014, 6.6877371, 6.178884192, 5.650945452, 5.113309878, 4.662637974, 4.536117378, 4.329405504, 4.04650422, 3.692031066, 3.272142762, 2.7936117, 2.653700238, 2.88134496, 3.070356264, 3.652320222, 4.23120582, 4.797316224, 5.341262436, 5.853655458, 6.325721964, 6.749458218, 7.11716832, 7.422387714, 7.659113598, 7.823036268, 7.910461692, 7.918927182, 7.847663148, 7.696515672, 7.467023934, 7.161650622, 6.784551522, 6.86397321, 7.179966864, 7.442089218, 7.644645306, 8.005429098, 8.34543396, 8.613405198, 8.806572288, 8.92416564, 8.966031336, 0.0, 0.0, 0.0, 0.0, 0.0, 0.0, 0.0, 0.0, 0.0, 0.0, 0.0, 0.0, 0.0, 0.0, 0.0, 0.0, 0.0, 0.0, 0.0, 0.0, 0.0, 0.0, 0.0, 0.0, 0.0, 0.0, 0.0, 0.0, 0.0, 0.0, 0.0, 0.0, 0.0, 0.0, 0.0, 0.0, 6.691123296, 7.065144036, 7.40037744, 7.689435444, 7.925083902], "min_cpu_time": [16, 9, 11, 2, 4, 12, 5, 14, 10, 22, 3, 8, 13, 12, 4, 18, 21, 13, 2, 8], "max_cpu_time": [46, 36, 27, 54, 11, 51, 59, 31, 41, 57, 45, 12, 45, 33, 10, 52, 23, 24, 28, 57], "min_job_period": [12, 4, 15, 3, 18, 42, 1, 54, 36, 83, 11, 35, 4, 32, 7, 19, 113, 47, 11, 24], "max_job_period": [42, 40, 52, 67, 35, 111, 89, 91, 36, 111, 54, 44, 15, 32, 21, 91, 117, 101, 55, 96], "min_startup": [1, 2, 2, 10, 5, 2, 4, 2, 2, 1, 7, 3, 2, 2, 5, 1, 1, 2, 10, 3], "max_startup": [56, 46, 28, 23, 47, 13, 92, 95, 41, 101, 11, 97, 73, 95, 117, 15, 80, 57, 15, 47], "priority": [3, 6, 19, 14, 8, 4, 16, 20, 17, 7, 13, 2, 15, 11, 10, 18, 12, 1, 9, 5], "win_min": [0, 0, 0, 0, 0, 0, 0, 0, 0, 0, 0, 7, 0, 0, 0, 0, 0, 0, 0, 0], "win_max": [120, 120, 120, 120, 120, 120, 120, 120, 120, 120, 120, 102, 120, 120, 120, 120, 120, 120, 120, 120]}