{"subs": 1, "jobs": 22, "T": 120, "power_use": [1.3989439013839116, 1.9488049071845597, 3.694795506429095, 3.485016183513401, 0.6154066958602659, 2.249960648971939, 2.5918251721793175, 3.978030627590258, 3.8974761337225288, 2.922172376728136, 3.3654477899622735, 3.0175159425865257, 3.5922375084936595, 1.0371942674721804, 0.5777091436351973, 1.9569542234626849, 3.8515649726106154, 3.35911396759051, 3.833283700582486, 2.733236322515713, 1.7386438552583243, 1.7783409539159418], "power_resource": [5.650945452, 5.113309878, 4.662637974, 4.536117378, 4.329405504, 4.04650422, 3.692031066, 3.272142762, 2.7936117, 2.653700238, 2.88134496, 3.070356264, 3.652320222, 4.23120582, 4.797316224, 5.341262436, 5.853655458, 6.325721964, 6.749458218, 7.11716832, 7.422387714, 7.659113598, 7.823036268, 7.910461692, 7.918927182, 7.847663148, 7.696515672, 7.467023934, 7.161650622, 6.784551522, 6.86397321, 7.179966864, 7.442089218, 7.644645306, 8.005429098, 8.34543396, 8.613405198, 8.806572288, 8.92416564, 8.966031336, 0.0, 0.0, 0.0, 0.0, 0.0, 0.0, 0.0, 0.0, 0.0, 0.0, 0.0, 0.0, 0.0, 0.0, 0.0, 0.0, 0.0, 0.0, 0.0, 0.0, 0.0, 0.0, 0.0, 0.0, 0.0, 0.0, 0.0, 0.0, 0.0, 0.0, 0.0, 0.0, 0.0, 0.0, 0.0, 0.0, 6.691123296, 7.065144036, 7.40037744, 7.689435444, 7.925083902, 8.101627848, 8.26924455, 8.585084286, 8.828582562, 8.996661018, 9.087780474, 9.101633094, 9.039450222, 8.902924956, 8.695905246, 8.422700796, 8.088698736, 7.700825376, 7.266007026, 6.792709176, 6.289551234, 5.765306526, 5.229671886, 4.691882394, 4.573827288, 4.383276804, 4.115459484, 3.775300704, 3.368341512, 2.901508218, 2.583821466, 2.827011906, 2.989549314, 3.527338806, 4.10730183, 4.676336676, 5.224900428, 5.743911924, 6.224136084, 6.657569172, 7.036515288, 7.354048122, 7.604164872, 7.782247998], "min_cpu_time": [10, 21, 16, 11, 7, 22, 8, 23, 3, 4, 4, 18, 4, 5, 16, 8, 9, 22, 5, 8, 14, 18], "max_cpu_time": [57, 58, 32, 26, 44, 44, 42, 59, 32, 34, 51, 20, 59, 39, 37, 28, 42, 59, 25, 9, 32, 25], "min_job_period": [26, 82, 76, 61, 80, 2, 56, 99, 75, 37, 23, 68, 4, 107, 24, 26, 79, 56, 83, 22, 32, 33], "max_job_period": [77, 115, 113, 95, 96, 44, 75, 117, 94, 63, 55, 79, 61, 108, 48, 46, 79, 114, 96, 52, 50, 72], "min_startup": [1, 1, 1, 1, 1, 1, 1, 1, 1, 1, 1, 1, 1, 1, 1, 1, 1, 1, 1, 1, 1, 1], "max_startup": [3, 115, 74, 8, 10, 16, 60, 52, 21, 9, 21, 5, 96, 12, 101, 12, 118, 36, 20, 71, 65, 10], "priority": [21, 20, 8, 15, 7, 14, 18, 5, 17, 3, 22, 2, 4, 6, 10, 19, 12, 9, 1, 11, 13, 16], "win_min": [11, 0, 0, 0, 0, 0, 0, 0, 0, 0, 0, 0, 0, 0, 0, 0, 0, 0, 0, 0, 0, 0], "win_max": [103, 120, 120, 120, 120, 120, 120, 120, 120, 120, 120, 120, 120, 120, 120, 120, 120, 120, 120, 120, 120, 120]}