{"subs": 1, "jobs": 18, "T": 120, "power_use": [1.6576460184325787, 0.4379488123002653, 2.582470534055473, 3.2949088971380567, 1.6806879401512929, 2.0835854430837575, 1.5074016311430214, 2.3399232896774858, 2.353279829868261, 0.21093082736164265, 1.967209109582283, 3.015353696052365, 0.7180519981099082, 3.9183770543009557, 1.0862142423825338, 0.6314325429161303, 1.1131383779132809, 1.7780959359547528], "power_resource": [8.742234564, 8.941404456, 9.064077102, 9.109482912, 9.078237558, 8.97188022, 8.793489258, 8.54706654, 8.23769136, 7.871520438, 7.45578792, 6.998189706, 6.507191286, 5.991565986, 5.460856722, 4.924298574, 4.639396356, 4.48132257, 4.244442768, 3.93337449, 3.55319703, 3.110374944, 2.612142378, 2.709264636, 2.90366307, 3.277068138, 3.858108588, 4.431914892, 4.989098052, 5.520115152, 6.01588503, 6.467942196, 6.868282914, 7.209826956, 7.486109766, 7.692205968, 7.82365194, 7.877369322, 7.851665016, 7.746077268, 7.561067832, 7.298637642, 6.961865058, 6.714980586, 7.05867948, 7.35189327, 7.588773072, 7.80210342, 8.18151129, 8.490578634, 8.72638101, 8.886917484, 8.971572384, 8.9811153, 0.0, 0.0, 0.0, 0.0, 0.0, 0.0, 0.0, 0.0, 0.0, 0.0, 0.0, 0.0, 0.0, 0.0, 0.0, 0.0, 0.0, 0.0, 0.0, 0.0, 0.0, 0.0, 0.0, 0.0, 0.0, 0.0, 0.0, 0.0, 0.0, 0.0, 0.0, 0.0, 0.0, 0.0, 0.0, 6.771160656, 6.863665374, 7.22414133, 7.54275159, 7.81210809, 8.025592356, 8.17766334, 8.406385488, 8.694519984, 8.908927758, 9.04730004, 9.108559404, 9.092859768, 9.001740312, 8.83797156, 8.605093626, 8.308339722, 7.95371265, 7.547830884, 7.098544242, 6.614010378, 6.103310454, 5.575525632, 5.040198828, 4.667255514, 4.525497036, 4.304470788, 4.00802472, 3.64169988, 3.211191234, 2.724040764], "min_cpu_time": [8, 13, 23, 2, 11, 5, 18, 10, 9, 22, 18, 9, 22, 14, 15, 13, 8, 10], "max_cpu_time": [36, 46, 49, 11, 52, 31, 19, 48, 19, 31, 34, 17, 56, 43, 48, 14, 30, 51], "min_job_period": [4, 31, 85, 3, 35, 19, 49, 8, 34, 111, 55, 1, 50, 24, 13, 47, 4, 33], "max_job_period": [33, 110, 103, 25, 98, 26, 98, 87, 52, 116, 118, 13, 80, 105, 113, 74, 44, 92], "min_startup": [4, 2, 1, 14, 3, 6, 2, 3, 3, 1, 2, 3, 1, 2, 2, 2, 4, 3], "max_startup": [35, 4, 6, 29, 5, 61, 115, 111, 49, 58, 41, 28, 27, 107, 63, 13, 34, 114], "priority": [17, 15, 12, 11, 9, 16, 10, 18, 8, 2, 14, 6, 13, 1, 4, 5, 3, 7], "win_min": [0, 0, 0, 0, 0, 0, 0, 0, 0, 0, 0, 0, 20, 0, 0, 0, 0, 0], "win_max": [120, 120, 120, 120, 120, 120, 120, 120, 120, 120, 120, 120, 97, 120, 120, 120, 120, 120]}