{"subs": 1, "jobs": 20, "T": 120, "power_use": [0.6868767866352197, 3.8130794321533616, 1.9074272029560981, 0.4786944704752135, 0.9991676908963851, 3.7575662458897052, 2.976035798069774, 1.1840947963048074, 0.8807918471431041, 2.6449482542138467, 0.3242591545225742, 2.55168365058543, 0.214695516691524, 0.6543780648020978, 1.6029910760634514, 1.7304223782505976, 1.715657269905003, 3.6328690129736425, 1.6519460003665623, 3.6608128925619337], "power_resource": [0.0, 0.0, 0.0, 0.0, 6.754383594, 6.900297858, 7.25107698, 7.558451226, 7.815340368, 8.015433768, 8.153190378, 8.464566492, 8.736539598, 8.934016392, 9.055149858, 9.09886257, 9.0657702, 8.957411928, 8.776866114, 8.527980708, 8.21614284, 7.847355312, 7.428698352, 6.96786786, 6.473637162, 5.954625666, 5.42022237, 4.879816272, 4.610305854, 4.450846806, 4.212581742, 3.899666448, 3.517488054, 3.07220328, 2.571354108, 2.784530538, 2.980929906, 3.319857342, 3.902283054, 4.477782456, 5.03696655, 5.57029242, 6.068678904, 6.523506594, 6.926771754, 7.271548074, 7.551370998, 7.761007314, 7.896147318, 7.95371265, 7.931856294, 7.829962578, 7.648801092, 7.390218852, 7.0571403, 6.654029058, 6.954323076, 7.250923062, 7.49118906, 7.744999842, 8.128255662, 8.441478792, 8.681283036, 8.845975296, 8.9349399, 8.948638602, 0.0, 0.0, 0.0, 0.0, 0.0, 0.0, 0.0, 0.0, 0.0, 0.0, 0.0, 0.0, 0.0, 0.0, 0.0, 0.0, 0.0, 0.0, 0.0, 0.0, 0.0, 0.0, 0.0, 0.0, 0.0, 0.0, 0.0, 0.0, 0.0, 0.0, 0.0, 0.0, 0.0, 0.0, 0.0, 6.809794074, 6.832112184, 7.190895042, 7.507966122, 7.775783442, 7.987882446, 8.138722086, 8.40238362, 8.689132854, 8.902155366, 9.03883455, 9.098400816, 9.081008082, 8.987887692, 8.82181017, 8.586777384, 8.287560792, 7.930163196, 7.521356988], "min_cpu_time": [4, 2, 15, 11, 17, 15, 20, 7, 8, 2, 10, 15, 12, 12, 5, 11, 16, 4, 17, 3], "max_cpu_time": [47, 3, 36, 20, 43, 31, 40, 38, 11, 52, 29, 34, 27, 36, 10, 48, 30, 56, 59, 8], "min_job_period": [7, 27, 105, 35, 81, 57, 23, 92, 54, 8, 96, 71, 52, 44, 9, 45, 37, 94, 39, 3], "max_job_period": [39, 52, 116, 35, 94, 59, 73, 115, 82, 72, 117, 88, 52, 65, 68, 78, 77, 106, 61, 45], "min_startup": [1, 2, 1, 1, 1, 1, 1, 1, 1, 2, 1, 1, 1, 1, 1, 1, 1, 1, 1, 1], "max_startup": [26, 88, 65, 25, 74, 34, 14, 19, 29, 28, 49, 115, 47, 17, 107, 49, 77, 73, 95, 21], "priority": [18, 5, 2, 11, 17, 1, 4, 13, 20, 19, 12, 15, 16, 10, 6, 9, 14, 8, 3, 7], "win_min": [0, 0, 0, 1, 0, 0, 0, 0, 0, 0, 0, 0, 0, 0, 0, 0, 0, 0, 0, 0], "win_max": [120, 120, 120, 116, 120, 120, 120, 120, 120, 120, 120, 120, 120, 120, 120, 120, 120, 120, 120, 120]}