{"subs": 1, "jobs": 24, "T": 120, "power_use": [0.2082680459025197, 0.460164083000664, 2.0480931377219727, 0.8975461325753884, 1.6239615938815375, 1.4115272591487908, 0.6171730715608005, 3.0784924727045424, 1.2368964997064644, 2.1170944446326763, 3.1913951489659302, 1.3713208844939826, 3.6410951366624014, 1.4772441735386812, 3.935626237266278, 2.5320895410516404, 0.5007423990153277, 3.928066686941926, 2.670968783457768, 2.336561164812233, 2.959400870305826, 1.1297876585417432, 1.9412796163763781, 0.27178508791653566], "power_resource": [0.0, 0.0, 0.0, 0.0, 0.0, 0.0, 0.0, 0.0, 0.0, 0.0, 0.0, 0.0, 0.0, 0.0, 0.0, 6.771160656, 6.863665374, 7.22414133, 7.54275159, 7.81210809, 8.025592356, 8.17766334, 8.406385488, 8.694519984, 8.908927758, 9.04730004, 9.108559404, 9.092859768, 9.001740312, 8.83797156, 8.605093626, 8.308339722, 7.95371265, 7.547830884, 7.098544242, 6.614010378, 6.103310454, 5.575525632, 5.040198828, 4.667255514, 4.525497036, 4.304470788, 4.00802472, 3.64169988, 3.211191234, 2.724040764, 2.64585042, 2.856102408, 3.152086722, 3.733127172, 4.30893441, 4.869811602, 5.406215832, 5.909219856, 6.370204266, 6.78085749, 7.133945382, 7.423157304, 7.642952208, 7.788866472, 7.8575139, 7.847201394, 7.75669761, 7.58661822, 7.338656322, 7.015736358, 6.662032794, 7.014351096, 7.317569556, 7.565531454, 7.752541824, 8.121637188, 8.444249316, 8.69405823, 8.86875516, 8.967878352, 8.991427806, 0.0, 0.0, 0.0, 0.0, 0.0, 0.0, 0.0, 0.0, 0.0, 0.0, 0.0, 0.0, 0.0, 0.0, 0.0, 0.0, 0.0, 0.0, 0.0, 0.0, 0.0, 0.0, 0.0, 0.0, 0.0, 0.0, 0.0, 0.0, 0.0, 0.0, 0.0, 0.0, 0.0, 0.0, 0.0, 0.0, 6.793324848, 7.161650622, 7.489495962, 7.769472804, 7.994962674, 8.160116688, 8.34081642], "min_cpu_time": [16, 10, 13, 1, 11, 19, 10, 4, 12, 3, 11, 10, 2, 5, 1, 12, 22, 16, 9, 7, 2, 16, 12, 10], "max_cpu_time": [24, 22, 29, 26, 51, 35, 45, 18, 54, 34, 44, 39, 48, 33, 39, 18, 41, 24, 42, 45, 28, 24, 43, 53], "min_job_period": [33, 86, 102, 14, 60, 93, 59, 28, 26, 31, 49, 81, 26, 16, 14, 84, 41, 85, 86, 98, 2, 30, 118, 65], "max_job_period": [73, 118, 109, 68, 75, 114, 94, 44, 95, 60, 117, 103, 65, 52, 38, 103, 68, 93, 113, 100, 92, 72, 119, 87], "min_startup": [1, 1, 1, 7, 1, 1, 1, 2, 1, 3, 1, 1, 4, 2, 7, 1, 1, 1, 1, 1, 4, 1, 1, 1], "max_startup": [77, 21, 77, 61, 114, 58, 68, 47, 49, 95, 104, 87, 11, 53, 7, 76, 43, 89, 43, 67, 84, 100, 98, 41], "priority": [2, 19, 20, 5, 10, 18, 7, 13, 12, 9, 23, 4, 1, 17, 3, 8, 14, 24, 21, 11, 15, 6, 16, 22], "win_min": [0, 0, 8, 0, 0, 0, 0, 0, 0, 0, 0, 0, 0, 0, 0, 0, 0, 0, 0, 0, 0, 0, 0, 0], "win_max": [120, 120, 118, 120, 120, 120, 120, 120, 120, 120, 120, 120, 120, 120, 120, 120, 120, 120, 120, 120, 120, 120, 120, 120]}