{"subs": 1, "jobs": 20, "T": 120, "power_use": [3.2311170198171872, 3.8531828058831765, 3.4976747564076347, 2.0866188512493213, 3.3405579857293195, 2.0720735375457227, 2.807732359616759, 2.047252893554739, 2.526637969060283, 1.2015654345148887, 0.7235581515819202, 0.1643096816276251, 0.8408903607564492, 0.503596705269825, 2.2492065823747533, 0.012429662607558727, 1.1025200923736005, 3.378541810584254, 3.329641754739991, 1.0633436518009944], "power_resource": [7.872290028, 8.238768786, 8.534291346, 8.755933266, 8.902155366, 8.972495892, 8.96803227, 0.0, 0.0, 0.0, 0.0, 0.0, 0.0, 0.0, 0.0, 0.0, 0.0, 0.0, 0.0, 0.0, 0.0, 0.0, 0.0, 0.0, 0.0, 0.0, 0.0, 0.0, 0.0, 0.0, 0.0, 0.0, 0.0, 0.0, 0.0, 0.0, 0.0, 0.0, 0.0, 0.0, 0.0, 0.0, 6.716058012, 6.93246672, 7.284785022, 7.593852366, 7.85212677, 8.053605432, 8.192593386, 8.469030114, 8.742234564, 8.941404456, 9.064077102, 9.109482912, 9.078237558, 8.97188022, 8.793489258, 8.54706654, 8.23769136, 7.871520438, 7.45578792, 6.998189706, 6.507191286, 5.991565986, 5.460856722, 4.924298574, 4.639396356, 4.48132257, 4.244442768, 3.93337449, 3.55319703, 3.110374944, 2.612142378, 2.709264636, 2.90366307, 3.277068138, 3.858108588, 4.431914892, 4.989098052, 5.520115152, 6.01588503, 6.467942196, 6.868282914, 7.209826956, 7.486109766, 7.692205968, 7.82365194, 7.877369322, 7.851665016, 7.746077268, 7.561067832, 7.298637642, 6.961865058, 6.714980586, 7.05867948, 7.35189327, 7.588773072, 7.80210342, 8.18151129, 8.490578634, 8.72638101, 8.886917484, 8.971572384, 8.9811153, 0.0, 0.0, 0.0, 0.0, 0.0, 0.0, 0.0, 0.0, 0.0, 0.0, 0.0, 0.0, 0.0, 0.0, 0.0, 0.0], "min_cpu_time": [16, 2, 1, 23, 1, 22, 4, 14, 22, 9, 12, 12, 2, 16, 6, 13, 3, 3, 23, 21], "max_cpu_time": [36, 16, 32, 53, 23, 27, 43, 31, 35, 36, 55, 41, 57, 58, 53, 24, 10, 20, 34, 22], "min_job_period": [106, 10, 15, 52, 9, 73, 14, 68, 58, 79, 1, 52, 4, 20, 61, 77, 5, 20, 117, 52], "max_job_period": [109, 28, 93, 90, 15, 109, 54, 114, 80, 83, 41, 76, 23, 101, 94, 119, 39, 24, 117, 72], "min_startup": [1, 3, 6, 1, 6, 1, 2, 1, 1, 1, 1, 1, 3, 1, 1, 1, 2, 2, 1, 1], "max_startup": [43, 59, 19, 90, 22, 23, 52, 1, 44, 75, 80, 106, 35, 89, 109, 53, 42, 68, 83, 56], "priority": [17, 6, 11, 20, 15, 2, 13, 18, 4, 16, 10, 9, 8, 14, 7, 12, 19, 1, 3, 5], "win_min": [0, 19, 0, 0, 0, 0, 0, 0, 0, 0, 0, 0, 0, 0, 0, 0, 0, 0, 0, 0], "win_max": [120, 117, 120, 120, 120, 120, 120, 120, 120, 120, 120, 120, 120, 120, 120, 120, 120, 120, 120, 120]}