{"subs": 1, "jobs": 22, "T": 120, "power_use": [1.425753530428336, 2.81809902577048, 2.253228102501457, 2.4736085338104443, 2.104435791487775, 3.385722336338349, 3.8815130482827134, 0.93361726655887, 0.0928656040851866, 2.548094226760743, 3.3267394353280744, 2.7678021188530204, 2.099878061608456, 3.140503839707508, 3.95151119910696, 2.5140734293566456, 1.790568681458607, 2.2411521618846666, 3.935385374278676, 3.6072689565319034, 3.7590294501656234, 0.2689782174892838], "power_resource": [0.0, 0.0, 0.0, 0.0, 6.691123296, 7.065144036, 7.40037744, 7.689435444, 7.925083902, 8.101627848, 8.26924455, 8.585084286, 8.828582562, 8.996661018, 9.087780474, 9.101633094, 9.039450222, 8.902924956, 8.695905246, 8.422700796, 8.088698736, 7.700825376, 7.266007026, 6.792709176, 6.289551234, 5.765306526, 5.229671886, 4.691882394, 4.573827288, 4.383276804, 4.115459484, 3.775300704, 3.368341512, 2.901508218, 2.583821466, 2.827011906, 2.989549314, 3.527338806, 4.10730183, 4.676336676, 5.224900428, 5.743911924, 6.224136084, 6.657569172, 7.036515288, 7.354048122, 7.604164872, 7.782247998, 7.88444955, 7.908152922, 7.851972852, 7.71590934, 7.50119373, 7.209980874, 6.846118722, 6.815950794, 7.141487364, 7.41423006, 7.628329998, 7.940167866, 8.293563594, 8.575233534, 8.782714998, 8.914468806, 8.970648876, 8.952178716, 0.0, 0.0, 0.0, 0.0, 0.0, 0.0, 0.0, 0.0, 0.0, 0.0, 0.0, 0.0, 0.0, 0.0, 0.0, 0.0, 0.0, 0.0, 0.0, 0.0, 0.0, 0.0, 0.0, 0.0, 0.0, 0.0, 0.0, 0.0, 0.0, 0.0, 0.0, 0.0, 0.0, 0.0, 0.0, 6.658030926, 6.999574968, 7.343581698, 7.642644372, 7.88983668, 8.079001902, 8.20459899, 8.52859638, 8.787024702, 8.970648876, 9.077467968, 9.107174142, 9.06038307, 8.938941768, 8.746236432, 8.486115012, 8.164426392, 7.787327292, 7.36189794], "min_cpu_time": [11, 10, 22, 20, 13, 17, 7, 12, 7, 5, 21, 19, 9, 3, 4, 19, 14, 22, 4, 19, 22, 17], "max_cpu_time": [56, 56, 55, 54, 51, 19, 13, 40, 54, 27, 40, 27, 48, 36, 55, 59, 41, 23, 55, 23, 46, 35], "min_job_period": [48, 53, 24, 33, 32, 83, 111, 79, 113, 10, 91, 63, 48, 8, 28, 5, 83, 70, 117, 109, 43, 55], "max_job_period": [101, 59, 106, 115, 94, 84, 117, 93, 118, 63, 98, 101, 92, 47, 33, 26, 86, 79, 119, 115, 55, 104], "min_startup": [1, 1, 1, 1, 1, 1, 1, 1, 1, 1, 1, 1, 1, 1, 1, 1, 1, 1, 1, 1, 1, 1], "max_startup": [97, 96, 112, 86, 77, 24, 57, 28, 9, 98, 15, 103, 30, 21, 20, 45, 101, 22, 27, 93, 54, 51], "priority": [17, 4, 16, 13, 18, 15, 9, 10, 6, 21, 7, 14, 19, 11, 8, 1, 5, 22, 12, 20, 3, 2], "win_min": [0, 0, 0, 0, 0, 0, 0, 11, 0, 0, 0, 0, 0, 0, 0, 0, 0, 0, 0, 0, 0, 0], "win_max": [120, 120, 120, 120, 120, 120, 120, 113, 120, 120, 120, 120, 120, 120, 120, 120, 120, 120, 120, 120, 120, 120]}