{"subs": 1, "jobs": 20, "T": 120, "power_use": [0.7441816604190691, 1.580662163191258, 1.5589487855232316, 0.8145644196158528, 0.9051139545085475, 3.0867715732160623, 2.889958700507864, 3.301823129124669, 3.0663794443851744, 0.31825021849591006, 2.196924704294531, 3.0131120731770995, 0.8765066710752966, 0.4507983718602803, 1.7129885055114114, 2.843448159046676, 1.702769735319771, 3.448512583350383, 3.3237547387505515, 2.3487728989445267], "power_resource": [9.06038307, 8.938941768, 8.746236432, 8.486115012, 8.164426392, 7.787327292, 7.36189794, 6.89629599, 6.398986932, 5.87889801, 5.345418222, 4.808090484, 4.60830492, 4.433761908, 4.181490306, 3.8556459, 3.462077574, 3.007095966, 2.511018252, 2.769600492, 2.948145372, 3.402203472, 3.982782168, 4.55443362, 5.107460994, 5.63262921, 6.120857106, 6.56383311, 6.953553486, 7.283091924, 7.546445622, 7.738535286, 7.855512966, 7.894146384, 7.853358114, 7.732532484, 7.532593002, 7.25569452, 6.905223234, 6.766389198, 7.10100693, 7.384062132, 7.60970592, 7.872290028, 8.238768786, 8.534291346, 8.755933266, 8.902155366, 8.972495892, 8.96803227, 0.0, 0.0, 0.0, 0.0, 0.0, 0.0, 0.0, 0.0, 0.0, 0.0, 0.0, 0.0, 0.0, 0.0, 0.0, 0.0, 0.0, 0.0, 0.0, 0.0, 0.0, 0.0, 0.0, 0.0, 0.0, 0.0, 0.0, 0.0, 0.0, 0.0, 0.0, 0.0, 0.0, 0.0, 0.0, 6.716058012, 6.93246672, 7.284785022, 7.593852366, 7.85212677, 8.053605432, 8.192593386, 8.469030114, 8.742234564, 8.941404456, 9.064077102, 9.109482912, 9.078237558, 8.97188022, 8.793489258, 8.54706654, 8.23769136, 7.871520438, 7.45578792, 6.998189706, 6.507191286, 5.991565986, 5.460856722, 4.924298574, 4.639396356, 4.48132257, 4.244442768, 3.93337449, 3.55319703, 3.110374944, 2.612142378, 2.709264636, 2.90366307, 3.277068138, 3.858108588], "min_cpu_time": [7, 14, 17, 15, 14, 12, 23, 23, 12, 5, 10, 14, 12, 3, 15, 7, 1, 4, 20, 1], "max_cpu_time": [24, 30, 56, 22, 41, 40, 51, 48, 44, 34, 34, 37, 48, 5, 35, 49, 54, 51, 30, 20], "min_job_period": [42, 3, 37, 110, 56, 50, 90, 75, 4, 83, 63, 23, 16, 63, 74, 10, 23, 88, 106, 12], "max_job_period": [88, 38, 40, 114, 71, 65, 103, 90, 114, 113, 104, 29, 41, 75, 98, 47, 43, 94, 111, 81], "min_startup": [1, 1, 1, 1, 1, 1, 1, 1, 1, 1, 1, 1, 1, 1, 1, 1, 2, 1, 1, 2], "max_startup": [69, 8, 44, 117, 20, 104, 32, 63, 54, 37, 115, 83, 32, 49, 36, 5, 25, 86, 109, 6], "priority": [7, 15, 20, 11, 2, 16, 13, 19, 3, 14, 17, 5, 12, 18, 1, 4, 10, 6, 9, 8], "win_min": [0, 0, 0, 0, 0, 0, 18, 0, 0, 0, 0, 0, 0, 0, 0, 0, 0, 0, 0, 0], "win_max": [120, 120, 120, 120, 120, 120, 118, 120, 120, 120, 120, 120, 120, 120, 120, 120, 120, 120, 120, 120]}