{"subs": 1, "jobs": 18, "T": 120, "power_use": [1.542869092241082, 3.614427867251094, 1.9276265634307037, 1.2678190976670356, 1.134369477592012, 0.8639136284619907, 1.8952951438245704, 0.03309366152935676, 2.92797715758951, 1.3979046149655259, 2.312427419684996, 1.9287321410700686, 3.0556760782918193, 3.047427038159473, 0.5084246716025379, 3.7247131887216267, 3.099063736536137, 1.7608573928938496], "power_resource": [0.0, 0.0, 0.0, 0.0, 0.0, 0.0, 0.0, 0.0, 0.0, 0.0, 0.0, 0.0, 0.0, 6.809794074, 6.832112184, 7.190895042, 7.507966122, 7.775783442, 7.987882446, 8.138722086, 8.40238362, 8.689132854, 8.902155366, 9.03883455, 9.098400816, 9.081008082, 8.987887692, 8.82181017, 8.586777384, 8.287560792, 7.930163196, 7.521356988, 7.068991986, 6.581379762, 6.067293642, 5.535814788, 4.996793952, 4.638165012, 4.495021272, 4.272609762, 3.974470596, 3.606144822, 3.173327406, 2.68356033, 2.720654568, 2.932753572, 3.195029844, 3.777455556, 4.354801974, 4.9176801, 5.4563931, 5.961859812, 6.425460828, 6.839192412, 7.195512582, 7.4881107, 7.711445718, 7.861054014, 7.933549392, 7.926930918, 7.840275084, 7.674043644, 7.429929696, 7.110703764, 6.720521634, 6.909994692, 7.21644543, 7.467793524, 7.67204271, 8.068227642, 8.394841638, 8.648806338, 8.827659054, 8.930938032, 8.958643272, 0.0, 0.0, 0.0, 0.0, 0.0, 0.0, 0.0, 0.0, 0.0, 0.0, 0.0, 0.0, 0.0, 0.0, 0.0, 0.0, 0.0, 0.0, 0.0, 0.0, 0.0, 0.0, 0.0, 0.0, 0.0, 0.0, 0.0, 0.0, 0.0, 0.0, 0.0, 0.0, 0.0, 0.0, 0.0, 0.0, 6.76238733, 7.128866088, 7.455172248, 7.733763828, 7.957714518, 8.12148327, 8.337276306, 8.63864775, 8.866908144], "min_cpu_time": [9, 8, 20, 5, 15, 6, 18, 3, 8, 15, 5, 21, 6, 22, 17, 12, 9, 6], "max_cpu_time": [21, 8, 32, 38, 34, 24, 48, 38, 54, 31, 42, 37, 14, 29, 59, 45, 10, 16], "min_job_period": [35, 22, 5, 77, 42, 69, 86, 24, 89, 86, 93, 109, 82, 71, 101, 15, 81, 38], "max_job_period": [94, 104, 70, 84, 65, 70, 96, 61, 99, 97, 110, 109, 93, 87, 101, 89, 95, 95], "min_startup": [1, 1, 1, 1, 1, 1, 1, 1, 1, 1, 1, 1, 1, 1, 1, 1, 1, 1], "max_startup": [78, 117, 51, 57, 9, 37, 17, 54, 13, 74, 103, 110, 1, 70, 72, 11, 119, 78], "priority": [11, 7, 9, 17, 3, 15, 14, 12, 5, 1, 16, 10, 18, 4, 2, 6, 8, 13], "win_min": [0, 0, 0, 0, 0, 0, 0, 0, 0, 0, 0, 0, 0, 0, 0, 0, 0, 18], "win_max": [120, 120, 120, 120, 120, 120, 120, 120, 120, 120, 120, 120, 120, 120, 120, 120, 120, 108]}