{"subs": 1, "jobs": 18, "T": 120, "power_use": [1.5909859030411597, 2.302673245472693, 1.1560860211976702, 1.6659879660933758, 0.10520251979356515, 3.8764536813255592, 1.7446732271328733, 1.611857290020623, 3.6747162459157265, 3.139937535221529, 2.712132326981817, 2.144756292183584, 2.3533044346523955, 1.8049802638114303, 1.5488334340871768, 2.785553463623985, 3.0597313169101064, 1.9238856323461948], "power_resource": [2.653700238, 2.88134496, 3.070356264, 3.652320222, 4.23120582, 4.797316224, 5.341262436, 5.853655458, 6.325721964, 6.749458218, 7.11716832, 7.422387714, 7.659113598, 7.823036268, 7.910461692, 7.918927182, 7.847663148, 7.696515672, 7.467023934, 7.161650622, 6.784551522, 6.86397321, 7.179966864, 7.442089218, 7.644645306, 8.005429098, 8.34543396, 8.613405198, 8.806572288, 8.92416564, 8.966031336, 0.0, 0.0, 0.0, 0.0, 0.0, 0.0, 0.0, 0.0, 0.0, 0.0, 0.0, 0.0, 0.0, 0.0, 0.0, 0.0, 0.0, 0.0, 0.0, 0.0, 0.0, 0.0, 0.0, 0.0, 0.0, 0.0, 0.0, 0.0, 0.0, 0.0, 0.0, 0.0, 0.0, 0.0, 0.0, 0.0, 6.691123296, 7.065144036, 7.40037744, 7.689435444, 7.925083902, 8.101627848, 8.26924455, 8.585084286, 8.828582562, 8.996661018, 9.087780474, 9.101633094, 9.039450222, 8.902924956, 8.695905246, 8.422700796, 8.088698736, 7.700825376, 7.266007026, 6.792709176, 6.289551234, 5.765306526, 5.229671886, 4.691882394, 4.573827288, 4.383276804, 4.115459484, 3.775300704, 3.368341512, 2.901508218, 2.583821466, 2.827011906, 2.989549314, 3.527338806, 4.10730183, 4.676336676, 5.224900428, 5.743911924, 6.224136084, 6.657569172, 7.036515288, 7.354048122, 7.604164872, 7.782247998, 7.88444955, 7.908152922, 7.851972852, 7.71590934, 7.50119373, 7.209980874, 6.846118722, 6.815950794, 7.141487364], "min_cpu_time": [2, 4, 18, 11, 12, 5, 9, 14, 16, 23, 3, 5, 7, 18, 3, 22, 17, 19], "max_cpu_time": [48, 54, 43, 49, 19, 21, 23, 20, 59, 47, 33, 30, 8, 50, 16, 37, 18, 27], "min_job_period": [2, 1, 45, 36, 31, 19, 24, 36, 15, 39, 4, 1, 39, 37, 4, 35, 54, 107], "max_job_period": [40, 30, 81, 92, 35, 22, 64, 50, 25, 45, 56, 68, 50, 85, 105, 112, 114, 110], "min_startup": [10, 5, 1, 2, 2, 4, 3, 2, 2, 1, 7, 4, 3, 1, 7, 1, 2, 1], "max_startup": [96, 106, 53, 94, 53, 43, 35, 67, 46, 39, 55, 43, 42, 50, 102, 18, 101, 55], "priority": [8, 16, 6, 15, 2, 1, 3, 18, 9, 5, 10, 11, 7, 13, 4, 12, 17, 14], "win_min": [0, 0, 0, 0, 0, 0, 0, 16, 0, 0, 0, 0, 0, 0, 0, 0, 0, 0], "win_max": [120, 120, 120, 120, 120, 120, 120, 98, 120, 120, 120, 120, 120, 120, 120, 120, 120, 120]}