{"subs": 1, "jobs": 24, "T": 120, "power_use": [0.36926871452730176, 3.689490026501833, 0.8771062222180935, 0.8646326658927262, 2.7188124629422603, 0.14872414481260177, 2.947312806965331, 1.2091428769402188, 0.5120173530494166, 3.306883685240719, 0.379987664454843, 2.470488358077816, 0.7937410037047883, 0.27588141541950256, 1.6793486830897282, 2.159900400236171, 1.5985220407674228, 0.7838829648052948, 0.6322015396306189, 1.2937649045483282, 1.636003647622035, 1.3776418019936336, 0.6767561917851153, 2.2189593770989418], "power_resource": [8.82181017, 8.586777384, 8.287560792, 7.930163196, 7.521356988, 7.068991986, 6.581379762, 6.067293642, 5.535814788, 4.996793952, 4.638165012, 4.495021272, 4.272609762, 3.974470596, 3.606144822, 3.173327406, 2.68356033, 2.720654568, 2.932753572, 3.195029844, 3.777455556, 4.354801974, 4.9176801, 5.4563931, 5.961859812, 6.425460828, 6.839192412, 7.195512582, 7.4881107, 7.711445718, 7.861054014, 7.933549392, 7.926930918, 7.840275084, 7.674043644, 7.429929696, 7.110703764, 6.720521634, 6.909994692, 7.21644543, 7.467793524, 7.67204271, 8.068227642, 8.394841638, 8.648806338, 8.827659054, 8.930938032, 8.958643272, 0.0, 0.0, 0.0, 0.0, 0.0, 0.0, 0.0, 0.0, 0.0, 0.0, 0.0, 0.0, 0.0, 0.0, 0.0, 0.0, 0.0, 0.0, 0.0, 0.0, 0.0, 0.0, 0.0, 0.0, 0.0, 0.0, 0.0, 0.0, 0.0, 0.0, 0.0, 0.0, 0.0, 0.0, 0.0, 0.0, 6.76238733, 7.128866088, 7.455172248, 7.733763828, 7.957714518, 8.12148327, 8.337276306, 8.63864775, 8.866908144, 9.019286964, 9.094706784, 9.093013686, 9.015285096, 8.863983702, 8.642803536, 8.356362138, 8.01066231, 7.612168608, 7.168423014, 6.6877371, 6.178884192, 5.650945452, 5.113309878, 4.662637974, 4.536117378, 4.329405504, 4.04650422, 3.692031066, 3.272142762, 2.7936117, 2.653700238, 2.88134496, 3.070356264, 3.652320222, 4.23120582, 4.797316224], "min_cpu_time": [10, 8, 17, 11, 14, 7, 22, 12, 18, 1, 4, 13, 17, 10, 9, 16, 2, 10, 4, 19, 4, 8, 12, 10], "max_cpu_time": [37, 9, 28, 16, 24, 24, 24, 36, 43, 50, 14, 36, 22, 44, 36, 56, 49, 59, 12, 43, 58, 24, 40, 12], "min_job_period": [48, 34, 76, 58, 20, 7, 2, 51, 94, 1, 17, 28, 103, 1, 31, 91, 4, 38, 23, 89, 23, 26, 27, 31], "max_job_period": [105, 99, 84, 93, 75, 106, 108, 71, 97, 60, 23, 66, 116, 51, 92, 112, 15, 50, 86, 118, 40, 60, 58, 78], "min_startup": [2, 2, 1, 2, 1, 3, 1, 2, 1, 17, 5, 2, 1, 2, 2, 1, 9, 2, 5, 1, 5, 2, 2, 2], "max_startup": [80, 111, 43, 7, 54, 114, 33, 53, 68, 118, 32, 59, 10, 98, 59, 51, 54, 4, 19, 4, 33, 119, 48, 54], "priority": [14, 18, 3, 5, 23, 13, 1, 2, 6, 16, 8, 9, 21, 4, 19, 15, 7, 24, 11, 22, 20, 10, 12, 17], "win_min": [0, 0, 0, 0, 0, 0, 0, 0, 0, 0, 0, 0, 0, 0, 0, 0, 0, 0, 0, 0, 0, 0, 0, 18], "win_max": [120, 120, 120, 120, 120, 120, 120, 120, 120, 120, 120, 120, 120, 120, 120, 120, 120, 120, 120, 120, 120, 120, 120, 106]}