{"subs": 1, "jobs": 24, "T": 120, "power_use": [1.5438098837578729, 3.103737843382845, 2.675794215990264, 1.9145684108845054, 3.616511801974049, 0.662864315792262, 2.833758686923554, 0.17485518821512933, 2.4788129988305028, 0.08296345088363448, 3.3025512345243273, 3.0154730488703962, 1.232297240013239, 3.468523984535325, 3.4840113363993477, 1.8285193579103312, 0.13023789647610876, 0.8078164994077397, 2.3499307496578634, 3.077091030497175, 2.8878507736260595, 2.870723711953961, 0.365808087015611, 0.2262320626794338], "power_resource": [7.40037744, 7.689435444, 7.925083902, 8.101627848, 8.26924455, 8.585084286, 8.828582562, 8.996661018, 9.087780474, 9.101633094, 9.039450222, 8.902924956, 8.695905246, 8.422700796, 8.088698736, 7.700825376, 7.266007026, 6.792709176, 6.289551234, 5.765306526, 5.229671886, 4.691882394, 4.573827288, 4.383276804, 4.115459484, 3.775300704, 3.368341512, 2.901508218, 2.583821466, 2.827011906, 2.989549314, 3.527338806, 4.10730183, 4.676336676, 5.224900428, 5.743911924, 6.224136084, 6.657569172, 7.036515288, 7.354048122, 7.604164872, 7.782247998, 7.88444955, 7.908152922, 7.851972852, 7.71590934, 7.50119373, 7.209980874, 6.846118722, 6.815950794, 7.141487364, 7.41423006, 7.628329998, 7.940167866, 8.293563594, 8.575233534, 8.782714998, 8.914468806, 8.970648876, 8.952178716, 0.0, 0.0, 0.0, 0.0, 0.0, 0.0, 0.0, 0.0, 0.0, 0.0, 0.0, 0.0, 0.0, 0.0, 0.0, 0.0, 0.0, 0.0, 0.0, 0.0, 0.0, 0.0, 0.0, 0.0, 0.0, 0.0, 0.0, 0.0, 0.0, 0.0, 0.0, 0.0, 0.0, 0.0, 0.0, 6.658030926, 6.999574968, 7.343581698, 7.642644372, 7.88983668, 8.079001902, 8.20459899, 8.52859638, 8.787024702, 8.970648876, 9.077467968, 9.107174142, 9.06038307, 8.938941768, 8.746236432, 8.486115012, 8.164426392, 7.787327292, 7.36189794, 6.89629599, 6.398986932, 5.87889801, 5.345418222, 4.808090484, 4.60830492], "min_cpu_time": [6, 2, 6, 15, 20, 18, 18, 23, 10, 21, 15, 1, 1, 20, 7, 15, 1, 4, 13, 4, 12, 4, 4, 22], "max_cpu_time": [8, 46, 14, 54, 37, 26, 56, 41, 18, 34, 21, 2, 7, 28, 11, 41, 3, 17, 45, 20, 14, 17, 23, 31], "min_job_period": [32, 18, 22, 28, 51, 99, 107, 32, 75, 66, 69, 3, 7, 115, 24, 88, 11, 32, 60, 16, 30, 13, 2, 102], "max_job_period": [51, 32, 89, 29, 84, 115, 111, 54, 97, 106, 79, 98, 42, 115, 89, 104, 15, 40, 93, 78, 96, 93, 83, 114], "min_startup": [2, 5, 2, 1, 1, 1, 1, 1, 1, 1, 1, 10, 10, 1, 2, 1, 10, 3, 1, 3, 1, 3, 3, 1], "max_startup": [110, 97, 40, 5, 83, 18, 5, 42, 42, 48, 48, 38, 25, 90, 18, 61, 14, 26, 10, 45, 1, 117, 64, 8], "priority": [3, 18, 17, 10, 2, 14, 6, 4, 12, 23, 8, 15, 11, 20, 1, 5, 7, 16, 22, 13, 24, 9, 21, 19], "win_min": [0, 0, 0, 0, 0, 0, 0, 0, 0, 0, 0, 0, 0, 0, 0, 0, 0, 0, 0, 0, 0, 0, 10, 0], "win_max": [120, 120, 120, 120, 120, 120, 120, 120, 120, 120, 120, 120, 120, 120, 120, 120, 120, 120, 120, 120, 120, 120, 105, 120]}