{"subs": 1, "jobs": 9, "T": 120, "power_use": [1.6212869427876893, 0.8362895537224012, 2.672273029817556, 2.6742905927938274, 2.3327805554313543, 3.8697032948654337, 0.6012952404540332, 2.6453553701389865, 3.2015064934202995], "power_resource": [6.398986932, 5.87889801, 5.345418222, 4.808090484, 4.60830492, 4.433761908, 4.181490306, 3.8556459, 3.462077574, 3.007095966, 2.511018252, 2.769600492, 2.948145372, 3.402203472, 3.982782168, 4.55443362, 5.107460994, 5.63262921, 6.120857106, 6.56383311, 6.953553486, 7.283091924, 7.546445622, 7.738535286, 7.855512966, 7.894146384, 7.853358114, 7.732532484, 7.532593002, 7.25569452, 6.905223234, 6.766389198, 7.10100693, 7.384062132, 7.60970592, 7.872290028, 8.238768786, 8.534291346, 8.755933266, 8.902155366, 8.972495892, 8.96803227, 0.0, 0.0, 0.0, 0.0, 0.0, 0.0, 0.0, 0.0, 0.0, 0.0, 0.0, 0.0, 0.0, 0.0, 0.0, 0.0, 0.0, 0.0, 0.0, 0.0, 0.0, 0.0, 0.0, 0.0, 0.0, 0.0, 0.0, 0.0, 0.0, 0.0, 0.0, 0.0, 0.0, 0.0, 0.0, 6.716058012, 6.93246672, 7.284785022, 7.593852366, 7.85212677, 8.053605432, 8.192593386, 8.469030114, 8.742234564, 8.941404456, 9.064077102, 9.109482912, 9.078237558, 8.97188022, 8.793489258, 8.54706654, 8.23769136, 7.871520438, 7.45578792, 6.998189706, 6.507191286, 5.991565986, 5.460856722, 4.924298574, 4.639396356, 4.48132257, 4.244442768, 3.93337449, 3.55319703, 3.110374944, 2.612142378, 2.709264636, 2.90366307, 3.277068138, 3.858108588, 4.431914892, 4.989098052, 5.520115152, 6.01588503, 6.467942196, 6.868282914, 7.209826956, 7.486109766], "min_cpu_time": [17, 22, 14, 11, 7, 8, 8, 14, 9], "max_cpu_time": [41, 53, 26, 30, 54, 42, 25, 33, 40], "min_job_period": [15, 34, 18, 11, 8, 9, 4, 7, 3], "max_job_period": [39, 34, 78, 48, 100, 86, 73, 92, 36], "min_startup": [4, 3, 5, 6, 10, 9, 9, 5, 8], "max_startup": [43, 23, 52, 21, 98, 69, 13, 65, 56], "priority": [5, 1, 7, 8, 6, 9, 3, 4, 2], "win_min": [0, 0, 0, 4, 0, 0, 0, 0, 0], "win_max": [120, 120, 120, 116, 120, 120, 120, 120, 120]}