{"subs": 1, "jobs": 18, "T": 120, "power_use": [1.9549096622806583, 1.2100682530705806, 1.5407756483250927, 2.420864154903622, 0.15966435420978153, 1.4253742011707937, 0.9948232751709019, 2.8808462810188873, 0.11772107953995596, 2.1643782598001695, 1.9414462593365966, 3.146090227536854, 0.012322986866088336, 3.23417487795464, 3.362522322630319, 1.8162708130541947, 1.7925425004458835, 2.430054659634753], "power_resource": [2.784530538, 2.980929906, 3.319857342, 3.902283054, 4.477782456, 5.03696655, 5.57029242, 6.068678904, 6.523506594, 6.926771754, 7.271548074, 7.551370998, 7.761007314, 7.896147318, 7.95371265, 7.931856294, 7.829962578, 7.648801092, 7.390218852, 7.0571403, 6.654029058, 6.954323076, 7.250923062, 7.49118906, 7.744999842, 8.128255662, 8.441478792, 8.681283036, 8.845975296, 8.9349399, 8.948638602, 0.0, 0.0, 0.0, 0.0, 0.0, 0.0, 0.0, 0.0, 0.0, 0.0, 0.0, 0.0, 0.0, 0.0, 0.0, 0.0, 0.0, 0.0, 0.0, 0.0, 0.0, 0.0, 0.0, 0.0, 0.0, 0.0, 0.0, 0.0, 0.0, 0.0, 0.0, 0.0, 0.0, 0.0, 0.0, 6.809794074, 6.832112184, 7.190895042, 7.507966122, 7.775783442, 7.987882446, 8.138722086, 8.40238362, 8.689132854, 8.902155366, 9.03883455, 9.098400816, 9.081008082, 8.987887692, 8.82181017, 8.586777384, 8.287560792, 7.930163196, 7.521356988, 7.068991986, 6.581379762, 6.067293642, 5.535814788, 4.996793952, 4.638165012, 4.495021272, 4.272609762, 3.974470596, 3.606144822, 3.173327406, 2.68356033, 2.720654568, 2.932753572, 3.195029844, 3.777455556, 4.354801974, 4.9176801, 5.4563931, 5.961859812, 6.425460828, 6.839192412, 7.195512582, 7.4881107, 7.711445718, 7.861054014, 7.933549392, 7.926930918, 7.840275084, 7.674043644, 7.429929696, 7.110703764, 6.720521634, 6.909994692, 7.21644543], "min_cpu_time": [5, 22, 13, 16, 11, 8, 9, 3, 12, 5, 6, 9, 11, 19, 11, 20, 12, 1], "max_cpu_time": [5, 23, 23, 49, 23, 25, 48, 5, 34, 9, 30, 24, 14, 51, 47, 35, 51, 26], "min_job_period": [4, 22, 34, 12, 12, 26, 50, 14, 28, 3, 9, 52, 53, 28, 10, 102, 41, 1], "max_job_period": [87, 80, 117, 19, 26, 55, 82, 113, 51, 7, 82, 89, 57, 87, 52, 117, 60, 46], "min_startup": [4, 1, 2, 1, 2, 2, 2, 6, 2, 4, 3, 2, 2, 1, 2, 1, 2, 16], "max_startup": [101, 2, 56, 11, 26, 101, 12, 87, 101, 82, 13, 95, 93, 109, 53, 60, 83, 40], "priority": [16, 4, 3, 17, 13, 15, 5, 9, 18, 2, 6, 1, 12, 7, 14, 11, 8, 10], "win_min": [0, 0, 0, 0, 0, 0, 22, 0, 0, 0, 0, 0, 0, 0, 0, 0, 0, 0], "win_max": [120, 120, 120, 120, 120, 120, 112, 120, 120, 120, 120, 120, 120, 120, 120, 120, 120, 120]}