{"subs": 1, "jobs": 24, "T": 120, "power_use": [2.8649307553254073, 0.7979907916124152, 3.8779937198824572, 0.7355480667115797, 3.0236317943017883, 2.1245831330757294, 1.859864624805171, 1.1926237822422736, 3.797734622166144, 0.9411776844132158, 0.6208940603211127, 1.899501249826012, 1.9487758179964967, 1.7790163549994935, 3.535004299571478, 0.189536516831724, 1.9268553987650077, 2.0467562237398833, 2.8398537215006767, 1.4564308278717886, 0.9893107062687342, 3.605567349247549, 3.0530757245368743, 3.332422030241135], "power_resource": [9.077467968, 9.107174142, 9.06038307, 8.938941768, 8.746236432, 8.486115012, 8.164426392, 7.787327292, 7.36189794, 6.89629599, 6.398986932, 5.87889801, 5.345418222, 4.808090484, 4.60830492, 4.433761908, 4.181490306, 3.8556459, 3.462077574, 3.007095966, 2.511018252, 2.769600492, 2.948145372, 3.402203472, 3.982782168, 4.55443362, 5.107460994, 5.63262921, 6.120857106, 6.56383311, 6.953553486, 7.283091924, 7.546445622, 7.738535286, 7.855512966, 7.894146384, 7.853358114, 7.732532484, 7.532593002, 7.25569452, 6.905223234, 6.766389198, 7.10100693, 7.384062132, 7.60970592, 7.872290028, 8.238768786, 8.534291346, 8.755933266, 8.902155366, 8.972495892, 8.96803227, 0.0, 0.0, 0.0, 0.0, 0.0, 0.0, 0.0, 0.0, 0.0, 0.0, 0.0, 0.0, 0.0, 0.0, 0.0, 0.0, 0.0, 0.0, 0.0, 0.0, 0.0, 0.0, 0.0, 0.0, 0.0, 0.0, 0.0, 0.0, 0.0, 0.0, 0.0, 0.0, 0.0, 0.0, 0.0, 6.716058012, 6.93246672, 7.284785022, 7.593852366, 7.85212677, 8.053605432, 8.192593386, 8.469030114, 8.742234564, 8.941404456, 9.064077102, 9.109482912, 9.078237558, 8.97188022, 8.793489258, 8.54706654, 8.23769136, 7.871520438, 7.45578792, 6.998189706, 6.507191286, 5.991565986, 5.460856722, 4.924298574, 4.639396356, 4.48132257, 4.244442768, 3.93337449, 3.55319703, 3.110374944, 2.612142378, 2.709264636, 2.90366307], "min_cpu_time": [14, 13, 13, 12, 1, 1, 4, 16, 2, 8, 2, 11, 18, 4, 8, 10, 18, 18, 11, 15, 9, 11, 23, 19], "max_cpu_time": [16, 20, 36, 27, 6, 27, 24, 33, 29, 54, 16, 16, 42, 20, 27, 15, 59, 58, 59, 38, 14, 50, 45, 36], "min_job_period": [89, 49, 22, 101, 15, 34, 66, 48, 40, 43, 119, 60, 114, 51, 112, 36, 16, 2, 39, 101, 107, 19, 74, 100], "max_job_period": [93, 93, 87, 112, 63, 92, 90, 84, 69, 57, 119, 99, 117, 60, 117, 87, 42, 51, 98, 118, 111, 95, 83, 102], "min_startup": [1, 1, 1, 1, 2, 2, 1, 1, 1, 1, 1, 1, 1, 1, 1, 1, 1, 1, 1, 1, 1, 1, 1, 1], "max_startup": [79, 118, 36, 83, 55, 72, 85, 118, 22, 110, 38, 19, 33, 76, 109, 78, 36, 2, 21, 104, 106, 89, 37, 95], "priority": [8, 9, 11, 20, 22, 5, 13, 14, 18, 7, 24, 12, 1, 23, 6, 19, 16, 2, 17, 21, 4, 15, 3, 10], "win_min": [0, 0, 0, 0, 0, 0, 0, 0, 0, 0, 9, 0, 0, 0, 0, 0, 0, 0, 0, 0, 0, 0, 0, 0], "win_max": [120, 120, 120, 120, 120, 120, 120, 120, 120, 120, 96, 120, 120, 120, 120, 120, 120, 120, 120, 120, 120, 120, 120, 120]}