{"subs": 1, "jobs": 20, "T": 120, "power_use": [3.2593064801253298, 2.3021146588065973, 3.231469920483846, 2.917352887088571, 0.012704499286864795, 0.8250618234384133, 3.6417668473179243, 3.1706565696231515, 3.3400133817894506, 1.643320835026342, 3.161849717272079, 2.047423828624559, 1.7458760088008656, 3.810414730117642, 2.584504226714836, 0.12873684607819252, 1.5706263284075945, 3.0031509556392213, 2.692539661795117, 1.289933321362801], "power_resource": [7.910461692, 7.918927182, 7.847663148, 7.696515672, 7.467023934, 7.161650622, 6.784551522, 6.86397321, 7.179966864, 7.442089218, 7.644645306, 8.005429098, 8.34543396, 8.613405198, 8.806572288, 8.92416564, 8.966031336, 0.0, 0.0, 0.0, 0.0, 0.0, 0.0, 0.0, 0.0, 0.0, 0.0, 0.0, 0.0, 0.0, 0.0, 0.0, 0.0, 0.0, 0.0, 0.0, 0.0, 0.0, 0.0, 0.0, 0.0, 0.0, 0.0, 0.0, 0.0, 0.0, 0.0, 0.0, 0.0, 0.0, 0.0, 0.0, 0.0, 6.691123296, 7.065144036, 7.40037744, 7.689435444, 7.925083902, 8.101627848, 8.26924455, 8.585084286, 8.828582562, 8.996661018, 9.087780474, 9.101633094, 9.039450222, 8.902924956, 8.695905246, 8.422700796, 8.088698736, 7.700825376, 7.266007026, 6.792709176, 6.289551234, 5.765306526, 5.229671886, 4.691882394, 4.573827288, 4.383276804, 4.115459484, 3.775300704, 3.368341512, 2.901508218, 2.583821466, 2.827011906, 2.989549314, 3.527338806, 4.10730183, 4.676336676, 5.224900428, 5.743911924, 6.224136084, 6.657569172, 7.036515288, 7.354048122, 7.604164872, 7.782247998, 7.88444955, 7.908152922, 7.851972852, 7.71590934, 7.50119373, 7.209980874, 6.846118722, 6.815950794, 7.141487364, 7.41423006, 7.628329998, 7.940167866, 8.293563594, 8.575233534, 8.782714998, 8.914468806, 8.970648876, 8.952178716, 0.0, 0.0, 0.0, 0.0, 0.0], "min_cpu_time": [17, 1, 4, 5, 22, 13, 5, 16, 11, 1, 14, 10, 14, 6, 16, 12, 7, 13, 10, 14], "max_cpu_time": [34, 37, 54, 8, 33, 59, 28, 43, 51, 34, 33, 30, 22, 9, 48, 12, 35, 36, 28, 25], "min_job_period": [60, 15, 13, 108, 57, 78, 23, 55, 37, 14, 38, 89, 85, 85, 62, 36, 3, 60, 116, 119], "max_job_period": [118, 95, 27, 118, 81, 85, 25, 68, 62, 84, 57, 115, 91, 115, 88, 85, 47, 70, 117, 119], "min_startup": [1, 5, 2, 1, 1, 1, 1, 1, 1, 5, 1, 1, 1, 1, 1, 1, 1, 1, 1, 1], "max_startup": [56, 113, 72, 49, 63, 39, 98, 53, 8, 31, 44, 41, 2, 109, 56, 96, 74, 67, 36, 99], "priority": [5, 2, 7, 14, 8, 10, 15, 18, 11, 4, 16, 9, 12, 13, 17, 20, 19, 3, 1, 6], "win_min": [0, 0, 0, 0, 0, 0, 0, 0, 0, 0, 0, 0, 0, 0, 0, 0, 0, 14, 0, 0], "win_max": [120, 120, 120, 120, 120, 120, 120, 120, 120, 120, 120, 120, 120, 120, 120, 120, 120, 100, 120, 120]}