{"subs": 1, "jobs": 18, "T": 120, "power_use": [3.5638602692812973, 3.730334900297659, 1.0171036585701823, 1.8461171624018597, 0.38309673519888404, 2.2293713585617665, 0.03609488324433677, 1.8439381428546169, 3.921837402238381, 0.5702936238338204, 0.8509178143916375, 1.117801840870116, 3.468486845752174, 3.561072563684554, 3.7816690794425476, 1.0011424891656886, 1.8194396738910994, 1.5342073423665905], "power_resource": [7.455172248, 7.733763828, 7.957714518, 8.12148327, 8.337276306, 8.63864775, 8.866908144, 9.019286964, 9.094706784, 9.093013686, 9.015285096, 8.863983702, 8.642803536, 8.356362138, 8.01066231, 7.612168608, 7.168423014, 6.6877371, 6.178884192, 5.650945452, 5.113309878, 4.662637974, 4.536117378, 4.329405504, 4.04650422, 3.692031066, 3.272142762, 2.7936117, 2.653700238, 2.88134496, 3.070356264, 3.652320222, 4.23120582, 4.797316224, 5.341262436, 5.853655458, 6.325721964, 6.749458218, 7.11716832, 7.422387714, 7.659113598, 7.823036268, 7.910461692, 7.918927182, 7.847663148, 7.696515672, 7.467023934, 7.161650622, 6.784551522, 6.86397321, 7.179966864, 7.442089218, 7.644645306, 8.005429098, 8.34543396, 8.613405198, 8.806572288, 8.92416564, 8.966031336, 0.0, 0.0, 0.0, 0.0, 0.0, 0.0, 0.0, 0.0, 0.0, 0.0, 0.0, 0.0, 0.0, 0.0, 0.0, 0.0, 0.0, 0.0, 0.0, 0.0, 0.0, 0.0, 0.0, 0.0, 0.0, 0.0, 0.0, 0.0, 0.0, 0.0, 0.0, 0.0, 0.0, 0.0, 0.0, 0.0, 6.691123296, 7.065144036, 7.40037744, 7.689435444, 7.925083902, 8.101627848, 8.26924455, 8.585084286, 8.828582562, 8.996661018, 9.087780474, 9.101633094, 9.039450222, 8.902924956, 8.695905246, 8.422700796, 8.088698736, 7.700825376, 7.266007026, 6.792709176, 6.289551234, 5.765306526, 5.229671886, 4.691882394, 4.573827288], "min_cpu_time": [5, 22, 9, 10, 10, 21, 11, 8, 9, 18, 22, 23, 23, 16, 11, 2, 4, 7], "max_cpu_time": [38, 47, 23, 47, 15, 30, 11, 34, 22, 21, 55, 30, 43, 27, 40, 39, 44, 22], "min_job_period": [55, 78, 37, 21, 72, 88, 99, 34, 108, 69, 87, 97, 111, 35, 47, 36, 50, 48], "max_job_period": [85, 108, 42, 57, 81, 104, 115, 45, 119, 92, 112, 105, 115, 117, 97, 38, 66, 66], "min_startup": [2, 1, 1, 1, 1, 1, 1, 1, 1, 1, 1, 1, 1, 1, 1, 3, 2, 1], "max_startup": [103, 116, 106, 10, 94, 58, 76, 73, 64, 81, 74, 69, 17, 103, 90, 115, 95, 70], "priority": [1, 3, 4, 15, 10, 5, 18, 7, 14, 9, 12, 16, 2, 6, 11, 13, 8, 17], "win_min": [0, 0, 0, 0, 0, 1, 0, 0, 0, 0, 0, 0, 0, 0, 0, 0, 0, 0], "win_max": [120, 120, 120, 120, 120, 112, 120, 120, 120, 120, 120, 120, 120, 120, 120, 120, 120, 120]}