{"subs": 1, "jobs": 13, "T": 120, "power_use": [3.5042537276688552, 3.857778351926838, 1.2144188328120393, 1.3223643844936297, 0.930855283297691, 1.3446201401975384, 3.2840074179797565, 2.434620803306416, 1.2278160233981923, 2.9245195213577504, 0.1670583075172453, 3.3997251206113606, 3.634838062042945], "power_resource": [8.938941768, 8.746236432, 8.486115012, 8.164426392, 7.787327292, 7.36189794, 6.89629599, 6.398986932, 5.87889801, 5.345418222, 4.808090484, 4.60830492, 4.433761908, 4.181490306, 3.8556459, 3.462077574, 3.007095966, 2.511018252, 2.769600492, 2.948145372, 3.402203472, 3.982782168, 4.55443362, 5.107460994, 5.63262921, 6.120857106, 6.56383311, 6.953553486, 7.283091924, 7.546445622, 7.738535286, 7.855512966, 7.894146384, 7.853358114, 7.732532484, 7.532593002, 7.25569452, 6.905223234, 6.766389198, 7.10100693, 7.384062132, 7.60970592, 7.872290028, 8.238768786, 8.534291346, 8.755933266, 8.902155366, 8.972495892, 8.96803227, 0.0, 0.0, 0.0, 0.0, 0.0, 0.0, 0.0, 0.0, 0.0, 0.0, 0.0, 0.0, 0.0, 0.0, 0.0, 0.0, 0.0, 0.0, 0.0, 0.0, 0.0, 0.0, 0.0, 0.0, 0.0, 0.0, 0.0, 0.0, 0.0, 0.0, 0.0, 0.0, 0.0, 0.0, 0.0, 6.716058012, 6.93246672, 7.284785022, 7.593852366, 7.85212677, 8.053605432, 8.192593386, 8.469030114, 8.742234564, 8.941404456, 9.064077102, 9.109482912, 9.078237558, 8.97188022, 8.793489258, 8.54706654, 8.23769136, 7.871520438, 7.45578792, 6.998189706, 6.507191286, 5.991565986, 5.460856722, 4.924298574, 4.639396356, 4.48132257, 4.244442768, 3.93337449, 3.55319703, 3.110374944, 2.612142378, 2.709264636, 2.90366307, 3.277068138, 3.858108588, 4.431914892], "min_cpu_time": [1, 6, 4, 14, 17, 5, 2, 22, 11, 6, 6, 17, 2], "max_cpu_time": [51, 52, 31, 59, 51, 28, 20, 26, 16, 39, 13, 43, 17], "min_job_period": [1, 10, 12, 33, 27, 39, 4, 91, 111, 11, 39, 73, 15], "max_job_period": [68, 88, 97, 86, 88, 49, 119, 96, 114, 14, 61, 88, 23], "min_startup": [11, 2, 3, 1, 1, 3, 6, 1, 1, 2, 2, 1, 6], "max_startup": [112, 103, 90, 18, 28, 49, 84, 33, 33, 89, 5, 65, 41], "priority": [8, 7, 13, 3, 5, 10, 11, 6, 12, 1, 4, 2, 9], "win_min": [0, 0, 0, 0, 0, 0, 0, 0, 0, 9, 0, 0, 0], "win_max": [120, 120, 120, 120, 120, 120, 120, 120, 120, 119, 120, 120, 120]}