{"subs": 1, "jobs": 22, "T": 120, "power_use": [1.3239496853520345, 2.6415579387833414, 3.1180170776491223, 1.8461310731611145, 0.7897200445855026, 1.339433397819921, 2.885483825386848, 3.8493079109539297, 0.7075924977566936, 3.8078464897689632, 2.0233594818719047, 3.651507795982457, 3.761750724677214, 1.056330787566507, 1.5602717351420168, 2.1472067971542677, 1.2454393028700175, 2.9689833976751876, 0.6198788956270062, 1.3496695414743987, 2.5362253694610457, 1.0922204611291964], "power_resource": [8.866908144, 9.019286964, 9.094706784, 9.093013686, 9.015285096, 8.863983702, 8.642803536, 8.356362138, 8.01066231, 7.612168608, 7.168423014, 6.6877371, 6.178884192, 5.650945452, 5.113309878, 4.662637974, 4.536117378, 4.329405504, 4.04650422, 3.692031066, 3.272142762, 2.7936117, 2.653700238, 2.88134496, 3.070356264, 3.652320222, 4.23120582, 4.797316224, 5.341262436, 5.853655458, 6.325721964, 6.749458218, 7.11716832, 7.422387714, 7.659113598, 7.823036268, 7.910461692, 7.918927182, 7.847663148, 7.696515672, 7.467023934, 7.161650622, 6.784551522, 6.86397321, 7.179966864, 7.442089218, 7.644645306, 8.005429098, 8.34543396, 8.613405198, 8.806572288, 8.92416564, 8.966031336, 0.0, 0.0, 0.0, 0.0, 0.0, 0.0, 0.0, 0.0, 0.0, 0.0, 0.0, 0.0, 0.0, 0.0, 0.0, 0.0, 0.0, 0.0, 0.0, 0.0, 0.0, 0.0, 0.0, 0.0, 0.0, 0.0, 0.0, 0.0, 0.0, 0.0, 0.0, 0.0, 0.0, 0.0, 0.0, 0.0, 6.691123296, 7.065144036, 7.40037744, 7.689435444, 7.925083902, 8.101627848, 8.26924455, 8.585084286, 8.828582562, 8.996661018, 9.087780474, 9.101633094, 9.039450222, 8.902924956, 8.695905246, 8.422700796, 8.088698736, 7.700825376, 7.266007026, 6.792709176, 6.289551234, 5.765306526, 5.229671886, 4.691882394, 4.573827288, 4.383276804, 4.115459484, 3.775300704, 3.368341512, 2.901508218, 2.583821466], "min_cpu_time": [14, 9, 10, 14, 17, 12, 18, 21, 4, 3, 12, 23, 12, 3, 22, 20, 14, 10, 6, 4, 5, 15], "max_cpu_time": [27, 33, 46, 23, 45, 34, 27, 35, 27, 4, 33, 23, 37, 30, 33, 46, 48, 30, 18, 17, 36, 35], "min_job_period": [11, 88, 77, 93, 85, 42, 110, 51, 16, 21, 114, 24, 27, 14, 5, 20, 114, 117, 40, 40, 13, 95], "max_job_period": [110, 104, 112, 106, 118, 71, 112, 111, 94, 90, 116, 62, 49, 72, 110, 99, 115, 118, 62, 114, 101, 105], "min_startup": [1, 1, 1, 1, 1, 1, 1, 1, 2, 3, 1, 1, 1, 3, 1, 1, 1, 1, 2, 2, 2, 1], "max_startup": [101, 101, 68, 82, 43, 112, 117, 78, 79, 93, 26, 63, 93, 101, 10, 59, 111, 2, 44, 78, 29, 65], "priority": [12, 22, 5, 8, 14, 15, 3, 7, 10, 6, 18, 21, 17, 9, 19, 13, 4, 11, 20, 2, 16, 1], "win_min": [0, 0, 0, 0, 0, 0, 0, 0, 7, 0, 0, 0, 0, 0, 0, 0, 0, 0, 0, 0, 0, 0], "win_max": [120, 120, 120, 120, 120, 120, 120, 120, 98, 120, 120, 120, 120, 120, 120, 120, 120, 120, 120, 120, 120, 120]}