{"subs": 1, "jobs": 24, "T": 120, "power_use": [0.3255085698385564, 3.998508443451435, 0.6890100440839773, 1.6600444577038846, 0.42776878086655074, 0.32490068528222155, 0.754437509028431, 2.325613296769321, 3.016471979337317, 1.2607800053002005, 3.3749549639026295, 1.0713908498079998, 3.144566685685773, 0.5588972836786295, 0.8022404628588441, 3.069970864750772, 0.7991361394144497, 3.584196521101735, 1.1594635414138383, 3.152669261881336, 1.23562755724576, 0.7690796143339993, 0.6381373044417679, 1.4131412596204718], "power_resource": [8.793489258, 8.54706654, 8.23769136, 7.871520438, 7.45578792, 6.998189706, 6.507191286, 5.991565986, 5.460856722, 4.924298574, 4.639396356, 4.48132257, 4.244442768, 3.93337449, 3.55319703, 3.110374944, 2.612142378, 2.709264636, 2.90366307, 3.277068138, 3.858108588, 4.431914892, 4.989098052, 5.520115152, 6.01588503, 6.467942196, 6.868282914, 7.209826956, 7.486109766, 7.692205968, 7.82365194, 7.877369322, 7.851665016, 7.746077268, 7.561067832, 7.298637642, 6.961865058, 6.714980586, 7.05867948, 7.35189327, 7.588773072, 7.80210342, 8.18151129, 8.490578634, 8.72638101, 8.886917484, 8.971572384, 8.9811153, 0.0, 0.0, 0.0, 0.0, 0.0, 0.0, 0.0, 0.0, 0.0, 0.0, 0.0, 0.0, 0.0, 0.0, 0.0, 0.0, 0.0, 0.0, 0.0, 0.0, 0.0, 0.0, 0.0, 0.0, 0.0, 0.0, 0.0, 0.0, 0.0, 0.0, 0.0, 0.0, 0.0, 0.0, 0.0, 6.771160656, 6.863665374, 7.22414133, 7.54275159, 7.81210809, 8.025592356, 8.17766334, 8.406385488, 8.694519984, 8.908927758, 9.04730004, 9.108559404, 9.092859768, 9.001740312, 8.83797156, 8.605093626, 8.308339722, 7.95371265, 7.547830884, 7.098544242, 6.614010378, 6.103310454, 5.575525632, 5.040198828, 4.667255514, 4.525497036, 4.304470788, 4.00802472, 3.64169988, 3.211191234, 2.724040764, 2.64585042, 2.856102408, 3.152086722, 3.733127172, 4.30893441, 4.869811602], "min_cpu_time": [21, 1, 20, 19, 5, 8, 3, 3, 2, 14, 5, 14, 3, 3, 22, 21, 16, 8, 3, 16, 18, 17, 23, 3], "max_cpu_time": [23, 19, 22, 45, 27, 37, 43, 42, 22, 38, 26, 42, 23, 33, 58, 22, 17, 35, 14, 37, 26, 51, 31, 49], "min_job_period": [12, 100, 62, 47, 48, 73, 46, 12, 58, 7, 48, 92, 21, 58, 4, 118, 4, 110, 37, 78, 75, 8, 47, 80], "max_job_period": [80, 107, 81, 107, 65, 77, 105, 51, 107, 42, 110, 114, 52, 99, 45, 119, 63, 111, 61, 85, 86, 87, 119, 104], "min_startup": [1, 1, 1, 1, 1, 1, 1, 1, 1, 1, 1, 1, 1, 1, 1, 1, 1, 1, 1, 1, 1, 1, 1, 1], "max_startup": [29, 16, 86, 1, 15, 33, 111, 112, 29, 52, 116, 107, 119, 33, 34, 104, 36, 49, 18, 83, 43, 62, 73, 83], "priority": [7, 3, 11, 18, 8, 5, 9, 23, 6, 13, 2, 1, 20, 16, 4, 12, 14, 17, 10, 21, 22, 19, 24, 15], "win_min": [0, 0, 0, 0, 0, 0, 0, 0, 0, 0, 0, 0, 0, 0, 0, 0, 0, 0, 0, 0, 6, 0, 0, 0], "win_max": [120, 120, 120, 120, 120, 120, 120, 120, 120, 120, 120, 120, 120, 120, 120, 120, 120, 120, 120, 120, 109, 120, 120, 120]}