{"subs": 1, "jobs": 18, "T": 120, "power_use": [3.874889754372013, 0.16799091543312172, 1.0793854115206336, 2.260049765803933, 0.44284086652586824, 3.8390465200374684, 0.859133252233818, 0.9908194026450314, 2.8760700290119483, 0.3570430601740178, 2.490020398609589, 2.163716368789284, 2.6783899810207172, 1.1143278407110309, 2.5399439359338407, 2.50570917343896, 0.19304149304265109, 0.6732350206115181], "power_resource": [4.433761908, 4.181490306, 3.8556459, 3.462077574, 3.007095966, 2.511018252, 2.769600492, 2.948145372, 3.402203472, 3.982782168, 4.55443362, 5.107460994, 5.63262921, 6.120857106, 6.56383311, 6.953553486, 7.283091924, 7.546445622, 7.738535286, 7.855512966, 7.894146384, 7.853358114, 7.732532484, 7.532593002, 7.25569452, 6.905223234, 6.766389198, 7.10100693, 7.384062132, 7.60970592, 7.872290028, 8.238768786, 8.534291346, 8.755933266, 8.902155366, 8.972495892, 8.96803227, 0.0, 0.0, 0.0, 0.0, 0.0, 0.0, 0.0, 0.0, 0.0, 0.0, 0.0, 0.0, 0.0, 0.0, 0.0, 0.0, 0.0, 0.0, 0.0, 0.0, 0.0, 0.0, 0.0, 0.0, 0.0, 0.0, 0.0, 0.0, 0.0, 0.0, 0.0, 0.0, 0.0, 0.0, 0.0, 6.716058012, 6.93246672, 7.284785022, 7.593852366, 7.85212677, 8.053605432, 8.192593386, 8.469030114, 8.742234564, 8.941404456, 9.064077102, 9.109482912, 9.078237558, 8.97188022, 8.793489258, 8.54706654, 8.23769136, 7.871520438, 7.45578792, 6.998189706, 6.507191286, 5.991565986, 5.460856722, 4.924298574, 4.639396356, 4.48132257, 4.244442768, 3.93337449, 3.55319703, 3.110374944, 2.612142378, 2.709264636, 2.90366307, 3.277068138, 3.858108588, 4.431914892, 4.989098052, 5.520115152, 6.01588503, 6.467942196, 6.868282914, 7.209826956, 7.486109766, 7.692205968, 7.82365194, 7.877369322, 7.851665016, 7.746077268], "min_cpu_time": [10, 11, 11, 6, 11, 11, 4, 3, 1, 17, 8, 14, 23, 17, 2, 23, 9, 17], "max_cpu_time": [35, 58, 38, 15, 52, 50, 17, 16, 10, 50, 30, 16, 47, 45, 7, 59, 44, 42], "min_job_period": [14, 11, 19, 6, 10, 29, 4, 6, 1, 18, 8, 27, 34, 13, 2, 52, 1, 17], "max_job_period": [57, 26, 35, 104, 88, 60, 113, 52, 13, 83, 101, 118, 54, 88, 87, 65, 44, 83], "min_startup": [5, 4, 4, 8, 4, 4, 11, 15, 45, 3, 6, 3, 2, 3, 23, 2, 5, 3], "max_startup": [98, 68, 85, 8, 18, 43, 33, 23, 102, 17, 46, 99, 5, 70, 65, 26, 78, 83], "priority": [14, 15, 18, 11, 5, 10, 8, 1, 3, 16, 17, 2, 12, 7, 6, 4, 13, 9], "win_min": [0, 0, 0, 0, 0, 0, 0, 0, 0, 0, 0, 10, 0, 0, 0, 0, 0, 0], "win_max": [120, 120, 120, 120, 120, 120, 120, 120, 120, 120, 120, 117, 120, 120, 120, 120, 120, 120]}