{"subs": 1, "jobs": 20, "T": 120, "power_use": [1.2490344785019292, 1.3319046391215157, 0.790459673722513, 1.487691182534766, 1.9599101948147253, 0.36490744213955967, 1.9438272986945229, 2.4729995222220005, 1.3963594834108983, 2.0595697775944606, 2.9660091815930145, 1.1664956319263686, 2.6330835480072663, 2.0970790695525823, 3.020390481576529, 0.7873199464889927, 3.6632816741669845, 0.32294519297092894, 3.387517476510616, 2.7789843219481267], "power_resource": [0.0, 0.0, 0.0, 0.0, 0.0, 0.0, 0.0, 0.0, 0.0, 0.0, 0.0, 0.0, 0.0, 0.0, 0.0, 0.0, 0.0, 0.0, 0.0, 0.0, 0.0, 0.0, 0.0, 0.0, 0.0, 6.809794074, 6.832112184, 7.190895042, 7.507966122, 7.775783442, 7.987882446, 8.138722086, 8.40238362, 8.689132854, 8.902155366, 9.03883455, 9.098400816, 9.081008082, 8.987887692, 8.82181017, 8.586777384, 8.287560792, 7.930163196, 7.521356988, 7.068991986, 6.581379762, 6.067293642, 5.535814788, 4.996793952, 4.638165012, 4.495021272, 4.272609762, 3.974470596, 3.606144822, 3.173327406, 2.68356033, 2.720654568, 2.932753572, 3.195029844, 3.777455556, 4.354801974, 4.9176801, 5.4563931, 5.961859812, 6.425460828, 6.839192412, 7.195512582, 7.4881107, 7.711445718, 7.861054014, 7.933549392, 7.926930918, 7.840275084, 7.674043644, 7.429929696, 7.110703764, 6.720521634, 6.909994692, 7.21644543, 7.467793524, 7.67204271, 8.068227642, 8.394841638, 8.648806338, 8.827659054, 8.930938032, 8.958643272, 0.0, 0.0, 0.0, 0.0, 0.0, 0.0, 0.0, 0.0, 0.0, 0.0, 0.0, 0.0, 0.0, 0.0, 0.0, 0.0, 0.0, 0.0, 0.0, 0.0, 0.0, 0.0, 0.0, 0.0, 0.0, 0.0, 0.0, 0.0, 0.0, 0.0, 0.0, 0.0, 0.0], "min_cpu_time": [19, 4, 11, 9, 15, 12, 5, 17, 7, 8, 18, 18, 16, 19, 20, 20, 1, 9, 5, 8], "max_cpu_time": [23, 56, 46, 53, 16, 15, 19, 17, 16, 23, 26, 44, 32, 28, 40, 30, 35, 33, 9, 28], "min_job_period": [17, 8, 59, 29, 77, 55, 1, 54, 32, 53, 101, 44, 27, 93, 32, 22, 1, 30, 27, 18], "max_job_period": [95, 18, 69, 57, 88, 90, 8, 108, 73, 91, 107, 52, 47, 98, 56, 113, 30, 67, 77, 29], "min_startup": [1, 4, 2, 2, 1, 2, 4, 1, 3, 2, 1, 1, 1, 1, 1, 1, 16, 2, 4, 2], "max_startup": [37, 67, 72, 87, 79, 55, 92, 4, 113, 30, 83, 36, 83, 56, 31, 109, 40, 11, 10, 39], "priority": [20, 4, 6, 13, 7, 3, 5, 10, 14, 9, 1, 15, 16, 11, 18, 8, 19, 12, 17, 2], "win_min": [0, 0, 0, 0, 0, 0, 0, 0, 0, 0, 0, 0, 0, 0, 0, 0, 0, 0, 0, 12], "win_max": [120, 120, 120, 120, 120, 120, 120, 120, 120, 120, 120, 120, 120, 120, 120, 120, 120, 120, 120, 99]}