{"subs": 1, "jobs": 20, "T": 120, "power_use": [3.385012833080166, 2.9960346662451163, 2.6849926445375747, 0.06860045261847235, 3.2810845768435835, 3.6209980650596063, 0.921794051839691, 3.535102987055058, 0.08026971515481708, 3.5414958886286323, 1.011355512986517, 3.390035154659685, 3.8318110117266557, 3.1987213415343665, 0.2535061695988886, 1.885799744274751, 1.7549551316857344, 1.6767835967070177, 3.5179034274236654, 1.9694054480325347], "power_resource": [5.341262436, 5.853655458, 6.325721964, 6.749458218, 7.11716832, 7.422387714, 7.659113598, 7.823036268, 7.910461692, 7.918927182, 7.847663148, 7.696515672, 7.467023934, 7.161650622, 6.784551522, 6.86397321, 7.179966864, 7.442089218, 7.644645306, 8.005429098, 8.34543396, 8.613405198, 8.806572288, 8.92416564, 8.966031336, 0.0, 0.0, 0.0, 0.0, 0.0, 0.0, 0.0, 0.0, 0.0, 0.0, 0.0, 0.0, 0.0, 0.0, 0.0, 0.0, 0.0, 0.0, 0.0, 0.0, 0.0, 0.0, 0.0, 0.0, 0.0, 0.0, 0.0, 0.0, 0.0, 0.0, 0.0, 0.0, 0.0, 0.0, 0.0, 0.0, 6.691123296, 7.065144036, 7.40037744, 7.689435444, 7.925083902, 8.101627848, 8.26924455, 8.585084286, 8.828582562, 8.996661018, 9.087780474, 9.101633094, 9.039450222, 8.902924956, 8.695905246, 8.422700796, 8.088698736, 7.700825376, 7.266007026, 6.792709176, 6.289551234, 5.765306526, 5.229671886, 4.691882394, 4.573827288, 4.383276804, 4.115459484, 3.775300704, 3.368341512, 2.901508218, 2.583821466, 2.827011906, 2.989549314, 3.527338806, 4.10730183, 4.676336676, 5.224900428, 5.743911924, 6.224136084, 6.657569172, 7.036515288, 7.354048122, 7.604164872, 7.782247998, 7.88444955, 7.908152922, 7.851972852, 7.71590934, 7.50119373, 7.209980874, 6.846118722, 6.815950794, 7.141487364, 7.41423006, 7.628329998, 7.940167866, 8.293563594, 8.575233534, 8.782714998], "min_cpu_time": [21, 9, 10, 13, 8, 3, 8, 21, 13, 21, 2, 9, 9, 22, 4, 5, 21, 12, 4, 9], "max_cpu_time": [27, 21, 46, 31, 37, 17, 38, 57, 28, 53, 42, 48, 40, 31, 36, 25, 46, 42, 32, 45], "min_job_period": [107, 47, 92, 88, 58, 73, 68, 46, 85, 79, 85, 40, 45, 86, 18, 27, 114, 52, 101, 97], "max_job_period": [107, 100, 116, 110, 75, 89, 71, 55, 98, 91, 108, 104, 78, 90, 48, 72, 117, 101, 105, 117], "min_startup": [1, 1, 1, 1, 1, 1, 1, 1, 1, 1, 1, 1, 1, 1, 1, 1, 1, 1, 1, 1], "max_startup": [73, 5, 43, 77, 99, 68, 93, 72, 32, 84, 50, 103, 74, 91, 78, 72, 108, 102, 67, 33], "priority": [9, 20, 7, 6, 13, 16, 18, 3, 19, 1, 17, 4, 10, 11, 8, 12, 15, 2, 14, 5], "win_min": [0, 0, 0, 16, 0, 0, 0, 0, 0, 0, 0, 0, 0, 0, 0, 0, 0, 0, 0, 0], "win_max": [120, 120, 120, 105, 120, 120, 120, 120, 120, 120, 120, 120, 120, 120, 120, 120, 120, 120, 120, 120]}