{"subs": 1, "jobs": 20, "T": 120, "power_use": [3.1055268753093315, 3.7983951951583323, 0.3119793893872009, 3.6007775540128297, 3.4368739954418994, 1.562364620215262, 1.6067014449375916, 2.4174772059769984, 2.9394103684493933, 0.9287551230198202, 1.0524797255562832, 2.5887270392824426, 2.4981282883245335, 1.7708718651984465, 2.9039461994561684, 0.6858076200435236, 3.7027481830158036, 2.622701222577762, 0.8830143133202399, 3.4099177087956956], "power_resource": [0.0, 0.0, 0.0, 0.0, 0.0, 0.0, 0.0, 0.0, 0.0, 0.0, 0.0, 0.0, 0.0, 0.0, 0.0, 0.0, 6.691123296, 7.065144036, 7.40037744, 7.689435444, 7.925083902, 8.101627848, 8.26924455, 8.585084286, 8.828582562, 8.996661018, 9.087780474, 9.101633094, 9.039450222, 8.902924956, 8.695905246, 8.422700796, 8.088698736, 7.700825376, 7.266007026, 6.792709176, 6.289551234, 5.765306526, 5.229671886, 4.691882394, 4.573827288, 4.383276804, 4.115459484, 3.775300704, 3.368341512, 2.901508218, 2.583821466, 2.827011906, 2.989549314, 3.527338806, 4.10730183, 4.676336676, 5.224900428, 5.743911924, 6.224136084, 6.657569172, 7.036515288, 7.354048122, 7.604164872, 7.782247998, 7.88444955, 7.908152922, 7.851972852, 7.71590934, 7.50119373, 7.209980874, 6.846118722, 6.815950794, 7.141487364, 7.41423006, 7.628329998, 7.940167866, 8.293563594, 8.575233534, 8.782714998, 8.914468806, 8.970648876, 8.952178716, 0.0, 0.0, 0.0, 0.0, 0.0, 0.0, 0.0, 0.0, 0.0, 0.0, 0.0, 0.0, 0.0, 0.0, 0.0, 0.0, 0.0, 0.0, 0.0, 0.0, 0.0, 0.0, 0.0, 0.0, 0.0, 0.0, 0.0, 0.0, 0.0, 0.0, 0.0, 0.0, 0.0, 0.0, 0.0, 6.658030926, 6.999574968, 7.343581698, 7.642644372, 7.88983668, 8.079001902, 8.20459899], "min_cpu_time": [17, 16, 22, 18, 14, 19, 11, 18, 11, 18, 11, 2, 5, 2, 11, 23, 3, 4, 10, 3], "max_cpu_time": [58, 17, 37, 39, 37, 28, 30, 47, 49, 48, 11, 41, 18, 39, 29, 44, 15, 41, 55, 22], "min_job_period": [78, 27, 91, 22, 91, 61, 85, 62, 67, 72, 28, 17, 16, 9, 60, 28, 25, 18, 23, 36], "max_job_period": [96, 114, 103, 23, 96, 110, 97, 111, 87, 86, 101, 24, 107, 55, 79, 48, 81, 114, 57, 55], "min_startup": [1, 1, 1, 1, 1, 1, 1, 1, 1, 1, 1, 4, 2, 4, 1, 1, 3, 2, 1, 3], "max_startup": [112, 66, 99, 113, 105, 62, 117, 53, 30, 104, 105, 10, 88, 42, 103, 29, 70, 17, 106, 18], "priority": [14, 13, 2, 11, 6, 16, 9, 12, 18, 8, 3, 10, 17, 20, 1, 5, 19, 7, 4, 15], "win_min": [0, 0, 0, 0, 0, 0, 0, 0, 0, 0, 0, 0, 17, 0, 0, 0, 0, 0, 0, 0], "win_max": [120, 120, 120, 120, 120, 120, 120, 120, 120, 120, 120, 120, 118, 120, 120, 120, 120, 120, 120, 120]}