{"subs": 1, "jobs": 22, "T": 120, "power_use": [2.805334901074808, 1.7713950869649608, 1.129924332377952, 0.9584590339479182, 2.2841108603436138, 2.970765881084302, 3.8077497513121523, 0.44533276670403177, 3.6742294781233613, 0.8086568205824723, 3.213094837213928, 2.9866072636027625, 2.853155660520176, 0.2693110707552944, 2.928098975906745, 2.2055654912518774, 0.9778312888503545, 0.7899593962559004, 2.724442134391422, 0.24954371208441695, 1.6161377610391352, 2.0294911265419966], "power_resource": [8.575233534, 8.782714998, 8.914468806, 8.970648876, 8.952178716, 0.0, 0.0, 0.0, 0.0, 0.0, 0.0, 0.0, 0.0, 0.0, 0.0, 0.0, 0.0, 0.0, 0.0, 0.0, 0.0, 0.0, 0.0, 0.0, 0.0, 0.0, 0.0, 0.0, 0.0, 0.0, 0.0, 0.0, 0.0, 0.0, 0.0, 0.0, 0.0, 0.0, 0.0, 0.0, 6.658030926, 6.999574968, 7.343581698, 7.642644372, 7.88983668, 8.079001902, 8.20459899, 8.52859638, 8.787024702, 8.970648876, 9.077467968, 9.107174142, 9.06038307, 8.938941768, 8.746236432, 8.486115012, 8.164426392, 7.787327292, 7.36189794, 6.89629599, 6.398986932, 5.87889801, 5.345418222, 4.808090484, 4.60830492, 4.433761908, 4.181490306, 3.8556459, 3.462077574, 3.007095966, 2.511018252, 2.769600492, 2.948145372, 3.402203472, 3.982782168, 4.55443362, 5.107460994, 5.63262921, 6.120857106, 6.56383311, 6.953553486, 7.283091924, 7.546445622, 7.738535286, 7.855512966, 7.894146384, 7.853358114, 7.732532484, 7.532593002, 7.25569452, 6.905223234, 6.766389198, 7.10100693, 7.384062132, 7.60970592, 7.872290028, 8.238768786, 8.534291346, 8.755933266, 8.902155366, 8.972495892, 8.96803227, 0.0, 0.0, 0.0, 0.0, 0.0, 0.0, 0.0, 0.0, 0.0, 0.0, 0.0, 0.0, 0.0, 0.0, 0.0, 0.0, 0.0, 0.0], "min_cpu_time": [11, 3, 2, 1, 23, 12, 15, 18, 7, 13, 20, 16, 1, 5, 13, 13, 20, 15, 17, 12, 3, 11], "max_cpu_time": [14, 57, 50, 57, 51, 39, 31, 29, 19, 39, 51, 16, 8, 6, 20, 50, 31, 16, 42, 52, 45, 52], "min_job_period": [108, 50, 9, 8, 24, 30, 42, 78, 102, 74, 36, 85, 6, 47, 38, 114, 34, 78, 57, 55, 19, 105], "max_job_period": [114, 75, 30, 109, 75, 118, 78, 90, 118, 98, 87, 109, 65, 52, 49, 117, 89, 94, 89, 71, 65, 119], "min_startup": [1, 2, 3, 6, 1, 1, 1, 1, 1, 1, 1, 1, 6, 2, 1, 1, 1, 1, 1, 1, 2, 1], "max_startup": [59, 53, 28, 13, 30, 58, 34, 94, 52, 58, 15, 45, 94, 30, 86, 77, 21, 61, 93, 11, 30, 79], "priority": [21, 5, 12, 11, 9, 19, 22, 18, 14, 1, 13, 8, 16, 3, 17, 6, 15, 2, 20, 4, 7, 10], "win_min": [0, 0, 0, 0, 0, 0, 0, 0, 0, 0, 0, 18, 0, 0, 0, 0, 0, 0, 0, 0, 0, 0], "win_max": [120, 120, 120, 120, 120, 120, 120, 120, 120, 120, 120, 101, 120, 120, 120, 120, 120, 120, 120, 120, 120, 120]}