{"subs": 1, "jobs": 22, "T": 120, "power_use": [0.11838219063070372, 2.028939939681553, 3.6247666105225815, 1.2182311250018936, 2.4301766959745676, 3.489002986923467, 3.7657708144994606, 0.19852485672462572, 0.8876306975576793, 0.6794722777354646, 3.9847521556717003, 2.6352931712911407, 1.2537647322741723, 1.9092351233226372, 1.3409217041396675, 0.3689320891367497, 3.0643709696930554, 1.0291076368107883, 1.9540241262083677, 2.389320996836324, 3.216137820418772, 2.6730949378730533], "power_resource": [0.0, 0.0, 0.0, 0.0, 0.0, 0.0, 0.0, 0.0, 0.0, 0.0, 0.0, 0.0, 0.0, 0.0, 0.0, 0.0, 0.0, 0.0, 0.0, 0.0, 0.0, 0.0, 0.0, 0.0, 0.0, 0.0, 0.0, 0.0, 0.0, 0.0, 6.809794074, 6.832112184, 7.190895042, 7.507966122, 7.775783442, 7.987882446, 8.138722086, 8.40238362, 8.689132854, 8.902155366, 9.03883455, 9.098400816, 9.081008082, 8.987887692, 8.82181017, 8.586777384, 8.287560792, 7.930163196, 7.521356988, 7.068991986, 6.581379762, 6.067293642, 5.535814788, 4.996793952, 4.638165012, 4.495021272, 4.272609762, 3.974470596, 3.606144822, 3.173327406, 2.68356033, 2.720654568, 2.932753572, 3.195029844, 3.777455556, 4.354801974, 4.9176801, 5.4563931, 5.961859812, 6.425460828, 6.839192412, 7.195512582, 7.4881107, 7.711445718, 7.861054014, 7.933549392, 7.926930918, 7.840275084, 7.674043644, 7.429929696, 7.110703764, 6.720521634, 6.909994692, 7.21644543, 7.467793524, 7.67204271, 8.068227642, 8.394841638, 8.648806338, 8.827659054, 8.930938032, 8.958643272, 0.0, 0.0, 0.0, 0.0, 0.0, 0.0, 0.0, 0.0, 0.0, 0.0, 0.0, 0.0, 0.0, 0.0, 0.0, 0.0, 0.0, 0.0, 0.0, 0.0, 0.0, 0.0, 0.0, 0.0, 0.0, 0.0, 0.0, 0.0], "min_cpu_time": [13, 15, 22, 21, 11, 18, 5, 11, 5, 14, 14, 14, 8, 16, 4, 4, 3, 4, 19, 7, 17, 18], "max_cpu_time": [34, 42, 57, 39, 29, 47, 26, 37, 51, 52, 40, 19, 44, 32, 51, 7, 40, 26, 41, 51, 31, 20], "min_job_period": [25, 7, 30, 38, 79, 32, 35, 5, 8, 81, 53, 72, 38, 81, 4, 1, 28, 19, 92, 48, 98, 17], "max_job_period": [90, 70, 78, 106, 80, 39, 59, 119, 13, 91, 72, 99, 77, 90, 14, 103, 116, 94, 96, 96, 103, 68], "min_startup": [1, 1, 1, 1, 1, 1, 2, 1, 2, 1, 1, 1, 2, 1, 3, 3, 3, 3, 1, 2, 1, 1], "max_startup": [41, 30, 21, 34, 118, 100, 71, 84, 14, 77, 100, 52, 25, 112, 64, 93, 102, 115, 39, 50, 28, 27], "priority": [9, 1, 6, 3, 2, 15, 13, 4, 12, 18, 22, 14, 8, 19, 20, 21, 11, 10, 5, 17, 7, 16], "win_min": [4, 0, 0, 0, 0, 0, 0, 0, 0, 0, 0, 0, 0, 0, 0, 0, 0, 0, 0, 0, 0, 0], "win_max": [97, 120, 120, 120, 120, 120, 120, 120, 120, 120, 120, 120, 120, 120, 120, 120, 120, 120, 120, 120, 120, 120]}