{"subs": 1, "jobs": 24, "T": 120, "power_use": [1.2177651812676418, 1.0544045266709667, 2.242762245006915, 1.2586083800081433, 0.32997176678473356, 2.7088661695580245, 3.693363646238028, 3.805159288094054, 0.7811583967234925, 0.24434515006632046, 1.584444038737059, 1.344444536424555, 3.6515414064864578, 1.0595590001802333, 2.9725662053278614, 1.7297082016668301, 0.4568293425102537, 1.4872069388302476, 3.3794582368048816, 2.0144615528026124, 3.706112807601159, 1.040160166269767, 0.6845273092858281, 1.3862830728778666], "power_resource": [5.229671886, 4.691882394, 4.573827288, 4.383276804, 4.115459484, 3.775300704, 3.368341512, 2.901508218, 2.583821466, 2.827011906, 2.989549314, 3.527338806, 4.10730183, 4.676336676, 5.224900428, 5.743911924, 6.224136084, 6.657569172, 7.036515288, 7.354048122, 7.604164872, 7.782247998, 7.88444955, 7.908152922, 7.851972852, 7.71590934, 7.50119373, 7.209980874, 6.846118722, 6.815950794, 7.141487364, 7.41423006, 7.628329998, 7.940167866, 8.293563594, 8.575233534, 8.782714998, 8.914468806, 8.970648876, 8.952178716, 0.0, 0.0, 0.0, 0.0, 0.0, 0.0, 0.0, 0.0, 0.0, 0.0, 0.0, 0.0, 0.0, 0.0, 0.0, 0.0, 0.0, 0.0, 0.0, 0.0, 0.0, 0.0, 0.0, 0.0, 0.0, 0.0, 0.0, 0.0, 0.0, 0.0, 0.0, 0.0, 0.0, 0.0, 0.0, 6.658030926, 6.999574968, 7.343581698, 7.642644372, 7.88983668, 8.079001902, 8.20459899, 8.52859638, 8.787024702, 8.970648876, 9.077467968, 9.107174142, 9.06038307, 8.938941768, 8.746236432, 8.486115012, 8.164426392, 7.787327292, 7.36189794, 6.89629599, 6.398986932, 5.87889801, 5.345418222, 4.808090484, 4.60830492, 4.433761908, 4.181490306, 3.8556459, 3.462077574, 3.007095966, 2.511018252, 2.769600492, 2.948145372, 3.402203472, 3.982782168, 4.55443362, 5.107460994, 5.63262921, 6.120857106, 6.56383311, 6.953553486, 7.283091924, 7.546445622, 7.738535286, 7.855512966], "min_cpu_time": [6, 20, 19, 4, 9, 18, 9, 4, 17, 15, 8, 1, 3, 2, 14, 19, 11, 16, 11, 20, 3, 7, 7, 2], "max_cpu_time": [30, 52, 20, 27, 40, 47, 23, 9, 55, 50, 18, 13, 12, 30, 48, 42, 21, 20, 37, 54, 11, 43, 46, 6], "min_job_period": [75, 9, 47, 23, 14, 72, 68, 7, 77, 110, 61, 4, 10, 15, 40, 12, 86, 36, 59, 26, 17, 87, 115, 18], "max_job_period": [84, 88, 75, 111, 62, 118, 73, 118, 78, 119, 81, 69, 32, 74, 46, 80, 108, 38, 68, 112, 51, 93, 118, 74], "min_startup": [1, 1, 1, 2, 1, 1, 1, 2, 1, 1, 1, 5, 2, 3, 1, 1, 1, 1, 1, 1, 2, 1, 1, 3], "max_startup": [53, 34, 81, 38, 50, 115, 101, 15, 9, 23, 68, 48, 3, 114, 39, 12, 55, 27, 62, 6, 18, 24, 64, 81], "priority": [11, 15, 7, 2, 12, 3, 13, 22, 9, 8, 24, 16, 21, 1, 20, 5, 17, 10, 14, 6, 18, 23, 19, 4], "win_min": [0, 0, 0, 0, 0, 0, 0, 0, 0, 0, 0, 0, 0, 0, 0, 0, 0, 0, 0, 0, 0, 0, 0, 23], "win_max": [120, 120, 120, 120, 120, 120, 120, 120, 120, 120, 120, 120, 120, 120, 120, 120, 120, 120, 120, 120, 120, 120, 120, 112]}