{"subs": 1, "jobs": 13, "T": 120, "power_use": [0.6164209578473274, 0.7268567720474042, 2.9163671593449014, 3.245872503903928, 0.8128286743701153, 1.3253018992965422, 0.18236477291718098, 2.3609220468816, 3.4227676031379004, 0.6589767885176123, 2.260301043014717, 1.5336732059354492, 3.658809216399733], "power_resource": [6.067293642, 5.535814788, 4.996793952, 4.638165012, 4.495021272, 4.272609762, 3.974470596, 3.606144822, 3.173327406, 2.68356033, 2.720654568, 2.932753572, 3.195029844, 3.777455556, 4.354801974, 4.9176801, 5.4563931, 5.961859812, 6.425460828, 6.839192412, 7.195512582, 7.4881107, 7.711445718, 7.861054014, 7.933549392, 7.926930918, 7.840275084, 7.674043644, 7.429929696, 7.110703764, 6.720521634, 6.909994692, 7.21644543, 7.467793524, 7.67204271, 8.068227642, 8.394841638, 8.648806338, 8.827659054, 8.930938032, 8.958643272, 0.0, 0.0, 0.0, 0.0, 0.0, 0.0, 0.0, 0.0, 0.0, 0.0, 0.0, 0.0, 0.0, 0.0, 0.0, 0.0, 0.0, 0.0, 0.0, 0.0, 0.0, 0.0, 0.0, 0.0, 0.0, 0.0, 0.0, 0.0, 0.0, 0.0, 0.0, 0.0, 0.0, 0.0, 0.0, 0.0, 6.76238733, 7.128866088, 7.455172248, 7.733763828, 7.957714518, 8.12148327, 8.337276306, 8.63864775, 8.866908144, 9.019286964, 9.094706784, 9.093013686, 9.015285096, 8.863983702, 8.642803536, 8.356362138, 8.01066231, 7.612168608, 7.168423014, 6.6877371, 6.178884192, 5.650945452, 5.113309878, 4.662637974, 4.536117378, 4.329405504, 4.04650422, 3.692031066, 3.272142762, 2.7936117, 2.653700238, 2.88134496, 3.070356264, 3.652320222, 4.23120582, 4.797316224, 5.341262436, 5.853655458, 6.325721964, 6.749458218, 7.11716832, 7.422387714, 7.659113598], "min_cpu_time": [5, 23, 10, 19, 5, 22, 14, 11, 2, 8, 9, 4, 5], "max_cpu_time": [5, 58, 15, 59, 15, 36, 58, 29, 59, 47, 44, 33, 18], "min_job_period": [21, 3, 104, 88, 82, 92, 116, 52, 56, 26, 40, 105, 59], "max_job_period": [50, 48, 108, 94, 95, 102, 119, 85, 93, 85, 49, 108, 106], "min_startup": [1, 1, 1, 1, 1, 1, 1, 1, 2, 1, 1, 1, 1], "max_startup": [17, 113, 48, 2, 22, 47, 45, 112, 24, 57, 16, 28, 48], "priority": [4, 3, 2, 8, 1, 9, 11, 10, 7, 5, 6, 13, 12], "win_min": [0, 0, 0, 0, 0, 0, 0, 0, 0, 0, 15, 0, 0], "win_max": [120, 120, 120, 120, 120, 120, 120, 120, 120, 120, 100, 120, 120]}