{"subs": 1, "jobs": 18, "T": 120, "power_use": [1.7896188499626884, 2.0829182833886883, 3.9659499068656783, 0.71127238556158, 2.9437573129762327, 2.7354077703576465, 0.904405948345728, 3.86537146730725, 0.15596544561059977, 2.6458030933050725, 3.4954600169367533, 1.6074006890810189, 1.7785439220409136, 0.2723272432965013, 1.060527886739484, 2.86923821610558, 3.929375299533901, 1.3866361563974767], "power_resource": [6.56383311, 6.953553486, 7.283091924, 7.546445622, 7.738535286, 7.855512966, 7.894146384, 7.853358114, 7.732532484, 7.532593002, 7.25569452, 6.905223234, 6.766389198, 7.10100693, 7.384062132, 7.60970592, 7.872290028, 8.238768786, 8.534291346, 8.755933266, 8.902155366, 8.972495892, 8.96803227, 0.0, 0.0, 0.0, 0.0, 0.0, 0.0, 0.0, 0.0, 0.0, 0.0, 0.0, 0.0, 0.0, 0.0, 0.0, 0.0, 0.0, 0.0, 0.0, 0.0, 0.0, 0.0, 0.0, 0.0, 0.0, 0.0, 0.0, 0.0, 0.0, 0.0, 0.0, 0.0, 0.0, 0.0, 0.0, 6.716058012, 6.93246672, 7.284785022, 7.593852366, 7.85212677, 8.053605432, 8.192593386, 8.469030114, 8.742234564, 8.941404456, 9.064077102, 9.109482912, 9.078237558, 8.97188022, 8.793489258, 8.54706654, 8.23769136, 7.871520438, 7.45578792, 6.998189706, 6.507191286, 5.991565986, 5.460856722, 4.924298574, 4.639396356, 4.48132257, 4.244442768, 3.93337449, 3.55319703, 3.110374944, 2.612142378, 2.709264636, 2.90366307, 3.277068138, 3.858108588, 4.431914892, 4.989098052, 5.520115152, 6.01588503, 6.467942196, 6.868282914, 7.209826956, 7.486109766, 7.692205968, 7.82365194, 7.877369322, 7.851665016, 7.746077268, 7.561067832, 7.298637642, 6.961865058, 6.714980586, 7.05867948, 7.35189327, 7.588773072, 7.80210342, 8.18151129, 8.490578634, 8.72638101, 8.886917484, 8.971572384, 8.9811153], "min_cpu_time": [5, 15, 10, 8, 13, 15, 9, 2, 22, 22, 7, 19, 2, 7, 21, 18, 8, 17], "max_cpu_time": [59, 36, 46, 13, 36, 37, 15, 22, 55, 48, 45, 55, 19, 48, 24, 42, 35, 35], "min_job_period": [3, 36, 20, 27, 3, 16, 28, 3, 37, 98, 24, 44, 6, 28, 3, 10, 18, 17], "max_job_period": [37, 118, 24, 29, 112, 32, 31, 56, 110, 104, 113, 109, 37, 68, 111, 23, 24, 36], "min_startup": [5, 2, 3, 3, 2, 2, 3, 13, 1, 1, 4, 2, 13, 4, 1, 2, 3, 2], "max_startup": [54, 101, 88, 54, 116, 94, 8, 93, 86, 6, 111, 57, 38, 55, 100, 31, 109, 9], "priority": [18, 3, 8, 1, 17, 11, 10, 14, 12, 4, 13, 9, 16, 7, 5, 2, 15, 6], "win_min": [0, 0, 0, 0, 0, 0, 0, 0, 0, 0, 0, 0, 18, 0, 0, 0, 0, 0], "win_max": [120, 120, 120, 120, 120, 120, 120, 120, 120, 120, 120, 120, 100, 120, 120, 120, 120, 120]}