{"subs": 1, "jobs": 22, "T": 120, "power_use": [0.6146001217062927, 3.519791482982875, 1.7959946743397457, 1.0376403516746768, 1.0853662671489779, 3.5376717981680903, 2.1905673107373613, 3.0117355568976976, 1.5925925948555453, 2.314014352411237, 0.05537482390892297, 3.100241792734581, 2.593313387572278, 1.159422625502497, 0.5349675731251672, 3.514169512187978, 3.68298884734085, 1.1554507787305794, 1.305957572294648, 0.7610816508124933, 1.2935733537650391, 1.831603134297884], "power_resource": [0.0, 0.0, 0.0, 0.0, 0.0, 0.0, 0.0, 0.0, 0.0, 0.0, 0.0, 0.0, 0.0, 0.0, 0.0, 0.0, 0.0, 0.0, 0.0, 0.0, 0.0, 0.0, 0.0, 0.0, 0.0, 0.0, 6.771160656, 6.863665374, 7.22414133, 7.54275159, 7.81210809, 8.025592356, 8.17766334, 8.406385488, 8.694519984, 8.908927758, 9.04730004, 9.108559404, 9.092859768, 9.001740312, 8.83797156, 8.605093626, 8.308339722, 7.95371265, 7.547830884, 7.098544242, 6.614010378, 6.103310454, 5.575525632, 5.040198828, 4.667255514, 4.525497036, 4.304470788, 4.00802472, 3.64169988, 3.211191234, 2.724040764, 2.64585042, 2.856102408, 3.152086722, 3.733127172, 4.30893441, 4.869811602, 5.406215832, 5.909219856, 6.370204266, 6.78085749, 7.133945382, 7.423157304, 7.642952208, 7.788866472, 7.8575139, 7.847201394, 7.75669761, 7.58661822, 7.338656322, 7.015736358, 6.662032794, 7.014351096, 7.317569556, 7.565531454, 7.752541824, 8.121637188, 8.444249316, 8.69405823, 8.86875516, 8.967878352, 8.991427806, 0.0, 0.0, 0.0, 0.0, 0.0, 0.0, 0.0, 0.0, 0.0, 0.0, 0.0, 0.0, 0.0, 0.0, 0.0, 0.0, 0.0, 0.0, 0.0, 0.0, 0.0, 0.0, 0.0, 0.0, 0.0, 0.0, 0.0, 0.0, 0.0, 0.0, 0.0, 0.0], "min_cpu_time": [8, 17, 16, 7, 3, 16, 8, 10, 17, 21, 21, 7, 19, 13, 14, 4, 12, 5, 4, 14, 5, 3], "max_cpu_time": [42, 54, 45, 45, 35, 48, 20, 17, 58, 28, 21, 11, 54, 39, 25, 49, 30, 42, 45, 41, 35, 9], "min_job_period": [88, 53, 79, 23, 52, 84, 15, 114, 39, 16, 55, 28, 80, 72, 38, 56, 114, 47, 14, 94, 47, 22], "max_job_period": [101, 107, 100, 74, 66, 114, 75, 115, 62, 76, 73, 117, 106, 82, 70, 61, 118, 52, 17, 95, 73, 100], "min_startup": [1, 1, 1, 1, 2, 1, 1, 1, 1, 1, 1, 1, 1, 1, 1, 2, 1, 2, 2, 1, 2, 2], "max_startup": [6, 38, 118, 101, 48, 81, 74, 21, 99, 86, 86, 72, 117, 104, 11, 48, 81, 80, 48, 9, 90, 101], "priority": [20, 2, 14, 8, 12, 7, 1, 17, 18, 15, 4, 11, 13, 22, 6, 5, 10, 16, 21, 19, 9, 3], "win_min": [0, 0, 0, 0, 0, 0, 0, 0, 0, 0, 0, 0, 0, 0, 0, 0, 0, 0, 0, 0, 1, 0], "win_max": [120, 120, 120, 120, 120, 120, 120, 120, 120, 120, 120, 120, 120, 120, 120, 120, 120, 120, 120, 120, 113, 120]}