{"subs": 1, "jobs": 24, "T": 120, "power_use": [3.368557940470836, 0.8437256735612261, 1.8316447506302942, 3.406100139997994, 2.9513675203491405, 1.1864825438318631, 0.34490632332742105, 2.537670064926784, 1.8618151765726754, 3.516489163884853, 0.4581407048724738, 3.5347220893459728, 2.0958133746057857, 3.3499341957554516, 2.814130340759799, 1.134806707424113, 2.907612285208805, 2.4423363688700763, 3.1333227427095447, 0.734980015212549, 1.1026483240300737, 0.324508666408663, 2.678817239155204, 3.8626153966812113], "power_resource": [0.0, 6.809794074, 6.832112184, 7.190895042, 7.507966122, 7.775783442, 7.987882446, 8.138722086, 8.40238362, 8.689132854, 8.902155366, 9.03883455, 9.098400816, 9.081008082, 8.987887692, 8.82181017, 8.586777384, 8.287560792, 7.930163196, 7.521356988, 7.068991986, 6.581379762, 6.067293642, 5.535814788, 4.996793952, 4.638165012, 4.495021272, 4.272609762, 3.974470596, 3.606144822, 3.173327406, 2.68356033, 2.720654568, 2.932753572, 3.195029844, 3.777455556, 4.354801974, 4.9176801, 5.4563931, 5.961859812, 6.425460828, 6.839192412, 7.195512582, 7.4881107, 7.711445718, 7.861054014, 7.933549392, 7.926930918, 7.840275084, 7.674043644, 7.429929696, 7.110703764, 6.720521634, 6.909994692, 7.21644543, 7.467793524, 7.67204271, 8.068227642, 8.394841638, 8.648806338, 8.827659054, 8.930938032, 8.958643272, 0.0, 0.0, 0.0, 0.0, 0.0, 0.0, 0.0, 0.0, 0.0, 0.0, 0.0, 0.0, 0.0, 0.0, 0.0, 0.0, 0.0, 0.0, 0.0, 0.0, 0.0, 0.0, 0.0, 0.0, 0.0, 0.0, 0.0, 0.0, 0.0, 0.0, 0.0, 0.0, 0.0, 0.0, 0.0, 0.0, 6.76238733, 7.128866088, 7.455172248, 7.733763828, 7.957714518, 8.12148327, 8.337276306, 8.63864775, 8.866908144, 9.019286964, 9.094706784, 9.093013686, 9.015285096, 8.863983702, 8.642803536, 8.356362138, 8.01066231, 7.612168608, 7.168423014, 6.6877371, 6.178884192], "min_cpu_time": [2, 8, 4, 13, 11, 5, 4, 1, 4, 18, 3, 2, 17, 1, 18, 17, 9, 21, 12, 10, 11, 23, 5, 9], "max_cpu_time": [26, 51, 10, 41, 45, 58, 59, 24, 35, 55, 41, 17, 33, 4, 26, 28, 50, 27, 29, 54, 42, 40, 11, 12], "min_job_period": [89, 100, 67, 42, 40, 117, 79, 94, 36, 24, 38, 50, 89, 101, 102, 68, 13, 97, 11, 74, 64, 103, 87, 101], "max_job_period": [104, 101, 82, 102, 87, 117, 87, 112, 58, 28, 105, 93, 111, 115, 112, 74, 26, 119, 44, 103, 66, 108, 101, 117], "min_startup": [1, 1, 1, 1, 1, 1, 1, 1, 1, 1, 1, 1, 1, 1, 1, 1, 1, 1, 1, 1, 1, 1, 1, 1], "max_startup": [34, 102, 24, 95, 26, 26, 79, 4, 74, 57, 80, 116, 103, 48, 51, 22, 18, 87, 53, 28, 70, 100, 98, 63], "priority": [3, 19, 10, 7, 15, 20, 21, 14, 18, 22, 17, 6, 11, 1, 9, 16, 12, 4, 2, 13, 8, 5, 24, 23], "win_min": [0, 0, 0, 0, 0, 0, 0, 0, 0, 0, 0, 0, 0, 0, 0, 0, 0, 0, 0, 0, 0, 0, 0, 7], "win_max": [120, 120, 120, 120, 120, 120, 120, 120, 120, 120, 120, 120, 120, 120, 120, 120, 120, 120, 120, 120, 120, 120, 120, 100]}