{"subs": 1, "jobs": 22, "T": 120, "power_use": [0.43553927195783687, 1.1251822187887695, 0.9187552398479696, 3.22909503073763, 3.063237681792524, 2.820989305925832, 2.2647730804770494, 2.8038103178698077, 1.6091613391966615, 0.8716290461247735, 1.182256840965388, 3.090781709099501, 2.5775039260400687, 1.2887703119227907, 0.2584817964141527, 1.4714895605812792, 3.054670421193503, 2.8642214749276182, 2.0318978869920903, 0.18794528209680283, 0.8881579441026153, 2.082597539383615], "power_resource": [4.536117378, 4.329405504, 4.04650422, 3.692031066, 3.272142762, 2.7936117, 2.653700238, 2.88134496, 3.070356264, 3.652320222, 4.23120582, 4.797316224, 5.341262436, 5.853655458, 6.325721964, 6.749458218, 7.11716832, 7.422387714, 7.659113598, 7.823036268, 7.910461692, 7.918927182, 7.847663148, 7.696515672, 7.467023934, 7.161650622, 6.784551522, 6.86397321, 7.179966864, 7.442089218, 7.644645306, 8.005429098, 8.34543396, 8.613405198, 8.806572288, 8.92416564, 8.966031336, 0.0, 0.0, 0.0, 0.0, 0.0, 0.0, 0.0, 0.0, 0.0, 0.0, 0.0, 0.0, 0.0, 0.0, 0.0, 0.0, 0.0, 0.0, 0.0, 0.0, 0.0, 0.0, 0.0, 0.0, 0.0, 0.0, 0.0, 0.0, 0.0, 0.0, 0.0, 0.0, 0.0, 0.0, 0.0, 0.0, 6.691123296, 7.065144036, 7.40037744, 7.689435444, 7.925083902, 8.101627848, 8.26924455, 8.585084286, 8.828582562, 8.996661018, 9.087780474, 9.101633094, 9.039450222, 8.902924956, 8.695905246, 8.422700796, 8.088698736, 7.700825376, 7.266007026, 6.792709176, 6.289551234, 5.765306526, 5.229671886, 4.691882394, 4.573827288, 4.383276804, 4.115459484, 3.775300704, 3.368341512, 2.901508218, 2.583821466, 2.827011906, 2.989549314, 3.527338806, 4.10730183, 4.676336676, 5.224900428, 5.743911924, 6.224136084, 6.657569172, 7.036515288, 7.354048122, 7.604164872, 7.782247998, 7.88444955, 7.908152922, 7.851972852], "min_cpu_time": [16, 13, 23, 13, 4, 22, 15, 10, 20, 4, 9, 13, 3, 20, 19, 5, 2, 6, 17, 13, 22, 20], "max_cpu_time": [55, 21, 39, 33, 6, 58, 18, 39, 50, 32, 39, 44, 4, 23, 43, 24, 31, 46, 34, 44, 37, 43], "min_job_period": [110, 44, 47, 49, 12, 85, 85, 28, 17, 30, 108, 8, 1, 118, 71, 22, 7, 79, 2, 23, 106, 50], "max_job_period": [118, 83, 81, 113, 32, 105, 96, 64, 99, 106, 111, 81, 102, 119, 112, 73, 62, 91, 49, 37, 113, 94], "min_startup": [1, 1, 1, 1, 1, 1, 1, 1, 1, 1, 1, 1, 2, 1, 1, 1, 2, 1, 1, 1, 1, 1], "max_startup": [88, 73, 111, 107, 115, 45, 50, 57, 15, 116, 15, 4, 39, 48, 72, 41, 28, 8, 119, 106, 54, 84], "priority": [12, 18, 21, 14, 22, 8, 9, 1, 15, 4, 19, 20, 5, 3, 17, 16, 13, 6, 2, 11, 7, 10], "win_min": [0, 0, 0, 0, 0, 0, 0, 0, 0, 0, 0, 0, 15, 0, 0, 0, 0, 0, 0, 0, 0, 0], "win_max": [120, 120, 120, 120, 120, 120, 120, 120, 120, 120, 120, 120, 102, 120, 120, 120, 120, 120, 120, 120, 120, 120]}