{"subs": 1, "jobs": 18, "T": 120, "power_use": [1.4525044396539117, 0.9020107020496301, 3.77209888790767, 0.564734740362872, 3.1769473871005967, 1.000646023883903, 1.1001556397384762, 2.788896752553039, 0.6247216516616358, 1.7599198503441815, 3.190368602461026, 2.2321702266020895, 2.20757614443531, 2.536016293625544, 1.333346684863067, 2.7769981287506806, 3.3256143068298756, 0.7536605691903983], "power_resource": [7.36189794, 6.89629599, 6.398986932, 5.87889801, 5.345418222, 4.808090484, 4.60830492, 4.433761908, 4.181490306, 3.8556459, 3.462077574, 3.007095966, 2.511018252, 2.769600492, 2.948145372, 3.402203472, 3.982782168, 4.55443362, 5.107460994, 5.63262921, 6.120857106, 6.56383311, 6.953553486, 7.283091924, 7.546445622, 7.738535286, 7.855512966, 7.894146384, 7.853358114, 7.732532484, 7.532593002, 7.25569452, 6.905223234, 6.766389198, 7.10100693, 7.384062132, 7.60970592, 7.872290028, 8.238768786, 8.534291346, 8.755933266, 8.902155366, 8.972495892, 8.96803227, 0.0, 0.0, 0.0, 0.0, 0.0, 0.0, 0.0, 0.0, 0.0, 0.0, 0.0, 0.0, 0.0, 0.0, 0.0, 0.0, 0.0, 0.0, 0.0, 0.0, 0.0, 0.0, 0.0, 0.0, 0.0, 0.0, 0.0, 0.0, 0.0, 0.0, 0.0, 0.0, 0.0, 0.0, 0.0, 6.716058012, 6.93246672, 7.284785022, 7.593852366, 7.85212677, 8.053605432, 8.192593386, 8.469030114, 8.742234564, 8.941404456, 9.064077102, 9.109482912, 9.078237558, 8.97188022, 8.793489258, 8.54706654, 8.23769136, 7.871520438, 7.45578792, 6.998189706, 6.507191286, 5.991565986, 5.460856722, 4.924298574, 4.639396356, 4.48132257, 4.244442768, 3.93337449, 3.55319703, 3.110374944, 2.612142378, 2.709264636, 2.90366307, 3.277068138, 3.858108588, 4.431914892, 4.989098052, 5.520115152, 6.01588503, 6.467942196, 6.868282914], "min_cpu_time": [20, 3, 16, 4, 21, 1, 2, 8, 19, 21, 2, 2, 10, 1, 5, 5, 21, 3], "max_cpu_time": [33, 57, 18, 30, 38, 23, 44, 19, 24, 38, 14, 6, 55, 27, 13, 24, 31, 44], "min_job_period": [29, 11, 45, 14, 35, 1, 6, 26, 48, 65, 2, 4, 11, 3, 9, 16, 48, 1], "max_job_period": [115, 50, 99, 27, 46, 36, 63, 59, 113, 83, 100, 64, 105, 92, 55, 17, 119, 111], "min_startup": [2, 9, 2, 7, 1, 27, 14, 4, 2, 1, 14, 14, 3, 27, 6, 6, 1, 9], "max_startup": [27, 90, 91, 94, 93, 93, 34, 6, 114, 42, 118, 44, 102, 103, 7, 89, 88, 71], "priority": [4, 16, 8, 2, 18, 10, 13, 1, 6, 17, 5, 9, 14, 11, 7, 15, 3, 12], "win_min": [0, 0, 0, 0, 0, 19, 0, 0, 0, 0, 0, 0, 0, 0, 0, 0, 0, 0], "win_max": [120, 120, 120, 120, 120, 106, 120, 120, 120, 120, 120, 120, 120, 120, 120, 120, 120, 120]}