{"subs": 1, "jobs": 22, "T": 120, "power_use": [3.3583608086440457, 0.6629023006109835, 0.1980607939367167, 2.540621840770483, 1.4412986393416387, 1.1556852784588192, 1.8107126812881247, 0.8165136831958322, 3.170230134664638, 1.545040319502197, 2.769788624293178, 1.2634478008164542, 3.365021319796943, 2.6867370520677625, 3.4699824384969995, 2.280896487495015, 2.5044973006759355, 0.09221291475707691, 0.05932026408416371, 2.9696117490487977, 1.6555105268315928, 1.216123500745687], "power_resource": [7.354048122, 7.604164872, 7.782247998, 7.88444955, 7.908152922, 7.851972852, 7.71590934, 7.50119373, 7.209980874, 6.846118722, 6.815950794, 7.141487364, 7.41423006, 7.628329998, 7.940167866, 8.293563594, 8.575233534, 8.782714998, 8.914468806, 8.970648876, 8.952178716, 0.0, 0.0, 0.0, 0.0, 0.0, 0.0, 0.0, 0.0, 0.0, 0.0, 0.0, 0.0, 0.0, 0.0, 0.0, 0.0, 0.0, 0.0, 0.0, 0.0, 0.0, 0.0, 0.0, 0.0, 0.0, 0.0, 0.0, 0.0, 0.0, 0.0, 0.0, 0.0, 0.0, 0.0, 0.0, 6.658030926, 6.999574968, 7.343581698, 7.642644372, 7.88983668, 8.079001902, 8.20459899, 8.52859638, 8.787024702, 8.970648876, 9.077467968, 9.107174142, 9.06038307, 8.938941768, 8.746236432, 8.486115012, 8.164426392, 7.787327292, 7.36189794, 6.89629599, 6.398986932, 5.87889801, 5.345418222, 4.808090484, 4.60830492, 4.433761908, 4.181490306, 3.8556459, 3.462077574, 3.007095966, 2.511018252, 2.769600492, 2.948145372, 3.402203472, 3.982782168, 4.55443362, 5.107460994, 5.63262921, 6.120857106, 6.56383311, 6.953553486, 7.283091924, 7.546445622, 7.738535286, 7.855512966, 7.894146384, 7.853358114, 7.732532484, 7.532593002, 7.25569452, 6.905223234, 6.766389198, 7.10100693, 7.384062132, 7.60970592, 7.872290028, 8.238768786, 8.534291346, 8.755933266, 8.902155366, 8.972495892, 8.96803227, 0.0, 0.0], "min_cpu_time": [16, 3, 15, 16, 6, 19, 6, 14, 12, 19, 9, 22, 13, 4, 17, 11, 10, 4, 12, 13, 15, 6], "max_cpu_time": [18, 7, 46, 56, 11, 41, 21, 35, 30, 26, 53, 59, 46, 40, 41, 13, 24, 40, 52, 30, 56, 27], "min_job_period": [115, 80, 28, 27, 87, 117, 62, 105, 40, 95, 79, 92, 27, 81, 45, 117, 71, 87, 20, 62, 42, 77], "max_job_period": [115, 118, 119, 93, 104, 117, 63, 118, 113, 105, 104, 112, 89, 118, 113, 118, 72, 104, 93, 86, 55, 115], "min_startup": [1, 1, 1, 1, 1, 1, 1, 1, 1, 1, 1, 1, 1, 1, 1, 1, 1, 1, 1, 1, 1, 1], "max_startup": [20, 31, 102, 1, 71, 70, 6, 96, 8, 89, 21, 74, 13, 75, 48, 100, 103, 49, 100, 103, 2, 39], "priority": [14, 7, 17, 13, 8, 19, 20, 11, 18, 6, 3, 9, 22, 16, 5, 12, 21, 2, 10, 15, 4, 1], "win_min": [0, 0, 0, 0, 0, 0, 0, 0, 0, 0, 0, 0, 9, 0, 0, 0, 0, 0, 0, 0, 0, 0], "win_max": [120, 120, 120, 120, 120, 120, 120, 120, 120, 120, 120, 120, 98, 120, 120, 120, 120, 120, 120, 120, 120, 120]}