{"subs": 1, "jobs": 9, "T": 120, "power_use": [1.2958365073139397, 3.630477104735757, 2.1000778906572743, 1.1809952620337847, 2.9921779034666596, 1.7821074017229868, 3.620226127345106, 2.7689289027319113, 0.872555883024005], "power_resource": [0.0, 0.0, 0.0, 0.0, 0.0, 0.0, 0.0, 0.0, 0.0, 0.0, 0.0, 0.0, 0.0, 0.0, 0.0, 0.0, 0.0, 0.0, 0.0, 0.0, 0.0, 0.0, 0.0, 0.0, 0.0, 6.771160656, 6.863665374, 7.22414133, 7.54275159, 7.81210809, 8.025592356, 8.17766334, 8.406385488, 8.694519984, 8.908927758, 9.04730004, 9.108559404, 9.092859768, 9.001740312, 8.83797156, 8.605093626, 8.308339722, 7.95371265, 7.547830884, 7.098544242, 6.614010378, 6.103310454, 5.575525632, 5.040198828, 4.667255514, 4.525497036, 4.304470788, 4.00802472, 3.64169988, 3.211191234, 2.724040764, 2.64585042, 2.856102408, 3.152086722, 3.733127172, 4.30893441, 4.869811602, 5.406215832, 5.909219856, 6.370204266, 6.78085749, 7.133945382, 7.423157304, 7.642952208, 7.788866472, 7.8575139, 7.847201394, 7.75669761, 7.58661822, 7.338656322, 7.015736358, 6.662032794, 7.014351096, 7.317569556, 7.565531454, 7.752541824, 8.121637188, 8.444249316, 8.69405823, 8.86875516, 8.967878352, 8.991427806, 0.0, 0.0, 0.0, 0.0, 0.0, 0.0, 0.0, 0.0, 0.0, 0.0, 0.0, 0.0, 0.0, 0.0, 0.0, 0.0, 0.0, 0.0, 0.0, 0.0, 0.0, 0.0, 0.0, 0.0, 0.0, 0.0, 0.0, 0.0, 0.0, 0.0, 0.0, 0.0, 0.0], "min_cpu_time": [7, 18, 16, 11, 19, 16, 11, 16, 19], "max_cpu_time": [53, 58, 50, 21, 38, 34, 38, 16, 43], "min_job_period": [10, 3, 9, 3, 32, 28, 21, 26, 4], "max_job_period": [63, 85, 95, 50, 76, 79, 72, 54, 89], "min_startup": [9, 3, 4, 5, 3, 4, 5, 4, 3], "max_startup": [103, 89, 111, 8, 9, 103, 55, 49, 19], "priority": [5, 7, 4, 8, 2, 3, 6, 1, 9], "win_min": [0, 0, 0, 4, 0, 0, 0, 0, 0], "win_max": [120, 120, 120, 104, 120, 120, 120, 120, 120]}