{"subs": 1, "jobs": 20, "T": 120, "power_use": [0.21543787133359762, 2.4968566187288848, 1.1522142985811663, 3.25299996685982, 2.1880321066935635, 0.08289742476772055, 0.07427995333114273, 3.7407925650102523, 1.5684368641170123, 3.643515500041609, 3.279666824206695, 0.37057778532482477, 1.4393788341928386, 0.08575065841543578, 1.8056066217283022, 0.13116932814049076, 1.0887123350443877, 0.020304482298861427, 1.7406462023318012, 2.352825074381126], "power_resource": [2.720654568, 2.932753572, 3.195029844, 3.777455556, 4.354801974, 4.9176801, 5.4563931, 5.961859812, 6.425460828, 6.839192412, 7.195512582, 7.4881107, 7.711445718, 7.861054014, 7.933549392, 7.926930918, 7.840275084, 7.674043644, 7.429929696, 7.110703764, 6.720521634, 6.909994692, 7.21644543, 7.467793524, 7.67204271, 8.068227642, 8.394841638, 8.648806338, 8.827659054, 8.930938032, 8.958643272, 0.0, 0.0, 0.0, 0.0, 0.0, 0.0, 0.0, 0.0, 0.0, 0.0, 0.0, 0.0, 0.0, 0.0, 0.0, 0.0, 0.0, 0.0, 0.0, 0.0, 0.0, 0.0, 0.0, 0.0, 0.0, 0.0, 0.0, 0.0, 0.0, 0.0, 0.0, 0.0, 0.0, 0.0, 0.0, 0.0, 6.76238733, 7.128866088, 7.455172248, 7.733763828, 7.957714518, 8.12148327, 8.337276306, 8.63864775, 8.866908144, 9.019286964, 9.094706784, 9.093013686, 9.015285096, 8.863983702, 8.642803536, 8.356362138, 8.01066231, 7.612168608, 7.168423014, 6.6877371, 6.178884192, 5.650945452, 5.113309878, 4.662637974, 4.536117378, 4.329405504, 4.04650422, 3.692031066, 3.272142762, 2.7936117, 2.653700238, 2.88134496, 3.070356264, 3.652320222, 4.23120582, 4.797316224, 5.341262436, 5.853655458, 6.325721964, 6.749458218, 7.11716832, 7.422387714, 7.659113598, 7.823036268, 7.910461692, 7.918927182, 7.847663148, 7.696515672, 7.467023934, 7.161650622, 6.784551522, 6.86397321, 7.179966864], "min_cpu_time": [11, 14, 2, 3, 7, 1, 22, 13, 20, 22, 19, 9, 12, 10, 20, 17, 5, 16, 13, 23], "max_cpu_time": [14, 42, 38, 46, 30, 51, 36, 58, 51, 38, 33, 36, 32, 49, 46, 46, 23, 41, 32, 25], "min_job_period": [21, 18, 1, 1, 3, 4, 115, 22, 89, 41, 78, 38, 27, 45, 55, 21, 10, 87, 47, 47], "max_job_period": [93, 117, 29, 25, 52, 87, 119, 56, 100, 67, 95, 42, 38, 83, 112, 37, 90, 94, 107, 54], "min_startup": [1, 1, 6, 4, 2, 12, 1, 1, 1, 1, 1, 2, 1, 2, 1, 1, 3, 1, 1, 1], "max_startup": [27, 103, 38, 18, 10, 47, 91, 49, 91, 33, 104, 116, 90, 113, 22, 118, 7, 48, 72, 18], "priority": [7, 1, 10, 11, 9, 19, 12, 18, 15, 14, 4, 2, 6, 8, 20, 17, 16, 13, 3, 5], "win_min": [0, 5, 0, 0, 0, 0, 0, 0, 0, 0, 0, 0, 0, 0, 0, 0, 0, 0, 0, 0], "win_max": [120, 96, 120, 120, 120, 120, 120, 120, 120, 120, 120, 120, 120, 120, 120, 120, 120, 120, 120, 120]}