{"subs": 1, "jobs": 18, "T": 120, "power_use": [3.5569569799923273, 1.5199181629614762, 1.7271152945828279, 2.970824114685523, 0.6315403323397959, 2.3043445307664925, 2.0490805254228857, 1.4795312749223437, 2.7365087104599595, 3.1799999491370188, 1.876061127843644, 2.5131309121312104, 3.6510310761078193, 1.8333177307341848, 0.5487295891463697, 2.1775000465343624, 1.7258119418162126, 3.075569189176341], "power_resource": [2.720654568, 2.932753572, 3.195029844, 3.777455556, 4.354801974, 4.9176801, 5.4563931, 5.961859812, 6.425460828, 6.839192412, 7.195512582, 7.4881107, 7.711445718, 7.861054014, 7.933549392, 7.926930918, 7.840275084, 7.674043644, 7.429929696, 7.110703764, 6.720521634, 6.909994692, 7.21644543, 7.467793524, 7.67204271, 8.068227642, 8.394841638, 8.648806338, 8.827659054, 8.930938032, 8.958643272, 0.0, 0.0, 0.0, 0.0, 0.0, 0.0, 0.0, 0.0, 0.0, 0.0, 0.0, 0.0, 0.0, 0.0, 0.0, 0.0, 0.0, 0.0, 0.0, 0.0, 0.0, 0.0, 0.0, 0.0, 0.0, 0.0, 0.0, 0.0, 0.0, 0.0, 0.0, 0.0, 0.0, 0.0, 0.0, 0.0, 6.76238733, 7.128866088, 7.455172248, 7.733763828, 7.957714518, 8.12148327, 8.337276306, 8.63864775, 8.866908144, 9.019286964, 9.094706784, 9.093013686, 9.015285096, 8.863983702, 8.642803536, 8.356362138, 8.01066231, 7.612168608, 7.168423014, 6.6877371, 6.178884192, 5.650945452, 5.113309878, 4.662637974, 4.536117378, 4.329405504, 4.04650422, 3.692031066, 3.272142762, 2.7936117, 2.653700238, 2.88134496, 3.070356264, 3.652320222, 4.23120582, 4.797316224, 5.341262436, 5.853655458, 6.325721964, 6.749458218, 7.11716832, 7.422387714, 7.659113598, 7.823036268, 7.910461692, 7.918927182, 7.847663148, 7.696515672, 7.467023934, 7.161650622, 6.784551522, 6.86397321, 7.179966864], "min_cpu_time": [13, 9, 14, 22, 11, 8, 1, 18, 12, 14, 18, 12, 4, 11, 13, 21, 22, 10], "max_cpu_time": [35, 52, 50, 28, 59, 9, 24, 49, 58, 20, 56, 22, 34, 32, 50, 26, 29, 38], "min_job_period": [40, 22, 15, 98, 52, 18, 2, 37, 43, 35, 48, 49, 9, 53, 12, 50, 75, 5], "max_job_period": [97, 69, 54, 107, 76, 42, 110, 103, 68, 49, 56, 105, 86, 58, 24, 113, 114, 38], "min_startup": [2, 3, 2, 1, 2, 3, 25, 2, 2, 2, 2, 2, 7, 2, 2, 1, 1, 3], "max_startup": [105, 70, 109, 91, 58, 84, 30, 76, 118, 16, 55, 4, 84, 4, 55, 27, 97, 78], "priority": [10, 18, 9, 16, 15, 4, 1, 7, 6, 17, 8, 14, 5, 13, 3, 2, 11, 12], "win_min": [0, 0, 0, 0, 0, 0, 15, 0, 0, 0, 0, 0, 0, 0, 0, 0, 0, 0], "win_max": [120, 120, 120, 120, 120, 120, 104, 120, 120, 120, 120, 120, 120, 120, 120, 120, 120, 120]}