{"subs": 1, "jobs": 13, "T": 120, "power_use": [1.2838247311230124, 2.0955577112223076, 0.012087265262051065, 2.8103819684358045, 1.7009260066258447, 0.7496558733847009, 1.4430398928053398, 2.654950097095603, 1.8321220162461231, 3.7794998489275415, 0.627804526803022, 3.7940608941038794, 2.123526871785165], "power_resource": [7.588773072, 7.80210342, 8.18151129, 8.490578634, 8.72638101, 8.886917484, 8.971572384, 8.9811153, 0.0, 0.0, 0.0, 0.0, 0.0, 0.0, 0.0, 0.0, 0.0, 0.0, 0.0, 0.0, 0.0, 0.0, 0.0, 0.0, 0.0, 0.0, 0.0, 0.0, 0.0, 0.0, 0.0, 0.0, 0.0, 0.0, 0.0, 0.0, 0.0, 0.0, 0.0, 0.0, 0.0, 0.0, 0.0, 6.771160656, 6.863665374, 7.22414133, 7.54275159, 7.81210809, 8.025592356, 8.17766334, 8.406385488, 8.694519984, 8.908927758, 9.04730004, 9.108559404, 9.092859768, 9.001740312, 8.83797156, 8.605093626, 8.308339722, 7.95371265, 7.547830884, 7.098544242, 6.614010378, 6.103310454, 5.575525632, 5.040198828, 4.667255514, 4.525497036, 4.304470788, 4.00802472, 3.64169988, 3.211191234, 2.724040764, 2.64585042, 2.856102408, 3.152086722, 3.733127172, 4.30893441, 4.869811602, 5.406215832, 5.909219856, 6.370204266, 6.78085749, 7.133945382, 7.423157304, 7.642952208, 7.788866472, 7.8575139, 7.847201394, 7.75669761, 7.58661822, 7.338656322, 7.015736358, 6.662032794, 7.014351096, 7.317569556, 7.565531454, 7.752541824, 8.121637188, 8.444249316, 8.69405823, 8.86875516, 8.967878352, 8.991427806, 0.0, 0.0, 0.0, 0.0, 0.0, 0.0, 0.0, 0.0, 0.0, 0.0, 0.0, 0.0, 0.0, 0.0, 0.0], "min_cpu_time": [2, 20, 16, 14, 20, 3, 18, 18, 19, 17, 16, 17, 20], "max_cpu_time": [42, 26, 24, 45, 42, 23, 22, 55, 31, 27, 55, 26, 52], "min_job_period": [65, 77, 92, 52, 22, 23, 14, 79, 77, 2, 32, 36, 40], "max_job_period": [73, 108, 93, 107, 30, 82, 75, 85, 112, 115, 99, 87, 80], "min_startup": [1, 1, 1, 1, 1, 1, 1, 1, 1, 1, 1, 1, 1], "max_startup": [115, 88, 1, 53, 68, 21, 81, 79, 21, 60, 75, 19, 77], "priority": [12, 1, 4, 11, 3, 13, 2, 6, 9, 10, 8, 7, 5], "win_min": [0, 0, 0, 0, 0, 0, 0, 12, 0, 0, 0, 0, 0], "win_max": [120, 120, 120, 120, 120, 120, 120, 118, 120, 120, 120, 120, 120]}