{"subs": 1, "jobs": 22, "T": 120, "power_use": [2.8690050814278374, 3.015704094128457, 3.2191006085061034, 1.7041201262724723, 0.36911618765865306, 0.7267570760280427, 2.829209301834409, 0.3000543284271713, 0.9839427235056866, 0.930223478411731, 1.379322410908921, 3.9141583016216526, 0.15778624276156886, 3.4115064740624774, 0.807468392706211, 0.17298082838527729, 0.49984403722329485, 2.1475316638460464, 0.2742626104043162, 3.411367300437447, 3.580150955950955, 2.3037035410290208], "power_resource": [2.7936117, 2.653700238, 2.88134496, 3.070356264, 3.652320222, 4.23120582, 4.797316224, 5.341262436, 5.853655458, 6.325721964, 6.749458218, 7.11716832, 7.422387714, 7.659113598, 7.823036268, 7.910461692, 7.918927182, 7.847663148, 7.696515672, 7.467023934, 7.161650622, 6.784551522, 6.86397321, 7.179966864, 7.442089218, 7.644645306, 8.005429098, 8.34543396, 8.613405198, 8.806572288, 8.92416564, 8.966031336, 0.0, 0.0, 0.0, 0.0, 0.0, 0.0, 0.0, 0.0, 0.0, 0.0, 0.0, 0.0, 0.0, 0.0, 0.0, 0.0, 0.0, 0.0, 0.0, 0.0, 0.0, 0.0, 0.0, 0.0, 0.0, 0.0, 0.0, 0.0, 0.0, 0.0, 0.0, 0.0, 0.0, 0.0, 0.0, 0.0, 6.691123296, 7.065144036, 7.40037744, 7.689435444, 7.925083902, 8.101627848, 8.26924455, 8.585084286, 8.828582562, 8.996661018, 9.087780474, 9.101633094, 9.039450222, 8.902924956, 8.695905246, 8.422700796, 8.088698736, 7.700825376, 7.266007026, 6.792709176, 6.289551234, 5.765306526, 5.229671886, 4.691882394, 4.573827288, 4.383276804, 4.115459484, 3.775300704, 3.368341512, 2.901508218, 2.583821466, 2.827011906, 2.989549314, 3.527338806, 4.10730183, 4.676336676, 5.224900428, 5.743911924, 6.224136084, 6.657569172, 7.036515288, 7.354048122, 7.604164872, 7.782247998, 7.88444955, 7.908152922, 7.851972852, 7.71590934, 7.50119373, 7.209980874, 6.846118722, 6.815950794], "min_cpu_time": [16, 10, 21, 4, 19, 16, 21, 22, 5, 21, 2, 20, 16, 4, 22, 5, 5, 20, 9, 23, 9, 14], "max_cpu_time": [50, 51, 57, 57, 35, 16, 24, 36, 59, 26, 19, 53, 54, 34, 59, 8, 57, 25, 24, 45, 19, 53], "min_job_period": [72, 32, 76, 14, 71, 87, 112, 24, 43, 78, 27, 22, 93, 41, 22, 111, 67, 87, 14, 57, 28, 103], "max_job_period": [116, 67, 100, 83, 83, 115, 114, 88, 107, 82, 51, 28, 105, 118, 50, 119, 94, 87, 64, 92, 46, 108], "min_startup": [1, 1, 1, 1, 1, 1, 1, 1, 1, 1, 2, 1, 1, 1, 1, 1, 1, 1, 1, 1, 1, 1], "max_startup": [33, 23, 89, 15, 107, 54, 53, 90, 17, 7, 31, 39, 55, 52, 74, 72, 34, 112, 116, 68, 33, 25], "priority": [20, 3, 15, 22, 19, 21, 14, 10, 12, 6, 17, 11, 9, 8, 7, 4, 2, 5, 18, 16, 13, 1], "win_min": [0, 0, 0, 0, 0, 0, 0, 0, 0, 0, 0, 0, 0, 0, 0, 0, 0, 0, 0, 15, 0, 0], "win_max": [120, 120, 120, 120, 120, 120, 120, 120, 120, 120, 120, 120, 120, 120, 120, 120, 120, 120, 120, 116, 120, 120]}