{"subs": 1, "jobs": 20, "T": 125, "power_use": [2.4485729662867097, 1.832357728741141, 2.9369595249724005, 2.821259959553224, 2.130465542989746, 2.9120687645043946, 0.15742400221836875, 0.7217455509460728, 3.8683444347212337, 1.6336574129880599, 3.3106758765350826, 0.8393856638800902, 1.2654260656556768, 0.9313591709899149, 3.329677263345812, 2.6668121983436714, 3.8273368258700042, 0.41995368232909436, 1.498593033980253, 0.8204214435611561], "power_resource": [7.88983668, 8.079001902, 8.20459899, 8.52859638, 8.787024702, 8.970648876, 9.077467968, 9.107174142, 9.06038307, 8.938941768, 8.746236432, 8.486115012, 8.164426392, 7.787327292, 7.36189794, 6.89629599, 6.398986932, 5.87889801, 5.345418222, 4.808090484, 4.60830492, 4.433761908, 4.181490306, 3.8556459, 3.462077574, 3.007095966, 2.511018252, 2.769600492, 2.948145372, 3.402203472, 3.982782168, 4.55443362, 5.107460994, 5.63262921, 6.120857106, 6.56383311, 6.953553486, 7.283091924, 7.546445622, 7.738535286, 7.855512966, 7.894146384, 7.853358114, 7.732532484, 7.532593002, 7.25569452, 6.905223234, 6.766389198, 7.10100693, 7.384062132, 7.60970592, 7.872290028, 8.238768786, 8.534291346, 8.755933266, 8.902155366, 8.972495892, 8.96803227, 0.0, 0.0, 0.0, 0.0, 0.0, 0.0, 0.0, 0.0, 0.0, 0.0, 0.0, 0.0, 0.0, 0.0, 0.0, 0.0, 0.0, 0.0, 0.0, 0.0, 0.0, 0.0, 0.0, 0.0, 0.0, 0.0, 0.0, 0.0, 0.0, 0.0, 0.0, 0.0, 0.0, 0.0, 0.0, 6.716058012, 6.93246672, 7.284785022, 7.593852366, 7.85212677, 8.053605432, 8.192593386, 8.469030114, 8.742234564, 8.941404456, 9.064077102, 9.109482912, 9.078237558, 8.97188022, 8.793489258, 8.54706654, 8.23769136, 7.871520438, 7.45578792, 6.998189706, 6.507191286, 5.991565986, 5.460856722, 4.924298574, 4.639396356, 4.48132257, 4.244442768, 3.93337449, 3.55319703, 3.110374944, 2.612142378, 2.709264636], "min_cpu_time": [4, 19, 17, 8, 19, 15, 4, 4, 1, 3, 9, 10, 10, 17, 2, 3, 21, 8, 15, 3], "max_cpu_time": [34, 22, 18, 22, 57, 21, 39, 61, 44, 43, 42, 46, 28, 55, 6, 45, 33, 52, 34, 27], "min_job_period": [12, 35, 53, 26, 19, 56, 16, 2, 1, 7, 21, 26, 32, 37, 2, 10, 52, 6, 26, 3], "max_job_period": [121, 123, 72, 124, 52, 121, 76, 85, 37, 72, 78, 62, 51, 90, 75, 26, 99, 124, 119, 64], "min_startup": [7, 2, 2, 4, 2, 2, 7, 7, 28, 9, 3, 3, 3, 2, 14, 9, 1, 4, 2, 9], "max_startup": [29, 84, 47, 104, 18, 51, 12, 111, 88, 98, 114, 92, 15, 95, 70, 26, 38, 92, 48, 31], "priority": [13, 9, 5, 3, 11, 18, 16, 14, 17, 7, 12, 15, 6, 4, 2, 10, 8, 19, 1, 20], "win_min": [0, 0, 0, 0, 15, 0, 0, 0, 0, 0, 0, 0, 0, 0, 0, 0, 0, 0, 0, 0], "win_max": [125, 125, 125, 125, 115, 125, 125, 125, 125, 125, 125, 125, 125, 125, 125, 125, 125, 125, 125, 125]}