{"subs": 1, "jobs": 22, "T": 125, "power_use": [1.3090680198151299, 3.8134203535835733, 2.332671707990618, 2.2016195761682704, 1.8394539248007298, 3.410685931603555, 0.6754406608460186, 0.379865146140611, 3.9930326459684014, 3.4929485299850334, 2.547857268698464, 2.509659442417011, 3.7858564064949705, 3.006116626817578, 0.21805792308730662, 0.4972712644433087, 1.8897215283165958, 0.625185482256873, 2.8069724791909723, 3.731025574958071, 2.816484359408982, 3.405250642421875], "power_resource": [5.991565986, 5.460856722, 4.924298574, 4.639396356, 4.48132257, 4.244442768, 3.93337449, 3.55319703, 3.110374944, 2.612142378, 2.709264636, 2.90366307, 3.277068138, 3.858108588, 4.431914892, 4.989098052, 5.520115152, 6.01588503, 6.467942196, 6.868282914, 7.209826956, 7.486109766, 7.692205968, 7.82365194, 7.877369322, 7.851665016, 7.746077268, 7.561067832, 7.298637642, 6.961865058, 6.714980586, 7.05867948, 7.35189327, 7.588773072, 7.80210342, 8.18151129, 8.490578634, 8.72638101, 8.886917484, 8.971572384, 8.9811153, 0.0, 0.0, 0.0, 0.0, 0.0, 0.0, 0.0, 0.0, 0.0, 0.0, 0.0, 0.0, 0.0, 0.0, 0.0, 0.0, 0.0, 0.0, 0.0, 0.0, 0.0, 0.0, 0.0, 0.0, 0.0, 0.0, 0.0, 0.0, 0.0, 0.0, 0.0, 0.0, 0.0, 0.0, 0.0, 6.771160656, 6.863665374, 7.22414133, 7.54275159, 7.81210809, 8.025592356, 8.17766334, 8.406385488, 8.694519984, 8.908927758, 9.04730004, 9.108559404, 9.092859768, 9.001740312, 8.83797156, 8.605093626, 8.308339722, 7.95371265, 7.547830884, 7.098544242, 6.614010378, 6.103310454, 5.575525632, 5.040198828, 4.667255514, 4.525497036, 4.304470788, 4.00802472, 3.64169988, 3.211191234, 2.724040764, 2.64585042, 2.856102408, 3.152086722, 3.733127172, 4.30893441, 4.869811602, 5.406215832, 5.909219856, 6.370204266, 6.78085749, 7.133945382, 7.423157304, 7.642952208, 7.788866472, 7.8575139, 7.847201394, 7.75669761, 7.58661822], "min_cpu_time": [13, 7, 2, 20, 14, 24, 2, 9, 7, 9, 16, 24, 20, 24, 9, 11, 5, 17, 9, 19, 2, 2], "max_cpu_time": [55, 51, 54, 56, 14, 33, 59, 10, 22, 35, 28, 45, 39, 50, 47, 37, 13, 33, 59, 41, 57, 47], "min_job_period": [122, 37, 10, 65, 98, 69, 3, 14, 6, 111, 115, 8, 53, 62, 46, 104, 10, 95, 69, 88, 1, 20], "max_job_period": [123, 48, 82, 86, 109, 70, 13, 71, 39, 117, 121, 73, 116, 66, 108, 113, 104, 102, 89, 118, 86, 52], "min_startup": [1, 2, 5, 1, 1, 1, 5, 1, 2, 1, 1, 1, 1, 1, 1, 1, 2, 1, 1, 1, 5, 5], "max_startup": [61, 120, 49, 95, 49, 15, 116, 33, 105, 80, 99, 85, 2, 37, 76, 121, 4, 120, 28, 7, 28, 116], "priority": [13, 14, 15, 1, 19, 4, 3, 11, 9, 18, 17, 5, 2, 22, 21, 10, 16, 7, 12, 6, 20, 8], "win_min": [0, 0, 0, 0, 0, 0, 0, 0, 0, 0, 0, 0, 0, 0, 5, 0, 0, 0, 0, 0, 0, 0], "win_max": [125, 125, 125, 125, 125, 125, 125, 125, 125, 125, 125, 125, 125, 125, 110, 125, 125, 125, 125, 125, 125, 125]}