{"subs": 1, "jobs": 24, "T": 125, "power_use": [1.8964543670174399, 3.488115511531468, 1.0499813421362538, 2.6600162718722062, 1.2044356784147905, 3.108899583910952, 0.582100053523864, 1.0839301642087062, 3.242867641339658, 3.636793697565653, 0.4350958450358525, 0.4124626987159335, 1.656594264756726, 2.6611903861485113, 0.661406270274234, 0.4934512942277553, 3.275949294479576, 3.2948859083077244, 1.6389435889530408, 1.4386744729228074, 1.3933658173849282, 3.4903555518682507, 2.1149435025004064, 2.6997482932995704], "power_resource": [0.0, 0.0, 0.0, 0.0, 6.658030926, 6.999574968, 7.343581698, 7.642644372, 7.88983668, 8.079001902, 8.20459899, 8.52859638, 8.787024702, 8.970648876, 9.077467968, 9.107174142, 9.06038307, 8.938941768, 8.746236432, 8.486115012, 8.164426392, 7.787327292, 7.36189794, 6.89629599, 6.398986932, 5.87889801, 5.345418222, 4.808090484, 4.60830492, 4.433761908, 4.181490306, 3.8556459, 3.462077574, 3.007095966, 2.511018252, 2.769600492, 2.948145372, 3.402203472, 3.982782168, 4.55443362, 5.107460994, 5.63262921, 6.120857106, 6.56383311, 6.953553486, 7.283091924, 7.546445622, 7.738535286, 7.855512966, 7.894146384, 7.853358114, 7.732532484, 7.532593002, 7.25569452, 6.905223234, 6.766389198, 7.10100693, 7.384062132, 7.60970592, 7.872290028, 8.238768786, 8.534291346, 8.755933266, 8.902155366, 8.972495892, 8.96803227, 0.0, 0.0, 0.0, 0.0, 0.0, 0.0, 0.0, 0.0, 0.0, 0.0, 0.0, 0.0, 0.0, 0.0, 0.0, 0.0, 0.0, 0.0, 0.0, 0.0, 0.0, 0.0, 0.0, 0.0, 0.0, 0.0, 0.0, 0.0, 0.0, 0.0, 0.0, 0.0, 0.0, 0.0, 0.0, 6.716058012, 6.93246672, 7.284785022, 7.593852366, 7.85212677, 8.053605432, 8.192593386, 8.469030114, 8.742234564, 8.941404456, 9.064077102, 9.109482912, 9.078237558, 8.97188022, 8.793489258, 8.54706654, 8.23769136, 7.871520438, 7.45578792, 6.998189706, 6.507191286, 5.991565986, 5.460856722, 4.924298574], "min_cpu_time": [8, 5, 3, 22, 24, 12, 9, 16, 3, 22, 12, 12, 3, 5, 11, 2, 7, 3, 4, 12, 17, 12, 15, 8], "max_cpu_time": [26, 45, 4, 32, 57, 25, 56, 62, 31, 60, 60, 57, 48, 10, 42, 55, 33, 53, 22, 24, 52, 50, 18, 8], "min_job_period": [57, 4, 32, 90, 79, 8, 26, 90, 6, 83, 116, 105, 32, 3, 105, 5, 109, 19, 52, 37, 38, 27, 122, 119], "max_job_period": [112, 21, 122, 105, 104, 35, 75, 98, 112, 91, 120, 123, 112, 110, 114, 63, 114, 41, 56, 47, 92, 65, 124, 120], "min_startup": [1, 2, 3, 1, 1, 1, 1, 1, 3, 1, 1, 1, 3, 2, 1, 4, 1, 3, 2, 1, 1, 1, 1, 1], "max_startup": [95, 82, 29, 50, 27, 81, 23, 19, 54, 121, 124, 92, 57, 88, 99, 60, 50, 32, 28, 29, 92, 76, 90, 106], "priority": [8, 13, 5, 17, 11, 14, 21, 24, 3, 9, 15, 7, 1, 6, 12, 20, 4, 2, 16, 19, 10, 23, 18, 22], "win_min": [0, 0, 0, 0, 0, 0, 0, 0, 0, 0, 0, 0, 0, 0, 0, 0, 0, 0, 0, 0, 0, 9, 0, 0], "win_max": [125, 125, 125, 125, 125, 125, 125, 125, 125, 125, 125, 125, 125, 125, 125, 125, 125, 125, 125, 125, 125, 118, 125, 125]}