{"subs": 1, "jobs": 22, "T": 125, "power_use": [2.3925485016571137, 1.0827069301661765, 2.567026741944575, 3.3121114828169715, 3.03203775000219, 0.29505963728954726, 0.16240060070844795, 1.2107800533802464, 0.7841065157853646, 1.6755382434808987, 1.9178784681490342, 0.1360287693604017, 1.7774826009049576, 3.0528390267841754, 3.901837332556527, 3.9754053665394884, 3.4582690357508166, 1.6453305023013218, 2.209926217858822, 0.21453062130929226, 0.9466888368462177, 1.9735829653047907], "power_resource": [8.930938032, 8.958643272, 0.0, 0.0, 0.0, 0.0, 0.0, 0.0, 0.0, 0.0, 0.0, 0.0, 0.0, 0.0, 0.0, 0.0, 0.0, 0.0, 0.0, 0.0, 0.0, 0.0, 0.0, 0.0, 0.0, 0.0, 0.0, 0.0, 0.0, 0.0, 0.0, 0.0, 0.0, 0.0, 0.0, 0.0, 0.0, 0.0, 6.76238733, 7.128866088, 7.455172248, 7.733763828, 7.957714518, 8.12148327, 8.337276306, 8.63864775, 8.866908144, 9.019286964, 9.094706784, 9.093013686, 9.015285096, 8.863983702, 8.642803536, 8.356362138, 8.01066231, 7.612168608, 7.168423014, 6.6877371, 6.178884192, 5.650945452, 5.113309878, 4.662637974, 4.536117378, 4.329405504, 4.04650422, 3.692031066, 3.272142762, 2.7936117, 2.653700238, 2.88134496, 3.070356264, 3.652320222, 4.23120582, 4.797316224, 5.341262436, 5.853655458, 6.325721964, 6.749458218, 7.11716832, 7.422387714, 7.659113598, 7.823036268, 7.910461692, 7.918927182, 7.847663148, 7.696515672, 7.467023934, 7.161650622, 6.784551522, 6.86397321, 7.179966864, 7.442089218, 7.644645306, 8.005429098, 8.34543396, 8.613405198, 8.806572288, 8.92416564, 8.966031336, 0.0, 0.0, 0.0, 0.0, 0.0, 0.0, 0.0, 0.0, 0.0, 0.0, 0.0, 0.0, 0.0, 0.0, 0.0, 0.0, 0.0, 0.0, 0.0, 0.0, 0.0, 0.0, 0.0, 0.0, 0.0, 0.0], "min_cpu_time": [5, 4, 14, 24, 19, 17, 5, 3, 5, 21, 1, 19, 5, 15, 16, 8, 17, 12, 15, 9, 18, 15], "max_cpu_time": [41, 28, 41, 34, 48, 58, 56, 58, 55, 28, 2, 60, 17, 56, 51, 52, 19, 18, 23, 18, 36, 41], "min_job_period": [29, 5, 7, 69, 47, 5, 6, 41, 59, 51, 14, 5, 28, 102, 24, 121, 124, 120, 97, 65, 94, 87], "max_job_period": [124, 44, 58, 109, 107, 102, 11, 59, 108, 72, 58, 85, 70, 117, 70, 124, 124, 122, 110, 123, 116, 116], "min_startup": [2, 2, 1, 1, 1, 1, 2, 2, 2, 1, 7, 1, 2, 1, 1, 1, 1, 1, 1, 1, 1, 1], "max_startup": [90, 98, 95, 71, 63, 49, 42, 48, 23, 8, 28, 73, 90, 20, 9, 40, 73, 52, 22, 53, 3, 6], "priority": [5, 13, 12, 4, 17, 16, 18, 3, 15, 14, 9, 2, 21, 6, 22, 7, 8, 19, 1, 10, 20, 11], "win_min": [0, 0, 0, 0, 21, 0, 0, 0, 0, 0, 0, 0, 0, 0, 0, 0, 0, 0, 0, 0, 0, 0], "win_max": [125, 125, 125, 125, 114, 125, 125, 125, 125, 125, 125, 125, 125, 125, 125, 125, 125, 125, 125, 125, 125, 125]}