{"subs": 1, "jobs": 18, "T": 125, "power_use": [3.156229043168364, 1.6348304848557331, 2.639189119614275, 0.9401611061966995, 3.51837137720469, 1.534801090252243, 0.2617141143693783, 1.0941499392556862, 3.157362421830453, 2.105133724016971, 2.360039937755222, 1.0428938854654415, 1.1457821662774283, 2.8473869695069216, 1.6145863646709655, 3.2292989888176122, 2.768547095588539, 0.6748742073170936], "power_resource": [8.971572384, 8.9811153, 0.0, 0.0, 0.0, 0.0, 0.0, 0.0, 0.0, 0.0, 0.0, 0.0, 0.0, 0.0, 0.0, 0.0, 0.0, 0.0, 0.0, 0.0, 0.0, 0.0, 0.0, 0.0, 0.0, 0.0, 0.0, 0.0, 0.0, 0.0, 0.0, 0.0, 0.0, 0.0, 0.0, 0.0, 0.0, 6.771160656, 6.863665374, 7.22414133, 7.54275159, 7.81210809, 8.025592356, 8.17766334, 8.406385488, 8.694519984, 8.908927758, 9.04730004, 9.108559404, 9.092859768, 9.001740312, 8.83797156, 8.605093626, 8.308339722, 7.95371265, 7.547830884, 7.098544242, 6.614010378, 6.103310454, 5.575525632, 5.040198828, 4.667255514, 4.525497036, 4.304470788, 4.00802472, 3.64169988, 3.211191234, 2.724040764, 2.64585042, 2.856102408, 3.152086722, 3.733127172, 4.30893441, 4.869811602, 5.406215832, 5.909219856, 6.370204266, 6.78085749, 7.133945382, 7.423157304, 7.642952208, 7.788866472, 7.8575139, 7.847201394, 7.75669761, 7.58661822, 7.338656322, 7.015736358, 6.662032794, 7.014351096, 7.317569556, 7.565531454, 7.752541824, 8.121637188, 8.444249316, 8.69405823, 8.86875516, 8.967878352, 8.991427806, 0.0, 0.0, 0.0, 0.0, 0.0, 0.0, 0.0, 0.0, 0.0, 0.0, 0.0, 0.0, 0.0, 0.0, 0.0, 0.0, 0.0, 0.0, 0.0, 0.0, 0.0, 0.0, 0.0, 0.0, 0.0, 0.0], "min_cpu_time": [21, 15, 9, 15, 11, 13, 17, 18, 24, 14, 23, 17, 9, 12, 5, 7, 10, 20], "max_cpu_time": [44, 39, 11, 38, 14, 60, 34, 29, 39, 28, 36, 17, 10, 22, 7, 54, 23, 58], "min_job_period": [95, 32, 53, 120, 33, 105, 119, 70, 27, 106, 114, 77, 40, 58, 18, 46, 16, 18], "max_job_period": [106, 118, 79, 123, 91, 109, 122, 84, 59, 108, 116, 110, 119, 90, 65, 114, 100, 93], "min_startup": [1, 1, 2, 1, 2, 1, 1, 1, 1, 1, 1, 1, 2, 2, 3, 2, 2, 1], "max_startup": [99, 59, 73, 68, 111, 55, 85, 74, 106, 109, 78, 32, 93, 49, 91, 76, 43, 23], "priority": [13, 4, 2, 3, 15, 7, 12, 9, 10, 17, 18, 11, 14, 1, 5, 16, 6, 8], "win_min": [8, 0, 0, 0, 0, 0, 0, 0, 0, 0, 0, 0, 0, 0, 0, 0, 0, 0], "win_max": [108, 125, 125, 125, 125, 125, 125, 125, 125, 125, 125, 125, 125, 125, 125, 125, 125, 125]}