{"subs": 1, "jobs": 18, "T": 125, "power_use": [3.342862875540394, 1.3998435474638602, 2.4575751236838936, 3.6431568271115493, 3.5922311017522706, 1.8043412632309126, 3.799173682799877, 3.762317553058388, 3.7950710449970915, 2.9438456540687707, 0.7868275988916245, 0.1876470486512728, 0.27165560373387876, 2.0416627474056455, 2.806380857436511, 0.7512897559750901, 0.9162333423877791, 2.1537870903411944], "power_resource": [0.0, 0.0, 0.0, 0.0, 0.0, 0.0, 0.0, 6.809794074, 6.832112184, 7.190895042, 7.507966122, 7.775783442, 7.987882446, 8.138722086, 8.40238362, 8.689132854, 8.902155366, 9.03883455, 9.098400816, 9.081008082, 8.987887692, 8.82181017, 8.586777384, 8.287560792, 7.930163196, 7.521356988, 7.068991986, 6.581379762, 6.067293642, 5.535814788, 4.996793952, 4.638165012, 4.495021272, 4.272609762, 3.974470596, 3.606144822, 3.173327406, 2.68356033, 2.720654568, 2.932753572, 3.195029844, 3.777455556, 4.354801974, 4.9176801, 5.4563931, 5.961859812, 6.425460828, 6.839192412, 7.195512582, 7.4881107, 7.711445718, 7.861054014, 7.933549392, 7.926930918, 7.840275084, 7.674043644, 7.429929696, 7.110703764, 6.720521634, 6.909994692, 7.21644543, 7.467793524, 7.67204271, 8.068227642, 8.394841638, 8.648806338, 8.827659054, 8.930938032, 8.958643272, 0.0, 0.0, 0.0, 0.0, 0.0, 0.0, 0.0, 0.0, 0.0, 0.0, 0.0, 0.0, 0.0, 0.0, 0.0, 0.0, 0.0, 0.0, 0.0, 0.0, 0.0, 0.0, 0.0, 0.0, 0.0, 0.0, 0.0, 0.0, 0.0, 0.0, 0.0, 0.0, 0.0, 0.0, 0.0, 0.0, 6.76238733, 7.128866088, 7.455172248, 7.733763828, 7.957714518, 8.12148327, 8.337276306, 8.63864775, 8.866908144, 9.019286964, 9.094706784, 9.093013686, 9.015285096, 8.863983702, 8.642803536, 8.356362138, 8.01066231, 7.612168608, 7.168423014, 6.6877371], "min_cpu_time": [5, 16, 9, 16, 18, 9, 10, 10, 19, 19, 24, 15, 1, 3, 20, 24, 23, 20], "max_cpu_time": [40, 18, 18, 58, 52, 36, 14, 12, 25, 48, 57, 21, 49, 45, 56, 32, 38, 55], "min_job_period": [51, 71, 27, 120, 64, 15, 43, 18, 92, 57, 57, 54, 5, 8, 122, 9, 80, 68], "max_job_period": [94, 122, 84, 122, 79, 91, 124, 113, 95, 113, 122, 98, 122, 66, 123, 32, 106, 73], "min_startup": [2, 1, 1, 1, 1, 1, 1, 1, 1, 1, 1, 1, 8, 3, 1, 1, 1, 1], "max_startup": [5, 40, 82, 90, 124, 82, 36, 65, 35, 111, 48, 2, 64, 97, 39, 66, 100, 90], "priority": [1, 7, 11, 14, 9, 6, 2, 15, 4, 13, 12, 10, 5, 17, 3, 16, 18, 8], "win_min": [0, 0, 0, 0, 0, 0, 0, 0, 0, 0, 0, 0, 0, 0, 0, 14, 0, 0], "win_max": [125, 125, 125, 125, 125, 125, 125, 125, 125, 125, 125, 125, 125, 125, 125, 123, 125, 125]}