{"subs": 1, "jobs": 20, "T": 125, "power_use": [3.3268807620294436, 1.0655113120379391, 0.9301345210589892, 2.034344143906614, 0.15219210094199342, 1.6761231704189308, 0.5460325620928964, 3.89673393092968, 0.10460820221925748, 1.6760726811285287, 2.711465475305717, 3.122488386879614, 1.7879253183261687, 1.7467157452937512, 0.5105610960065744, 2.80034286950013, 2.3508388775381426, 1.281566027727313, 3.5015006731493536, 1.8432383891360717], "power_resource": [0.0, 0.0, 0.0, 0.0, 0.0, 0.0, 0.0, 0.0, 0.0, 0.0, 0.0, 0.0, 0.0, 0.0, 0.0, 0.0, 0.0, 0.0, 0.0, 0.0, 0.0, 0.0, 0.0, 0.0, 0.0, 0.0, 0.0, 0.0, 0.0, 0.0, 0.0, 0.0, 0.0, 6.691123296, 7.065144036, 7.40037744, 7.689435444, 7.925083902, 8.101627848, 8.26924455, 8.585084286, 8.828582562, 8.996661018, 9.087780474, 9.101633094, 9.039450222, 8.902924956, 8.695905246, 8.422700796, 8.088698736, 7.700825376, 7.266007026, 6.792709176, 6.289551234, 5.765306526, 5.229671886, 4.691882394, 4.573827288, 4.383276804, 4.115459484, 3.775300704, 3.368341512, 2.901508218, 2.583821466, 2.827011906, 2.989549314, 3.527338806, 4.10730183, 4.676336676, 5.224900428, 5.743911924, 6.224136084, 6.657569172, 7.036515288, 7.354048122, 7.604164872, 7.782247998, 7.88444955, 7.908152922, 7.851972852, 7.71590934, 7.50119373, 7.209980874, 6.846118722, 6.815950794, 7.141487364, 7.41423006, 7.628329998, 7.940167866, 8.293563594, 8.575233534, 8.782714998, 8.914468806, 8.970648876, 8.952178716, 0.0, 0.0, 0.0, 0.0, 0.0, 0.0, 0.0, 0.0, 0.0, 0.0, 0.0, 0.0, 0.0, 0.0, 0.0, 0.0, 0.0, 0.0, 0.0, 0.0, 0.0, 0.0, 0.0, 0.0, 0.0, 0.0, 0.0, 0.0, 0.0, 0.0], "min_cpu_time": [10, 11, 12, 18, 13, 1, 8, 9, 1, 18, 24, 24, 23, 17, 11, 18, 4, 1, 14, 15], "max_cpu_time": [38, 19, 56, 45, 46, 15, 56, 33, 43, 55, 41, 38, 59, 33, 29, 28, 30, 37, 46, 55], "min_job_period": [114, 109, 43, 90, 8, 24, 96, 17, 23, 109, 90, 34, 106, 20, 97, 26, 30, 34, 120, 90], "max_job_period": [121, 121, 49, 115, 53, 58, 116, 59, 34, 115, 120, 37, 110, 66, 110, 99, 89, 63, 122, 99], "min_startup": [1, 1, 1, 1, 1, 3, 1, 1, 3, 1, 1, 1, 1, 1, 1, 1, 1, 3, 1, 1], "max_startup": [79, 98, 114, 63, 66, 27, 107, 64, 21, 122, 17, 90, 113, 83, 19, 61, 68, 106, 97, 15], "priority": [7, 19, 10, 6, 13, 17, 8, 9, 4, 18, 16, 14, 20, 2, 3, 15, 11, 12, 5, 1], "win_min": [0, 0, 0, 0, 0, 0, 0, 0, 0, 0, 22, 0, 0, 0, 0, 0, 0, 0, 0, 0], "win_max": [125, 125, 125, 125, 125, 125, 125, 125, 125, 125, 100, 125, 125, 125, 125, 125, 125, 125, 125, 125]}