{"subs": 1, "jobs": 9, "T": 125, "power_use": [0.43695305146552876, 1.9145959334637876, 1.9324984076343825, 3.6277547667464134, 0.1493159794125887, 0.6638424053326516, 2.1967703548410435, 1.8836196619827381, 1.3607894675281178], "power_resource": [0.0, 0.0, 0.0, 0.0, 0.0, 6.809794074, 6.832112184, 7.190895042, 7.507966122, 7.775783442, 7.987882446, 8.138722086, 8.40238362, 8.689132854, 8.902155366, 9.03883455, 9.098400816, 9.081008082, 8.987887692, 8.82181017, 8.586777384, 8.287560792, 7.930163196, 7.521356988, 7.068991986, 6.581379762, 6.067293642, 5.535814788, 4.996793952, 4.638165012, 4.495021272, 4.272609762, 3.974470596, 3.606144822, 3.173327406, 2.68356033, 2.720654568, 2.932753572, 3.195029844, 3.777455556, 4.354801974, 4.9176801, 5.4563931, 5.961859812, 6.425460828, 6.839192412, 7.195512582, 7.4881107, 7.711445718, 7.861054014, 7.933549392, 7.926930918, 7.840275084, 7.674043644, 7.429929696, 7.110703764, 6.720521634, 6.909994692, 7.21644543, 7.467793524, 7.67204271, 8.068227642, 8.394841638, 8.648806338, 8.827659054, 8.930938032, 8.958643272, 0.0, 0.0, 0.0, 0.0, 0.0, 0.0, 0.0, 0.0, 0.0, 0.0, 0.0, 0.0, 0.0, 0.0, 0.0, 0.0, 0.0, 0.0, 0.0, 0.0, 0.0, 0.0, 0.0, 0.0, 0.0, 0.0, 0.0, 0.0, 0.0, 0.0, 0.0, 0.0, 0.0, 0.0, 0.0, 0.0, 6.76238733, 7.128866088, 7.455172248, 7.733763828, 7.957714518, 8.12148327, 8.337276306, 8.63864775, 8.866908144, 9.019286964, 9.094706784, 9.093013686, 9.015285096, 8.863983702, 8.642803536, 8.356362138, 8.01066231, 7.612168608, 7.168423014, 6.6877371, 6.178884192, 5.650945452], "min_cpu_time": [9, 22, 7, 19, 23, 15, 8, 12, 22], "max_cpu_time": [53, 53, 56, 56, 54, 35, 42, 21, 45], "min_job_period": [24, 51, 48, 65, 33, 91, 68, 90, 34], "max_job_period": [117, 59, 100, 66, 36, 124, 88, 109, 106], "min_startup": [1, 1, 1, 1, 1, 1, 1, 1, 1], "max_startup": [27, 107, 76, 92, 104, 8, 105, 68, 76], "priority": [6, 9, 1, 3, 5, 2, 8, 4, 7], "win_min": [0, 0, 0, 0, 0, 0, 0, 0, 16], "win_max": [125, 125, 125, 125, 125, 125, 125, 125, 100]}