{"subs": 1, "jobs": 9, "T": 125, "power_use": [2.2185080233144943, 2.453480477221715, 3.2429428118228034, 2.4391803371755465, 3.7918669852587215, 1.1055047223952936, 1.0975500701175618, 0.45662038078719763, 2.4020243081828183], "power_resource": [0.0, 0.0, 0.0, 0.0, 0.0, 0.0, 0.0, 0.0, 0.0, 0.0, 0.0, 0.0, 0.0, 0.0, 6.716058012, 6.93246672, 7.284785022, 7.593852366, 7.85212677, 8.053605432, 8.192593386, 8.469030114, 8.742234564, 8.941404456, 9.064077102, 9.109482912, 9.078237558, 8.97188022, 8.793489258, 8.54706654, 8.23769136, 7.871520438, 7.45578792, 6.998189706, 6.507191286, 5.991565986, 5.460856722, 4.924298574, 4.639396356, 4.48132257, 4.244442768, 3.93337449, 3.55319703, 3.110374944, 2.612142378, 2.709264636, 2.90366307, 3.277068138, 3.858108588, 4.431914892, 4.989098052, 5.520115152, 6.01588503, 6.467942196, 6.868282914, 7.209826956, 7.486109766, 7.692205968, 7.82365194, 7.877369322, 7.851665016, 7.746077268, 7.561067832, 7.298637642, 6.961865058, 6.714980586, 7.05867948, 7.35189327, 7.588773072, 7.80210342, 8.18151129, 8.490578634, 8.72638101, 8.886917484, 8.971572384, 8.9811153, 0.0, 0.0, 0.0, 0.0, 0.0, 0.0, 0.0, 0.0, 0.0, 0.0, 0.0, 0.0, 0.0, 0.0, 0.0, 0.0, 0.0, 0.0, 0.0, 0.0, 0.0, 0.0, 0.0, 0.0, 0.0, 0.0, 0.0, 0.0, 0.0, 0.0, 0.0, 0.0, 0.0, 0.0, 0.0, 6.771160656, 6.863665374, 7.22414133, 7.54275159, 7.81210809, 8.025592356, 8.17766334, 8.406385488, 8.694519984, 8.908927758, 9.04730004, 9.108559404, 9.092859768, 9.001740312], "min_cpu_time": [20, 4, 12, 2, 1, 10, 11, 23, 13], "max_cpu_time": [42, 41, 49, 58, 55, 42, 57, 46, 24], "min_job_period": [24, 29, 40, 54, 22, 115, 55, 55, 92], "max_job_period": [61, 69, 83, 85, 109, 117, 105, 123, 103], "min_startup": [1, 1, 1, 2, 4, 1, 1, 1, 1], "max_startup": [106, 45, 2, 14, 109, 45, 124, 27, 93], "priority": [1, 4, 6, 5, 9, 2, 3, 7, 8], "win_min": [0, 0, 0, 0, 0, 0, 0, 0, 7], "win_max": [125, 125, 125, 125, 125, 125, 125, 125, 106]}