{"subs": 1, "jobs": 9, "T": 125, "power_use": [1.5860064443006825, 0.28336147855274796, 1.9544987154779494, 2.423891661611834, 0.5755875794172317, 2.3151234689804303, 3.7293179391538387, 3.071973307940307, 2.8999232895097853], "power_resource": [0.0, 0.0, 0.0, 6.809794074, 6.832112184, 7.190895042, 7.507966122, 7.775783442, 7.987882446, 8.138722086, 8.40238362, 8.689132854, 8.902155366, 9.03883455, 9.098400816, 9.081008082, 8.987887692, 8.82181017, 8.586777384, 8.287560792, 7.930163196, 7.521356988, 7.068991986, 6.581379762, 6.067293642, 5.535814788, 4.996793952, 4.638165012, 4.495021272, 4.272609762, 3.974470596, 3.606144822, 3.173327406, 2.68356033, 2.720654568, 2.932753572, 3.195029844, 3.777455556, 4.354801974, 4.9176801, 5.4563931, 5.961859812, 6.425460828, 6.839192412, 7.195512582, 7.4881107, 7.711445718, 7.861054014, 7.933549392, 7.926930918, 7.840275084, 7.674043644, 7.429929696, 7.110703764, 6.720521634, 6.909994692, 7.21644543, 7.467793524, 7.67204271, 8.068227642, 8.394841638, 8.648806338, 8.827659054, 8.930938032, 8.958643272, 0.0, 0.0, 0.0, 0.0, 0.0, 0.0, 0.0, 0.0, 0.0, 0.0, 0.0, 0.0, 0.0, 0.0, 0.0, 0.0, 0.0, 0.0, 0.0, 0.0, 0.0, 0.0, 0.0, 0.0, 0.0, 0.0, 0.0, 0.0, 0.0, 0.0, 0.0, 0.0, 0.0, 0.0, 0.0, 0.0, 6.76238733, 7.128866088, 7.455172248, 7.733763828, 7.957714518, 8.12148327, 8.337276306, 8.63864775, 8.866908144, 9.019286964, 9.094706784, 9.093013686, 9.015285096, 8.863983702, 8.642803536, 8.356362138, 8.01066231, 7.612168608, 7.168423014, 6.6877371, 6.178884192, 5.650945452, 5.113309878, 4.662637974], "min_cpu_time": [19, 22, 7, 4, 22, 11, 13, 23, 2], "max_cpu_time": [29, 43, 31, 23, 38, 56, 29, 29, 61], "min_job_period": [2, 64, 91, 32, 66, 17, 34, 97, 8], "max_job_period": [68, 77, 95, 97, 112, 96, 109, 113, 123], "min_startup": [1, 1, 1, 2, 1, 1, 1, 1, 4], "max_startup": [100, 66, 10, 33, 35, 17, 101, 11, 101], "priority": [7, 1, 8, 6, 5, 2, 3, 4, 9], "win_min": [0, 0, 0, 0, 0, 22, 0, 0, 0], "win_max": [125, 125, 125, 125, 125, 115, 125, 125, 125]}