{"subs": 1, "jobs": 13, "T": 125, "power_use": [0.08456955619283064, 2.290608212894711, 0.4401921680011723, 0.2790128002464317, 2.176452817533011, 3.4834374108053647, 2.3113689265698687, 2.8345749834012635, 0.6757293671241255, 3.634386913285392, 1.2012262499464268, 2.928322819117338, 0.9333743218866037], "power_resource": [8.866908144, 9.019286964, 9.094706784, 9.093013686, 9.015285096, 8.863983702, 8.642803536, 8.356362138, 8.01066231, 7.612168608, 7.168423014, 6.6877371, 6.178884192, 5.650945452, 5.113309878, 4.662637974, 4.536117378, 4.329405504, 4.04650422, 3.692031066, 3.272142762, 2.7936117, 2.653700238, 2.88134496, 3.070356264, 3.652320222, 4.23120582, 4.797316224, 5.341262436, 5.853655458, 6.325721964, 6.749458218, 7.11716832, 7.422387714, 7.659113598, 7.823036268, 7.910461692, 7.918927182, 7.847663148, 7.696515672, 7.467023934, 7.161650622, 6.784551522, 6.86397321, 7.179966864, 7.442089218, 7.644645306, 8.005429098, 8.34543396, 8.613405198, 8.806572288, 8.92416564, 8.966031336, 0.0, 0.0, 0.0, 0.0, 0.0, 0.0, 0.0, 0.0, 0.0, 0.0, 0.0, 0.0, 0.0, 0.0, 0.0, 0.0, 0.0, 0.0, 0.0, 0.0, 0.0, 0.0, 0.0, 0.0, 0.0, 0.0, 0.0, 0.0, 0.0, 0.0, 0.0, 0.0, 0.0, 0.0, 0.0, 0.0, 6.691123296, 7.065144036, 7.40037744, 7.689435444, 7.925083902, 8.101627848, 8.26924455, 8.585084286, 8.828582562, 8.996661018, 9.087780474, 9.101633094, 9.039450222, 8.902924956, 8.695905246, 8.422700796, 8.088698736, 7.700825376, 7.266007026, 6.792709176, 6.289551234, 5.765306526, 5.229671886, 4.691882394, 4.573827288, 4.383276804, 4.115459484, 3.775300704, 3.368341512, 2.901508218, 2.583821466, 2.827011906, 2.989549314, 3.527338806, 4.10730183, 4.676336676], "min_cpu_time": [19, 17, 22, 8, 3, 7, 3, 16, 12, 13, 4, 18, 10], "max_cpu_time": [40, 58, 36, 8, 55, 48, 61, 22, 26, 18, 32, 52, 57], "min_job_period": [76, 70, 71, 25, 6, 36, 24, 9, 104, 51, 18, 17, 106], "max_job_period": [107, 72, 98, 43, 69, 82, 102, 45, 124, 73, 110, 91, 108], "min_startup": [1, 1, 1, 2, 4, 2, 4, 1, 1, 1, 3, 1, 1], "max_startup": [113, 117, 110, 50, 45, 67, 17, 78, 30, 45, 36, 123, 80], "priority": [2, 3, 5, 12, 6, 7, 4, 13, 9, 11, 8, 10, 1], "win_min": [0, 0, 0, 0, 0, 13, 0, 0, 0, 0, 0, 0, 0], "win_max": [125, 125, 125, 125, 125, 107, 125, 125, 125, 125, 125, 125, 125]}