{"subs": 1, "jobs": 22, "T": 125, "power_use": [0.28428695691481565, 1.0169536862861146, 3.845525920318634, 2.043950828668488, 0.08406101109945222, 2.4026149928559466, 3.2421271076361915, 2.9117824714444014, 0.8421695463476789, 1.3504779418203239, 1.8664945887436488, 1.8458678405847424, 0.13021557678099677, 0.16442462628742102, 0.2334328889193969, 2.6359026638246865, 1.986204027051988, 3.4006410331853405, 2.828151492314485, 2.888827314291699, 3.0358254675648917, 2.506728234321457], "power_resource": [8.97188022, 8.793489258, 8.54706654, 8.23769136, 7.871520438, 7.45578792, 6.998189706, 6.507191286, 5.991565986, 5.460856722, 4.924298574, 4.639396356, 4.48132257, 4.244442768, 3.93337449, 3.55319703, 3.110374944, 2.612142378, 2.709264636, 2.90366307, 3.277068138, 3.858108588, 4.431914892, 4.989098052, 5.520115152, 6.01588503, 6.467942196, 6.868282914, 7.209826956, 7.486109766, 7.692205968, 7.82365194, 7.877369322, 7.851665016, 7.746077268, 7.561067832, 7.298637642, 6.961865058, 6.714980586, 7.05867948, 7.35189327, 7.588773072, 7.80210342, 8.18151129, 8.490578634, 8.72638101, 8.886917484, 8.971572384, 8.9811153, 0.0, 0.0, 0.0, 0.0, 0.0, 0.0, 0.0, 0.0, 0.0, 0.0, 0.0, 0.0, 0.0, 0.0, 0.0, 0.0, 0.0, 0.0, 0.0, 0.0, 0.0, 0.0, 0.0, 0.0, 0.0, 0.0, 0.0, 0.0, 0.0, 0.0, 0.0, 0.0, 0.0, 0.0, 0.0, 6.771160656, 6.863665374, 7.22414133, 7.54275159, 7.81210809, 8.025592356, 8.17766334, 8.406385488, 8.694519984, 8.908927758, 9.04730004, 9.108559404, 9.092859768, 9.001740312, 8.83797156, 8.605093626, 8.308339722, 7.95371265, 7.547830884, 7.098544242, 6.614010378, 6.103310454, 5.575525632, 5.040198828, 4.667255514, 4.525497036, 4.304470788, 4.00802472, 3.64169988, 3.211191234, 2.724040764, 2.64585042, 2.856102408, 3.152086722, 3.733127172, 4.30893441, 4.869811602, 5.406215832, 5.909219856, 6.370204266, 6.78085749], "min_cpu_time": [3, 9, 8, 16, 23, 4, 2, 14, 23, 17, 3, 14, 9, 6, 19, 22, 8, 16, 13, 18, 16, 4], "max_cpu_time": [43, 57, 44, 38, 43, 28, 54, 37, 61, 28, 57, 15, 56, 47, 26, 60, 53, 41, 41, 49, 55, 57], "min_job_period": [18, 85, 32, 49, 84, 90, 10, 44, 66, 124, 35, 52, 103, 107, 72, 26, 28, 97, 21, 77, 55, 121], "max_job_period": [72, 101, 99, 85, 103, 107, 106, 52, 109, 124, 54, 82, 111, 108, 122, 41, 124, 109, 52, 95, 106, 123], "min_startup": [2, 1, 1, 1, 1, 1, 2, 1, 1, 1, 2, 1, 1, 1, 1, 1, 1, 1, 1, 1, 1, 1], "max_startup": [53, 113, 71, 73, 23, 122, 88, 86, 82, 62, 2, 43, 61, 71, 28, 107, 70, 51, 76, 116, 36, 91], "priority": [6, 11, 12, 3, 2, 1, 15, 18, 8, 20, 19, 14, 17, 10, 22, 13, 7, 21, 16, 4, 9, 5], "win_min": [0, 0, 0, 0, 0, 0, 0, 0, 0, 0, 0, 0, 0, 0, 0, 17, 0, 0, 0, 0, 0, 0], "win_max": [125, 125, 125, 125, 125, 125, 125, 125, 125, 125, 125, 125, 125, 125, 125, 116, 125, 125, 125, 125, 125, 125]}