{"subs": 1, "jobs": 13, "T": 125, "power_use": [3.8911967665902596, 3.988682769457663, 0.19601707575326058, 1.4364262580294038, 0.6901386940803098, 1.8295017543422243, 2.089675069092365, 2.8432782255916553, 1.8078151470486565, 3.4551270853763336, 1.8835486306359321, 2.8719010559189604, 3.633250313431546], "power_resource": [7.71590934, 7.50119373, 7.209980874, 6.846118722, 6.815950794, 7.141487364, 7.41423006, 7.628329998, 7.940167866, 8.293563594, 8.575233534, 8.782714998, 8.914468806, 8.970648876, 8.952178716, 0.0, 0.0, 0.0, 0.0, 0.0, 0.0, 0.0, 0.0, 0.0, 0.0, 0.0, 0.0, 0.0, 0.0, 0.0, 0.0, 0.0, 0.0, 0.0, 0.0, 0.0, 0.0, 0.0, 0.0, 0.0, 0.0, 0.0, 0.0, 0.0, 0.0, 0.0, 0.0, 0.0, 0.0, 0.0, 6.658030926, 6.999574968, 7.343581698, 7.642644372, 7.88983668, 8.079001902, 8.20459899, 8.52859638, 8.787024702, 8.970648876, 9.077467968, 9.107174142, 9.06038307, 8.938941768, 8.746236432, 8.486115012, 8.164426392, 7.787327292, 7.36189794, 6.89629599, 6.398986932, 5.87889801, 5.345418222, 4.808090484, 4.60830492, 4.433761908, 4.181490306, 3.8556459, 3.462077574, 3.007095966, 2.511018252, 2.769600492, 2.948145372, 3.402203472, 3.982782168, 4.55443362, 5.107460994, 5.63262921, 6.120857106, 6.56383311, 6.953553486, 7.283091924, 7.546445622, 7.738535286, 7.855512966, 7.894146384, 7.853358114, 7.732532484, 7.532593002, 7.25569452, 6.905223234, 6.766389198, 7.10100693, 7.384062132, 7.60970592, 7.872290028, 8.238768786, 8.534291346, 8.755933266, 8.902155366, 8.972495892, 8.96803227, 0.0, 0.0, 0.0, 0.0, 0.0, 0.0, 0.0, 0.0, 0.0, 0.0, 0.0, 0.0, 0.0], "min_cpu_time": [8, 23, 13, 21, 9, 12, 5, 12, 4, 10, 24, 10, 20], "max_cpu_time": [35, 60, 14, 32, 10, 59, 7, 59, 32, 42, 44, 38, 30], "min_job_period": [10, 49, 25, 26, 10, 9, 4, 22, 4, 24, 11, 14, 20], "max_job_period": [73, 109, 107, 124, 63, 112, 16, 44, 73, 113, 120, 92, 43], "min_startup": [7, 2, 4, 2, 6, 5, 11, 5, 14, 5, 2, 5, 3], "max_startup": [86, 97, 121, 41, 122, 56, 15, 104, 109, 119, 104, 65, 93], "priority": [8, 1, 11, 10, 4, 2, 12, 13, 3, 6, 7, 5, 9], "win_min": [0, 0, 0, 0, 0, 13, 0, 0, 0, 0, 0, 0, 0], "win_max": [125, 125, 125, 125, 125, 108, 125, 125, 125, 125, 125, 125, 125]}