{"subs": 1, "jobs": 24, "T": 125, "power_use": [3.8155663680958156, 2.769086611187694, 1.4879268980227927, 3.035540212585251, 1.2491640495690033, 1.6018595299986969, 2.3606851765953203, 2.5057947708531327, 3.8255487190103388, 3.620936162738215, 3.4509651722696044, 0.14648627935144384, 0.7039408690339581, 3.343427412210688, 0.5655608117676263, 1.1085702456971545, 2.420115732259359, 0.7184956388663551, 2.664796866078662, 2.9805042297129023, 1.9141963118100385, 1.9660224860964313, 2.994564674766284, 0.8976592172442373], "power_resource": [0.0, 0.0, 0.0, 0.0, 0.0, 0.0, 0.0, 0.0, 0.0, 0.0, 0.0, 0.0, 0.0, 0.0, 0.0, 0.0, 6.691123296, 7.065144036, 7.40037744, 7.689435444, 7.925083902, 8.101627848, 8.26924455, 8.585084286, 8.828582562, 8.996661018, 9.087780474, 9.101633094, 9.039450222, 8.902924956, 8.695905246, 8.422700796, 8.088698736, 7.700825376, 7.266007026, 6.792709176, 6.289551234, 5.765306526, 5.229671886, 4.691882394, 4.573827288, 4.383276804, 4.115459484, 3.775300704, 3.368341512, 2.901508218, 2.583821466, 2.827011906, 2.989549314, 3.527338806, 4.10730183, 4.676336676, 5.224900428, 5.743911924, 6.224136084, 6.657569172, 7.036515288, 7.354048122, 7.604164872, 7.782247998, 7.88444955, 7.908152922, 7.851972852, 7.71590934, 7.50119373, 7.209980874, 6.846118722, 6.815950794, 7.141487364, 7.41423006, 7.628329998, 7.940167866, 8.293563594, 8.575233534, 8.782714998, 8.914468806, 8.970648876, 8.952178716, 0.0, 0.0, 0.0, 0.0, 0.0, 0.0, 0.0, 0.0, 0.0, 0.0, 0.0, 0.0, 0.0, 0.0, 0.0, 0.0, 0.0, 0.0, 0.0, 0.0, 0.0, 0.0, 0.0, 0.0, 0.0, 0.0, 0.0, 0.0, 0.0, 0.0, 0.0, 0.0, 0.0, 0.0, 0.0, 6.658030926, 6.999574968, 7.343581698, 7.642644372, 7.88983668, 8.079001902, 8.20459899, 8.52859638, 8.787024702, 8.970648876, 9.077467968, 9.107174142], "min_cpu_time": [9, 2, 21, 12, 2, 19, 21, 11, 15, 23, 3, 12, 3, 3, 15, 19, 8, 2, 18, 5, 3, 15, 10, 22], "max_cpu_time": [26, 33, 21, 13, 11, 38, 58, 38, 24, 23, 57, 15, 19, 34, 21, 33, 14, 6, 30, 48, 33, 49, 11, 28], "min_job_period": [124, 21, 59, 74, 28, 17, 102, 38, 53, 36, 15, 118, 55, 86, 62, 120, 118, 33, 38, 88, 78, 39, 103, 29], "max_job_period": [124, 82, 96, 93, 113, 105, 114, 74, 95, 80, 31, 123, 97, 87, 120, 121, 118, 122, 79, 111, 112, 59, 104, 109], "min_startup": [1, 1, 1, 1, 1, 1, 1, 1, 1, 1, 1, 1, 1, 1, 1, 1, 1, 1, 1, 1, 1, 1, 1, 1], "max_startup": [12, 118, 70, 101, 109, 47, 41, 92, 82, 11, 7, 84, 34, 49, 77, 37, 116, 77, 35, 81, 102, 64, 116, 93], "priority": [15, 13, 22, 1, 19, 21, 24, 8, 14, 9, 11, 17, 23, 2, 12, 6, 5, 18, 3, 16, 7, 10, 4, 20], "win_min": [0, 0, 18, 0, 0, 0, 0, 0, 0, 0, 0, 0, 0, 0, 0, 0, 0, 0, 0, 0, 0, 0, 0, 0], "win_max": [125, 125, 123, 125, 125, 125, 125, 125, 125, 125, 125, 125, 125, 125, 125, 125, 125, 125, 125, 125, 125, 125, 125, 125]}