{"subs": 1, "jobs": 13, "T": 125, "power_use": [0.2586656507535607, 0.5184057601902107, 2.1427333850518013, 3.4342831071395326, 3.1659079215641395, 0.28128570550960985, 0.5474194758626002, 0.3773169193892407, 0.41097179275885304, 1.860934234247359, 3.836409795329765, 2.377137317232534, 3.0984521737224626], "power_resource": [0.0, 0.0, 0.0, 0.0, 0.0, 0.0, 0.0, 0.0, 0.0, 0.0, 0.0, 0.0, 6.691123296, 7.065144036, 7.40037744, 7.689435444, 7.925083902, 8.101627848, 8.26924455, 8.585084286, 8.828582562, 8.996661018, 9.087780474, 9.101633094, 9.039450222, 8.902924956, 8.695905246, 8.422700796, 8.088698736, 7.700825376, 7.266007026, 6.792709176, 6.289551234, 5.765306526, 5.229671886, 4.691882394, 4.573827288, 4.383276804, 4.115459484, 3.775300704, 3.368341512, 2.901508218, 2.583821466, 2.827011906, 2.989549314, 3.527338806, 4.10730183, 4.676336676, 5.224900428, 5.743911924, 6.224136084, 6.657569172, 7.036515288, 7.354048122, 7.604164872, 7.782247998, 7.88444955, 7.908152922, 7.851972852, 7.71590934, 7.50119373, 7.209980874, 6.846118722, 6.815950794, 7.141487364, 7.41423006, 7.628329998, 7.940167866, 8.293563594, 8.575233534, 8.782714998, 8.914468806, 8.970648876, 8.952178716, 0.0, 0.0, 0.0, 0.0, 0.0, 0.0, 0.0, 0.0, 0.0, 0.0, 0.0, 0.0, 0.0, 0.0, 0.0, 0.0, 0.0, 0.0, 0.0, 0.0, 0.0, 0.0, 0.0, 0.0, 0.0, 0.0, 0.0, 0.0, 0.0, 0.0, 0.0, 0.0, 0.0, 0.0, 0.0, 6.658030926, 6.999574968, 7.343581698, 7.642644372, 7.88983668, 8.079001902, 8.20459899, 8.52859638, 8.787024702, 8.970648876, 9.077467968, 9.107174142, 9.06038307, 8.938941768, 8.746236432, 8.486115012], "min_cpu_time": [19, 24, 20, 1, 17, 12, 20, 4, 23, 8, 9, 12, 17], "max_cpu_time": [44, 44, 32, 3, 34, 30, 41, 58, 48, 21, 19, 32, 50], "min_job_period": [78, 119, 112, 5, 70, 60, 119, 12, 14, 46, 4, 32, 22], "max_job_period": [116, 121, 119, 11, 123, 63, 119, 116, 37, 123, 93, 58, 60], "min_startup": [1, 1, 1, 13, 1, 1, 1, 4, 1, 2, 2, 1, 1], "max_startup": [12, 59, 15, 36, 74, 27, 97, 73, 88, 11, 63, 50, 80], "priority": [10, 1, 8, 4, 5, 9, 2, 12, 7, 11, 13, 6, 3], "win_min": [0, 0, 0, 0, 0, 0, 0, 0, 0, 0, 0, 18, 0], "win_max": [125, 125, 125, 125, 125, 125, 125, 125, 125, 125, 125, 113, 125]}