{"subs": 1, "jobs": 20, "T": 125, "power_use": [1.4338884095761162, 0.029384719718961, 0.36999556795977634, 3.1651194277106156, 1.2327730712074738, 2.3679767886564895, 3.5274484653126135, 3.080200466427881, 2.690332317062913, 2.026656013058926, 0.8325658378667136, 2.85426937356191, 0.12552815918919233, 3.7060946864253874, 1.0172985238584789, 0.6663652038974913, 2.248916033416, 0.8516448798721192, 1.7759344287923813, 0.44662105501385757], "power_resource": [0.0, 0.0, 0.0, 0.0, 0.0, 0.0, 0.0, 0.0, 0.0, 0.0, 0.0, 0.0, 0.0, 0.0, 0.0, 0.0, 0.0, 0.0, 0.0, 0.0, 0.0, 0.0, 0.0, 0.0, 0.0, 0.0, 0.0, 0.0, 0.0, 0.0, 0.0, 0.0, 0.0, 0.0, 6.76238733, 7.128866088, 7.455172248, 7.733763828, 7.957714518, 8.12148327, 8.337276306, 8.63864775, 8.866908144, 9.019286964, 9.094706784, 9.093013686, 9.015285096, 8.863983702, 8.642803536, 8.356362138, 8.01066231, 7.612168608, 7.168423014, 6.6877371, 6.178884192, 5.650945452, 5.113309878, 4.662637974, 4.536117378, 4.329405504, 4.04650422, 3.692031066, 3.272142762, 2.7936117, 2.653700238, 2.88134496, 3.070356264, 3.652320222, 4.23120582, 4.797316224, 5.341262436, 5.853655458, 6.325721964, 6.749458218, 7.11716832, 7.422387714, 7.659113598, 7.823036268, 7.910461692, 7.918927182, 7.847663148, 7.696515672, 7.467023934, 7.161650622, 6.784551522, 6.86397321, 7.179966864, 7.442089218, 7.644645306, 8.005429098, 8.34543396, 8.613405198, 8.806572288, 8.92416564, 8.966031336, 0.0, 0.0, 0.0, 0.0, 0.0, 0.0, 0.0, 0.0, 0.0, 0.0, 0.0, 0.0, 0.0, 0.0, 0.0, 0.0, 0.0, 0.0, 0.0, 0.0, 0.0, 0.0, 0.0, 0.0, 0.0, 0.0, 0.0, 0.0, 0.0, 0.0], "min_cpu_time": [13, 8, 8, 3, 9, 3, 5, 21, 17, 11, 5, 1, 19, 15, 13, 9, 12, 13, 15, 10], "max_cpu_time": [13, 47, 51, 48, 47, 58, 28, 26, 35, 31, 22, 6, 54, 20, 42, 13, 51, 31, 52, 18], "min_job_period": [51, 36, 2, 10, 12, 5, 12, 52, 22, 31, 15, 4, 76, 43, 43, 60, 10, 60, 33, 26], "max_job_period": [55, 75, 124, 51, 63, 70, 49, 122, 47, 72, 108, 43, 94, 54, 46, 92, 31, 98, 98, 100], "min_startup": [2, 3, 3, 7, 2, 7, 4, 1, 1, 2, 4, 21, 1, 2, 2, 2, 2, 2, 2, 2], "max_startup": [32, 14, 45, 48, 41, 70, 93, 37, 6, 121, 68, 122, 1, 67, 17, 12, 49, 93, 103, 79], "priority": [12, 11, 15, 13, 20, 4, 9, 10, 19, 5, 3, 14, 17, 8, 6, 1, 16, 7, 2, 18], "win_min": [0, 0, 0, 0, 0, 0, 0, 0, 0, 0, 0, 0, 0, 0, 0, 3, 0, 0, 0, 0], "win_max": [125, 125, 125, 125, 125, 125, 125, 125, 125, 125, 125, 125, 125, 125, 125, 100, 125, 125, 125, 125]}