{"subs": 1, "jobs": 20, "T": 125, "power_use": [1.027284751469486, 0.588802729049548, 3.2712264718156003, 3.9007778924750824, 2.9544251506601173, 0.20555354033017442, 3.966322031962911, 1.7183796481052587, 2.8567717460719027, 0.5263135503410503, 2.400280639989423, 3.798414962986541, 2.4184363896527183, 0.9093223633463462, 1.0482349552327688, 2.939799699921703, 2.116131239011028, 3.977111116436442, 0.8587799162137754, 3.9884303654342816], "power_resource": [0.0, 0.0, 0.0, 0.0, 0.0, 0.0, 0.0, 0.0, 0.0, 0.0, 0.0, 0.0, 0.0, 0.0, 0.0, 0.0, 0.0, 0.0, 6.658030926, 6.999574968, 7.343581698, 7.642644372, 7.88983668, 8.079001902, 8.20459899, 8.52859638, 8.787024702, 8.970648876, 9.077467968, 9.107174142, 9.06038307, 8.938941768, 8.746236432, 8.486115012, 8.164426392, 7.787327292, 7.36189794, 6.89629599, 6.398986932, 5.87889801, 5.345418222, 4.808090484, 4.60830492, 4.433761908, 4.181490306, 3.8556459, 3.462077574, 3.007095966, 2.511018252, 2.769600492, 2.948145372, 3.402203472, 3.982782168, 4.55443362, 5.107460994, 5.63262921, 6.120857106, 6.56383311, 6.953553486, 7.283091924, 7.546445622, 7.738535286, 7.855512966, 7.894146384, 7.853358114, 7.732532484, 7.532593002, 7.25569452, 6.905223234, 6.766389198, 7.10100693, 7.384062132, 7.60970592, 7.872290028, 8.238768786, 8.534291346, 8.755933266, 8.902155366, 8.972495892, 8.96803227, 0.0, 0.0, 0.0, 0.0, 0.0, 0.0, 0.0, 0.0, 0.0, 0.0, 0.0, 0.0, 0.0, 0.0, 0.0, 0.0, 0.0, 0.0, 0.0, 0.0, 0.0, 0.0, 0.0, 0.0, 0.0, 0.0, 0.0, 0.0, 0.0, 0.0, 0.0, 0.0, 0.0, 0.0, 0.0, 6.716058012, 6.93246672, 7.284785022, 7.593852366, 7.85212677, 8.053605432, 8.192593386, 8.469030114, 8.742234564, 8.941404456], "min_cpu_time": [18, 8, 24, 13, 5, 4, 15, 21, 16, 9, 3, 3, 5, 5, 20, 5, 16, 2, 21, 12], "max_cpu_time": [38, 14, 44, 43, 15, 44, 40, 22, 16, 11, 16, 50, 57, 26, 46, 53, 17, 44, 40, 17], "min_job_period": [64, 6, 64, 42, 112, 101, 53, 55, 43, 117, 13, 4, 114, 114, 16, 85, 43, 55, 59, 19], "max_job_period": [92, 37, 108, 70, 119, 108, 92, 90, 56, 120, 96, 62, 121, 117, 50, 106, 106, 103, 100, 115], "min_startup": [1, 1, 1, 1, 1, 1, 1, 1, 1, 1, 2, 2, 1, 1, 1, 1, 1, 2, 1, 1], "max_startup": [67, 50, 113, 59, 77, 69, 81, 95, 85, 44, 24, 38, 3, 62, 12, 113, 33, 31, 53, 72], "priority": [11, 20, 6, 18, 3, 13, 2, 15, 5, 4, 12, 16, 14, 10, 17, 19, 7, 1, 8, 9], "win_min": [0, 0, 21, 0, 0, 0, 0, 0, 0, 0, 0, 0, 0, 0, 0, 0, 0, 0, 0, 0], "win_max": [125, 125, 106, 125, 125, 125, 125, 125, 125, 125, 125, 125, 125, 125, 125, 125, 125, 125, 125, 125]}