{"subs": 1, "jobs": 13, "T": 125, "power_use": [2.2218065920556245, 1.696607172592997, 2.425412850499751, 3.1401195620088496, 1.9476572960939555, 0.3985245769964386, 1.4283895666993416, 1.1410441522510344, 2.7747914914680445, 2.241366396763078, 1.0634633429711562, 2.6558728421249547, 0.9112115496070529], "power_resource": [0.0, 0.0, 0.0, 0.0, 0.0, 0.0, 0.0, 0.0, 0.0, 0.0, 0.0, 0.0, 0.0, 0.0, 0.0, 0.0, 0.0, 0.0, 0.0, 0.0, 0.0, 0.0, 0.0, 0.0, 0.0, 0.0, 0.0, 6.771160656, 6.863665374, 7.22414133, 7.54275159, 7.81210809, 8.025592356, 8.17766334, 8.406385488, 8.694519984, 8.908927758, 9.04730004, 9.108559404, 9.092859768, 9.001740312, 8.83797156, 8.605093626, 8.308339722, 7.95371265, 7.547830884, 7.098544242, 6.614010378, 6.103310454, 5.575525632, 5.040198828, 4.667255514, 4.525497036, 4.304470788, 4.00802472, 3.64169988, 3.211191234, 2.724040764, 2.64585042, 2.856102408, 3.152086722, 3.733127172, 4.30893441, 4.869811602, 5.406215832, 5.909219856, 6.370204266, 6.78085749, 7.133945382, 7.423157304, 7.642952208, 7.788866472, 7.8575139, 7.847201394, 7.75669761, 7.58661822, 7.338656322, 7.015736358, 6.662032794, 7.014351096, 7.317569556, 7.565531454, 7.752541824, 8.121637188, 8.444249316, 8.69405823, 8.86875516, 8.967878352, 8.991427806, 0.0, 0.0, 0.0, 0.0, 0.0, 0.0, 0.0, 0.0, 0.0, 0.0, 0.0, 0.0, 0.0, 0.0, 0.0, 0.0, 0.0, 0.0, 0.0, 0.0, 0.0, 0.0, 0.0, 0.0, 0.0, 0.0, 0.0, 0.0, 0.0, 0.0, 0.0, 0.0, 0.0, 0.0, 0.0, 0.0], "min_cpu_time": [13, 17, 1, 7, 21, 21, 16, 5, 6, 18, 7, 12, 4], "max_cpu_time": [14, 54, 7, 39, 36, 33, 37, 55, 58, 45, 29, 27, 10], "min_job_period": [3, 23, 2, 17, 25, 3, 51, 9, 4, 53, 4, 39, 12], "max_job_period": [108, 87, 27, 95, 63, 81, 71, 44, 19, 71, 120, 41, 66], "min_startup": [3, 2, 38, 5, 2, 2, 2, 8, 6, 2, 5, 3, 9], "max_startup": [86, 31, 122, 94, 74, 124, 99, 40, 13, 105, 99, 36, 15], "priority": [6, 5, 3, 9, 11, 13, 4, 1, 8, 10, 7, 2, 12], "win_min": [0, 0, 0, 0, 0, 0, 0, 0, 0, 0, 0, 6, 0], "win_max": [125, 125, 125, 125, 125, 125, 125, 125, 125, 125, 125, 104, 125]}