{"subs": 1, "jobs": 24, "T": 125, "power_use": [3.392205618134181, 1.2248859001602945, 3.9821190526916146, 2.177876435193929, 3.5567544598639493, 3.2464713657537874, 0.16618846134377538, 3.165711653347426, 1.920577044467981, 0.4542066152592957, 1.4668607618383214, 2.416189647676812, 2.232137638243996, 1.0493573613119211, 3.654197213488385, 2.288407828032044, 1.8678287113995693, 2.959799686002161, 2.7825162942039756, 1.890489775185009, 3.301885896570363, 3.511834992407293, 3.8645962381789882, 1.4244323997558301], "power_resource": [8.164426392, 7.787327292, 7.36189794, 6.89629599, 6.398986932, 5.87889801, 5.345418222, 4.808090484, 4.60830492, 4.433761908, 4.181490306, 3.8556459, 3.462077574, 3.007095966, 2.511018252, 2.769600492, 2.948145372, 3.402203472, 3.982782168, 4.55443362, 5.107460994, 5.63262921, 6.120857106, 6.56383311, 6.953553486, 7.283091924, 7.546445622, 7.738535286, 7.855512966, 7.894146384, 7.853358114, 7.732532484, 7.532593002, 7.25569452, 6.905223234, 6.766389198, 7.10100693, 7.384062132, 7.60970592, 7.872290028, 8.238768786, 8.534291346, 8.755933266, 8.902155366, 8.972495892, 8.96803227, 0.0, 0.0, 0.0, 0.0, 0.0, 0.0, 0.0, 0.0, 0.0, 0.0, 0.0, 0.0, 0.0, 0.0, 0.0, 0.0, 0.0, 0.0, 0.0, 0.0, 0.0, 0.0, 0.0, 0.0, 0.0, 0.0, 0.0, 0.0, 0.0, 0.0, 0.0, 0.0, 0.0, 0.0, 0.0, 6.716058012, 6.93246672, 7.284785022, 7.593852366, 7.85212677, 8.053605432, 8.192593386, 8.469030114, 8.742234564, 8.941404456, 9.064077102, 9.109482912, 9.078237558, 8.97188022, 8.793489258, 8.54706654, 8.23769136, 7.871520438, 7.45578792, 6.998189706, 6.507191286, 5.991565986, 5.460856722, 4.924298574, 4.639396356, 4.48132257, 4.244442768, 3.93337449, 3.55319703, 3.110374944, 2.612142378, 2.709264636, 2.90366307, 3.277068138, 3.858108588, 4.431914892, 4.989098052, 5.520115152, 6.01588503, 6.467942196, 6.868282914, 7.209826956, 7.486109766, 7.692205968], "min_cpu_time": [12, 16, 4, 2, 4, 17, 14, 3, 1, 20, 7, 11, 18, 2, 4, 24, 6, 4, 23, 13, 6, 7, 12, 10], "max_cpu_time": [51, 35, 26, 38, 4, 28, 37, 59, 53, 22, 26, 62, 20, 32, 51, 38, 6, 59, 58, 42, 37, 31, 55, 57], "min_job_period": [34, 88, 119, 39, 84, 85, 119, 83, 2, 36, 111, 122, 119, 8, 95, 61, 10, 2, 31, 90, 7, 105, 48, 51], "max_job_period": [100, 114, 122, 56, 86, 104, 123, 91, 56, 97, 121, 123, 120, 93, 124, 87, 63, 54, 65, 104, 109, 119, 53, 75], "min_startup": [1, 1, 1, 1, 1, 1, 1, 1, 1, 1, 1, 1, 1, 1, 1, 1, 1, 1, 1, 1, 1, 1, 1, 1], "max_startup": [120, 122, 52, 104, 2, 18, 32, 63, 116, 104, 41, 49, 90, 18, 51, 75, 18, 102, 100, 4, 45, 106, 93, 36], "priority": [6, 3, 9, 7, 21, 14, 24, 8, 23, 22, 1, 18, 12, 17, 13, 11, 4, 15, 2, 19, 20, 10, 16, 5], "win_min": [0, 0, 0, 0, 0, 0, 0, 0, 0, 0, 0, 0, 0, 23, 0, 0, 0, 0, 0, 0, 0, 0, 0, 0], "win_max": [125, 125, 125, 125, 125, 125, 125, 125, 125, 125, 125, 125, 125, 104, 125, 125, 125, 125, 125, 125, 125, 125, 125, 125]}