{"subs": 1, "jobs": 24, "T": 125, "power_use": [3.4774730487089975, 0.6997510448516563, 1.3634787571987932, 2.8620640220543683, 2.7801323889432834, 3.963833706770524, 0.1616783378026474, 3.3137220738338677, 1.5880095708248183, 0.8922200038528479, 3.9820493938133157, 1.4407288570470516, 3.3704383810384826, 3.256425048533307, 0.5740053217366581, 0.557059836622629, 2.8160395681905603, 2.95553716890371, 3.0286160447946657, 2.4735619968644214, 3.5658327357444106, 3.6273549592378798, 2.430844020035586, 2.3789494908086355], "power_resource": [9.019286964, 9.094706784, 9.093013686, 9.015285096, 8.863983702, 8.642803536, 8.356362138, 8.01066231, 7.612168608, 7.168423014, 6.6877371, 6.178884192, 5.650945452, 5.113309878, 4.662637974, 4.536117378, 4.329405504, 4.04650422, 3.692031066, 3.272142762, 2.7936117, 2.653700238, 2.88134496, 3.070356264, 3.652320222, 4.23120582, 4.797316224, 5.341262436, 5.853655458, 6.325721964, 6.749458218, 7.11716832, 7.422387714, 7.659113598, 7.823036268, 7.910461692, 7.918927182, 7.847663148, 7.696515672, 7.467023934, 7.161650622, 6.784551522, 6.86397321, 7.179966864, 7.442089218, 7.644645306, 8.005429098, 8.34543396, 8.613405198, 8.806572288, 8.92416564, 8.966031336, 0.0, 0.0, 0.0, 0.0, 0.0, 0.0, 0.0, 0.0, 0.0, 0.0, 0.0, 0.0, 0.0, 0.0, 0.0, 0.0, 0.0, 0.0, 0.0, 0.0, 0.0, 0.0, 0.0, 0.0, 0.0, 0.0, 0.0, 0.0, 0.0, 0.0, 0.0, 0.0, 0.0, 0.0, 0.0, 0.0, 6.691123296, 7.065144036, 7.40037744, 7.689435444, 7.925083902, 8.101627848, 8.26924455, 8.585084286, 8.828582562, 8.996661018, 9.087780474, 9.101633094, 9.039450222, 8.902924956, 8.695905246, 8.422700796, 8.088698736, 7.700825376, 7.266007026, 6.792709176, 6.289551234, 5.765306526, 5.229671886, 4.691882394, 4.573827288, 4.383276804, 4.115459484, 3.775300704, 3.368341512, 2.901508218, 2.583821466, 2.827011906, 2.989549314, 3.527338806, 4.10730183, 4.676336676, 5.224900428], "min_cpu_time": [3, 15, 6, 10, 14, 6, 20, 1, 4, 6, 22, 13, 18, 4, 6, 14, 10, 3, 12, 7, 14, 11, 3, 19], "max_cpu_time": [15, 22, 25, 25, 51, 33, 37, 42, 39, 7, 58, 38, 50, 36, 20, 59, 36, 57, 51, 33, 51, 46, 22, 43], "min_job_period": [21, 101, 116, 81, 100, 109, 66, 7, 26, 55, 54, 110, 35, 2, 57, 39, 21, 51, 107, 99, 41, 69, 24, 92], "max_job_period": [117, 103, 117, 114, 111, 121, 104, 63, 119, 87, 66, 124, 112, 114, 81, 55, 102, 57, 119, 116, 58, 104, 58, 97], "min_startup": [2, 1, 1, 1, 1, 1, 1, 4, 1, 1, 1, 1, 1, 1, 1, 1, 1, 2, 1, 1, 1, 1, 2, 1], "max_startup": [30, 31, 15, 38, 7, 107, 81, 98, 41, 93, 59, 55, 120, 123, 119, 124, 38, 118, 8, 16, 61, 76, 114, 87], "priority": [9, 22, 23, 10, 12, 16, 13, 17, 7, 21, 15, 11, 6, 5, 20, 8, 24, 3, 18, 1, 4, 19, 14, 2], "win_min": [0, 0, 0, 0, 0, 0, 0, 0, 0, 0, 0, 0, 0, 0, 0, 0, 0, 10, 0, 0, 0, 0, 0, 0], "win_max": [125, 125, 125, 125, 125, 125, 125, 125, 125, 125, 125, 125, 125, 125, 125, 125, 125, 117, 125, 125, 125, 125, 125, 125]}