{"subs": 1, "jobs": 22, "T": 125, "power_use": [1.3173793003065792, 3.708692932524299, 3.737136714623507, 2.010521599279485, 3.8078699444865207, 2.062186001200587, 0.44692065066352465, 1.3241990514886872, 0.9269302579665766, 0.20663894431053145, 0.9709979892495656, 3.156178245061263, 2.440609169341417, 0.9026155859710187, 0.8924781552853744, 1.555318458152471, 1.4684109859443426, 3.7254422157546356, 3.288216825576893, 0.33759398308137845, 1.5272841373397363, 1.3390932908703856], "power_resource": [0.0, 0.0, 0.0, 0.0, 0.0, 0.0, 0.0, 0.0, 0.0, 0.0, 0.0, 0.0, 0.0, 0.0, 6.771160656, 6.863665374, 7.22414133, 7.54275159, 7.81210809, 8.025592356, 8.17766334, 8.406385488, 8.694519984, 8.908927758, 9.04730004, 9.108559404, 9.092859768, 9.001740312, 8.83797156, 8.605093626, 8.308339722, 7.95371265, 7.547830884, 7.098544242, 6.614010378, 6.103310454, 5.575525632, 5.040198828, 4.667255514, 4.525497036, 4.304470788, 4.00802472, 3.64169988, 3.211191234, 2.724040764, 2.64585042, 2.856102408, 3.152086722, 3.733127172, 4.30893441, 4.869811602, 5.406215832, 5.909219856, 6.370204266, 6.78085749, 7.133945382, 7.423157304, 7.642952208, 7.788866472, 7.8575139, 7.847201394, 7.75669761, 7.58661822, 7.338656322, 7.015736358, 6.662032794, 7.014351096, 7.317569556, 7.565531454, 7.752541824, 8.121637188, 8.444249316, 8.69405823, 8.86875516, 8.967878352, 8.991427806, 0.0, 0.0, 0.0, 0.0, 0.0, 0.0, 0.0, 0.0, 0.0, 0.0, 0.0, 0.0, 0.0, 0.0, 0.0, 0.0, 0.0, 0.0, 0.0, 0.0, 0.0, 0.0, 0.0, 0.0, 0.0, 0.0, 0.0, 0.0, 0.0, 0.0, 0.0, 0.0, 0.0, 0.0, 0.0, 0.0, 6.793324848, 7.161650622, 7.489495962, 7.769472804, 7.994962674, 8.160116688, 8.34081642, 8.643573126, 8.873218782, 9.0272907, 9.1042497, 9.1042497, 9.028522044], "min_cpu_time": [24, 7, 16, 13, 12, 15, 4, 15, 10, 10, 16, 17, 4, 16, 9, 23, 5, 10, 7, 19, 24, 11], "max_cpu_time": [40, 25, 61, 35, 30, 30, 35, 40, 61, 61, 35, 30, 28, 30, 28, 62, 45, 18, 57, 25, 28, 19], "min_job_period": [70, 71, 14, 64, 52, 111, 25, 123, 65, 30, 54, 97, 57, 2, 116, 34, 96, 92, 16, 30, 71, 44], "max_job_period": [123, 72, 95, 86, 63, 115, 74, 124, 74, 49, 58, 101, 99, 36, 116, 92, 112, 111, 99, 70, 77, 91], "min_startup": [1, 1, 1, 1, 1, 1, 2, 1, 1, 1, 1, 1, 2, 1, 1, 1, 1, 1, 1, 1, 1, 1], "max_startup": [100, 80, 64, 1, 104, 33, 94, 89, 44, 42, 116, 68, 18, 95, 65, 92, 69, 113, 50, 111, 55, 83], "priority": [22, 13, 7, 4, 16, 21, 20, 9, 11, 19, 17, 3, 12, 8, 2, 18, 15, 6, 10, 1, 14, 5], "win_min": [0, 0, 23, 0, 0, 0, 0, 0, 0, 0, 0, 0, 0, 0, 0, 0, 0, 0, 0, 0, 0, 0], "win_max": [125, 125, 106, 125, 125, 125, 125, 125, 125, 125, 125, 125, 125, 125, 125, 125, 125, 125, 125, 125, 125, 125]}