{"subs": 1, "jobs": 24, "T": 125, "power_use": [1.5183820093440996, 3.6955690564701085, 1.4026900259266721, 2.090270819673589, 3.513005744177324, 2.028752875688813, 2.7536419742590033, 0.7779186683960422, 2.5263266713436154, 2.386333113706135, 3.5042973153404975, 2.5962561586784227, 3.899090887912185, 1.2193005256827585, 0.8796186381407995, 0.4183901192539417, 3.4163869272587517, 1.1841680963218788, 0.0868373798711708, 0.38163255673721214, 1.5670834066251422, 3.7671072309031266, 0.7402498629569434, 1.8784934178367472], "power_resource": [4.477782456, 5.03696655, 5.57029242, 6.068678904, 6.523506594, 6.926771754, 7.271548074, 7.551370998, 7.761007314, 7.896147318, 7.95371265, 7.931856294, 7.829962578, 7.648801092, 7.390218852, 7.0571403, 6.654029058, 6.954323076, 7.250923062, 7.49118906, 7.744999842, 8.128255662, 8.441478792, 8.681283036, 8.845975296, 8.9349399, 8.948638602, 0.0, 0.0, 0.0, 0.0, 0.0, 0.0, 0.0, 0.0, 0.0, 0.0, 0.0, 0.0, 0.0, 0.0, 0.0, 0.0, 0.0, 0.0, 0.0, 0.0, 0.0, 0.0, 0.0, 0.0, 0.0, 0.0, 0.0, 0.0, 0.0, 0.0, 0.0, 0.0, 0.0, 0.0, 0.0, 6.809794074, 6.832112184, 7.190895042, 7.507966122, 7.775783442, 7.987882446, 8.138722086, 8.40238362, 8.689132854, 8.902155366, 9.03883455, 9.098400816, 9.081008082, 8.987887692, 8.82181017, 8.586777384, 8.287560792, 7.930163196, 7.521356988, 7.068991986, 6.581379762, 6.067293642, 5.535814788, 4.996793952, 4.638165012, 4.495021272, 4.272609762, 3.974470596, 3.606144822, 3.173327406, 2.68356033, 2.720654568, 2.932753572, 3.195029844, 3.777455556, 4.354801974, 4.9176801, 5.4563931, 5.961859812, 6.425460828, 6.839192412, 7.195512582, 7.4881107, 7.711445718, 7.861054014, 7.933549392, 7.926930918, 7.840275084, 7.674043644, 7.429929696, 7.110703764, 6.720521634, 6.909994692, 7.21644543, 7.467793524, 7.67204271, 8.068227642, 8.394841638, 8.648806338, 8.827659054, 8.930938032, 8.958643272, 0.0], "min_cpu_time": [12, 4, 1, 16, 24, 19, 18, 21, 18, 19, 1, 19, 15, 24, 3, 6, 6, 19, 4, 2, 13, 2, 12, 18], "max_cpu_time": [32, 35, 20, 22, 41, 42, 25, 35, 36, 22, 3, 47, 38, 46, 21, 53, 54, 31, 16, 20, 34, 18, 27, 42], "min_job_period": [5, 29, 76, 26, 22, 9, 1, 68, 120, 3, 21, 56, 97, 40, 83, 66, 15, 113, 30, 96, 78, 8, 112, 25], "max_job_period": [122, 123, 94, 30, 32, 34, 79, 92, 122, 64, 119, 82, 109, 54, 98, 86, 118, 120, 40, 116, 89, 21, 123, 52], "min_startup": [1, 1, 1, 1, 1, 1, 1, 1, 1, 1, 1, 1, 1, 1, 1, 1, 1, 1, 1, 1, 1, 1, 1, 1], "max_startup": [33, 33, 17, 23, 55, 60, 59, 45, 16, 31, 64, 39, 59, 58, 92, 119, 56, 30, 3, 124, 11, 34, 110, 60], "priority": [1, 13, 2, 3, 11, 17, 22, 12, 8, 7, 20, 9, 19, 4, 18, 24, 21, 14, 16, 23, 6, 15, 5, 10], "win_min": [0, 0, 0, 0, 0, 0, 5, 0, 0, 0, 0, 0, 0, 0, 0, 0, 0, 0, 0, 0, 0, 0, 0, 0], "win_max": [125, 125, 125, 125, 125, 125, 116, 125, 125, 125, 125, 125, 125, 125, 125, 125, 125, 125, 125, 125, 125, 125, 125, 125]}