{"subs": 1, "jobs": 24, "T": 125, "power_use": [1.0742668250055594, 2.9742990264794225, 0.6883928487332065, 2.7687028853727025, 0.14551374115372118, 1.0119764773338544, 2.434310648785735, 0.1906137514292769, 2.102872943598227, 3.629534851612745, 1.142922207731358, 3.8406403048095874, 3.8867477835271464, 1.479698816555422, 3.926180351268545, 3.1585028441469003, 2.1976482981792116, 0.10595014307004563, 0.5784167597459534, 0.013436644725637463, 0.8015141771845854, 3.0402265363099574, 2.01980736380029, 2.2037139929029523], "power_resource": [7.110703764, 6.720521634, 6.909994692, 7.21644543, 7.467793524, 7.67204271, 8.068227642, 8.394841638, 8.648806338, 8.827659054, 8.930938032, 8.958643272, 0.0, 0.0, 0.0, 0.0, 0.0, 0.0, 0.0, 0.0, 0.0, 0.0, 0.0, 0.0, 0.0, 0.0, 0.0, 0.0, 0.0, 0.0, 0.0, 0.0, 0.0, 0.0, 0.0, 0.0, 0.0, 0.0, 0.0, 0.0, 0.0, 0.0, 0.0, 0.0, 0.0, 0.0, 0.0, 0.0, 6.76238733, 7.128866088, 7.455172248, 7.733763828, 7.957714518, 8.12148327, 8.337276306, 8.63864775, 8.866908144, 9.019286964, 9.094706784, 9.093013686, 9.015285096, 8.863983702, 8.642803536, 8.356362138, 8.01066231, 7.612168608, 7.168423014, 6.6877371, 6.178884192, 5.650945452, 5.113309878, 4.662637974, 4.536117378, 4.329405504, 4.04650422, 3.692031066, 3.272142762, 2.7936117, 2.653700238, 2.88134496, 3.070356264, 3.652320222, 4.23120582, 4.797316224, 5.341262436, 5.853655458, 6.325721964, 6.749458218, 7.11716832, 7.422387714, 7.659113598, 7.823036268, 7.910461692, 7.918927182, 7.847663148, 7.696515672, 7.467023934, 7.161650622, 6.784551522, 6.86397321, 7.179966864, 7.442089218, 7.644645306, 8.005429098, 8.34543396, 8.613405198, 8.806572288, 8.92416564, 8.966031336, 0.0, 0.0, 0.0, 0.0, 0.0, 0.0, 0.0, 0.0, 0.0, 0.0, 0.0, 0.0, 0.0, 0.0, 0.0, 0.0], "min_cpu_time": [20, 7, 9, 4, 19, 24, 9, 7, 4, 12, 3, 14, 10, 22, 7, 14, 10, 1, 7, 18, 4, 1, 13, 19], "max_cpu_time": [39, 30, 16, 35, 21, 60, 13, 42, 32, 59, 12, 44, 31, 37, 33, 44, 34, 39, 35, 56, 41, 32, 41, 34], "min_job_period": [42, 38, 1, 67, 88, 38, 84, 118, 31, 96, 51, 19, 26, 58, 54, 58, 22, 3, 122, 98, 67, 12, 95, 93], "max_job_period": [105, 119, 75, 97, 92, 83, 121, 124, 57, 115, 81, 67, 96, 87, 123, 71, 109, 106, 124, 113, 81, 33, 96, 117], "min_startup": [1, 1, 1, 1, 1, 1, 1, 1, 1, 1, 1, 1, 1, 1, 1, 1, 1, 3, 1, 1, 1, 3, 1, 1], "max_startup": [121, 81, 116, 10, 98, 28, 113, 40, 106, 92, 77, 96, 38, 113, 37, 109, 46, 72, 58, 38, 32, 119, 38, 50], "priority": [1, 19, 17, 13, 21, 5, 7, 6, 4, 10, 11, 8, 16, 20, 15, 22, 3, 18, 2, 12, 14, 24, 9, 23], "win_min": [0, 18, 0, 0, 0, 0, 0, 0, 0, 0, 0, 0, 0, 0, 0, 0, 0, 0, 0, 0, 0, 0, 0, 0], "win_max": [125, 119, 125, 125, 125, 125, 125, 125, 125, 125, 125, 125, 125, 125, 125, 125, 125, 125, 125, 125, 125, 125, 125, 125]}