{"subs": 1, "jobs": 24, "T": 125, "power_use": [0.24333774057269447, 2.6949018725936353, 2.3336974151864474, 2.7593159928734416, 2.5941801129338575, 2.7614154403305644, 1.6739533807767835, 0.5690986107006483, 3.3971564207858878, 3.9795482906798934, 2.7575880578333067, 2.976489246192277, 0.6020859744036917, 3.2100103916656355, 1.2093444980456463, 2.3330683181397167, 0.1532114473014011, 2.343145037273638, 2.290575484840664, 3.941789763925811, 0.38456317781872074, 3.2401591004128907, 1.3032807394490007, 1.8969770122217706], "power_resource": [8.534291346, 8.755933266, 8.902155366, 8.972495892, 8.96803227, 0.0, 0.0, 0.0, 0.0, 0.0, 0.0, 0.0, 0.0, 0.0, 0.0, 0.0, 0.0, 0.0, 0.0, 0.0, 0.0, 0.0, 0.0, 0.0, 0.0, 0.0, 0.0, 0.0, 0.0, 0.0, 0.0, 0.0, 0.0, 0.0, 0.0, 0.0, 0.0, 0.0, 0.0, 0.0, 6.716058012, 6.93246672, 7.284785022, 7.593852366, 7.85212677, 8.053605432, 8.192593386, 8.469030114, 8.742234564, 8.941404456, 9.064077102, 9.109482912, 9.078237558, 8.97188022, 8.793489258, 8.54706654, 8.23769136, 7.871520438, 7.45578792, 6.998189706, 6.507191286, 5.991565986, 5.460856722, 4.924298574, 4.639396356, 4.48132257, 4.244442768, 3.93337449, 3.55319703, 3.110374944, 2.612142378, 2.709264636, 2.90366307, 3.277068138, 3.858108588, 4.431914892, 4.989098052, 5.520115152, 6.01588503, 6.467942196, 6.868282914, 7.209826956, 7.486109766, 7.692205968, 7.82365194, 7.877369322, 7.851665016, 7.746077268, 7.561067832, 7.298637642, 6.961865058, 6.714980586, 7.05867948, 7.35189327, 7.588773072, 7.80210342, 8.18151129, 8.490578634, 8.72638101, 8.886917484, 8.971572384, 8.9811153, 0.0, 0.0, 0.0, 0.0, 0.0, 0.0, 0.0, 0.0, 0.0, 0.0, 0.0, 0.0, 0.0, 0.0, 0.0, 0.0, 0.0, 0.0, 0.0, 0.0, 0.0, 0.0, 0.0], "min_cpu_time": [4, 22, 16, 6, 4, 18, 20, 19, 13, 12, 4, 2, 16, 2, 10, 15, 3, 17, 11, 18, 7, 10, 10, 2], "max_cpu_time": [26, 22, 51, 33, 13, 22, 36, 32, 60, 48, 35, 46, 22, 9, 40, 56, 39, 21, 31, 33, 26, 53, 57, 35], "min_job_period": [59, 102, 69, 98, 10, 42, 40, 49, 65, 45, 27, 22, 111, 6, 83, 100, 41, 89, 32, 47, 19, 62, 33, 19], "max_job_period": [118, 123, 98, 116, 43, 54, 51, 105, 97, 76, 86, 23, 114, 16, 97, 121, 117, 90, 120, 61, 124, 82, 55, 87], "min_startup": [2, 1, 1, 1, 2, 1, 1, 1, 1, 1, 2, 4, 1, 4, 1, 1, 2, 1, 1, 1, 1, 1, 1, 4], "max_startup": [50, 123, 29, 77, 104, 35, 108, 70, 91, 107, 77, 83, 124, 61, 68, 29, 65, 118, 3, 69, 7, 6, 118, 116], "priority": [14, 24, 19, 10, 11, 8, 4, 22, 23, 6, 21, 7, 20, 15, 9, 13, 5, 16, 18, 12, 2, 3, 1, 17], "win_min": [0, 0, 0, 0, 0, 0, 0, 0, 0, 0, 0, 0, 0, 0, 0, 0, 19, 0, 0, 0, 0, 0, 0, 0], "win_max": [125, 125, 125, 125, 125, 125, 125, 125, 125, 125, 125, 125, 125, 125, 125, 125, 120, 125, 125, 125, 125, 125, 125, 125]}