{"subs": 1, "jobs": 24, "T": 125, "power_use": [0.3475047215606731, 1.8579693561153856, 2.197355862796614, 0.8983130516397415, 3.1881571287910653, 2.964760874294211, 1.0887390032996043, 2.9991676409389587, 1.2870570211123133, 2.1572238250882987, 2.8386924287160635, 3.336534954445214, 2.330542732835331, 0.5363714055202831, 1.5914723031697608, 1.5344219032497546, 2.747328477360383, 2.9445655918117057, 1.7687411133172073, 1.8977151008232547, 2.9634607036484293, 0.82852393040748, 0.22755949855265378, 0.08645800408679837], "power_resource": [7.910461692, 7.918927182, 7.847663148, 7.696515672, 7.467023934, 7.161650622, 6.784551522, 6.86397321, 7.179966864, 7.442089218, 7.644645306, 8.005429098, 8.34543396, 8.613405198, 8.806572288, 8.92416564, 8.966031336, 0.0, 0.0, 0.0, 0.0, 0.0, 0.0, 0.0, 0.0, 0.0, 0.0, 0.0, 0.0, 0.0, 0.0, 0.0, 0.0, 0.0, 0.0, 0.0, 0.0, 0.0, 0.0, 0.0, 0.0, 0.0, 0.0, 0.0, 0.0, 0.0, 0.0, 0.0, 0.0, 0.0, 0.0, 0.0, 0.0, 6.691123296, 7.065144036, 7.40037744, 7.689435444, 7.925083902, 8.101627848, 8.26924455, 8.585084286, 8.828582562, 8.996661018, 9.087780474, 9.101633094, 9.039450222, 8.902924956, 8.695905246, 8.422700796, 8.088698736, 7.700825376, 7.266007026, 6.792709176, 6.289551234, 5.765306526, 5.229671886, 4.691882394, 4.573827288, 4.383276804, 4.115459484, 3.775300704, 3.368341512, 2.901508218, 2.583821466, 2.827011906, 2.989549314, 3.527338806, 4.10730183, 4.676336676, 5.224900428, 5.743911924, 6.224136084, 6.657569172, 7.036515288, 7.354048122, 7.604164872, 7.782247998, 7.88444955, 7.908152922, 7.851972852, 7.71590934, 7.50119373, 7.209980874, 6.846118722, 6.815950794, 7.141487364, 7.41423006, 7.628329998, 7.940167866, 8.293563594, 8.575233534, 8.782714998, 8.914468806, 8.970648876, 8.952178716, 0.0, 0.0, 0.0, 0.0, 0.0, 0.0, 0.0, 0.0, 0.0, 0.0], "min_cpu_time": [18, 18, 21, 2, 1, 7, 3, 19, 1, 12, 3, 11, 10, 7, 18, 4, 2, 7, 12, 7, 24, 20, 14, 15], "max_cpu_time": [60, 44, 46, 54, 8, 36, 55, 61, 3, 47, 3, 57, 12, 9, 49, 20, 11, 58, 20, 17, 44, 21, 60, 32], "min_job_period": [19, 29, 17, 85, 16, 96, 33, 104, 61, 80, 66, 121, 41, 26, 5, 107, 88, 98, 42, 88, 115, 7, 111, 117], "max_job_period": [33, 92, 38, 99, 84, 118, 73, 112, 81, 99, 110, 124, 68, 89, 114, 108, 121, 117, 44, 115, 121, 97, 117, 122], "min_startup": [1, 1, 1, 1, 2, 1, 1, 1, 2, 1, 1, 1, 1, 1, 1, 1, 1, 1, 1, 1, 1, 1, 1, 1], "max_startup": [119, 90, 107, 22, 5, 41, 47, 18, 66, 11, 1, 58, 109, 11, 42, 24, 35, 66, 26, 28, 21, 87, 53, 11], "priority": [18, 12, 16, 2, 17, 14, 22, 11, 8, 23, 19, 24, 9, 4, 10, 1, 6, 15, 3, 7, 20, 13, 21, 5], "win_min": [0, 0, 0, 0, 0, 0, 0, 0, 0, 0, 10, 0, 0, 0, 0, 0, 0, 0, 0, 0, 0, 0, 0, 0], "win_max": [125, 125, 125, 125, 125, 125, 125, 125, 125, 125, 116, 125, 125, 125, 125, 125, 125, 125, 125, 125, 125, 125, 125, 125]}