{"subs": 1, "jobs": 22, "T": 125, "power_use": [2.968964406230018, 3.3827621081121864, 1.3978220521704987, 2.186086948464001, 3.429901177704103, 1.7707482197609943, 3.2158020318723417, 0.7850780521876958, 0.940935873707813, 3.7004841701676012, 2.5311525355312545, 2.1745703649533636, 1.1562329788461254, 1.1117498081137085, 3.7591801817776074, 1.2782943565237885, 3.649194153000252, 0.3186364443962959, 2.176890226532226, 3.404853570065936, 2.2519143044585253, 2.34759109155311], "power_resource": [8.422700796, 8.088698736, 7.700825376, 7.266007026, 6.792709176, 6.289551234, 5.765306526, 5.229671886, 4.691882394, 4.573827288, 4.383276804, 4.115459484, 3.775300704, 3.368341512, 2.901508218, 2.583821466, 2.827011906, 2.989549314, 3.527338806, 4.10730183, 4.676336676, 5.224900428, 5.743911924, 6.224136084, 6.657569172, 7.036515288, 7.354048122, 7.604164872, 7.782247998, 7.88444955, 7.908152922, 7.851972852, 7.71590934, 7.50119373, 7.209980874, 6.846118722, 6.815950794, 7.141487364, 7.41423006, 7.628329998, 7.940167866, 8.293563594, 8.575233534, 8.782714998, 8.914468806, 8.970648876, 8.952178716, 0.0, 0.0, 0.0, 0.0, 0.0, 0.0, 0.0, 0.0, 0.0, 0.0, 0.0, 0.0, 0.0, 0.0, 0.0, 0.0, 0.0, 0.0, 0.0, 0.0, 0.0, 0.0, 0.0, 0.0, 0.0, 0.0, 0.0, 0.0, 0.0, 0.0, 0.0, 0.0, 0.0, 0.0, 0.0, 6.658030926, 6.999574968, 7.343581698, 7.642644372, 7.88983668, 8.079001902, 8.20459899, 8.52859638, 8.787024702, 8.970648876, 9.077467968, 9.107174142, 9.06038307, 8.938941768, 8.746236432, 8.486115012, 8.164426392, 7.787327292, 7.36189794, 6.89629599, 6.398986932, 5.87889801, 5.345418222, 4.808090484, 4.60830492, 4.433761908, 4.181490306, 3.8556459, 3.462077574, 3.007095966, 2.511018252, 2.769600492, 2.948145372, 3.402203472, 3.982782168, 4.55443362, 5.107460994, 5.63262921, 6.120857106, 6.56383311, 6.953553486, 7.283091924, 7.546445622], "min_cpu_time": [13, 22, 20, 13, 11, 11, 11, 19, 22, 21, 14, 10, 1, 1, 9, 5, 11, 11, 5, 5, 12, 7], "max_cpu_time": [16, 39, 48, 44, 43, 52, 14, 46, 51, 25, 33, 27, 4, 11, 35, 31, 42, 60, 5, 24, 58, 37], "min_job_period": [56, 64, 73, 103, 83, 64, 20, 15, 61, 4, 10, 41, 7, 29, 56, 7, 30, 67, 23, 58, 27, 97], "max_job_period": [74, 80, 103, 120, 122, 111, 49, 53, 91, 123, 67, 92, 69, 40, 82, 55, 83, 99, 124, 58, 106, 122], "min_startup": [1, 1, 1, 1, 1, 1, 1, 1, 1, 1, 1, 1, 4, 4, 1, 1, 1, 1, 1, 1, 1, 1], "max_startup": [2, 3, 101, 29, 104, 104, 82, 88, 88, 45, 14, 47, 39, 121, 12, 6, 37, 84, 66, 46, 4, 44], "priority": [14, 10, 6, 18, 3, 5, 17, 1, 11, 19, 15, 22, 13, 7, 8, 12, 2, 16, 4, 9, 20, 21], "win_min": [0, 0, 0, 0, 0, 0, 0, 0, 0, 6, 0, 0, 0, 0, 0, 0, 0, 0, 0, 0, 0, 0], "win_max": [125, 125, 125, 125, 125, 125, 125, 125, 125, 122, 125, 125, 125, 125, 125, 125, 125, 125, 125, 125, 125, 125]}