{"subs": 1, "jobs": 13, "T": 125, "power_use": [1.076708449914064, 3.8456326803588095, 2.3371142928737294, 3.275316640277423, 2.3019531866456613, 2.307469959455897, 1.7251772933841483, 0.9028614289798216, 3.566010441075176, 1.1766288562804275, 3.005628564317207, 1.4167875847481368, 0.11656670460583725], "power_resource": [8.941404456, 9.064077102, 9.109482912, 9.078237558, 8.97188022, 8.793489258, 8.54706654, 8.23769136, 7.871520438, 7.45578792, 6.998189706, 6.507191286, 5.991565986, 5.460856722, 4.924298574, 4.639396356, 4.48132257, 4.244442768, 3.93337449, 3.55319703, 3.110374944, 2.612142378, 2.709264636, 2.90366307, 3.277068138, 3.858108588, 4.431914892, 4.989098052, 5.520115152, 6.01588503, 6.467942196, 6.868282914, 7.209826956, 7.486109766, 7.692205968, 7.82365194, 7.877369322, 7.851665016, 7.746077268, 7.561067832, 7.298637642, 6.961865058, 6.714980586, 7.05867948, 7.35189327, 7.588773072, 7.80210342, 8.18151129, 8.490578634, 8.72638101, 8.886917484, 8.971572384, 8.9811153, 0.0, 0.0, 0.0, 0.0, 0.0, 0.0, 0.0, 0.0, 0.0, 0.0, 0.0, 0.0, 0.0, 0.0, 0.0, 0.0, 0.0, 0.0, 0.0, 0.0, 0.0, 0.0, 0.0, 0.0, 0.0, 0.0, 0.0, 0.0, 0.0, 0.0, 0.0, 0.0, 0.0, 0.0, 0.0, 6.771160656, 6.863665374, 7.22414133, 7.54275159, 7.81210809, 8.025592356, 8.17766334, 8.406385488, 8.694519984, 8.908927758, 9.04730004, 9.108559404, 9.092859768, 9.001740312, 8.83797156, 8.605093626, 8.308339722, 7.95371265, 7.547830884, 7.098544242, 6.614010378, 6.103310454, 5.575525632, 5.040198828, 4.667255514, 4.525497036, 4.304470788, 4.00802472, 3.64169988, 3.211191234, 2.724040764, 2.64585042, 2.856102408, 3.152086722, 3.733127172, 4.30893441, 4.869811602], "min_cpu_time": [10, 17, 17, 7, 21, 5, 13, 13, 20, 9, 15, 4, 7], "max_cpu_time": [15, 36, 44, 15, 58, 17, 32, 54, 37, 32, 40, 44, 60], "min_job_period": [20, 59, 49, 18, 55, 9, 57, 41, 41, 31, 26, 5, 8], "max_job_period": [50, 115, 116, 49, 90, 9, 57, 69, 80, 98, 50, 89, 113], "min_startup": [3, 2, 2, 4, 1, 6, 2, 2, 2, 3, 2, 7, 4], "max_startup": [52, 27, 55, 105, 35, 96, 18, 16, 34, 50, 94, 100, 94], "priority": [3, 12, 4, 8, 2, 9, 11, 6, 5, 10, 7, 13, 1], "win_min": [0, 0, 0, 16, 0, 0, 0, 0, 0, 0, 0, 0, 0], "win_max": [125, 125, 125, 105, 125, 125, 125, 125, 125, 125, 125, 125, 125]}