{"subs": 1, "jobs": 22, "T": 125, "power_use": [3.5350677910437445, 1.759430654636584, 3.310014766921552, 1.5966356391945404, 2.4759339263949967, 1.0343979253491846, 0.24673739982902385, 0.3250614311265452, 1.6215434336885683, 0.9425492954223154, 2.6310014226668565, 3.6103895902443415, 3.417611015302473, 0.3182758017976252, 2.1361172973698634, 3.6208910806759795, 0.12855352257271607, 1.0394762860244524, 0.21154215140962263, 2.405111878168915, 1.6859692311140668, 2.3047748390896174], "power_resource": [7.85212677, 8.053605432, 8.192593386, 8.469030114, 8.742234564, 8.941404456, 9.064077102, 9.109482912, 9.078237558, 8.97188022, 8.793489258, 8.54706654, 8.23769136, 7.871520438, 7.45578792, 6.998189706, 6.507191286, 5.991565986, 5.460856722, 4.924298574, 4.639396356, 4.48132257, 4.244442768, 3.93337449, 3.55319703, 3.110374944, 2.612142378, 2.709264636, 2.90366307, 3.277068138, 3.858108588, 4.431914892, 4.989098052, 5.520115152, 6.01588503, 6.467942196, 6.868282914, 7.209826956, 7.486109766, 7.692205968, 7.82365194, 7.877369322, 7.851665016, 7.746077268, 7.561067832, 7.298637642, 6.961865058, 6.714980586, 7.05867948, 7.35189327, 7.588773072, 7.80210342, 8.18151129, 8.490578634, 8.72638101, 8.886917484, 8.971572384, 8.9811153, 0.0, 0.0, 0.0, 0.0, 0.0, 0.0, 0.0, 0.0, 0.0, 0.0, 0.0, 0.0, 0.0, 0.0, 0.0, 0.0, 0.0, 0.0, 0.0, 0.0, 0.0, 0.0, 0.0, 0.0, 0.0, 0.0, 0.0, 0.0, 0.0, 0.0, 0.0, 0.0, 0.0, 0.0, 0.0, 6.771160656, 6.863665374, 7.22414133, 7.54275159, 7.81210809, 8.025592356, 8.17766334, 8.406385488, 8.694519984, 8.908927758, 9.04730004, 9.108559404, 9.092859768, 9.001740312, 8.83797156, 8.605093626, 8.308339722, 7.95371265, 7.547830884, 7.098544242, 6.614010378, 6.103310454, 5.575525632, 5.040198828, 4.667255514, 4.525497036, 4.304470788, 4.00802472, 3.64169988, 3.211191234, 2.724040764, 2.64585042], "min_cpu_time": [3, 6, 8, 9, 3, 3, 6, 16, 3, 8, 17, 18, 6, 21, 13, 2, 11, 10, 7, 20, 1, 3], "max_cpu_time": [44, 41, 26, 43, 19, 13, 24, 22, 54, 14, 24, 36, 45, 46, 22, 56, 46, 24, 40, 31, 4, 41], "min_job_period": [13, 52, 59, 2, 16, 6, 14, 26, 23, 21, 108, 100, 33, 43, 31, 10, 79, 4, 34, 124, 6, 23], "max_job_period": [119, 103, 100, 42, 58, 23, 99, 69, 86, 122, 121, 119, 51, 113, 87, 81, 94, 102, 55, 124, 13, 58], "min_startup": [4, 2, 2, 2, 4, 4, 2, 1, 4, 2, 1, 1, 2, 1, 1, 6, 1, 2, 2, 1, 12, 4], "max_startup": [89, 24, 14, 38, 74, 92, 115, 8, 106, 111, 109, 44, 27, 119, 22, 107, 65, 97, 116, 104, 54, 83], "priority": [20, 4, 11, 6, 22, 5, 16, 3, 19, 8, 21, 18, 10, 9, 7, 14, 13, 15, 17, 1, 2, 12], "win_min": [0, 0, 0, 0, 0, 0, 0, 0, 0, 0, 0, 2, 0, 0, 0, 0, 0, 0, 0, 0, 0, 0], "win_max": [125, 125, 125, 125, 125, 125, 125, 125, 125, 125, 125, 124, 125, 125, 125, 125, 125, 125, 125, 125, 125, 125]}