{"subs": 1, "jobs": 13, "T": 125, "power_use": [1.005555624860481, 0.2542073856370796, 2.1410810894914833, 3.632485340630915, 2.372291502668445, 2.8682453676522535, 1.967668926025376, 2.608161899530501, 3.2917147920592593, 0.9003471074616952, 0.5924707789894191, 2.9712349487190814, 3.384562101288564], "power_resource": [8.12148327, 8.337276306, 8.63864775, 8.866908144, 9.019286964, 9.094706784, 9.093013686, 9.015285096, 8.863983702, 8.642803536, 8.356362138, 8.01066231, 7.612168608, 7.168423014, 6.6877371, 6.178884192, 5.650945452, 5.113309878, 4.662637974, 4.536117378, 4.329405504, 4.04650422, 3.692031066, 3.272142762, 2.7936117, 2.653700238, 2.88134496, 3.070356264, 3.652320222, 4.23120582, 4.797316224, 5.341262436, 5.853655458, 6.325721964, 6.749458218, 7.11716832, 7.422387714, 7.659113598, 7.823036268, 7.910461692, 7.918927182, 7.847663148, 7.696515672, 7.467023934, 7.161650622, 6.784551522, 6.86397321, 7.179966864, 7.442089218, 7.644645306, 8.005429098, 8.34543396, 8.613405198, 8.806572288, 8.92416564, 8.966031336, 0.0, 0.0, 0.0, 0.0, 0.0, 0.0, 0.0, 0.0, 0.0, 0.0, 0.0, 0.0, 0.0, 0.0, 0.0, 0.0, 0.0, 0.0, 0.0, 0.0, 0.0, 0.0, 0.0, 0.0, 0.0, 0.0, 0.0, 0.0, 0.0, 0.0, 0.0, 0.0, 0.0, 0.0, 0.0, 0.0, 6.691123296, 7.065144036, 7.40037744, 7.689435444, 7.925083902, 8.101627848, 8.26924455, 8.585084286, 8.828582562, 8.996661018, 9.087780474, 9.101633094, 9.039450222, 8.902924956, 8.695905246, 8.422700796, 8.088698736, 7.700825376, 7.266007026, 6.792709176, 6.289551234, 5.765306526, 5.229671886, 4.691882394, 4.573827288, 4.383276804, 4.115459484, 3.775300704, 3.368341512, 2.901508218, 2.583821466, 2.827011906, 2.989549314], "min_cpu_time": [24, 21, 7, 20, 7, 14, 24, 17, 8, 20, 1, 21, 15], "max_cpu_time": [40, 35, 49, 41, 26, 28, 28, 26, 42, 45, 47, 49, 42], "min_job_period": [33, 2, 27, 23, 13, 13, 62, 40, 25, 16, 3, 69, 29], "max_job_period": [52, 94, 64, 30, 81, 22, 76, 98, 109, 107, 35, 88, 88], "min_startup": [1, 1, 4, 1, 4, 2, 1, 2, 3, 1, 24, 1, 2], "max_startup": [117, 17, 20, 7, 95, 113, 88, 98, 20, 82, 47, 97, 52], "priority": [3, 12, 11, 7, 2, 4, 9, 10, 5, 13, 1, 6, 8], "win_min": [0, 0, 0, 0, 0, 0, 0, 0, 0, 14, 0, 0, 0], "win_max": [125, 125, 125, 125, 125, 125, 125, 125, 125, 121, 125, 125, 125]}