{"subs": 1, "jobs": 24, "T": 125, "power_use": [3.1869221856781547, 0.12649770103027927, 0.8446500831283875, 2.005816747058227, 3.2217464911344567, 2.6594416841896935, 0.4475692891744768, 2.486616854263922, 1.7070396924548614, 3.142308097273486, 1.0281957733531824, 0.1296150845685291, 3.84634651029468, 0.34678484006618987, 0.4609238941681977, 2.65796611851769, 3.5080781387741404, 0.6189679810872337, 3.969044128400731, 1.630601897868651, 0.8334046918014183, 3.874131383470589, 1.8794909103634714, 1.897257973177534], "power_resource": [3.462077574, 3.007095966, 2.511018252, 2.769600492, 2.948145372, 3.402203472, 3.982782168, 4.55443362, 5.107460994, 5.63262921, 6.120857106, 6.56383311, 6.953553486, 7.283091924, 7.546445622, 7.738535286, 7.855512966, 7.894146384, 7.853358114, 7.732532484, 7.532593002, 7.25569452, 6.905223234, 6.766389198, 7.10100693, 7.384062132, 7.60970592, 7.872290028, 8.238768786, 8.534291346, 8.755933266, 8.902155366, 8.972495892, 8.96803227, 0.0, 0.0, 0.0, 0.0, 0.0, 0.0, 0.0, 0.0, 0.0, 0.0, 0.0, 0.0, 0.0, 0.0, 0.0, 0.0, 0.0, 0.0, 0.0, 0.0, 0.0, 0.0, 0.0, 0.0, 0.0, 0.0, 0.0, 0.0, 0.0, 0.0, 0.0, 0.0, 0.0, 0.0, 0.0, 6.716058012, 6.93246672, 7.284785022, 7.593852366, 7.85212677, 8.053605432, 8.192593386, 8.469030114, 8.742234564, 8.941404456, 9.064077102, 9.109482912, 9.078237558, 8.97188022, 8.793489258, 8.54706654, 8.23769136, 7.871520438, 7.45578792, 6.998189706, 6.507191286, 5.991565986, 5.460856722, 4.924298574, 4.639396356, 4.48132257, 4.244442768, 3.93337449, 3.55319703, 3.110374944, 2.612142378, 2.709264636, 2.90366307, 3.277068138, 3.858108588, 4.431914892, 4.989098052, 5.520115152, 6.01588503, 6.467942196, 6.868282914, 7.209826956, 7.486109766, 7.692205968, 7.82365194, 7.877369322, 7.851665016, 7.746077268, 7.561067832, 7.298637642, 6.961865058, 6.714980586, 7.05867948, 7.35189327, 7.588773072, 7.80210342], "min_cpu_time": [7, 11, 16, 19, 2, 7, 9, 11, 7, 2, 4, 11, 17, 18, 9, 4, 20, 1, 21, 9, 22, 8, 14, 4], "max_cpu_time": [54, 49, 44, 30, 14, 13, 36, 44, 21, 40, 22, 41, 36, 43, 44, 12, 44, 46, 34, 32, 27, 50, 32, 4], "min_job_period": [2, 25, 10, 112, 8, 13, 47, 52, 14, 7, 2, 30, 86, 40, 36, 17, 57, 5, 66, 31, 87, 8, 106, 23], "max_job_period": [79, 38, 48, 123, 94, 81, 48, 72, 43, 9, 37, 33, 123, 79, 48, 118, 116, 65, 118, 108, 106, 24, 124, 26], "min_startup": [2, 2, 1, 1, 7, 2, 2, 2, 2, 7, 4, 2, 1, 1, 2, 4, 1, 13, 1, 2, 1, 2, 1, 4], "max_startup": [100, 59, 109, 112, 63, 95, 114, 40, 84, 29, 87, 78, 54, 100, 34, 76, 109, 76, 98, 96, 100, 107, 20, 17], "priority": [18, 3, 6, 13, 19, 21, 14, 4, 16, 11, 1, 7, 24, 22, 8, 15, 5, 9, 12, 10, 17, 20, 23, 2], "win_min": [0, 0, 0, 0, 0, 0, 0, 0, 0, 0, 0, 0, 0, 0, 16, 0, 0, 0, 0, 0, 0, 0, 0, 0], "win_max": [125, 125, 125, 125, 125, 125, 125, 125, 125, 125, 125, 125, 125, 125, 115, 125, 125, 125, 125, 125, 125, 125, 125, 125]}