{"subs": 1, "jobs": 9, "T": 125, "power_use": [1.78095706870733, 3.4432701015302953, 1.4451854505571327, 2.247447770142553, 3.983226029885073, 2.561097873944077, 2.564305659403589, 0.07586534789885481, 0.8605747155890954], "power_resource": [7.732532484, 7.532593002, 7.25569452, 6.905223234, 6.766389198, 7.10100693, 7.384062132, 7.60970592, 7.872290028, 8.238768786, 8.534291346, 8.755933266, 8.902155366, 8.972495892, 8.96803227, 0.0, 0.0, 0.0, 0.0, 0.0, 0.0, 0.0, 0.0, 0.0, 0.0, 0.0, 0.0, 0.0, 0.0, 0.0, 0.0, 0.0, 0.0, 0.0, 0.0, 0.0, 0.0, 0.0, 0.0, 0.0, 0.0, 0.0, 0.0, 0.0, 0.0, 0.0, 0.0, 0.0, 0.0, 0.0, 6.716058012, 6.93246672, 7.284785022, 7.593852366, 7.85212677, 8.053605432, 8.192593386, 8.469030114, 8.742234564, 8.941404456, 9.064077102, 9.109482912, 9.078237558, 8.97188022, 8.793489258, 8.54706654, 8.23769136, 7.871520438, 7.45578792, 6.998189706, 6.507191286, 5.991565986, 5.460856722, 4.924298574, 4.639396356, 4.48132257, 4.244442768, 3.93337449, 3.55319703, 3.110374944, 2.612142378, 2.709264636, 2.90366307, 3.277068138, 3.858108588, 4.431914892, 4.989098052, 5.520115152, 6.01588503, 6.467942196, 6.868282914, 7.209826956, 7.486109766, 7.692205968, 7.82365194, 7.877369322, 7.851665016, 7.746077268, 7.561067832, 7.298637642, 6.961865058, 6.714980586, 7.05867948, 7.35189327, 7.588773072, 7.80210342, 8.18151129, 8.490578634, 8.72638101, 8.886917484, 8.971572384, 8.9811153, 0.0, 0.0, 0.0, 0.0, 0.0, 0.0, 0.0, 0.0, 0.0, 0.0, 0.0, 0.0, 0.0], "min_cpu_time": [13, 3, 6, 23, 9, 19, 22, 20, 10], "max_cpu_time": [56, 40, 43, 24, 48, 22, 37, 49, 26], "min_job_period": [6, 2, 5, 23, 10, 15, 23, 7, 5], "max_job_period": [86, 56, 50, 65, 59, 101, 66, 92, 88], "min_startup": [6, 29, 14, 3, 9, 4, 3, 4, 8], "max_startup": [52, 54, 80, 40, 87, 58, 95, 51, 66], "priority": [5, 6, 8, 2, 3, 4, 7, 1, 9], "win_min": [0, 0, 0, 0, 0, 0, 17, 0, 0], "win_max": [125, 125, 125, 125, 125, 125, 121, 125, 125]}