{"subs": 1, "jobs": 13, "T": 125, "power_use": [0.307296398640996, 3.822190385527733, 3.599216194179323, 0.5171503889859304, 2.6628336585450856, 1.8215427579029633, 2.2718715398774236, 0.866190007239461, 2.5367900692229703, 0.10880054599683468, 0.9952510894725517, 3.3556152341578924, 0.3700234262090611], "power_resource": [4.23120582, 4.797316224, 5.341262436, 5.853655458, 6.325721964, 6.749458218, 7.11716832, 7.422387714, 7.659113598, 7.823036268, 7.910461692, 7.918927182, 7.847663148, 7.696515672, 7.467023934, 7.161650622, 6.784551522, 6.86397321, 7.179966864, 7.442089218, 7.644645306, 8.005429098, 8.34543396, 8.613405198, 8.806572288, 8.92416564, 8.966031336, 0.0, 0.0, 0.0, 0.0, 0.0, 0.0, 0.0, 0.0, 0.0, 0.0, 0.0, 0.0, 0.0, 0.0, 0.0, 0.0, 0.0, 0.0, 0.0, 0.0, 0.0, 0.0, 0.0, 0.0, 0.0, 0.0, 0.0, 0.0, 0.0, 0.0, 0.0, 0.0, 0.0, 0.0, 0.0, 0.0, 6.691123296, 7.065144036, 7.40037744, 7.689435444, 7.925083902, 8.101627848, 8.26924455, 8.585084286, 8.828582562, 8.996661018, 9.087780474, 9.101633094, 9.039450222, 8.902924956, 8.695905246, 8.422700796, 8.088698736, 7.700825376, 7.266007026, 6.792709176, 6.289551234, 5.765306526, 5.229671886, 4.691882394, 4.573827288, 4.383276804, 4.115459484, 3.775300704, 3.368341512, 2.901508218, 2.583821466, 2.827011906, 2.989549314, 3.527338806, 4.10730183, 4.676336676, 5.224900428, 5.743911924, 6.224136084, 6.657569172, 7.036515288, 7.354048122, 7.604164872, 7.782247998, 7.88444955, 7.908152922, 7.851972852, 7.71590934, 7.50119373, 7.209980874, 6.846118722, 6.815950794, 7.141487364, 7.41423006, 7.628329998, 7.940167866, 8.293563594, 8.575233534, 8.782714998, 8.914468806, 8.970648876, 8.952178716], "min_cpu_time": [10, 23, 7, 4, 15, 7, 4, 2, 5, 16, 3, 14, 7], "max_cpu_time": [35, 32, 16, 61, 51, 58, 35, 27, 16, 61, 11, 17, 18], "min_job_period": [103, 80, 103, 26, 28, 50, 6, 34, 52, 48, 27, 89, 124], "max_job_period": [103, 94, 105, 29, 73, 78, 61, 105, 91, 74, 116, 94, 124], "min_startup": [1, 1, 1, 2, 1, 1, 2, 3, 2, 1, 2, 1, 1], "max_startup": [122, 107, 83, 77, 115, 102, 27, 117, 68, 24, 68, 42, 60], "priority": [4, 2, 7, 11, 13, 5, 3, 12, 1, 6, 9, 10, 8], "win_min": [0, 3, 0, 0, 0, 0, 0, 0, 0, 0, 0, 0, 0], "win_max": [125, 100, 125, 125, 125, 125, 125, 125, 125, 125, 125, 125, 125]}