{"subs": 1, "jobs": 22, "T": 125, "power_use": [3.3734669458927575, 0.14380755164723302, 0.39167863978730305, 3.423793978900317, 3.166570085153674, 1.8973814323704274, 2.7235086362324616, 2.2177671241796073, 0.5731969262024114, 3.7944037816373157, 1.5685943870351904, 3.9684828956606486, 3.059636708230296, 0.5508531811597338, 3.4724036293854756, 0.19792749160617265, 0.06560351509239282, 0.04941895029604642, 1.4461959305992105, 3.097948027476493, 2.2287173935470674, 1.7538855181177104], "power_resource": [7.40037744, 7.689435444, 7.925083902, 8.101627848, 8.26924455, 8.585084286, 8.828582562, 8.996661018, 9.087780474, 9.101633094, 9.039450222, 8.902924956, 8.695905246, 8.422700796, 8.088698736, 7.700825376, 7.266007026, 6.792709176, 6.289551234, 5.765306526, 5.229671886, 4.691882394, 4.573827288, 4.383276804, 4.115459484, 3.775300704, 3.368341512, 2.901508218, 2.583821466, 2.827011906, 2.989549314, 3.527338806, 4.10730183, 4.676336676, 5.224900428, 5.743911924, 6.224136084, 6.657569172, 7.036515288, 7.354048122, 7.604164872, 7.782247998, 7.88444955, 7.908152922, 7.851972852, 7.71590934, 7.50119373, 7.209980874, 6.846118722, 6.815950794, 7.141487364, 7.41423006, 7.628329998, 7.940167866, 8.293563594, 8.575233534, 8.782714998, 8.914468806, 8.970648876, 8.952178716, 0.0, 0.0, 0.0, 0.0, 0.0, 0.0, 0.0, 0.0, 0.0, 0.0, 0.0, 0.0, 0.0, 0.0, 0.0, 0.0, 0.0, 0.0, 0.0, 0.0, 0.0, 0.0, 0.0, 0.0, 0.0, 0.0, 0.0, 0.0, 0.0, 0.0, 0.0, 0.0, 0.0, 0.0, 0.0, 6.658030926, 6.999574968, 7.343581698, 7.642644372, 7.88983668, 8.079001902, 8.20459899, 8.52859638, 8.787024702, 8.970648876, 9.077467968, 9.107174142, 9.06038307, 8.938941768, 8.746236432, 8.486115012, 8.164426392, 7.787327292, 7.36189794, 6.89629599, 6.398986932, 5.87889801, 5.345418222, 4.808090484, 4.60830492, 4.433761908, 4.181490306, 3.8556459, 3.462077574, 3.007095966], "min_cpu_time": [8, 22, 4, 21, 2, 21, 9, 15, 4, 4, 6, 21, 8, 17, 17, 13, 9, 24, 12, 15, 8, 16], "max_cpu_time": [22, 26, 56, 23, 9, 29, 13, 60, 5, 17, 62, 46, 47, 33, 24, 46, 47, 54, 22, 61, 13, 62], "min_job_period": [75, 69, 9, 74, 5, 105, 81, 31, 15, 20, 16, 117, 8, 30, 31, 35, 121, 115, 110, 7, 101, 66], "max_job_period": [94, 118, 110, 104, 59, 117, 101, 36, 113, 81, 105, 122, 86, 37, 39, 107, 122, 115, 116, 106, 103, 66], "min_startup": [1, 1, 3, 1, 5, 1, 1, 1, 3, 3, 2, 1, 1, 1, 1, 1, 1, 1, 1, 1, 1, 1], "max_startup": [100, 121, 13, 84, 84, 5, 7, 74, 57, 101, 37, 59, 4, 62, 94, 67, 27, 96, 15, 71, 80, 2], "priority": [2, 9, 14, 6, 18, 13, 7, 10, 20, 17, 5, 3, 12, 16, 8, 11, 22, 21, 15, 1, 19, 4], "win_min": [0, 0, 0, 0, 0, 0, 0, 0, 0, 0, 0, 0, 0, 0, 6, 0, 0, 0, 0, 0, 0, 0], "win_max": [125, 125, 125, 125, 125, 125, 125, 125, 125, 125, 125, 125, 125, 125, 106, 125, 125, 125, 125, 125, 125, 125]}