{"subs": 1, "jobs": 24, "T": 125, "power_use": [2.878948436061414, 3.8553188958553806, 2.1292960102342766, 1.0117652170413776, 2.3993554542478295, 3.0918312143425712, 2.7236375915312303, 0.2276012580190959, 1.575426003057301, 2.6822006707141006, 2.10738754549343, 1.683300675387058, 3.2945297446223245, 1.8494816287618148, 2.5600746599345277, 0.8528462432897503, 3.7022556291050144, 0.5490268654378317, 3.8720534513365963, 1.2540890154108748, 1.2815966006825579, 0.5358023924653503, 0.19039531580736546, 1.1562089049901294], "power_resource": [8.613405198, 8.806572288, 8.92416564, 8.966031336, 0.0, 0.0, 0.0, 0.0, 0.0, 0.0, 0.0, 0.0, 0.0, 0.0, 0.0, 0.0, 0.0, 0.0, 0.0, 0.0, 0.0, 0.0, 0.0, 0.0, 0.0, 0.0, 0.0, 0.0, 0.0, 0.0, 0.0, 0.0, 0.0, 0.0, 0.0, 0.0, 0.0, 0.0, 0.0, 0.0, 6.691123296, 7.065144036, 7.40037744, 7.689435444, 7.925083902, 8.101627848, 8.26924455, 8.585084286, 8.828582562, 8.996661018, 9.087780474, 9.101633094, 9.039450222, 8.902924956, 8.695905246, 8.422700796, 8.088698736, 7.700825376, 7.266007026, 6.792709176, 6.289551234, 5.765306526, 5.229671886, 4.691882394, 4.573827288, 4.383276804, 4.115459484, 3.775300704, 3.368341512, 2.901508218, 2.583821466, 2.827011906, 2.989549314, 3.527338806, 4.10730183, 4.676336676, 5.224900428, 5.743911924, 6.224136084, 6.657569172, 7.036515288, 7.354048122, 7.604164872, 7.782247998, 7.88444955, 7.908152922, 7.851972852, 7.71590934, 7.50119373, 7.209980874, 6.846118722, 6.815950794, 7.141487364, 7.41423006, 7.628329998, 7.940167866, 8.293563594, 8.575233534, 8.782714998, 8.914468806, 8.970648876, 8.952178716, 0.0, 0.0, 0.0, 0.0, 0.0, 0.0, 0.0, 0.0, 0.0, 0.0, 0.0, 0.0, 0.0, 0.0, 0.0, 0.0, 0.0, 0.0, 0.0, 0.0, 0.0, 0.0, 0.0], "min_cpu_time": [22, 4, 16, 3, 18, 12, 22, 4, 2, 7, 7, 10, 14, 21, 6, 17, 11, 1, 16, 24, 19, 3, 15, 2], "max_cpu_time": [32, 5, 37, 35, 46, 30, 52, 49, 40, 35, 38, 23, 58, 48, 7, 61, 36, 27, 28, 24, 48, 37, 21, 10], "min_job_period": [77, 31, 11, 28, 111, 100, 86, 29, 13, 31, 21, 122, 80, 111, 26, 6, 72, 12, 103, 1, 6, 15, 106, 10], "max_job_period": [116, 117, 53, 121, 113, 108, 95, 68, 38, 55, 28, 122, 121, 119, 73, 97, 75, 111, 119, 122, 121, 37, 111, 33], "min_startup": [1, 3, 1, 3, 1, 1, 1, 3, 5, 2, 2, 1, 1, 1, 2, 1, 1, 9, 1, 1, 1, 3, 1, 5], "max_startup": [85, 119, 5, 21, 77, 34, 15, 6, 54, 10, 32, 43, 115, 26, 110, 56, 39, 76, 86, 20, 32, 58, 39, 76], "priority": [1, 7, 10, 15, 5, 13, 19, 6, 20, 22, 12, 23, 3, 14, 17, 16, 4, 8, 24, 11, 9, 18, 21, 2], "win_min": [0, 0, 0, 0, 0, 0, 0, 0, 0, 0, 0, 0, 0, 0, 0, 0, 0, 0, 0, 0, 0, 0, 12, 0], "win_max": [125, 125, 125, 125, 125, 125, 125, 125, 125, 125, 125, 125, 125, 125, 125, 125, 125, 125, 125, 125, 125, 125, 102, 125]}