{"subs": 1, "jobs": 24, "T": 125, "power_use": [2.452837565035077, 2.111344293856308, 1.248704489685113, 0.3098257325238683, 1.463895653382825, 1.2984221187418492, 0.02917892837293034, 2.9176857227057766, 1.3063032474489906, 2.6105759069856758, 2.564583396227529, 1.0626733284084395, 2.989388634179791, 0.13402351084239972, 1.9153141380175978, 2.396320684674622, 2.944931701574736, 1.7861562251378094, 2.1852036467244673, 2.434061079314873, 2.507107019777831, 1.4538863971856708, 2.4096636509313587, 0.9590680311725057], "power_resource": [6.909994692, 7.21644543, 7.467793524, 7.67204271, 8.068227642, 8.394841638, 8.648806338, 8.827659054, 8.930938032, 8.958643272, 0.0, 0.0, 0.0, 0.0, 0.0, 0.0, 0.0, 0.0, 0.0, 0.0, 0.0, 0.0, 0.0, 0.0, 0.0, 0.0, 0.0, 0.0, 0.0, 0.0, 0.0, 0.0, 0.0, 0.0, 0.0, 0.0, 0.0, 0.0, 0.0, 0.0, 0.0, 0.0, 0.0, 0.0, 0.0, 0.0, 6.76238733, 7.128866088, 7.455172248, 7.733763828, 7.957714518, 8.12148327, 8.337276306, 8.63864775, 8.866908144, 9.019286964, 9.094706784, 9.093013686, 9.015285096, 8.863983702, 8.642803536, 8.356362138, 8.01066231, 7.612168608, 7.168423014, 6.6877371, 6.178884192, 5.650945452, 5.113309878, 4.662637974, 4.536117378, 4.329405504, 4.04650422, 3.692031066, 3.272142762, 2.7936117, 2.653700238, 2.88134496, 3.070356264, 3.652320222, 4.23120582, 4.797316224, 5.341262436, 5.853655458, 6.325721964, 6.749458218, 7.11716832, 7.422387714, 7.659113598, 7.823036268, 7.910461692, 7.918927182, 7.847663148, 7.696515672, 7.467023934, 7.161650622, 6.784551522, 6.86397321, 7.179966864, 7.442089218, 7.644645306, 8.005429098, 8.34543396, 8.613405198, 8.806572288, 8.92416564, 8.966031336, 0.0, 0.0, 0.0, 0.0, 0.0, 0.0, 0.0, 0.0, 0.0, 0.0, 0.0, 0.0, 0.0, 0.0, 0.0, 0.0, 0.0, 0.0], "min_cpu_time": [10, 8, 10, 10, 4, 12, 10, 15, 3, 22, 19, 9, 6, 14, 21, 11, 18, 15, 1, 11, 4, 13, 2, 14], "max_cpu_time": [53, 34, 44, 15, 32, 45, 42, 17, 21, 26, 24, 61, 19, 53, 38, 21, 43, 60, 59, 47, 5, 50, 35, 22], "min_job_period": [56, 48, 25, 3, 2, 52, 22, 110, 1, 72, 94, 13, 35, 62, 106, 38, 26, 71, 3, 20, 7, 17, 6, 100], "max_job_period": [63, 86, 33, 68, 67, 56, 29, 119, 108, 124, 124, 67, 88, 99, 124, 60, 46, 90, 46, 39, 117, 76, 21, 114], "min_startup": [2, 2, 2, 2, 4, 2, 2, 1, 6, 1, 1, 2, 3, 1, 1, 2, 1, 1, 16, 2, 4, 2, 8, 1], "max_startup": [63, 117, 53, 121, 103, 104, 115, 21, 111, 15, 120, 16, 107, 65, 56, 115, 98, 101, 25, 65, 50, 54, 117, 83], "priority": [3, 24, 21, 12, 19, 15, 9, 6, 4, 22, 5, 20, 10, 14, 1, 23, 16, 13, 7, 17, 11, 8, 18, 2], "win_min": [0, 0, 0, 0, 0, 0, 0, 0, 0, 20, 0, 0, 0, 0, 0, 0, 0, 0, 0, 0, 0, 0, 0, 0], "win_max": [125, 125, 125, 125, 125, 125, 125, 125, 125, 105, 125, 125, 125, 125, 125, 125, 125, 125, 125, 125, 125, 125, 125, 125]}