{"subs": 1, "jobs": 20, "T": 125, "power_use": [3.853080516417207, 2.0131007713570077, 2.333734286721368, 1.3146253550889768, 0.34501707685245553, 0.09429483950628711, 0.08041068930382858, 2.170168116820093, 2.5397845173435725, 1.9192907723775783, 0.9789507212051072, 2.0500517092318873, 1.307783755213421, 2.750928759064762, 3.1135261320296026, 0.11371008962183524, 1.0116997391386182, 3.621003581856761, 0.3529948249934096, 1.8976448270715973], "power_resource": [8.585084286, 8.828582562, 8.996661018, 9.087780474, 9.101633094, 9.039450222, 8.902924956, 8.695905246, 8.422700796, 8.088698736, 7.700825376, 7.266007026, 6.792709176, 6.289551234, 5.765306526, 5.229671886, 4.691882394, 4.573827288, 4.383276804, 4.115459484, 3.775300704, 3.368341512, 2.901508218, 2.583821466, 2.827011906, 2.989549314, 3.527338806, 4.10730183, 4.676336676, 5.224900428, 5.743911924, 6.224136084, 6.657569172, 7.036515288, 7.354048122, 7.604164872, 7.782247998, 7.88444955, 7.908152922, 7.851972852, 7.71590934, 7.50119373, 7.209980874, 6.846118722, 6.815950794, 7.141487364, 7.41423006, 7.628329998, 7.940167866, 8.293563594, 8.575233534, 8.782714998, 8.914468806, 8.970648876, 8.952178716, 0.0, 0.0, 0.0, 0.0, 0.0, 0.0, 0.0, 0.0, 0.0, 0.0, 0.0, 0.0, 0.0, 0.0, 0.0, 0.0, 0.0, 0.0, 0.0, 0.0, 0.0, 0.0, 0.0, 0.0, 0.0, 0.0, 0.0, 0.0, 0.0, 0.0, 0.0, 0.0, 0.0, 0.0, 0.0, 6.658030926, 6.999574968, 7.343581698, 7.642644372, 7.88983668, 8.079001902, 8.20459899, 8.52859638, 8.787024702, 8.970648876, 9.077467968, 9.107174142, 9.06038307, 8.938941768, 8.746236432, 8.486115012, 8.164426392, 7.787327292, 7.36189794, 6.89629599, 6.398986932, 5.87889801, 5.345418222, 4.808090484, 4.60830492, 4.433761908, 4.181490306, 3.8556459, 3.462077574, 3.007095966, 2.511018252, 2.769600492, 2.948145372, 3.402203472, 3.982782168], "min_cpu_time": [16, 21, 24, 16, 1, 6, 1, 21, 21, 9, 11, 18, 1, 15, 1, 19, 12, 8, 5, 24], "max_cpu_time": [44, 31, 44, 20, 46, 9, 11, 36, 41, 29, 30, 36, 14, 25, 35, 35, 50, 39, 46, 47], "min_job_period": [18, 66, 48, 102, 1, 63, 16, 55, 6, 66, 123, 120, 11, 10, 3, 67, 18, 110, 82, 110], "max_job_period": [71, 123, 100, 113, 107, 102, 122, 116, 37, 71, 123, 123, 65, 37, 86, 87, 40, 118, 108, 115], "min_startup": [1, 1, 1, 1, 4, 1, 4, 1, 1, 1, 1, 1, 4, 1, 4, 1, 1, 1, 1, 1], "max_startup": [22, 3, 6, 19, 39, 47, 5, 50, 98, 51, 15, 2, 11, 110, 122, 36, 23, 116, 3, 112], "priority": [2, 17, 16, 15, 10, 1, 5, 12, 9, 7, 13, 8, 3, 19, 4, 6, 18, 11, 20, 14], "win_min": [0, 0, 0, 0, 0, 0, 11, 0, 0, 0, 0, 0, 0, 0, 0, 0, 0, 0, 0, 0], "win_max": [125, 125, 125, 125, 125, 125, 123, 125, 125, 125, 125, 125, 125, 125, 125, 125, 125, 125, 125, 125]}