{"subs": 1, "jobs": 20, "T": 125, "power_use": [0.6436960478714094, 0.2098310216935912, 0.48480059321377417, 2.912668198676949, 2.6307083775893942, 3.908568500408761, 1.9109830592713137, 0.9751750869641217, 1.0444520751702482, 3.0731410844809304, 3.180511178784772, 0.2551827966556792, 3.000905505192971, 3.7174643208293903, 0.422688047013592, 3.0792195366697572, 0.1636880801265159, 2.283756952115692, 3.8081390538109, 1.943091143522572], "power_resource": [8.987887692, 8.82181017, 8.586777384, 8.287560792, 7.930163196, 7.521356988, 7.068991986, 6.581379762, 6.067293642, 5.535814788, 4.996793952, 4.638165012, 4.495021272, 4.272609762, 3.974470596, 3.606144822, 3.173327406, 2.68356033, 2.720654568, 2.932753572, 3.195029844, 3.777455556, 4.354801974, 4.9176801, 5.4563931, 5.961859812, 6.425460828, 6.839192412, 7.195512582, 7.4881107, 7.711445718, 7.861054014, 7.933549392, 7.926930918, 7.840275084, 7.674043644, 7.429929696, 7.110703764, 6.720521634, 6.909994692, 7.21644543, 7.467793524, 7.67204271, 8.068227642, 8.394841638, 8.648806338, 8.827659054, 8.930938032, 8.958643272, 0.0, 0.0, 0.0, 0.0, 0.0, 0.0, 0.0, 0.0, 0.0, 0.0, 0.0, 0.0, 0.0, 0.0, 0.0, 0.0, 0.0, 0.0, 0.0, 0.0, 0.0, 0.0, 0.0, 0.0, 0.0, 0.0, 0.0, 0.0, 0.0, 0.0, 0.0, 0.0, 0.0, 0.0, 0.0, 0.0, 6.76238733, 7.128866088, 7.455172248, 7.733763828, 7.957714518, 8.12148327, 8.337276306, 8.63864775, 8.866908144, 9.019286964, 9.094706784, 9.093013686, 9.015285096, 8.863983702, 8.642803536, 8.356362138, 8.01066231, 7.612168608, 7.168423014, 6.6877371, 6.178884192, 5.650945452, 5.113309878, 4.662637974, 4.536117378, 4.329405504, 4.04650422, 3.692031066, 3.272142762, 2.7936117, 2.653700238, 2.88134496, 3.070356264, 3.652320222, 4.23120582, 4.797316224, 5.341262436, 5.853655458, 6.325721964, 6.749458218], "min_cpu_time": [14, 15, 20, 19, 23, 11, 12, 2, 20, 23, 3, 22, 10, 11, 24, 10, 20, 19, 19, 22], "max_cpu_time": [48, 55, 43, 35, 24, 50, 17, 48, 24, 26, 33, 26, 21, 56, 50, 20, 29, 28, 29, 38], "min_job_period": [48, 35, 6, 25, 34, 4, 95, 7, 48, 32, 5, 19, 4, 36, 53, 18, 29, 93, 98, 95], "max_job_period": [80, 81, 42, 28, 99, 80, 113, 9, 110, 95, 24, 102, 60, 81, 106, 42, 29, 103, 100, 124], "min_startup": [1, 1, 1, 1, 1, 2, 1, 7, 1, 1, 5, 1, 2, 2, 1, 2, 1, 1, 1, 1], "max_startup": [8, 85, 11, 72, 74, 94, 101, 78, 96, 40, 69, 93, 92, 4, 42, 112, 96, 2, 20, 96], "priority": [19, 12, 10, 8, 17, 2, 15, 18, 13, 14, 1, 9, 4, 11, 6, 16, 5, 3, 7, 20], "win_min": [0, 0, 0, 0, 0, 0, 0, 0, 0, 0, 0, 0, 3, 0, 0, 0, 0, 0, 0, 0], "win_max": [125, 125, 125, 125, 125, 125, 125, 125, 125, 125, 125, 125, 114, 125, 125, 125, 125, 125, 125, 125]}