{"subs": 1, "jobs": 18, "T": 125, "power_use": [0.8552969841220625, 0.5448517602965045, 0.9061846734049129, 0.18375167276852572, 3.168370358030487, 3.520391918189313, 2.9998048653679708, 2.5430330367353835, 0.6325714953029674, 0.3558261199721916, 3.5483743661493627, 1.7733240674431132, 1.6174435967727678, 2.8136696473659457, 2.384195038804404, 3.8990051761582305, 3.5039816326231805, 2.297654728334716], "power_resource": [4.536117378, 4.329405504, 4.04650422, 3.692031066, 3.272142762, 2.7936117, 2.653700238, 2.88134496, 3.070356264, 3.652320222, 4.23120582, 4.797316224, 5.341262436, 5.853655458, 6.325721964, 6.749458218, 7.11716832, 7.422387714, 7.659113598, 7.823036268, 7.910461692, 7.918927182, 7.847663148, 7.696515672, 7.467023934, 7.161650622, 6.784551522, 6.86397321, 7.179966864, 7.442089218, 7.644645306, 8.005429098, 8.34543396, 8.613405198, 8.806572288, 8.92416564, 8.966031336, 0.0, 0.0, 0.0, 0.0, 0.0, 0.0, 0.0, 0.0, 0.0, 0.0, 0.0, 0.0, 0.0, 0.0, 0.0, 0.0, 0.0, 0.0, 0.0, 0.0, 0.0, 0.0, 0.0, 0.0, 0.0, 0.0, 0.0, 0.0, 0.0, 0.0, 0.0, 0.0, 0.0, 0.0, 0.0, 0.0, 6.691123296, 7.065144036, 7.40037744, 7.689435444, 7.925083902, 8.101627848, 8.26924455, 8.585084286, 8.828582562, 8.996661018, 9.087780474, 9.101633094, 9.039450222, 8.902924956, 8.695905246, 8.422700796, 8.088698736, 7.700825376, 7.266007026, 6.792709176, 6.289551234, 5.765306526, 5.229671886, 4.691882394, 4.573827288, 4.383276804, 4.115459484, 3.775300704, 3.368341512, 2.901508218, 2.583821466, 2.827011906, 2.989549314, 3.527338806, 4.10730183, 4.676336676, 5.224900428, 5.743911924, 6.224136084, 6.657569172, 7.036515288, 7.354048122, 7.604164872, 7.782247998, 7.88444955, 7.908152922, 7.851972852, 7.71590934, 7.50119373, 7.209980874, 6.846118722, 6.815950794], "min_cpu_time": [14, 20, 6, 11, 14, 9, 2, 17, 17, 5, 23, 17, 23, 6, 18, 22, 14, 10], "max_cpu_time": [54, 53, 45, 25, 14, 10, 6, 42, 38, 42, 59, 60, 61, 31, 53, 38, 47, 43], "min_job_period": [42, 61, 18, 31, 29, 6, 30, 94, 106, 13, 66, 17, 13, 52, 19, 45, 104, 57], "max_job_period": [112, 93, 24, 112, 62, 35, 67, 99, 107, 105, 79, 50, 99, 115, 112, 61, 104, 106], "min_startup": [1, 1, 2, 1, 1, 1, 4, 1, 1, 2, 1, 1, 1, 2, 1, 1, 1, 1], "max_startup": [119, 72, 78, 8, 49, 108, 9, 10, 6, 7, 74, 103, 100, 69, 54, 13, 109, 88], "priority": [12, 10, 3, 1, 9, 14, 11, 4, 8, 15, 13, 18, 17, 6, 16, 7, 2, 5], "win_min": [16, 0, 0, 0, 0, 0, 0, 0, 0, 0, 0, 0, 0, 0, 0, 0, 0, 0], "win_max": [111, 125, 125, 125, 125, 125, 125, 125, 125, 125, 125, 125, 125, 125, 125, 125, 125, 125]}