{"subs": 1, "jobs": 18, "T": 125, "power_use": [1.3358355225064062, 3.604273178677909, 1.8899254181325431, 0.04954977695442125, 2.2061198214157924, 1.954408060070656, 1.8342124362283139, 3.624898095667178, 1.5617118328757371, 0.904048664907609, 0.1771848712533348, 0.6546174903283476, 3.165061452966689, 2.861692264747922, 0.8131758904662401, 3.115207090279126, 1.5355762866700338, 0.18649771343619462], "power_resource": [0.0, 0.0, 0.0, 0.0, 6.809794074, 6.832112184, 7.190895042, 7.507966122, 7.775783442, 7.987882446, 8.138722086, 8.40238362, 8.689132854, 8.902155366, 9.03883455, 9.098400816, 9.081008082, 8.987887692, 8.82181017, 8.586777384, 8.287560792, 7.930163196, 7.521356988, 7.068991986, 6.581379762, 6.067293642, 5.535814788, 4.996793952, 4.638165012, 4.495021272, 4.272609762, 3.974470596, 3.606144822, 3.173327406, 2.68356033, 2.720654568, 2.932753572, 3.195029844, 3.777455556, 4.354801974, 4.9176801, 5.4563931, 5.961859812, 6.425460828, 6.839192412, 7.195512582, 7.4881107, 7.711445718, 7.861054014, 7.933549392, 7.926930918, 7.840275084, 7.674043644, 7.429929696, 7.110703764, 6.720521634, 6.909994692, 7.21644543, 7.467793524, 7.67204271, 8.068227642, 8.394841638, 8.648806338, 8.827659054, 8.930938032, 8.958643272, 0.0, 0.0, 0.0, 0.0, 0.0, 0.0, 0.0, 0.0, 0.0, 0.0, 0.0, 0.0, 0.0, 0.0, 0.0, 0.0, 0.0, 0.0, 0.0, 0.0, 0.0, 0.0, 0.0, 0.0, 0.0, 0.0, 0.0, 0.0, 0.0, 0.0, 0.0, 0.0, 0.0, 0.0, 0.0, 0.0, 6.76238733, 7.128866088, 7.455172248, 7.733763828, 7.957714518, 8.12148327, 8.337276306, 8.63864775, 8.866908144, 9.019286964, 9.094706784, 9.093013686, 9.015285096, 8.863983702, 8.642803536, 8.356362138, 8.01066231, 7.612168608, 7.168423014, 6.6877371, 6.178884192, 5.650945452, 5.113309878], "min_cpu_time": [3, 3, 22, 9, 5, 7, 1, 20, 3, 24, 10, 18, 22, 11, 16, 7, 8, 8], "max_cpu_time": [45, 52, 53, 60, 17, 26, 23, 23, 14, 62, 31, 53, 48, 15, 26, 51, 36, 12], "min_job_period": [86, 51, 30, 100, 66, 103, 21, 113, 50, 57, 30, 82, 67, 8, 8, 61, 17, 45], "max_job_period": [96, 59, 87, 110, 95, 119, 67, 114, 80, 118, 112, 123, 103, 23, 105, 71, 80, 66], "min_startup": [1, 1, 1, 1, 1, 1, 3, 1, 1, 1, 1, 1, 1, 1, 1, 1, 1, 1], "max_startup": [44, 29, 10, 25, 30, 89, 46, 43, 58, 23, 77, 47, 19, 65, 9, 31, 124, 69], "priority": [12, 10, 13, 1, 7, 18, 8, 9, 2, 15, 4, 6, 5, 3, 14, 11, 16, 17], "win_min": [0, 0, 0, 0, 14, 0, 0, 0, 0, 0, 0, 0, 0, 0, 0, 0, 0, 0], "win_max": [125, 125, 125, 125, 115, 125, 125, 125, 125, 125, 125, 125, 125, 125, 125, 125, 125, 125]}