{"subs": 1, "jobs": 24, "T": 125, "power_use": [1.1813007684156394, 0.6248537331626013, 3.2646631706388347, 1.6395025714997824, 1.0944114444873585, 2.0552327786687044, 0.23817235222713534, 3.462742834889704, 2.2575893155321034, 3.902540103218341, 0.9915072722792323, 1.919937708290646, 3.933181032411426, 2.3992746134474077, 0.17735620368760333, 2.6764695724581378, 1.2094287742836802, 0.6712160748957438, 2.209047650722983, 2.3162190102534743, 0.342609134404534, 0.8418595684668888, 0.6811816078056985, 3.70185524517413], "power_resource": [7.692205968, 7.82365194, 7.877369322, 7.851665016, 7.746077268, 7.561067832, 7.298637642, 6.961865058, 6.714980586, 7.05867948, 7.35189327, 7.588773072, 7.80210342, 8.18151129, 8.490578634, 8.72638101, 8.886917484, 8.971572384, 8.9811153, 0.0, 0.0, 0.0, 0.0, 0.0, 0.0, 0.0, 0.0, 0.0, 0.0, 0.0, 0.0, 0.0, 0.0, 0.0, 0.0, 0.0, 0.0, 0.0, 0.0, 0.0, 0.0, 0.0, 0.0, 0.0, 0.0, 0.0, 0.0, 0.0, 0.0, 0.0, 0.0, 0.0, 0.0, 0.0, 6.771160656, 6.863665374, 7.22414133, 7.54275159, 7.81210809, 8.025592356, 8.17766334, 8.406385488, 8.694519984, 8.908927758, 9.04730004, 9.108559404, 9.092859768, 9.001740312, 8.83797156, 8.605093626, 8.308339722, 7.95371265, 7.547830884, 7.098544242, 6.614010378, 6.103310454, 5.575525632, 5.040198828, 4.667255514, 4.525497036, 4.304470788, 4.00802472, 3.64169988, 3.211191234, 2.724040764, 2.64585042, 2.856102408, 3.152086722, 3.733127172, 4.30893441, 4.869811602, 5.406215832, 5.909219856, 6.370204266, 6.78085749, 7.133945382, 7.423157304, 7.642952208, 7.788866472, 7.8575139, 7.847201394, 7.75669761, 7.58661822, 7.338656322, 7.015736358, 6.662032794, 7.014351096, 7.317569556, 7.565531454, 7.752541824, 8.121637188, 8.444249316, 8.69405823, 8.86875516, 8.967878352, 8.991427806, 0.0, 0.0, 0.0, 0.0, 0.0, 0.0, 0.0, 0.0, 0.0], "min_cpu_time": [22, 4, 3, 13, 6, 17, 10, 1, 15, 1, 10, 12, 14, 1, 4, 11, 21, 8, 11, 3, 23, 4, 2, 9], "max_cpu_time": [46, 5, 56, 34, 52, 35, 38, 20, 18, 30, 19, 26, 26, 9, 17, 17, 33, 50, 50, 32, 57, 58, 17, 20], "min_job_period": [116, 26, 5, 30, 6, 117, 43, 10, 17, 4, 44, 38, 88, 7, 24, 29, 54, 92, 51, 15, 75, 48, 5, 34], "max_job_period": [123, 121, 77, 100, 39, 119, 49, 72, 98, 88, 110, 75, 116, 12, 109, 110, 64, 120, 122, 64, 105, 76, 63, 118], "min_startup": [1, 2, 3, 1, 2, 1, 1, 9, 1, 9, 1, 1, 1, 9, 2, 1, 1, 1, 1, 3, 1, 2, 4, 1], "max_startup": [55, 92, 95, 32, 69, 34, 74, 18, 5, 79, 112, 96, 114, 51, 68, 87, 100, 44, 26, 67, 70, 87, 49, 97], "priority": [10, 19, 3, 4, 11, 21, 20, 18, 22, 12, 24, 16, 23, 17, 6, 14, 1, 2, 15, 9, 8, 7, 5, 13], "win_min": [0, 0, 0, 0, 0, 0, 0, 0, 0, 0, 0, 0, 0, 0, 0, 0, 0, 0, 6, 0, 0, 0, 0, 0], "win_max": [125, 125, 125, 125, 125, 125, 125, 125, 125, 125, 125, 125, 125, 125, 125, 125, 125, 125, 116, 125, 125, 125, 125, 125]}