{"subs": 1, "jobs": 20, "T": 125, "power_use": [1.137489357698777, 1.2597719309078297, 2.9787070817831585, 2.2726418921488705, 3.973934304450582, 2.395790794643025, 3.110655768657186, 2.2672996710094107, 0.6238218786050737, 1.2147804210448232, 1.657877065535281, 0.2762764886802551, 3.104003632934657, 1.2095046824688116, 2.254285585021703, 2.52756648782524, 2.386459705026577, 3.749169529043713, 2.341847105281307, 1.9337906174254014], "power_resource": [7.80210342, 8.18151129, 8.490578634, 8.72638101, 8.886917484, 8.971572384, 8.9811153, 0.0, 0.0, 0.0, 0.0, 0.0, 0.0, 0.0, 0.0, 0.0, 0.0, 0.0, 0.0, 0.0, 0.0, 0.0, 0.0, 0.0, 0.0, 0.0, 0.0, 0.0, 0.0, 0.0, 0.0, 0.0, 0.0, 0.0, 0.0, 0.0, 0.0, 0.0, 0.0, 0.0, 0.0, 0.0, 6.771160656, 6.863665374, 7.22414133, 7.54275159, 7.81210809, 8.025592356, 8.17766334, 8.406385488, 8.694519984, 8.908927758, 9.04730004, 9.108559404, 9.092859768, 9.001740312, 8.83797156, 8.605093626, 8.308339722, 7.95371265, 7.547830884, 7.098544242, 6.614010378, 6.103310454, 5.575525632, 5.040198828, 4.667255514, 4.525497036, 4.304470788, 4.00802472, 3.64169988, 3.211191234, 2.724040764, 2.64585042, 2.856102408, 3.152086722, 3.733127172, 4.30893441, 4.869811602, 5.406215832, 5.909219856, 6.370204266, 6.78085749, 7.133945382, 7.423157304, 7.642952208, 7.788866472, 7.8575139, 7.847201394, 7.75669761, 7.58661822, 7.338656322, 7.015736358, 6.662032794, 7.014351096, 7.317569556, 7.565531454, 7.752541824, 8.121637188, 8.444249316, 8.69405823, 8.86875516, 8.967878352, 8.991427806, 0.0, 0.0, 0.0, 0.0, 0.0, 0.0, 0.0, 0.0, 0.0, 0.0, 0.0, 0.0, 0.0, 0.0, 0.0, 0.0, 0.0, 0.0, 0.0, 0.0, 0.0], "min_cpu_time": [12, 11, 14, 18, 7, 9, 18, 3, 16, 7, 11, 8, 18, 21, 24, 5, 16, 24, 17, 3], "max_cpu_time": [52, 25, 47, 57, 16, 11, 55, 11, 50, 43, 21, 28, 46, 28, 35, 13, 28, 47, 29, 14], "min_job_period": [74, 17, 85, 7, 124, 4, 41, 38, 42, 27, 106, 29, 110, 123, 74, 118, 47, 72, 101, 60], "max_job_period": [82, 79, 120, 36, 124, 42, 61, 71, 78, 43, 107, 40, 111, 124, 99, 121, 104, 81, 115, 90], "min_startup": [1, 1, 1, 1, 1, 1, 1, 1, 1, 1, 1, 1, 1, 1, 1, 1, 1, 1, 1, 1], "max_startup": [66, 96, 122, 4, 47, 29, 99, 107, 46, 14, 26, 81, 82, 99, 115, 64, 66, 25, 5, 93], "priority": [10, 11, 17, 12, 4, 15, 16, 13, 8, 7, 1, 9, 2, 19, 14, 5, 20, 18, 6, 3], "win_min": [0, 0, 0, 0, 0, 0, 0, 0, 0, 0, 24, 0, 0, 0, 0, 0, 0, 0, 0, 0], "win_max": [125, 125, 125, 125, 125, 125, 125, 125, 125, 125, 111, 125, 125, 125, 125, 125, 125, 125, 125, 125]}