{"subs": 1, "jobs": 13, "T": 125, "power_use": [3.9446338487579165, 1.526447613439213, 2.1928689732852678, 1.3381039053291521, 0.8669147092206912, 3.070642941366331, 3.00440841643728, 2.9521303443221916, 3.8131901235361636, 2.3829720243163375, 2.213532034242236, 3.9278230787313295, 0.19872829897285188], "power_resource": [6.56383311, 6.953553486, 7.283091924, 7.546445622, 7.738535286, 7.855512966, 7.894146384, 7.853358114, 7.732532484, 7.532593002, 7.25569452, 6.905223234, 6.766389198, 7.10100693, 7.384062132, 7.60970592, 7.872290028, 8.238768786, 8.534291346, 8.755933266, 8.902155366, 8.972495892, 8.96803227, 0.0, 0.0, 0.0, 0.0, 0.0, 0.0, 0.0, 0.0, 0.0, 0.0, 0.0, 0.0, 0.0, 0.0, 0.0, 0.0, 0.0, 0.0, 0.0, 0.0, 0.0, 0.0, 0.0, 0.0, 0.0, 0.0, 0.0, 0.0, 0.0, 0.0, 0.0, 0.0, 0.0, 0.0, 0.0, 6.716058012, 6.93246672, 7.284785022, 7.593852366, 7.85212677, 8.053605432, 8.192593386, 8.469030114, 8.742234564, 8.941404456, 9.064077102, 9.109482912, 9.078237558, 8.97188022, 8.793489258, 8.54706654, 8.23769136, 7.871520438, 7.45578792, 6.998189706, 6.507191286, 5.991565986, 5.460856722, 4.924298574, 4.639396356, 4.48132257, 4.244442768, 3.93337449, 3.55319703, 3.110374944, 2.612142378, 2.709264636, 2.90366307, 3.277068138, 3.858108588, 4.431914892, 4.989098052, 5.520115152, 6.01588503, 6.467942196, 6.868282914, 7.209826956, 7.486109766, 7.692205968, 7.82365194, 7.877369322, 7.851665016, 7.746077268, 7.561067832, 7.298637642, 6.961865058, 6.714980586, 7.05867948, 7.35189327, 7.588773072, 7.80210342, 8.18151129, 8.490578634, 8.72638101, 8.886917484, 8.971572384, 8.9811153, 0.0, 0.0, 0.0, 0.0, 0.0], "min_cpu_time": [22, 12, 20, 24, 13, 10, 15, 12, 15, 18, 19, 19, 10], "max_cpu_time": [33, 40, 49, 34, 60, 44, 52, 60, 39, 33, 26, 44, 39], "min_job_period": [80, 14, 56, 59, 16, 10, 50, 28, 2, 47, 23, 10, 23], "max_job_period": [123, 60, 57, 91, 68, 88, 50, 38, 21, 65, 32, 90, 124], "min_startup": [1, 3, 2, 1, 2, 3, 2, 3, 2, 2, 2, 2, 3], "max_startup": [20, 28, 104, 75, 10, 38, 20, 100, 30, 69, 10, 51, 100], "priority": [6, 2, 13, 7, 5, 8, 11, 4, 10, 12, 9, 1, 3], "win_min": [0, 0, 0, 0, 0, 7, 0, 0, 0, 0, 0, 0, 0], "win_max": [125, 125, 125, 125, 125, 109, 125, 125, 125, 125, 125, 125, 125]}