{"subs": 1, "jobs": 24, "T": 125, "power_use": [0.40264756102780497, 1.150300180562032, 2.522851971435515, 1.5259707161482825, 0.9795896761343529, 3.380675210695461, 1.4549519142190575, 3.007087378671097, 0.07442680312234058, 0.24527214241852557, 2.765676465978327, 0.272591900830944, 2.8666499952934132, 3.096622824445668, 3.864660762621777, 1.413513680109732, 2.0988518426649203, 0.8227586014755089, 0.8692510875968582, 2.621796001293295, 1.2714243620266696, 0.596269146262596, 1.734756562552565, 2.9178567301729497], "power_resource": [6.792709176, 6.289551234, 5.765306526, 5.229671886, 4.691882394, 4.573827288, 4.383276804, 4.115459484, 3.775300704, 3.368341512, 2.901508218, 2.583821466, 2.827011906, 2.989549314, 3.527338806, 4.10730183, 4.676336676, 5.224900428, 5.743911924, 6.224136084, 6.657569172, 7.036515288, 7.354048122, 7.604164872, 7.782247998, 7.88444955, 7.908152922, 7.851972852, 7.71590934, 7.50119373, 7.209980874, 6.846118722, 6.815950794, 7.141487364, 7.41423006, 7.628329998, 7.940167866, 8.293563594, 8.575233534, 8.782714998, 8.914468806, 8.970648876, 8.952178716, 0.0, 0.0, 0.0, 0.0, 0.0, 0.0, 0.0, 0.0, 0.0, 0.0, 0.0, 0.0, 0.0, 0.0, 0.0, 0.0, 0.0, 0.0, 0.0, 0.0, 0.0, 0.0, 0.0, 0.0, 0.0, 0.0, 0.0, 0.0, 0.0, 0.0, 0.0, 0.0, 0.0, 0.0, 0.0, 6.658030926, 6.999574968, 7.343581698, 7.642644372, 7.88983668, 8.079001902, 8.20459899, 8.52859638, 8.787024702, 8.970648876, 9.077467968, 9.107174142, 9.06038307, 8.938941768, 8.746236432, 8.486115012, 8.164426392, 7.787327292, 7.36189794, 6.89629599, 6.398986932, 5.87889801, 5.345418222, 4.808090484, 4.60830492, 4.433761908, 4.181490306, 3.8556459, 3.462077574, 3.007095966, 2.511018252, 2.769600492, 2.948145372, 3.402203472, 3.982782168, 4.55443362, 5.107460994, 5.63262921, 6.120857106, 6.56383311, 6.953553486, 7.283091924, 7.546445622, 7.738535286, 7.855512966, 7.894146384, 7.853358114], "min_cpu_time": [2, 4, 11, 10, 23, 4, 11, 8, 1, 21, 8, 13, 3, 4, 12, 23, 4, 7, 7, 22, 8, 20, 3, 5], "max_cpu_time": [23, 39, 44, 11, 34, 29, 60, 10, 43, 41, 31, 31, 24, 46, 34, 43, 21, 8, 46, 56, 50, 40, 3, 19], "min_job_period": [107, 66, 44, 66, 98, 40, 83, 111, 54, 74, 124, 83, 109, 2, 97, 99, 30, 95, 24, 12, 114, 38, 24, 23], "max_job_period": [113, 117, 95, 109, 117, 92, 101, 112, 94, 98, 124, 106, 122, 115, 109, 106, 37, 106, 101, 79, 120, 105, 26, 106], "min_startup": [1, 1, 1, 1, 1, 1, 1, 1, 2, 1, 1, 1, 1, 1, 1, 1, 1, 1, 1, 1, 1, 1, 1, 1], "max_startup": [82, 30, 90, 72, 70, 19, 100, 33, 22, 112, 36, 42, 58, 73, 46, 16, 59, 2, 59, 73, 52, 55, 45, 100], "priority": [15, 17, 18, 3, 6, 24, 7, 23, 19, 4, 9, 2, 14, 5, 11, 10, 16, 8, 20, 21, 12, 13, 1, 22], "win_min": [0, 0, 11, 0, 0, 0, 0, 0, 0, 0, 0, 0, 0, 0, 0, 0, 0, 0, 0, 0, 0, 0, 0, 0], "win_max": [125, 125, 111, 125, 125, 125, 125, 125, 125, 125, 125, 125, 125, 125, 125, 125, 125, 125, 125, 125, 125, 125, 125, 125]}