{"subs": 1, "jobs": 13, "T": 125, "power_use": [1.3672467448693737, 1.623044916113374, 1.222940294205654, 3.144410544945542, 1.2372108926197918, 2.8760260866207004, 1.4609765652654472, 3.720029671529816, 0.3935239414406357, 2.319849640882812, 0.19506837939407073, 2.9371420007397027, 2.5588905786044105], "power_resource": [7.21644543, 7.467793524, 7.67204271, 8.068227642, 8.394841638, 8.648806338, 8.827659054, 8.930938032, 8.958643272, 0.0, 0.0, 0.0, 0.0, 0.0, 0.0, 0.0, 0.0, 0.0, 0.0, 0.0, 0.0, 0.0, 0.0, 0.0, 0.0, 0.0, 0.0, 0.0, 0.0, 0.0, 0.0, 0.0, 0.0, 0.0, 0.0, 0.0, 0.0, 0.0, 0.0, 0.0, 0.0, 0.0, 0.0, 0.0, 0.0, 6.76238733, 7.128866088, 7.455172248, 7.733763828, 7.957714518, 8.12148327, 8.337276306, 8.63864775, 8.866908144, 9.019286964, 9.094706784, 9.093013686, 9.015285096, 8.863983702, 8.642803536, 8.356362138, 8.01066231, 7.612168608, 7.168423014, 6.6877371, 6.178884192, 5.650945452, 5.113309878, 4.662637974, 4.536117378, 4.329405504, 4.04650422, 3.692031066, 3.272142762, 2.7936117, 2.653700238, 2.88134496, 3.070356264, 3.652320222, 4.23120582, 4.797316224, 5.341262436, 5.853655458, 6.325721964, 6.749458218, 7.11716832, 7.422387714, 7.659113598, 7.823036268, 7.910461692, 7.918927182, 7.847663148, 7.696515672, 7.467023934, 7.161650622, 6.784551522, 6.86397321, 7.179966864, 7.442089218, 7.644645306, 8.005429098, 8.34543396, 8.613405198, 8.806572288, 8.92416564, 8.966031336, 0.0, 0.0, 0.0, 0.0, 0.0, 0.0, 0.0, 0.0, 0.0, 0.0, 0.0, 0.0, 0.0, 0.0, 0.0, 0.0, 0.0, 0.0, 0.0], "min_cpu_time": [18, 17, 22, 18, 21, 1, 15, 17, 14, 11, 7, 6, 5], "max_cpu_time": [50, 38, 35, 38, 36, 45, 17, 32, 38, 26, 13, 47, 45], "min_job_period": [123, 46, 79, 53, 76, 50, 92, 120, 88, 80, 56, 72, 115], "max_job_period": [123, 104, 109, 88, 108, 65, 107, 124, 121, 111, 124, 86, 118], "min_startup": [1, 1, 1, 1, 1, 2, 1, 1, 1, 1, 1, 1, 1], "max_startup": [103, 80, 16, 59, 29, 10, 86, 120, 38, 57, 53, 3, 46], "priority": [12, 6, 5, 7, 2, 4, 1, 13, 3, 10, 8, 9, 11], "win_min": [0, 0, 0, 0, 0, 0, 0, 0, 0, 23, 0, 0, 0], "win_max": [125, 125, 125, 125, 125, 125, 125, 125, 125, 107, 125, 125, 125]}