{"subs": 1, "jobs": 20, "T": 125, "power_use": [2.8590829671345697, 2.8505869742558096, 0.4900299986409377, 3.6579467911484276, 2.950600004907412, 1.391948081250815, 3.6087556406818693, 1.946895332036605, 0.4928507319889209, 3.6941286491292686, 3.375067474367643, 1.0663501468729792, 1.4382528956364335, 3.9073041859202227, 2.6307099874993782, 3.320190060606201, 2.986912167560785, 1.1438626528021008, 3.6886305381772293, 0.29694258276013835], "power_resource": [7.746077268, 7.561067832, 7.298637642, 6.961865058, 6.714980586, 7.05867948, 7.35189327, 7.588773072, 7.80210342, 8.18151129, 8.490578634, 8.72638101, 8.886917484, 8.971572384, 8.9811153, 0.0, 0.0, 0.0, 0.0, 0.0, 0.0, 0.0, 0.0, 0.0, 0.0, 0.0, 0.0, 0.0, 0.0, 0.0, 0.0, 0.0, 0.0, 0.0, 0.0, 0.0, 0.0, 0.0, 0.0, 0.0, 0.0, 0.0, 0.0, 0.0, 0.0, 0.0, 0.0, 0.0, 0.0, 0.0, 6.771160656, 6.863665374, 7.22414133, 7.54275159, 7.81210809, 8.025592356, 8.17766334, 8.406385488, 8.694519984, 8.908927758, 9.04730004, 9.108559404, 9.092859768, 9.001740312, 8.83797156, 8.605093626, 8.308339722, 7.95371265, 7.547830884, 7.098544242, 6.614010378, 6.103310454, 5.575525632, 5.040198828, 4.667255514, 4.525497036, 4.304470788, 4.00802472, 3.64169988, 3.211191234, 2.724040764, 2.64585042, 2.856102408, 3.152086722, 3.733127172, 4.30893441, 4.869811602, 5.406215832, 5.909219856, 6.370204266, 6.78085749, 7.133945382, 7.423157304, 7.642952208, 7.788866472, 7.8575139, 7.847201394, 7.75669761, 7.58661822, 7.338656322, 7.015736358, 6.662032794, 7.014351096, 7.317569556, 7.565531454, 7.752541824, 8.121637188, 8.444249316, 8.69405823, 8.86875516, 8.967878352, 8.991427806, 0.0, 0.0, 0.0, 0.0, 0.0, 0.0, 0.0, 0.0, 0.0, 0.0, 0.0, 0.0, 0.0], "min_cpu_time": [10, 5, 23, 1, 12, 14, 4, 18, 15, 14, 12, 21, 13, 1, 11, 11, 7, 10, 24, 7], "max_cpu_time": [12, 27, 28, 32, 39, 26, 53, 33, 25, 51, 51, 57, 13, 57, 26, 54, 55, 57, 49, 49], "min_job_period": [83, 40, 73, 5, 16, 109, 61, 14, 88, 28, 101, 8, 90, 11, 90, 71, 35, 12, 119, 64], "max_job_period": [121, 116, 123, 51, 58, 112, 70, 51, 90, 61, 124, 97, 103, 28, 100, 74, 71, 95, 121, 102], "min_startup": [1, 1, 1, 4, 1, 1, 1, 1, 1, 1, 1, 1, 1, 4, 1, 1, 1, 1, 1, 1], "max_startup": [40, 92, 123, 8, 98, 12, 33, 63, 45, 51, 14, 54, 62, 118, 47, 99, 15, 40, 57, 13], "priority": [3, 13, 4, 20, 17, 9, 6, 19, 11, 15, 7, 2, 1, 10, 8, 12, 18, 16, 5, 14], "win_min": [14, 0, 0, 0, 0, 0, 0, 0, 0, 0, 0, 0, 0, 0, 0, 0, 0, 0, 0, 0], "win_max": [102, 125, 125, 125, 125, 125, 125, 125, 125, 125, 125, 125, 125, 125, 125, 125, 125, 125, 125, 125]}