{"subs": 1, "jobs": 20, "T": 125, "power_use": [1.2511633053803564, 1.823520022673951, 3.3060297768167977, 0.195197089991673, 0.8667657250833248, 0.12766989749314134, 1.6139843434440149, 1.66170172220314, 2.1116508650743695, 3.008330125299672, 2.126591699981039, 3.573770864334416, 0.10690988945935241, 2.017067977659008, 0.32347799986248643, 0.1953055700225284, 1.4224457401335604, 3.458282911838754, 1.837226688834334, 0.391681445598688], "power_resource": [0.0, 6.809794074, 6.832112184, 7.190895042, 7.507966122, 7.775783442, 7.987882446, 8.138722086, 8.40238362, 8.689132854, 8.902155366, 9.03883455, 9.098400816, 9.081008082, 8.987887692, 8.82181017, 8.586777384, 8.287560792, 7.930163196, 7.521356988, 7.068991986, 6.581379762, 6.067293642, 5.535814788, 4.996793952, 4.638165012, 4.495021272, 4.272609762, 3.974470596, 3.606144822, 3.173327406, 2.68356033, 2.720654568, 2.932753572, 3.195029844, 3.777455556, 4.354801974, 4.9176801, 5.4563931, 5.961859812, 6.425460828, 6.839192412, 7.195512582, 7.4881107, 7.711445718, 7.861054014, 7.933549392, 7.926930918, 7.840275084, 7.674043644, 7.429929696, 7.110703764, 6.720521634, 6.909994692, 7.21644543, 7.467793524, 7.67204271, 8.068227642, 8.394841638, 8.648806338, 8.827659054, 8.930938032, 8.958643272, 0.0, 0.0, 0.0, 0.0, 0.0, 0.0, 0.0, 0.0, 0.0, 0.0, 0.0, 0.0, 0.0, 0.0, 0.0, 0.0, 0.0, 0.0, 0.0, 0.0, 0.0, 0.0, 0.0, 0.0, 0.0, 0.0, 0.0, 0.0, 0.0, 0.0, 0.0, 0.0, 0.0, 0.0, 0.0, 0.0, 6.76238733, 7.128866088, 7.455172248, 7.733763828, 7.957714518, 8.12148327, 8.337276306, 8.63864775, 8.866908144, 9.019286964, 9.094706784, 9.093013686, 9.015285096, 8.863983702, 8.642803536, 8.356362138, 8.01066231, 7.612168608, 7.168423014, 6.6877371, 6.178884192, 5.650945452, 5.113309878, 4.662637974, 4.536117378, 4.329405504], "min_cpu_time": [22, 7, 21, 20, 10, 17, 3, 22, 22, 9, 22, 1, 21, 10, 3, 5, 12, 23, 4, 24], "max_cpu_time": [53, 33, 51, 45, 34, 52, 46, 50, 46, 34, 40, 52, 50, 26, 47, 30, 25, 35, 21, 56], "min_job_period": [4, 82, 35, 101, 10, 5, 12, 24, 12, 3, 119, 5, 89, 13, 20, 40, 108, 115, 41, 17], "max_job_period": [99, 113, 69, 113, 62, 63, 90, 44, 49, 112, 121, 113, 100, 100, 83, 50, 121, 115, 85, 98], "min_startup": [1, 1, 1, 1, 1, 1, 3, 1, 1, 1, 1, 7, 1, 1, 3, 2, 1, 1, 2, 1], "max_startup": [95, 85, 104, 50, 50, 25, 27, 4, 124, 29, 92, 110, 42, 11, 85, 88, 96, 55, 61, 82], "priority": [11, 3, 2, 19, 18, 7, 1, 9, 15, 13, 4, 14, 6, 20, 5, 12, 10, 16, 17, 8], "win_min": [0, 0, 4, 0, 0, 0, 0, 0, 0, 0, 0, 0, 0, 0, 0, 0, 0, 0, 0, 0], "win_max": [125, 125, 114, 125, 125, 125, 125, 125, 125, 125, 125, 125, 125, 125, 125, 125, 125, 125, 125, 125]}