{"subs": 1, "jobs": 20, "T": 125, "power_use": [2.8522882042621287, 3.465433056189131, 3.428856777615524, 3.4825426263760217, 0.2650156334817008, 1.2449281772796863, 2.707028014546131, 3.9078159119431497, 1.435000689179227, 3.2137565663457144, 0.9767271973074153, 2.8263363267648836, 0.7535843053681953, 1.9799371520587246, 1.3976142995281673, 3.586745358725687, 0.8443381464743406, 3.441865426420041, 1.4766363060414702, 0.6043641250717824], "power_resource": [4.639396356, 4.48132257, 4.244442768, 3.93337449, 3.55319703, 3.110374944, 2.612142378, 2.709264636, 2.90366307, 3.277068138, 3.858108588, 4.431914892, 4.989098052, 5.520115152, 6.01588503, 6.467942196, 6.868282914, 7.209826956, 7.486109766, 7.692205968, 7.82365194, 7.877369322, 7.851665016, 7.746077268, 7.561067832, 7.298637642, 6.961865058, 6.714980586, 7.05867948, 7.35189327, 7.588773072, 7.80210342, 8.18151129, 8.490578634, 8.72638101, 8.886917484, 8.971572384, 8.9811153, 0.0, 0.0, 0.0, 0.0, 0.0, 0.0, 0.0, 0.0, 0.0, 0.0, 0.0, 0.0, 0.0, 0.0, 0.0, 0.0, 0.0, 0.0, 0.0, 0.0, 0.0, 0.0, 0.0, 0.0, 0.0, 0.0, 0.0, 0.0, 0.0, 0.0, 0.0, 0.0, 0.0, 0.0, 0.0, 6.771160656, 6.863665374, 7.22414133, 7.54275159, 7.81210809, 8.025592356, 8.17766334, 8.406385488, 8.694519984, 8.908927758, 9.04730004, 9.108559404, 9.092859768, 9.001740312, 8.83797156, 8.605093626, 8.308339722, 7.95371265, 7.547830884, 7.098544242, 6.614010378, 6.103310454, 5.575525632, 5.040198828, 4.667255514, 4.525497036, 4.304470788, 4.00802472, 3.64169988, 3.211191234, 2.724040764, 2.64585042, 2.856102408, 3.152086722, 3.733127172, 4.30893441, 4.869811602, 5.406215832, 5.909219856, 6.370204266, 6.78085749, 7.133945382, 7.423157304, 7.642952208, 7.788866472, 7.8575139, 7.847201394, 7.75669761, 7.58661822, 7.338656322, 7.015736358, 6.662032794], "min_cpu_time": [16, 9, 21, 20, 24, 4, 21, 15, 2, 9, 18, 10, 20, 17, 19, 12, 15, 19, 10, 24], "max_cpu_time": [45, 47, 60, 30, 56, 20, 32, 43, 59, 27, 20, 44, 53, 35, 45, 30, 43, 49, 17, 46], "min_job_period": [46, 8, 116, 23, 103, 28, 35, 115, 22, 3, 113, 103, 40, 45, 102, 74, 2, 117, 78, 112], "max_job_period": [62, 42, 121, 118, 119, 107, 99, 117, 49, 122, 122, 112, 83, 55, 123, 97, 61, 121, 117, 121], "min_startup": [1, 1, 1, 1, 1, 2, 1, 1, 4, 1, 1, 1, 1, 1, 1, 1, 1, 1, 1, 1], "max_startup": [13, 97, 89, 44, 83, 66, 64, 27, 98, 110, 73, 23, 5, 103, 120, 60, 29, 47, 93, 115], "priority": [19, 13, 4, 14, 18, 5, 11, 2, 10, 20, 8, 15, 3, 12, 7, 1, 17, 6, 9, 16], "win_min": [0, 0, 0, 0, 0, 0, 0, 0, 0, 0, 0, 0, 0, 0, 0, 0, 10, 0, 0, 0], "win_max": [125, 125, 125, 125, 125, 125, 125, 125, 125, 125, 125, 125, 125, 125, 125, 125, 107, 125, 125, 125]}