{"subs": 1, "jobs": 20, "T": 125, "power_use": [1.6508115319586263, 2.660951914389098, 1.2050186389905335, 3.019399205900623, 3.508527023676863, 3.4834999417378625, 0.28286197832530935, 0.9077453454116553, 3.654453479293665, 3.501172732207008, 1.462176919120327, 0.40588679241279063, 1.6897707699081501, 1.4134040526544749, 0.24147272366629874, 1.6232197452231882, 0.46260136593852186, 3.7739733465682526, 0.12922089670500705, 1.095797333948903], "power_resource": [0.0, 0.0, 0.0, 0.0, 0.0, 0.0, 0.0, 0.0, 0.0, 0.0, 6.658030926, 6.999574968, 7.343581698, 7.642644372, 7.88983668, 8.079001902, 8.20459899, 8.52859638, 8.787024702, 8.970648876, 9.077467968, 9.107174142, 9.06038307, 8.938941768, 8.746236432, 8.486115012, 8.164426392, 7.787327292, 7.36189794, 6.89629599, 6.398986932, 5.87889801, 5.345418222, 4.808090484, 4.60830492, 4.433761908, 4.181490306, 3.8556459, 3.462077574, 3.007095966, 2.511018252, 2.769600492, 2.948145372, 3.402203472, 3.982782168, 4.55443362, 5.107460994, 5.63262921, 6.120857106, 6.56383311, 6.953553486, 7.283091924, 7.546445622, 7.738535286, 7.855512966, 7.894146384, 7.853358114, 7.732532484, 7.532593002, 7.25569452, 6.905223234, 6.766389198, 7.10100693, 7.384062132, 7.60970592, 7.872290028, 8.238768786, 8.534291346, 8.755933266, 8.902155366, 8.972495892, 8.96803227, 0.0, 0.0, 0.0, 0.0, 0.0, 0.0, 0.0, 0.0, 0.0, 0.0, 0.0, 0.0, 0.0, 0.0, 0.0, 0.0, 0.0, 0.0, 0.0, 0.0, 0.0, 0.0, 0.0, 0.0, 0.0, 0.0, 0.0, 0.0, 0.0, 0.0, 0.0, 0.0, 0.0, 0.0, 0.0, 6.716058012, 6.93246672, 7.284785022, 7.593852366, 7.85212677, 8.053605432, 8.192593386, 8.469030114, 8.742234564, 8.941404456, 9.064077102, 9.109482912, 9.078237558, 8.97188022, 8.793489258, 8.54706654, 8.23769136, 7.871520438], "min_cpu_time": [21, 24, 24, 10, 21, 18, 14, 24, 8, 19, 17, 13, 21, 1, 5, 12, 1, 19, 17, 2], "max_cpu_time": [43, 40, 41, 38, 38, 46, 24, 40, 11, 25, 18, 36, 32, 44, 9, 47, 7, 57, 59, 12], "min_job_period": [55, 102, 61, 111, 47, 67, 52, 78, 20, 63, 91, 68, 89, 49, 53, 74, 20, 33, 22, 96], "max_job_period": [95, 122, 122, 117, 82, 117, 109, 121, 42, 95, 109, 95, 95, 59, 62, 104, 75, 70, 97, 99], "min_startup": [1, 1, 1, 1, 1, 1, 1, 1, 1, 1, 1, 1, 1, 1, 1, 1, 1, 1, 1, 1], "max_startup": [78, 108, 84, 91, 10, 19, 42, 104, 95, 78, 84, 64, 40, 70, 47, 58, 102, 93, 120, 82], "priority": [19, 8, 16, 15, 6, 14, 12, 1, 2, 13, 3, 4, 9, 17, 11, 10, 5, 7, 18, 20], "win_min": [0, 2, 0, 0, 0, 0, 0, 0, 0, 0, 0, 0, 0, 0, 0, 0, 0, 0, 0, 0], "win_max": [125, 108, 125, 125, 125, 125, 125, 125, 125, 125, 125, 125, 125, 125, 125, 125, 125, 125, 125, 125]}