{"subs": 1, "jobs": 22, "T": 125, "power_use": [2.5911226473730156, 3.632979615007372, 0.45835444346752796, 3.8184494229129284, 3.897143502076176, 3.3903965030115017, 2.396040030294457, 3.70395991585412, 3.6631668113452807, 1.966729147835106, 2.822849475946478, 2.0553229578297634, 2.434000117268104, 0.6237197800310911, 3.6838566536097783, 3.18069748574737, 0.8562759795401993, 2.4018769874460277, 1.267593527838094, 2.0256274114529984, 1.6651893049550017, 0.684220615805553], "power_resource": [0.0, 0.0, 0.0, 0.0, 0.0, 0.0, 0.0, 0.0, 0.0, 0.0, 0.0, 0.0, 0.0, 0.0, 0.0, 0.0, 0.0, 0.0, 0.0, 0.0, 0.0, 0.0, 0.0, 0.0, 0.0, 0.0, 0.0, 6.716058012, 6.93246672, 7.284785022, 7.593852366, 7.85212677, 8.053605432, 8.192593386, 8.469030114, 8.742234564, 8.941404456, 9.064077102, 9.109482912, 9.078237558, 8.97188022, 8.793489258, 8.54706654, 8.23769136, 7.871520438, 7.45578792, 6.998189706, 6.507191286, 5.991565986, 5.460856722, 4.924298574, 4.639396356, 4.48132257, 4.244442768, 3.93337449, 3.55319703, 3.110374944, 2.612142378, 2.709264636, 2.90366307, 3.277068138, 3.858108588, 4.431914892, 4.989098052, 5.520115152, 6.01588503, 6.467942196, 6.868282914, 7.209826956, 7.486109766, 7.692205968, 7.82365194, 7.877369322, 7.851665016, 7.746077268, 7.561067832, 7.298637642, 6.961865058, 6.714980586, 7.05867948, 7.35189327, 7.588773072, 7.80210342, 8.18151129, 8.490578634, 8.72638101, 8.886917484, 8.971572384, 8.9811153, 0.0, 0.0, 0.0, 0.0, 0.0, 0.0, 0.0, 0.0, 0.0, 0.0, 0.0, 0.0, 0.0, 0.0, 0.0, 0.0, 0.0, 0.0, 0.0, 0.0, 0.0, 0.0, 0.0, 0.0, 0.0, 0.0, 0.0, 0.0, 0.0, 0.0, 0.0, 0.0, 0.0, 0.0, 0.0, 6.771160656], "min_cpu_time": [18, 5, 22, 3, 11, 1, 13, 12, 1, 3, 24, 20, 5, 19, 5, 5, 5, 12, 9, 8, 7, 14], "max_cpu_time": [26, 27, 27, 12, 46, 41, 17, 48, 55, 51, 28, 28, 60, 59, 25, 31, 29, 42, 58, 52, 31, 23], "min_job_period": [42, 79, 17, 3, 103, 20, 89, 97, 1, 57, 70, 32, 106, 44, 124, 42, 89, 71, 88, 122, 84, 78], "max_job_period": [78, 124, 93, 71, 113, 57, 103, 118, 79, 87, 75, 83, 111, 103, 124, 118, 103, 108, 97, 123, 122, 119], "min_startup": [1, 1, 1, 2, 1, 5, 1, 1, 5, 2, 1, 1, 1, 1, 1, 1, 1, 1, 1, 1, 1, 1], "max_startup": [84, 78, 79, 103, 37, 74, 57, 49, 33, 90, 57, 80, 1, 100, 28, 103, 43, 69, 92, 77, 75, 106], "priority": [20, 11, 13, 14, 8, 22, 1, 9, 2, 21, 15, 5, 17, 16, 3, 6, 18, 12, 7, 10, 19, 4], "win_min": [0, 0, 0, 0, 20, 0, 0, 0, 0, 0, 0, 0, 0, 0, 0, 0, 0, 0, 0, 0, 0, 0], "win_max": [125, 125, 125, 125, 108, 125, 125, 125, 125, 125, 125, 125, 125, 125, 125, 125, 125, 125, 125, 125, 125, 125]}