{"subs": 1, "jobs": 13, "T": 125, "power_use": [0.7461382648058527, 1.363518218798119, 2.245279773487506, 3.281298577848055, 1.249738908825755, 0.5198965254822012, 3.3037251629710096, 3.387799001668842, 3.857343008007427, 2.0377410380375913, 1.0549655723327023, 0.6168560755245084, 0.5695817877883753], "power_resource": [7.179966864, 7.442089218, 7.644645306, 8.005429098, 8.34543396, 8.613405198, 8.806572288, 8.92416564, 8.966031336, 0.0, 0.0, 0.0, 0.0, 0.0, 0.0, 0.0, 0.0, 0.0, 0.0, 0.0, 0.0, 0.0, 0.0, 0.0, 0.0, 0.0, 0.0, 0.0, 0.0, 0.0, 0.0, 0.0, 0.0, 0.0, 0.0, 0.0, 0.0, 0.0, 0.0, 0.0, 0.0, 0.0, 0.0, 0.0, 0.0, 6.691123296, 7.065144036, 7.40037744, 7.689435444, 7.925083902, 8.101627848, 8.26924455, 8.585084286, 8.828582562, 8.996661018, 9.087780474, 9.101633094, 9.039450222, 8.902924956, 8.695905246, 8.422700796, 8.088698736, 7.700825376, 7.266007026, 6.792709176, 6.289551234, 5.765306526, 5.229671886, 4.691882394, 4.573827288, 4.383276804, 4.115459484, 3.775300704, 3.368341512, 2.901508218, 2.583821466, 2.827011906, 2.989549314, 3.527338806, 4.10730183, 4.676336676, 5.224900428, 5.743911924, 6.224136084, 6.657569172, 7.036515288, 7.354048122, 7.604164872, 7.782247998, 7.88444955, 7.908152922, 7.851972852, 7.71590934, 7.50119373, 7.209980874, 6.846118722, 6.815950794, 7.141487364, 7.41423006, 7.628329998, 7.940167866, 8.293563594, 8.575233534, 8.782714998, 8.914468806, 8.970648876, 8.952178716, 0.0, 0.0, 0.0, 0.0, 0.0, 0.0, 0.0, 0.0, 0.0, 0.0, 0.0, 0.0, 0.0, 0.0, 0.0, 0.0, 0.0, 0.0], "min_cpu_time": [20, 10, 17, 24, 4, 11, 19, 16, 15, 2, 14, 19, 2], "max_cpu_time": [53, 45, 62, 56, 5, 59, 25, 23, 40, 45, 20, 60, 15], "min_job_period": [90, 57, 59, 68, 1, 4, 64, 57, 53, 6, 53, 23, 9], "max_job_period": [108, 112, 90, 93, 44, 105, 105, 112, 111, 108, 121, 71, 18], "min_startup": [1, 2, 1, 1, 4, 2, 1, 1, 1, 8, 1, 1, 8], "max_startup": [123, 109, 46, 19, 81, 116, 67, 108, 83, 114, 79, 77, 12], "priority": [11, 12, 3, 7, 6, 2, 5, 10, 8, 9, 1, 13, 4], "win_min": [0, 5, 0, 0, 0, 0, 0, 0, 0, 0, 0, 0, 0], "win_max": [125, 113, 125, 125, 125, 125, 125, 125, 125, 125, 125, 125, 125]}