{"subs": 1, "jobs": 22, "T": 125, "power_use": [3.4847059179524655, 2.7707426662397583, 0.19926241170819659, 0.6497187248382267, 3.9045926459125813, 0.48687171825203707, 2.355144632108369, 0.07353694935415489, 0.8028842834466227, 1.3559477899875045, 3.76301880512064, 0.7622927238172197, 1.8954642450796009, 1.4825348096960607, 0.688987926192963, 0.5338871512390142, 0.7406039234846729, 0.5918834929456156, 2.2649696671028936, 1.4979919662022878, 2.822824522221905, 3.96290068382922], "power_resource": [0.0, 0.0, 0.0, 0.0, 0.0, 0.0, 0.0, 0.0, 0.0, 0.0, 0.0, 0.0, 0.0, 0.0, 0.0, 0.0, 0.0, 0.0, 0.0, 0.0, 0.0, 0.0, 0.0, 0.0, 0.0, 0.0, 0.0, 0.0, 0.0, 0.0, 0.0, 0.0, 0.0, 0.0, 6.771160656, 6.863665374, 7.22414133, 7.54275159, 7.81210809, 8.025592356, 8.17766334, 8.406385488, 8.694519984, 8.908927758, 9.04730004, 9.108559404, 9.092859768, 9.001740312, 8.83797156, 8.605093626, 8.308339722, 7.95371265, 7.547830884, 7.098544242, 6.614010378, 6.103310454, 5.575525632, 5.040198828, 4.667255514, 4.525497036, 4.304470788, 4.00802472, 3.64169988, 3.211191234, 2.724040764, 2.64585042, 2.856102408, 3.152086722, 3.733127172, 4.30893441, 4.869811602, 5.406215832, 5.909219856, 6.370204266, 6.78085749, 7.133945382, 7.423157304, 7.642952208, 7.788866472, 7.8575139, 7.847201394, 7.75669761, 7.58661822, 7.338656322, 7.015736358, 6.662032794, 7.014351096, 7.317569556, 7.565531454, 7.752541824, 8.121637188, 8.444249316, 8.69405823, 8.86875516, 8.967878352, 8.991427806, 0.0, 0.0, 0.0, 0.0, 0.0, 0.0, 0.0, 0.0, 0.0, 0.0, 0.0, 0.0, 0.0, 0.0, 0.0, 0.0, 0.0, 0.0, 0.0, 0.0, 0.0, 0.0, 0.0, 0.0, 0.0, 0.0, 0.0, 0.0, 0.0], "min_cpu_time": [8, 20, 13, 13, 17, 15, 8, 18, 5, 5, 19, 3, 17, 2, 8, 15, 4, 21, 16, 21, 1, 15], "max_cpu_time": [38, 42, 29, 36, 59, 29, 12, 29, 10, 53, 59, 38, 39, 36, 35, 37, 44, 31, 50, 55, 5, 30], "min_job_period": [109, 3, 9, 21, 5, 13, 14, 60, 26, 38, 61, 78, 14, 36, 56, 94, 91, 105, 50, 77, 105, 1], "max_job_period": [112, 55, 101, 36, 61, 75, 21, 76, 68, 87, 97, 103, 81, 69, 124, 97, 124, 109, 94, 89, 116, 29], "min_startup": [1, 1, 1, 1, 1, 1, 1, 1, 1, 1, 1, 1, 1, 1, 1, 1, 1, 1, 1, 1, 1, 1], "max_startup": [36, 50, 67, 77, 5, 78, 112, 51, 80, 70, 69, 105, 27, 84, 60, 57, 50, 60, 114, 89, 67, 22], "priority": [20, 4, 8, 13, 21, 5, 15, 12, 10, 1, 22, 11, 7, 18, 2, 3, 19, 14, 9, 16, 6, 17], "win_min": [0, 0, 0, 21, 0, 0, 0, 0, 0, 0, 0, 0, 0, 0, 0, 0, 0, 0, 0, 0, 0, 0], "win_max": [125, 125, 125, 109, 125, 125, 125, 125, 125, 125, 125, 125, 125, 125, 125, 125, 125, 125, 125, 125, 125, 125]}