{"subs": 1, "jobs": 13, "T": 125, "power_use": [2.5779705552614645, 2.492000053410276, 2.978346319313738, 1.081178664850508, 2.1916928096263466, 0.8129729463623532, 3.086388508420744, 3.885531018671859, 1.090809748619221, 1.591556217332977, 2.305308516058685, 0.8893712093894868, 3.4623968373968377], "power_resource": [7.700825376, 7.266007026, 6.792709176, 6.289551234, 5.765306526, 5.229671886, 4.691882394, 4.573827288, 4.383276804, 4.115459484, 3.775300704, 3.368341512, 2.901508218, 2.583821466, 2.827011906, 2.989549314, 3.527338806, 4.10730183, 4.676336676, 5.224900428, 5.743911924, 6.224136084, 6.657569172, 7.036515288, 7.354048122, 7.604164872, 7.782247998, 7.88444955, 7.908152922, 7.851972852, 7.71590934, 7.50119373, 7.209980874, 6.846118722, 6.815950794, 7.141487364, 7.41423006, 7.628329998, 7.940167866, 8.293563594, 8.575233534, 8.782714998, 8.914468806, 8.970648876, 8.952178716, 0.0, 0.0, 0.0, 0.0, 0.0, 0.0, 0.0, 0.0, 0.0, 0.0, 0.0, 0.0, 0.0, 0.0, 0.0, 0.0, 0.0, 0.0, 0.0, 0.0, 0.0, 0.0, 0.0, 0.0, 0.0, 0.0, 0.0, 0.0, 0.0, 0.0, 0.0, 0.0, 0.0, 0.0, 0.0, 6.658030926, 6.999574968, 7.343581698, 7.642644372, 7.88983668, 8.079001902, 8.20459899, 8.52859638, 8.787024702, 8.970648876, 9.077467968, 9.107174142, 9.06038307, 8.938941768, 8.746236432, 8.486115012, 8.164426392, 7.787327292, 7.36189794, 6.89629599, 6.398986932, 5.87889801, 5.345418222, 4.808090484, 4.60830492, 4.433761908, 4.181490306, 3.8556459, 3.462077574, 3.007095966, 2.511018252, 2.769600492, 2.948145372, 3.402203472, 3.982782168, 4.55443362, 5.107460994, 5.63262921, 6.120857106, 6.56383311, 6.953553486, 7.283091924, 7.546445622, 7.738535286, 7.855512966], "min_cpu_time": [18, 23, 20, 13, 17, 5, 23, 20, 22, 9, 4, 23, 16], "max_cpu_time": [38, 60, 38, 20, 37, 24, 42, 32, 42, 15, 54, 39, 47], "min_job_period": [38, 115, 71, 106, 68, 23, 7, 105, 16, 36, 24, 58, 6], "max_job_period": [84, 123, 109, 109, 94, 32, 39, 114, 54, 106, 24, 101, 22], "min_startup": [1, 1, 1, 1, 1, 3, 1, 1, 1, 2, 4, 1, 1], "max_startup": [100, 34, 74, 69, 43, 76, 96, 108, 86, 4, 116, 91, 6], "priority": [2, 4, 5, 1, 11, 8, 9, 6, 7, 10, 13, 12, 3], "win_min": [0, 0, 10, 0, 0, 0, 0, 0, 0, 0, 0, 0, 0], "win_max": [125, 125, 121, 125, 125, 125, 125, 125, 125, 125, 125, 125, 125]}