{"subs": 1, "jobs": 18, "T": 125, "power_use": [3.5831049677355873, 2.504682655434855, 1.345749694779933, 3.8392491309406536, 2.192349398653627, 3.144002232918207, 2.4365396229973793, 2.1151967614544076, 3.434436146043243, 1.0320018527624295, 1.5784309737281368, 3.3194639297054183, 1.2213369224754576, 0.7611016677326875, 2.7249289517524105, 2.0238373830347838, 1.639713198213425, 1.0912104613216365], "power_resource": [7.250923062, 7.49118906, 7.744999842, 8.128255662, 8.441478792, 8.681283036, 8.845975296, 8.9349399, 8.948638602, 0.0, 0.0, 0.0, 0.0, 0.0, 0.0, 0.0, 0.0, 0.0, 0.0, 0.0, 0.0, 0.0, 0.0, 0.0, 0.0, 0.0, 0.0, 0.0, 0.0, 0.0, 0.0, 0.0, 0.0, 0.0, 0.0, 0.0, 0.0, 0.0, 0.0, 0.0, 0.0, 0.0, 0.0, 0.0, 6.809794074, 6.832112184, 7.190895042, 7.507966122, 7.775783442, 7.987882446, 8.138722086, 8.40238362, 8.689132854, 8.902155366, 9.03883455, 9.098400816, 9.081008082, 8.987887692, 8.82181017, 8.586777384, 8.287560792, 7.930163196, 7.521356988, 7.068991986, 6.581379762, 6.067293642, 5.535814788, 4.996793952, 4.638165012, 4.495021272, 4.272609762, 3.974470596, 3.606144822, 3.173327406, 2.68356033, 2.720654568, 2.932753572, 3.195029844, 3.777455556, 4.354801974, 4.9176801, 5.4563931, 5.961859812, 6.425460828, 6.839192412, 7.195512582, 7.4881107, 7.711445718, 7.861054014, 7.933549392, 7.926930918, 7.840275084, 7.674043644, 7.429929696, 7.110703764, 6.720521634, 6.909994692, 7.21644543, 7.467793524, 7.67204271, 8.068227642, 8.394841638, 8.648806338, 8.827659054, 8.930938032, 8.958643272, 0.0, 0.0, 0.0, 0.0, 0.0, 0.0, 0.0, 0.0, 0.0, 0.0, 0.0, 0.0, 0.0, 0.0, 0.0, 0.0, 0.0, 0.0, 0.0], "min_cpu_time": [3, 19, 7, 16, 14, 19, 5, 8, 12, 5, 22, 14, 19, 1, 16, 2, 3, 16], "max_cpu_time": [37, 34, 47, 18, 21, 34, 54, 20, 59, 38, 32, 55, 33, 49, 57, 9, 49, 49], "min_job_period": [27, 36, 31, 73, 47, 83, 60, 97, 10, 31, 124, 34, 51, 15, 102, 12, 9, 48], "max_job_period": [36, 82, 82, 78, 87, 87, 89, 106, 27, 113, 124, 81, 120, 58, 115, 95, 88, 100], "min_startup": [2, 1, 1, 1, 1, 1, 1, 1, 1, 1, 1, 1, 1, 5, 1, 3, 2, 1], "max_startup": [21, 16, 55, 92, 1, 4, 88, 53, 44, 62, 76, 90, 124, 45, 109, 111, 4, 70], "priority": [15, 6, 14, 1, 16, 8, 5, 9, 3, 17, 18, 4, 7, 2, 11, 12, 13, 10], "win_min": [0, 0, 0, 0, 0, 0, 0, 0, 0, 0, 0, 0, 0, 7, 0, 0, 0, 0], "win_max": [125, 125, 125, 125, 125, 125, 125, 125, 125, 125, 125, 125, 125, 114, 125, 125, 125, 125]}