{"subs": 1, "jobs": 18, "T": 125, "power_use": [3.5406922668540903, 0.22568994397466813, 1.845953826712688, 0.9006778944154873, 0.3362675632850299, 3.981220256999954, 1.3026409293431698, 1.4441793769943423, 3.109212109992381, 0.19559737997560006, 0.35436991717503985, 3.922605344681034, 1.3832096112839374, 0.7151772249593332, 0.4476613464989779, 0.8903961312642207, 3.6392243904865453, 2.0667960148879865], "power_resource": [4.691882394, 4.573827288, 4.383276804, 4.115459484, 3.775300704, 3.368341512, 2.901508218, 2.583821466, 2.827011906, 2.989549314, 3.527338806, 4.10730183, 4.676336676, 5.224900428, 5.743911924, 6.224136084, 6.657569172, 7.036515288, 7.354048122, 7.604164872, 7.782247998, 7.88444955, 7.908152922, 7.851972852, 7.71590934, 7.50119373, 7.209980874, 6.846118722, 6.815950794, 7.141487364, 7.41423006, 7.628329998, 7.940167866, 8.293563594, 8.575233534, 8.782714998, 8.914468806, 8.970648876, 8.952178716, 0.0, 0.0, 0.0, 0.0, 0.0, 0.0, 0.0, 0.0, 0.0, 0.0, 0.0, 0.0, 0.0, 0.0, 0.0, 0.0, 0.0, 0.0, 0.0, 0.0, 0.0, 0.0, 0.0, 0.0, 0.0, 0.0, 0.0, 0.0, 0.0, 0.0, 0.0, 0.0, 0.0, 0.0, 0.0, 6.658030926, 6.999574968, 7.343581698, 7.642644372, 7.88983668, 8.079001902, 8.20459899, 8.52859638, 8.787024702, 8.970648876, 9.077467968, 9.107174142, 9.06038307, 8.938941768, 8.746236432, 8.486115012, 8.164426392, 7.787327292, 7.36189794, 6.89629599, 6.398986932, 5.87889801, 5.345418222, 4.808090484, 4.60830492, 4.433761908, 4.181490306, 3.8556459, 3.462077574, 3.007095966, 2.511018252, 2.769600492, 2.948145372, 3.402203472, 3.982782168, 4.55443362, 5.107460994, 5.63262921, 6.120857106, 6.56383311, 6.953553486, 7.283091924, 7.546445622, 7.738535286, 7.855512966, 7.894146384, 7.853358114, 7.732532484, 7.532593002, 7.25569452, 6.905223234], "min_cpu_time": [10, 7, 19, 16, 10, 7, 5, 2, 4, 24, 4, 11, 2, 16, 5, 21, 20, 1], "max_cpu_time": [25, 8, 31, 42, 62, 55, 55, 47, 35, 44, 42, 24, 46, 35, 57, 54, 41, 15], "min_job_period": [4, 3, 20, 40, 7, 12, 8, 2, 1, 54, 3, 28, 4, 22, 7, 25, 45, 1], "max_job_period": [23, 65, 31, 72, 29, 60, 115, 83, 121, 119, 74, 30, 62, 79, 124, 66, 107, 107], "min_startup": [5, 7, 2, 3, 5, 7, 10, 24, 12, 2, 12, 4, 24, 3, 10, 2, 2, 48], "max_startup": [16, 12, 82, 111, 115, 85, 44, 100, 22, 29, 63, 82, 34, 10, 61, 4, 38, 116], "priority": [3, 13, 16, 4, 1, 5, 15, 9, 10, 18, 6, 7, 14, 12, 8, 11, 2, 17], "win_min": [0, 0, 0, 0, 0, 0, 0, 0, 19, 0, 0, 0, 0, 0, 0, 0, 0, 0], "win_max": [125, 125, 125, 125, 125, 125, 125, 125, 119, 125, 125, 125, 125, 125, 125, 125, 125, 125]}