{"subs": 1, "jobs": 13, "T": 125, "power_use": [1.458878001711372, 2.2719785837135587, 0.6014423433798644, 0.20288047185704208, 1.7445338502588423, 3.765035831969301, 3.70837011029469, 3.880273863797692, 0.0254814780544087, 0.12130174422891071, 3.583052942118819, 1.413899464080573, 1.4808602607273633], "power_resource": [8.586777384, 8.287560792, 7.930163196, 7.521356988, 7.068991986, 6.581379762, 6.067293642, 5.535814788, 4.996793952, 4.638165012, 4.495021272, 4.272609762, 3.974470596, 3.606144822, 3.173327406, 2.68356033, 2.720654568, 2.932753572, 3.195029844, 3.777455556, 4.354801974, 4.9176801, 5.4563931, 5.961859812, 6.425460828, 6.839192412, 7.195512582, 7.4881107, 7.711445718, 7.861054014, 7.933549392, 7.926930918, 7.840275084, 7.674043644, 7.429929696, 7.110703764, 6.720521634, 6.909994692, 7.21644543, 7.467793524, 7.67204271, 8.068227642, 8.394841638, 8.648806338, 8.827659054, 8.930938032, 8.958643272, 0.0, 0.0, 0.0, 0.0, 0.0, 0.0, 0.0, 0.0, 0.0, 0.0, 0.0, 0.0, 0.0, 0.0, 0.0, 0.0, 0.0, 0.0, 0.0, 0.0, 0.0, 0.0, 0.0, 0.0, 0.0, 0.0, 0.0, 0.0, 0.0, 0.0, 0.0, 0.0, 0.0, 0.0, 0.0, 0.0, 6.76238733, 7.128866088, 7.455172248, 7.733763828, 7.957714518, 8.12148327, 8.337276306, 8.63864775, 8.866908144, 9.019286964, 9.094706784, 9.093013686, 9.015285096, 8.863983702, 8.642803536, 8.356362138, 8.01066231, 7.612168608, 7.168423014, 6.6877371, 6.178884192, 5.650945452, 5.113309878, 4.662637974, 4.536117378, 4.329405504, 4.04650422, 3.692031066, 3.272142762, 2.7936117, 2.653700238, 2.88134496, 3.070356264, 3.652320222, 4.23120582, 4.797316224, 5.341262436, 5.853655458, 6.325721964, 6.749458218, 7.11716832, 7.422387714], "min_cpu_time": [17, 23, 19, 19, 22, 2, 14, 24, 9, 8, 24, 11, 2], "max_cpu_time": [28, 61, 38, 21, 53, 31, 47, 33, 39, 59, 56, 52, 29], "min_job_period": [32, 58, 14, 57, 11, 118, 88, 30, 37, 65, 110, 74, 51], "max_job_period": [90, 59, 89, 75, 93, 121, 94, 114, 84, 67, 120, 82, 72], "min_startup": [1, 1, 1, 1, 1, 1, 1, 1, 1, 1, 1, 1, 1], "max_startup": [52, 22, 36, 82, 70, 68, 45, 61, 37, 38, 53, 83, 37], "priority": [6, 13, 12, 11, 8, 2, 7, 3, 1, 4, 10, 5, 9], "win_min": [0, 0, 0, 0, 7, 0, 0, 0, 0, 0, 0, 0, 0], "win_max": [125, 125, 125, 125, 118, 125, 125, 125, 125, 125, 125, 125, 125]}