{"subs": 1, "jobs": 9, "T": 125, "power_use": [0.09864080690284686, 0.057946472731893385, 1.5914219906068443, 0.4583878614860691, 3.863909982341318, 3.1275391122722755, 1.4139410222779758, 2.8811556320228906, 1.2939722241569727], "power_resource": [0.0, 0.0, 0.0, 0.0, 0.0, 0.0, 0.0, 0.0, 0.0, 0.0, 0.0, 0.0, 0.0, 0.0, 0.0, 0.0, 0.0, 0.0, 0.0, 0.0, 0.0, 0.0, 0.0, 0.0, 0.0, 0.0, 0.0, 0.0, 0.0, 0.0, 0.0, 0.0, 0.0, 6.691123296, 7.065144036, 7.40037744, 7.689435444, 7.925083902, 8.101627848, 8.26924455, 8.585084286, 8.828582562, 8.996661018, 9.087780474, 9.101633094, 9.039450222, 8.902924956, 8.695905246, 8.422700796, 8.088698736, 7.700825376, 7.266007026, 6.792709176, 6.289551234, 5.765306526, 5.229671886, 4.691882394, 4.573827288, 4.383276804, 4.115459484, 3.775300704, 3.368341512, 2.901508218, 2.583821466, 2.827011906, 2.989549314, 3.527338806, 4.10730183, 4.676336676, 5.224900428, 5.743911924, 6.224136084, 6.657569172, 7.036515288, 7.354048122, 7.604164872, 7.782247998, 7.88444955, 7.908152922, 7.851972852, 7.71590934, 7.50119373, 7.209980874, 6.846118722, 6.815950794, 7.141487364, 7.41423006, 7.628329998, 7.940167866, 8.293563594, 8.575233534, 8.782714998, 8.914468806, 8.970648876, 8.952178716, 0.0, 0.0, 0.0, 0.0, 0.0, 0.0, 0.0, 0.0, 0.0, 0.0, 0.0, 0.0, 0.0, 0.0, 0.0, 0.0, 0.0, 0.0, 0.0, 0.0, 0.0, 0.0, 0.0, 0.0, 0.0, 0.0, 0.0, 0.0, 0.0, 0.0], "min_cpu_time": [3, 4, 11, 24, 9, 4, 7, 16, 12], "max_cpu_time": [27, 54, 62, 39, 17, 58, 26, 32, 19], "min_job_period": [2, 13, 29, 41, 4, 6, 1, 52, 18], "max_job_period": [92, 84, 65, 55, 64, 29, 90, 61, 55], "min_startup": [9, 7, 3, 1, 3, 7, 4, 2, 2], "max_startup": [94, 81, 112, 2, 102, 19, 98, 111, 36], "priority": [1, 7, 8, 6, 4, 9, 2, 5, 3], "win_min": [0, 0, 0, 0, 0, 0, 3, 0, 0], "win_max": [125, 125, 125, 125, 125, 125, 110, 125, 125]}