{"subs": 1, "jobs": 13, "T": 125, "power_use": [0.3264006584024097, 3.3570167087000966, 0.92235690174955, 3.5378961179063744, 0.46232928271279816, 1.003030875434714, 1.19287163537187, 2.8274967593332905, 0.05486893505314585, 0.6510359897907242, 1.235157041105571, 2.498010096818297, 2.0957058387680942], "power_resource": [0.0, 0.0, 0.0, 0.0, 0.0, 0.0, 0.0, 0.0, 0.0, 0.0, 0.0, 0.0, 0.0, 0.0, 0.0, 0.0, 0.0, 0.0, 0.0, 0.0, 0.0, 0.0, 0.0, 0.0, 0.0, 0.0, 6.76238733, 7.128866088, 7.455172248, 7.733763828, 7.957714518, 8.12148327, 8.337276306, 8.63864775, 8.866908144, 9.019286964, 9.094706784, 9.093013686, 9.015285096, 8.863983702, 8.642803536, 8.356362138, 8.01066231, 7.612168608, 7.168423014, 6.6877371, 6.178884192, 5.650945452, 5.113309878, 4.662637974, 4.536117378, 4.329405504, 4.04650422, 3.692031066, 3.272142762, 2.7936117, 2.653700238, 2.88134496, 3.070356264, 3.652320222, 4.23120582, 4.797316224, 5.341262436, 5.853655458, 6.325721964, 6.749458218, 7.11716832, 7.422387714, 7.659113598, 7.823036268, 7.910461692, 7.918927182, 7.847663148, 7.696515672, 7.467023934, 7.161650622, 6.784551522, 6.86397321, 7.179966864, 7.442089218, 7.644645306, 8.005429098, 8.34543396, 8.613405198, 8.806572288, 8.92416564, 8.966031336, 0.0, 0.0, 0.0, 0.0, 0.0, 0.0, 0.0, 0.0, 0.0, 0.0, 0.0, 0.0, 0.0, 0.0, 0.0, 0.0, 0.0, 0.0, 0.0, 0.0, 0.0, 0.0, 0.0, 0.0, 0.0, 0.0, 0.0, 0.0, 0.0, 0.0, 0.0, 0.0, 0.0, 0.0, 0.0, 0.0, 6.691123296, 7.065144036], "min_cpu_time": [7, 23, 10, 7, 11, 24, 8, 5, 12, 8, 14, 1, 13], "max_cpu_time": [19, 58, 12, 56, 60, 61, 62, 19, 24, 32, 28, 36, 27], "min_job_period": [7, 59, 35, 18, 29, 7, 10, 13, 40, 25, 20, 1, 24], "max_job_period": [62, 62, 124, 111, 45, 74, 75, 27, 61, 49, 117, 8, 112], "min_startup": [5, 2, 3, 5, 3, 2, 4, 7, 3, 4, 2, 32, 3], "max_startup": [67, 121, 63, 38, 3, 5, 13, 75, 63, 5, 59, 118, 28], "priority": [2, 12, 9, 4, 7, 5, 3, 11, 13, 6, 1, 10, 8], "win_min": [0, 0, 0, 0, 0, 0, 0, 0, 0, 0, 0, 0, 21], "win_max": [125, 125, 125, 125, 125, 125, 125, 125, 125, 125, 125, 125, 112]}