{"subs": 1, "jobs": 9, "T": 125, "power_use": [0.5946275580674777, 0.6904230041096694, 3.098001236466922, 3.6055235138680484, 2.6602698273116436, 0.09655289895027709, 1.9820244389013284, 3.797255925729601, 2.500244958815747], "power_resource": [2.511018252, 2.769600492, 2.948145372, 3.402203472, 3.982782168, 4.55443362, 5.107460994, 5.63262921, 6.120857106, 6.56383311, 6.953553486, 7.283091924, 7.546445622, 7.738535286, 7.855512966, 7.894146384, 7.853358114, 7.732532484, 7.532593002, 7.25569452, 6.905223234, 6.766389198, 7.10100693, 7.384062132, 7.60970592, 7.872290028, 8.238768786, 8.534291346, 8.755933266, 8.902155366, 8.972495892, 8.96803227, 0.0, 0.0, 0.0, 0.0, 0.0, 0.0, 0.0, 0.0, 0.0, 0.0, 0.0, 0.0, 0.0, 0.0, 0.0, 0.0, 0.0, 0.0, 0.0, 0.0, 0.0, 0.0, 0.0, 0.0, 0.0, 0.0, 0.0, 0.0, 0.0, 0.0, 0.0, 0.0, 0.0, 0.0, 0.0, 6.716058012, 6.93246672, 7.284785022, 7.593852366, 7.85212677, 8.053605432, 8.192593386, 8.469030114, 8.742234564, 8.941404456, 9.064077102, 9.109482912, 9.078237558, 8.97188022, 8.793489258, 8.54706654, 8.23769136, 7.871520438, 7.45578792, 6.998189706, 6.507191286, 5.991565986, 5.460856722, 4.924298574, 4.639396356, 4.48132257, 4.244442768, 3.93337449, 3.55319703, 3.110374944, 2.612142378, 2.709264636, 2.90366307, 3.277068138, 3.858108588, 4.431914892, 4.989098052, 5.520115152, 6.01588503, 6.467942196, 6.868282914, 7.209826956, 7.486109766, 7.692205968, 7.82365194, 7.877369322, 7.851665016, 7.746077268, 7.561067832, 7.298637642, 6.961865058, 6.714980586, 7.05867948, 7.35189327, 7.588773072, 7.80210342, 8.18151129, 8.490578634], "min_cpu_time": [6, 22, 16, 21, 3, 9, 22, 12, 23], "max_cpu_time": [31, 36, 57, 56, 16, 15, 44, 37, 37], "min_job_period": [6, 29, 1, 26, 4, 13, 28, 11, 8], "max_job_period": [123, 30, 63, 93, 46, 111, 115, 69, 59], "min_startup": [12, 3, 4, 3, 25, 8, 3, 6, 3], "max_startup": [37, 70, 74, 8, 54, 42, 67, 120, 51], "priority": [4, 3, 6, 2, 5, 8, 9, 7, 1], "win_min": [0, 0, 0, 0, 0, 0, 9, 0, 0], "win_max": [125, 125, 125, 125, 125, 125, 112, 125, 125]}