{"subs": 1, "jobs": 22, "T": 125, "power_use": [1.6390875627517505, 1.485020960507052, 3.006690962583672, 3.0622984214039963, 3.034544258066266, 2.5663803357383346, 1.9975735759414721, 1.0486371721208059, 0.28032618275191085, 2.086118738518242, 3.0267847716011076, 0.5741344434918649, 2.123749605341358, 2.341961627656061, 0.9496190981039904, 3.3806379858608495, 0.7636911229721418, 3.017215627160072, 2.3447458146380233, 1.4437601118089098, 1.3734913428486741, 2.2336187735766493], "power_resource": [0.0, 0.0, 0.0, 0.0, 0.0, 0.0, 0.0, 0.0, 0.0, 6.771160656, 6.863665374, 7.22414133, 7.54275159, 7.81210809, 8.025592356, 8.17766334, 8.406385488, 8.694519984, 8.908927758, 9.04730004, 9.108559404, 9.092859768, 9.001740312, 8.83797156, 8.605093626, 8.308339722, 7.95371265, 7.547830884, 7.098544242, 6.614010378, 6.103310454, 5.575525632, 5.040198828, 4.667255514, 4.525497036, 4.304470788, 4.00802472, 3.64169988, 3.211191234, 2.724040764, 2.64585042, 2.856102408, 3.152086722, 3.733127172, 4.30893441, 4.869811602, 5.406215832, 5.909219856, 6.370204266, 6.78085749, 7.133945382, 7.423157304, 7.642952208, 7.788866472, 7.8575139, 7.847201394, 7.75669761, 7.58661822, 7.338656322, 7.015736358, 6.662032794, 7.014351096, 7.317569556, 7.565531454, 7.752541824, 8.121637188, 8.444249316, 8.69405823, 8.86875516, 8.967878352, 8.991427806, 0.0, 0.0, 0.0, 0.0, 0.0, 0.0, 0.0, 0.0, 0.0, 0.0, 0.0, 0.0, 0.0, 0.0, 0.0, 0.0, 0.0, 0.0, 0.0, 0.0, 0.0, 0.0, 0.0, 0.0, 0.0, 0.0, 0.0, 0.0, 0.0, 0.0, 0.0, 0.0, 0.0, 0.0, 0.0, 0.0, 6.793324848, 7.161650622, 7.489495962, 7.769472804, 7.994962674, 8.160116688, 8.34081642, 8.643573126, 8.873218782, 9.0272907, 9.1042497, 9.1042497, 9.028522044, 8.879375502, 8.660504106, 8.376525396, 8.033442174, 7.637718996], "min_cpu_time": [18, 10, 4, 24, 2, 2, 14, 22, 17, 15, 1, 21, 3, 7, 22, 13, 10, 23, 20, 17, 23, 2], "max_cpu_time": [20, 58, 17, 26, 60, 55, 45, 51, 43, 61, 2, 40, 54, 22, 30, 22, 10, 58, 44, 32, 50, 19], "min_job_period": [77, 62, 31, 54, 2, 6, 122, 109, 42, 82, 2, 121, 35, 44, 69, 80, 74, 95, 68, 20, 47, 6], "max_job_period": [83, 108, 44, 106, 12, 48, 122, 124, 45, 96, 8, 124, 58, 104, 124, 105, 76, 111, 111, 119, 114, 67], "min_startup": [1, 1, 3, 1, 5, 5, 1, 1, 1, 1, 9, 1, 3, 2, 1, 1, 1, 1, 1, 1, 1, 5], "max_startup": [120, 16, 21, 6, 101, 52, 59, 72, 84, 115, 58, 5, 112, 30, 48, 73, 20, 110, 57, 49, 52, 104], "priority": [11, 8, 14, 2, 4, 22, 15, 5, 7, 19, 16, 1, 18, 13, 9, 21, 3, 6, 10, 12, 20, 17], "win_min": [0, 0, 0, 0, 0, 0, 0, 0, 0, 0, 0, 0, 0, 0, 0, 0, 0, 0, 5, 0, 0, 0], "win_max": [125, 125, 125, 125, 125, 125, 125, 125, 125, 125, 125, 125, 125, 125, 125, 125, 125, 125, 103, 125, 125, 125]}