{"subs": 1, "jobs": 22, "T": 125, "power_use": [2.2425541808821037, 2.6519883090045284, 2.2815466516870204, 2.978290559996906, 2.5214857476522576, 1.0695893161345622, 0.9502094153326078, 0.5788100421362454, 3.028020122252401, 2.6415167769489982, 2.55275729676727, 3.6564031665172196, 2.938332185005186, 3.488693584085531, 3.2691949858456772, 2.977053189627195, 1.6066298924694866, 3.7399180463940573, 1.1821550647752417, 3.1657662424517623, 3.5647669214511635, 3.359608454881979], "power_resource": [6.289551234, 5.765306526, 5.229671886, 4.691882394, 4.573827288, 4.383276804, 4.115459484, 3.775300704, 3.368341512, 2.901508218, 2.583821466, 2.827011906, 2.989549314, 3.527338806, 4.10730183, 4.676336676, 5.224900428, 5.743911924, 6.224136084, 6.657569172, 7.036515288, 7.354048122, 7.604164872, 7.782247998, 7.88444955, 7.908152922, 7.851972852, 7.71590934, 7.50119373, 7.209980874, 6.846118722, 6.815950794, 7.141487364, 7.41423006, 7.628329998, 7.940167866, 8.293563594, 8.575233534, 8.782714998, 8.914468806, 8.970648876, 8.952178716, 0.0, 0.0, 0.0, 0.0, 0.0, 0.0, 0.0, 0.0, 0.0, 0.0, 0.0, 0.0, 0.0, 0.0, 0.0, 0.0, 0.0, 0.0, 0.0, 0.0, 0.0, 0.0, 0.0, 0.0, 0.0, 0.0, 0.0, 0.0, 0.0, 0.0, 0.0, 0.0, 0.0, 0.0, 0.0, 6.658030926, 6.999574968, 7.343581698, 7.642644372, 7.88983668, 8.079001902, 8.20459899, 8.52859638, 8.787024702, 8.970648876, 9.077467968, 9.107174142, 9.06038307, 8.938941768, 8.746236432, 8.486115012, 8.164426392, 7.787327292, 7.36189794, 6.89629599, 6.398986932, 5.87889801, 5.345418222, 4.808090484, 4.60830492, 4.433761908, 4.181490306, 3.8556459, 3.462077574, 3.007095966, 2.511018252, 2.769600492, 2.948145372, 3.402203472, 3.982782168, 4.55443362, 5.107460994, 5.63262921, 6.120857106, 6.56383311, 6.953553486, 7.283091924, 7.546445622, 7.738535286, 7.855512966, 7.894146384, 7.853358114, 7.732532484], "min_cpu_time": [10, 14, 1, 11, 7, 15, 18, 23, 23, 16, 11, 7, 9, 13, 22, 17, 3, 10, 13, 10, 3, 12], "max_cpu_time": [54, 58, 23, 15, 49, 57, 21, 57, 40, 47, 45, 22, 29, 61, 30, 39, 9, 15, 14, 32, 18, 62], "min_job_period": [112, 102, 16, 1, 92, 59, 114, 60, 113, 51, 116, 109, 49, 87, 89, 90, 41, 47, 17, 5, 22, 36], "max_job_period": [119, 108, 35, 37, 104, 103, 123, 95, 115, 109, 123, 124, 95, 110, 103, 101, 87, 52, 116, 59, 46, 84], "min_startup": [1, 1, 4, 1, 1, 1, 1, 1, 1, 1, 1, 1, 1, 1, 1, 1, 2, 1, 1, 1, 2, 1], "max_startup": [112, 34, 19, 27, 85, 99, 98, 37, 63, 23, 54, 85, 8, 67, 25, 119, 18, 61, 112, 32, 90, 56], "priority": [12, 22, 5, 15, 3, 14, 16, 13, 4, 7, 21, 8, 2, 18, 1, 11, 9, 10, 19, 17, 20, 6], "win_min": [0, 0, 0, 0, 0, 0, 0, 0, 0, 0, 0, 0, 0, 0, 0, 0, 0, 21, 0, 0, 0, 0], "win_max": [125, 125, 125, 125, 125, 125, 125, 125, 125, 125, 125, 125, 125, 125, 125, 125, 125, 102, 125, 125, 125, 125]}