{"subs": 1, "jobs": 13, "T": 125, "power_use": [2.1566359915865467, 2.449270751680942, 1.651288750249512, 1.5836113960062077, 0.16844755542644954, 2.2054733670610513, 0.40783353714744386, 2.7349770418423853, 2.1355482236130126, 0.03942556204680502, 1.5069717727811118, 1.5277336958107741, 0.8586670697365223], "power_resource": [8.902924956, 8.695905246, 8.422700796, 8.088698736, 7.700825376, 7.266007026, 6.792709176, 6.289551234, 5.765306526, 5.229671886, 4.691882394, 4.573827288, 4.383276804, 4.115459484, 3.775300704, 3.368341512, 2.901508218, 2.583821466, 2.827011906, 2.989549314, 3.527338806, 4.10730183, 4.676336676, 5.224900428, 5.743911924, 6.224136084, 6.657569172, 7.036515288, 7.354048122, 7.604164872, 7.782247998, 7.88444955, 7.908152922, 7.851972852, 7.71590934, 7.50119373, 7.209980874, 6.846118722, 6.815950794, 7.141487364, 7.41423006, 7.628329998, 7.940167866, 8.293563594, 8.575233534, 8.782714998, 8.914468806, 8.970648876, 8.952178716, 0.0, 0.0, 0.0, 0.0, 0.0, 0.0, 0.0, 0.0, 0.0, 0.0, 0.0, 0.0, 0.0, 0.0, 0.0, 0.0, 0.0, 0.0, 0.0, 0.0, 0.0, 0.0, 0.0, 0.0, 0.0, 0.0, 0.0, 0.0, 0.0, 0.0, 0.0, 0.0, 0.0, 0.0, 0.0, 6.658030926, 6.999574968, 7.343581698, 7.642644372, 7.88983668, 8.079001902, 8.20459899, 8.52859638, 8.787024702, 8.970648876, 9.077467968, 9.107174142, 9.06038307, 8.938941768, 8.746236432, 8.486115012, 8.164426392, 7.787327292, 7.36189794, 6.89629599, 6.398986932, 5.87889801, 5.345418222, 4.808090484, 4.60830492, 4.433761908, 4.181490306, 3.8556459, 3.462077574, 3.007095966, 2.511018252, 2.769600492, 2.948145372, 3.402203472, 3.982782168, 4.55443362, 5.107460994, 5.63262921, 6.120857106, 6.56383311, 6.953553486], "min_cpu_time": [16, 21, 5, 10, 24, 1, 15, 10, 24, 12, 24, 13, 13], "max_cpu_time": [55, 60, 5, 48, 56, 37, 53, 24, 41, 43, 30, 34, 21], "min_job_period": [94, 15, 27, 88, 12, 14, 93, 28, 105, 2, 119, 44, 56], "max_job_period": [110, 88, 106, 120, 68, 95, 96, 31, 108, 112, 119, 91, 118], "min_startup": [1, 1, 2, 1, 1, 8, 1, 1, 1, 1, 1, 1, 1], "max_startup": [40, 28, 47, 72, 21, 57, 64, 79, 94, 30, 16, 106, 123], "priority": [9, 4, 2, 5, 6, 13, 11, 7, 8, 1, 12, 10, 3], "win_min": [0, 0, 0, 0, 0, 0, 0, 0, 0, 0, 0, 11, 0], "win_max": [125, 125, 125, 125, 125, 125, 125, 125, 125, 125, 125, 100, 125]}