{"subs": 1, "jobs": 20, "T": 125, "power_use": [2.04497186673702, 2.374948708282426, 0.4269823115941472, 2.7449880192426717, 3.406427015236326, 0.4494664994905239, 2.8898786586589384, 3.3823074660147263, 2.7177850864917277, 1.8964814178969642, 3.404845050842534, 3.09172279893404, 1.6672073461313206, 0.5056275349991859, 3.7874372353923715, 2.5361999105822735, 0.3921630958299437, 3.5206162783981294, 0.08403743529545746, 1.3095072929690401], "power_resource": [7.648801092, 7.390218852, 7.0571403, 6.654029058, 6.954323076, 7.250923062, 7.49118906, 7.744999842, 8.128255662, 8.441478792, 8.681283036, 8.845975296, 8.9349399, 8.948638602, 0.0, 0.0, 0.0, 0.0, 0.0, 0.0, 0.0, 0.0, 0.0, 0.0, 0.0, 0.0, 0.0, 0.0, 0.0, 0.0, 0.0, 0.0, 0.0, 0.0, 0.0, 0.0, 0.0, 0.0, 0.0, 0.0, 0.0, 0.0, 0.0, 0.0, 0.0, 0.0, 0.0, 0.0, 0.0, 6.809794074, 6.832112184, 7.190895042, 7.507966122, 7.775783442, 7.987882446, 8.138722086, 8.40238362, 8.689132854, 8.902155366, 9.03883455, 9.098400816, 9.081008082, 8.987887692, 8.82181017, 8.586777384, 8.287560792, 7.930163196, 7.521356988, 7.068991986, 6.581379762, 6.067293642, 5.535814788, 4.996793952, 4.638165012, 4.495021272, 4.272609762, 3.974470596, 3.606144822, 3.173327406, 2.68356033, 2.720654568, 2.932753572, 3.195029844, 3.777455556, 4.354801974, 4.9176801, 5.4563931, 5.961859812, 6.425460828, 6.839192412, 7.195512582, 7.4881107, 7.711445718, 7.861054014, 7.933549392, 7.926930918, 7.840275084, 7.674043644, 7.429929696, 7.110703764, 6.720521634, 6.909994692, 7.21644543, 7.467793524, 7.67204271, 8.068227642, 8.394841638, 8.648806338, 8.827659054, 8.930938032, 8.958643272, 0.0, 0.0, 0.0, 0.0, 0.0, 0.0, 0.0, 0.0, 0.0, 0.0, 0.0, 0.0, 0.0, 0.0], "min_cpu_time": [6, 20, 20, 1, 17, 11, 10, 2, 14, 22, 3, 4, 3, 9, 6, 4, 16, 9, 6, 6], "max_cpu_time": [50, 23, 30, 61, 29, 54, 51, 61, 36, 27, 8, 21, 34, 37, 40, 39, 60, 43, 18, 60], "min_job_period": [9, 16, 46, 7, 4, 66, 32, 10, 111, 92, 10, 12, 9, 99, 9, 24, 52, 16, 47, 37], "max_job_period": [69, 34, 75, 122, 120, 67, 117, 100, 116, 98, 78, 64, 36, 102, 73, 63, 72, 111, 115, 58], "min_startup": [2, 1, 1, 11, 1, 1, 1, 5, 1, 1, 4, 3, 4, 1, 2, 3, 1, 1, 2, 2], "max_startup": [82, 52, 33, 71, 86, 118, 75, 41, 37, 35, 30, 12, 45, 5, 116, 9, 69, 82, 100, 93], "priority": [17, 14, 11, 15, 5, 6, 16, 4, 1, 10, 13, 8, 7, 3, 9, 19, 18, 20, 12, 2], "win_min": [0, 0, 0, 0, 0, 0, 0, 9, 0, 0, 0, 0, 0, 0, 0, 0, 0, 0, 0, 0], "win_max": [125, 125, 125, 125, 125, 125, 125, 103, 125, 125, 125, 125, 125, 125, 125, 125, 125, 125, 125, 125]}