{"subs": 1, "jobs": 9, "T": 125, "power_use": [0.4708557690213673, 0.7580629497730093, 1.2485636931140847, 3.88829127256204, 1.3665429367813797, 2.645223772332216, 1.7230392673296417, 1.3239984623003302, 0.33010774383380853], "power_resource": [7.918927182, 7.847663148, 7.696515672, 7.467023934, 7.161650622, 6.784551522, 6.86397321, 7.179966864, 7.442089218, 7.644645306, 8.005429098, 8.34543396, 8.613405198, 8.806572288, 8.92416564, 8.966031336, 0.0, 0.0, 0.0, 0.0, 0.0, 0.0, 0.0, 0.0, 0.0, 0.0, 0.0, 0.0, 0.0, 0.0, 0.0, 0.0, 0.0, 0.0, 0.0, 0.0, 0.0, 0.0, 0.0, 0.0, 0.0, 0.0, 0.0, 0.0, 0.0, 0.0, 0.0, 0.0, 0.0, 0.0, 0.0, 0.0, 6.691123296, 7.065144036, 7.40037744, 7.689435444, 7.925083902, 8.101627848, 8.26924455, 8.585084286, 8.828582562, 8.996661018, 9.087780474, 9.101633094, 9.039450222, 8.902924956, 8.695905246, 8.422700796, 8.088698736, 7.700825376, 7.266007026, 6.792709176, 6.289551234, 5.765306526, 5.229671886, 4.691882394, 4.573827288, 4.383276804, 4.115459484, 3.775300704, 3.368341512, 2.901508218, 2.583821466, 2.827011906, 2.989549314, 3.527338806, 4.10730183, 4.676336676, 5.224900428, 5.743911924, 6.224136084, 6.657569172, 7.036515288, 7.354048122, 7.604164872, 7.782247998, 7.88444955, 7.908152922, 7.851972852, 7.71590934, 7.50119373, 7.209980874, 6.846118722, 6.815950794, 7.141487364, 7.41423006, 7.628329998, 7.940167866, 8.293563594, 8.575233534, 8.782714998, 8.914468806, 8.970648876, 8.952178716, 0.0, 0.0, 0.0, 0.0, 0.0, 0.0, 0.0, 0.0, 0.0, 0.0, 0.0], "min_cpu_time": [20, 3, 16, 10, 13, 19, 14, 7, 5], "max_cpu_time": [23, 61, 52, 11, 22, 27, 22, 41, 60], "min_job_period": [2, 2, 13, 2, 8, 36, 10, 10, 5], "max_job_period": [34, 92, 28, 44, 124, 81, 118, 13, 27], "min_startup": [3, 21, 4, 6, 5, 3, 4, 9, 13], "max_startup": [83, 113, 97, 40, 33, 29, 48, 87, 43], "priority": [8, 5, 4, 3, 2, 6, 1, 9, 7], "win_min": [0, 0, 0, 3, 0, 0, 0, 0, 0], "win_max": [125, 125, 125, 111, 125, 125, 125, 125, 125]}