{"subs": 1, "jobs": 22, "T": 125, "power_use": [1.5196312668352294, 0.16861255269560338, 3.8844841526274867, 1.934686199845271, 2.3074178005725274, 1.5408209622449842, 0.48601681717997375, 2.971186357084763, 0.8153088364313701, 2.712561616451528, 1.667336713783234, 3.710654736711237, 0.5854849006342815, 2.6686699666783813, 2.2071840021330944, 1.4552344521161649, 2.445375670849797, 2.3707060540487634, 1.7688708505823225, 0.944177396690887, 2.3850238978622698, 1.8325199807330883], "power_resource": [2.720654568, 2.932753572, 3.195029844, 3.777455556, 4.354801974, 4.9176801, 5.4563931, 5.961859812, 6.425460828, 6.839192412, 7.195512582, 7.4881107, 7.711445718, 7.861054014, 7.933549392, 7.926930918, 7.840275084, 7.674043644, 7.429929696, 7.110703764, 6.720521634, 6.909994692, 7.21644543, 7.467793524, 7.67204271, 8.068227642, 8.394841638, 8.648806338, 8.827659054, 8.930938032, 8.958643272, 0.0, 0.0, 0.0, 0.0, 0.0, 0.0, 0.0, 0.0, 0.0, 0.0, 0.0, 0.0, 0.0, 0.0, 0.0, 0.0, 0.0, 0.0, 0.0, 0.0, 0.0, 0.0, 0.0, 0.0, 0.0, 0.0, 0.0, 0.0, 0.0, 0.0, 0.0, 0.0, 0.0, 0.0, 0.0, 0.0, 6.76238733, 7.128866088, 7.455172248, 7.733763828, 7.957714518, 8.12148327, 8.337276306, 8.63864775, 8.866908144, 9.019286964, 9.094706784, 9.093013686, 9.015285096, 8.863983702, 8.642803536, 8.356362138, 8.01066231, 7.612168608, 7.168423014, 6.6877371, 6.178884192, 5.650945452, 5.113309878, 4.662637974, 4.536117378, 4.329405504, 4.04650422, 3.692031066, 3.272142762, 2.7936117, 2.653700238, 2.88134496, 3.070356264, 3.652320222, 4.23120582, 4.797316224, 5.341262436, 5.853655458, 6.325721964, 6.749458218, 7.11716832, 7.422387714, 7.659113598, 7.823036268, 7.910461692, 7.918927182, 7.847663148, 7.696515672, 7.467023934, 7.161650622, 6.784551522, 6.86397321, 7.179966864, 7.442089218, 7.644645306, 8.005429098, 8.34543396, 8.613405198], "min_cpu_time": [7, 2, 24, 7, 11, 17, 9, 4, 3, 17, 13, 9, 12, 2, 18, 14, 17, 19, 7, 12, 12, 3], "max_cpu_time": [35, 12, 57, 38, 36, 19, 13, 49, 25, 59, 27, 21, 44, 21, 42, 47, 45, 48, 62, 36, 57, 35], "min_job_period": [6, 3, 112, 24, 17, 42, 40, 8, 1, 12, 32, 38, 39, 7, 41, 6, 56, 36, 13, 17, 17, 12], "max_job_period": [72, 121, 122, 109, 70, 93, 88, 95, 40, 94, 47, 53, 83, 70, 79, 42, 120, 102, 33, 31, 103, 41], "min_startup": [4, 12, 1, 4, 2, 2, 3, 6, 8, 2, 2, 3, 2, 12, 1, 2, 2, 1, 4, 2, 2, 8], "max_startup": [47, 88, 17, 79, 50, 58, 10, 67, 65, 37, 29, 31, 63, 52, 38, 15, 65, 88, 64, 49, 122, 33], "priority": [16, 18, 2, 13, 8, 15, 17, 6, 22, 21, 19, 3, 5, 12, 7, 4, 9, 20, 11, 1, 14, 10], "win_min": [0, 13, 0, 0, 0, 0, 0, 0, 0, 0, 0, 0, 0, 0, 0, 0, 0, 0, 0, 0, 0, 0], "win_max": [125, 106, 125, 125, 125, 125, 125, 125, 125, 125, 125, 125, 125, 125, 125, 125, 125, 125, 125, 125, 125, 125]}