{"subs": 1, "jobs": 18, "T": 125, "power_use": [3.52129905377933, 3.9169471990677476, 3.6368112628697076, 1.0549773716111608, 2.1863317024769096, 1.0955782974185262, 0.6699070070733956, 2.082731939828501, 1.6953623641602928, 2.1693795413634467, 0.5424842475097403, 2.4570882463635138, 3.969795271729749, 0.5546238603249518, 2.328942893532784, 2.0339918379898636, 0.7706958807374861, 0.5171072204267094], "power_resource": [0.0, 0.0, 0.0, 0.0, 0.0, 0.0, 0.0, 0.0, 0.0, 0.0, 6.754383594, 6.900297858, 7.25107698, 7.558451226, 7.815340368, 8.015433768, 8.153190378, 8.464566492, 8.736539598, 8.934016392, 9.055149858, 9.09886257, 9.0657702, 8.957411928, 8.776866114, 8.527980708, 8.21614284, 7.847355312, 7.428698352, 6.96786786, 6.473637162, 5.954625666, 5.42022237, 4.879816272, 4.610305854, 4.450846806, 4.212581742, 3.899666448, 3.517488054, 3.07220328, 2.571354108, 2.784530538, 2.980929906, 3.319857342, 3.902283054, 4.477782456, 5.03696655, 5.57029242, 6.068678904, 6.523506594, 6.926771754, 7.271548074, 7.551370998, 7.761007314, 7.896147318, 7.95371265, 7.931856294, 7.829962578, 7.648801092, 7.390218852, 7.0571403, 6.654029058, 6.954323076, 7.250923062, 7.49118906, 7.744999842, 8.128255662, 8.441478792, 8.681283036, 8.845975296, 8.9349399, 8.948638602, 0.0, 0.0, 0.0, 0.0, 0.0, 0.0, 0.0, 0.0, 0.0, 0.0, 0.0, 0.0, 0.0, 0.0, 0.0, 0.0, 0.0, 0.0, 0.0, 0.0, 0.0, 0.0, 0.0, 0.0, 0.0, 0.0, 0.0, 0.0, 0.0, 0.0, 0.0, 0.0, 0.0, 0.0, 0.0, 6.809794074, 6.832112184, 7.190895042, 7.507966122, 7.775783442, 7.987882446, 8.138722086, 8.40238362, 8.689132854, 8.902155366, 9.03883455, 9.098400816, 9.081008082, 8.987887692, 8.82181017, 8.586777384, 8.287560792, 7.930163196], "min_cpu_time": [9, 17, 14, 4, 1, 23, 4, 4, 3, 16, 9, 2, 12, 10, 17, 21, 6, 11], "max_cpu_time": [32, 61, 24, 27, 40, 62, 13, 45, 24, 60, 26, 24, 38, 51, 37, 26, 37, 56], "min_job_period": [20, 67, 124, 26, 2, 104, 27, 28, 13, 70, 19, 10, 53, 23, 74, 11, 24, 38], "max_job_period": [87, 69, 124, 64, 85, 105, 33, 86, 89, 118, 63, 20, 89, 96, 110, 98, 59, 121], "min_startup": [2, 1, 1, 4, 17, 1, 4, 4, 6, 1, 2, 9, 2, 2, 1, 1, 3, 2], "max_startup": [42, 104, 108, 86, 85, 52, 14, 96, 80, 5, 4, 83, 98, 41, 66, 109, 65, 26], "priority": [11, 13, 10, 4, 5, 7, 17, 12, 8, 6, 2, 14, 1, 16, 15, 18, 9, 3], "win_min": [0, 0, 0, 0, 0, 0, 0, 0, 0, 0, 2, 0, 0, 0, 0, 0, 0, 0], "win_max": [125, 125, 125, 125, 125, 125, 125, 125, 125, 125, 124, 125, 125, 125, 125, 125, 125, 125]}