{"subs": 1, "jobs": 22, "T": 125, "power_use": [2.596156486065295, 1.54071966158007, 3.307789514414214, 2.8305038611737516, 2.0082116012416136, 3.31408665173097, 0.06592846885604986, 0.13403104045463918, 1.4573364520104481, 2.132451504523776, 1.6231129056928484, 3.8822100316457693, 2.2281047886220673, 2.508019025694447, 1.002396907756199, 3.4342979952672033, 3.6396677214864934, 2.0471339610173653, 3.414012832872155, 0.08625950851721009, 2.986250035223923, 2.024933697755359], "power_resource": [0.0, 0.0, 0.0, 0.0, 0.0, 0.0, 0.0, 0.0, 0.0, 0.0, 0.0, 0.0, 6.658030926, 6.999574968, 7.343581698, 7.642644372, 7.88983668, 8.079001902, 8.20459899, 8.52859638, 8.787024702, 8.970648876, 9.077467968, 9.107174142, 9.06038307, 8.938941768, 8.746236432, 8.486115012, 8.164426392, 7.787327292, 7.36189794, 6.89629599, 6.398986932, 5.87889801, 5.345418222, 4.808090484, 4.60830492, 4.433761908, 4.181490306, 3.8556459, 3.462077574, 3.007095966, 2.511018252, 2.769600492, 2.948145372, 3.402203472, 3.982782168, 4.55443362, 5.107460994, 5.63262921, 6.120857106, 6.56383311, 6.953553486, 7.283091924, 7.546445622, 7.738535286, 7.855512966, 7.894146384, 7.853358114, 7.732532484, 7.532593002, 7.25569452, 6.905223234, 6.766389198, 7.10100693, 7.384062132, 7.60970592, 7.872290028, 8.238768786, 8.534291346, 8.755933266, 8.902155366, 8.972495892, 8.96803227, 0.0, 0.0, 0.0, 0.0, 0.0, 0.0, 0.0, 0.0, 0.0, 0.0, 0.0, 0.0, 0.0, 0.0, 0.0, 0.0, 0.0, 0.0, 0.0, 0.0, 0.0, 0.0, 0.0, 0.0, 0.0, 0.0, 0.0, 0.0, 0.0, 0.0, 0.0, 0.0, 0.0, 0.0, 0.0, 6.716058012, 6.93246672, 7.284785022, 7.593852366, 7.85212677, 8.053605432, 8.192593386, 8.469030114, 8.742234564, 8.941404456, 9.064077102, 9.109482912, 9.078237558, 8.97188022, 8.793489258, 8.54706654], "min_cpu_time": [12, 12, 5, 23, 16, 16, 15, 23, 2, 13, 11, 9, 12, 8, 9, 20, 3, 13, 24, 18, 4, 11], "max_cpu_time": [20, 55, 10, 28, 55, 55, 25, 39, 26, 54, 22, 20, 12, 29, 29, 36, 54, 20, 43, 29, 9, 21], "min_job_period": [121, 48, 107, 83, 33, 56, 115, 33, 18, 57, 33, 80, 45, 104, 12, 98, 6, 87, 17, 89, 52, 18], "max_job_period": [123, 55, 120, 86, 112, 95, 124, 84, 112, 83, 52, 103, 82, 105, 119, 98, 36, 109, 100, 103, 122, 86], "min_startup": [1, 1, 1, 1, 1, 1, 1, 1, 3, 1, 1, 1, 1, 1, 1, 1, 2, 1, 1, 1, 2, 1], "max_startup": [82, 14, 123, 117, 91, 41, 79, 103, 51, 21, 87, 113, 12, 75, 60, 15, 99, 26, 6, 69, 10, 83], "priority": [8, 20, 18, 21, 14, 1, 15, 22, 6, 12, 17, 19, 13, 9, 11, 3, 16, 10, 4, 7, 2, 5], "win_min": [0, 0, 0, 0, 0, 0, 0, 0, 0, 0, 0, 0, 0, 0, 0, 0, 0, 0, 9, 0, 0, 0], "win_max": [125, 125, 125, 125, 125, 125, 125, 125, 125, 125, 125, 125, 125, 125, 125, 125, 125, 125, 122, 125, 125, 125]}