{"subs": 1, "jobs": 9, "T": 125, "power_use": [2.2722168972186974, 3.4528460808922667, 3.5768227527532286, 0.42564498733739026, 1.3790215591905866, 2.7500268578943046, 3.2501280620064894, 3.7601756617355777, 3.1159313738127006], "power_resource": [7.588773072, 7.80210342, 8.18151129, 8.490578634, 8.72638101, 8.886917484, 8.971572384, 8.9811153, 0.0, 0.0, 0.0, 0.0, 0.0, 0.0, 0.0, 0.0, 0.0, 0.0, 0.0, 0.0, 0.0, 0.0, 0.0, 0.0, 0.0, 0.0, 0.0, 0.0, 0.0, 0.0, 0.0, 0.0, 0.0, 0.0, 0.0, 0.0, 0.0, 0.0, 0.0, 0.0, 0.0, 0.0, 0.0, 6.771160656, 6.863665374, 7.22414133, 7.54275159, 7.81210809, 8.025592356, 8.17766334, 8.406385488, 8.694519984, 8.908927758, 9.04730004, 9.108559404, 9.092859768, 9.001740312, 8.83797156, 8.605093626, 8.308339722, 7.95371265, 7.547830884, 7.098544242, 6.614010378, 6.103310454, 5.575525632, 5.040198828, 4.667255514, 4.525497036, 4.304470788, 4.00802472, 3.64169988, 3.211191234, 2.724040764, 2.64585042, 2.856102408, 3.152086722, 3.733127172, 4.30893441, 4.869811602, 5.406215832, 5.909219856, 6.370204266, 6.78085749, 7.133945382, 7.423157304, 7.642952208, 7.788866472, 7.8575139, 7.847201394, 7.75669761, 7.58661822, 7.338656322, 7.015736358, 6.662032794, 7.014351096, 7.317569556, 7.565531454, 7.752541824, 8.121637188, 8.444249316, 8.69405823, 8.86875516, 8.967878352, 8.991427806, 0.0, 0.0, 0.0, 0.0, 0.0, 0.0, 0.0, 0.0, 0.0, 0.0, 0.0, 0.0, 0.0, 0.0, 0.0, 0.0, 0.0, 0.0, 0.0, 0.0], "min_cpu_time": [24, 11, 10, 24, 9, 17, 9, 8, 7], "max_cpu_time": [39, 44, 16, 41, 59, 24, 53, 8, 59], "min_job_period": [33, 32, 22, 77, 95, 121, 114, 46, 52], "max_job_period": [53, 41, 44, 79, 112, 123, 116, 75, 68], "min_startup": [1, 1, 1, 1, 1, 1, 1, 1, 1], "max_startup": [72, 53, 53, 60, 48, 33, 71, 121, 28], "priority": [4, 1, 7, 6, 8, 9, 2, 3, 5], "win_min": [0, 0, 0, 0, 0, 0, 0, 0, 6], "win_max": [125, 125, 125, 125, 125, 125, 125, 125, 101]}