{"subs": 1, "jobs": 20, "T": 125, "power_use": [0.015645273671748897, 1.2055872479496945, 3.942272389891908, 0.6630404232231093, 1.3271354231767727, 2.8071304937813206, 0.026870988103814643, 3.981366576977233, 1.3419225257123382, 1.1507447881349837, 3.599629800834488, 1.5496153800327885, 2.912146930504765, 2.110776566757628, 3.4715458740036955, 1.2696133791945758, 1.2166701291866842, 2.216744975071826, 0.9564138906598999, 2.704898876953141], "power_resource": [0.0, 0.0, 0.0, 0.0, 0.0, 6.716058012, 6.93246672, 7.284785022, 7.593852366, 7.85212677, 8.053605432, 8.192593386, 8.469030114, 8.742234564, 8.941404456, 9.064077102, 9.109482912, 9.078237558, 8.97188022, 8.793489258, 8.54706654, 8.23769136, 7.871520438, 7.45578792, 6.998189706, 6.507191286, 5.991565986, 5.460856722, 4.924298574, 4.639396356, 4.48132257, 4.244442768, 3.93337449, 3.55319703, 3.110374944, 2.612142378, 2.709264636, 2.90366307, 3.277068138, 3.858108588, 4.431914892, 4.989098052, 5.520115152, 6.01588503, 6.467942196, 6.868282914, 7.209826956, 7.486109766, 7.692205968, 7.82365194, 7.877369322, 7.851665016, 7.746077268, 7.561067832, 7.298637642, 6.961865058, 6.714980586, 7.05867948, 7.35189327, 7.588773072, 7.80210342, 8.18151129, 8.490578634, 8.72638101, 8.886917484, 8.971572384, 8.9811153, 0.0, 0.0, 0.0, 0.0, 0.0, 0.0, 0.0, 0.0, 0.0, 0.0, 0.0, 0.0, 0.0, 0.0, 0.0, 0.0, 0.0, 0.0, 0.0, 0.0, 0.0, 0.0, 0.0, 0.0, 0.0, 0.0, 0.0, 0.0, 0.0, 0.0, 0.0, 0.0, 0.0, 0.0, 0.0, 6.771160656, 6.863665374, 7.22414133, 7.54275159, 7.81210809, 8.025592356, 8.17766334, 8.406385488, 8.694519984, 8.908927758, 9.04730004, 9.108559404, 9.092859768, 9.001740312, 8.83797156, 8.605093626, 8.308339722, 7.95371265, 7.547830884, 7.098544242, 6.614010378, 6.103310454, 5.575525632], "min_cpu_time": [10, 19, 15, 7, 12, 5, 13, 16, 19, 2, 16, 16, 20, 4, 16, 17, 10, 8, 22, 12], "max_cpu_time": [17, 19, 49, 41, 29, 43, 27, 38, 58, 26, 44, 27, 21, 7, 18, 23, 22, 8, 30, 37], "min_job_period": [78, 108, 108, 48, 123, 11, 89, 8, 9, 10, 66, 91, 80, 6, 24, 20, 118, 113, 95, 63], "max_job_period": [84, 116, 124, 49, 124, 12, 111, 85, 42, 48, 78, 123, 85, 61, 101, 42, 121, 116, 97, 96], "min_startup": [1, 1, 1, 2, 1, 2, 1, 1, 1, 5, 1, 1, 1, 3, 1, 1, 1, 1, 1, 1], "max_startup": [113, 78, 101, 100, 109, 42, 34, 57, 104, 112, 36, 16, 22, 39, 20, 122, 120, 26, 121, 99], "priority": [5, 14, 9, 8, 19, 7, 1, 13, 6, 18, 11, 2, 16, 4, 10, 3, 15, 17, 20, 12], "win_min": [0, 0, 0, 0, 0, 0, 0, 0, 0, 0, 0, 0, 0, 0, 0, 0, 0, 22, 0, 0], "win_max": [125, 125, 125, 125, 125, 125, 125, 125, 125, 125, 125, 125, 125, 125, 125, 125, 125, 108, 125, 125]}