{"subs": 1, "jobs": 22, "T": 125, "power_use": [0.029816481984234734, 2.8880466703660117, 3.0571403542471294, 1.3619481147738446, 0.6336747043416705, 2.7562289764005903, 0.061607844195021536, 0.9137302417231401, 1.780222914695551, 0.6011910293226479, 1.9575783631074997, 1.7062840162606632, 0.40172239136722193, 3.504266616802836, 0.46670730051096054, 3.57119075246672, 3.040535430699853, 2.480814567550567, 3.4126285263983287, 2.4329788945695707, 0.1543763107659063, 2.2015348706154403], "power_resource": [8.996661018, 9.087780474, 9.101633094, 9.039450222, 8.902924956, 8.695905246, 8.422700796, 8.088698736, 7.700825376, 7.266007026, 6.792709176, 6.289551234, 5.765306526, 5.229671886, 4.691882394, 4.573827288, 4.383276804, 4.115459484, 3.775300704, 3.368341512, 2.901508218, 2.583821466, 2.827011906, 2.989549314, 3.527338806, 4.10730183, 4.676336676, 5.224900428, 5.743911924, 6.224136084, 6.657569172, 7.036515288, 7.354048122, 7.604164872, 7.782247998, 7.88444955, 7.908152922, 7.851972852, 7.71590934, 7.50119373, 7.209980874, 6.846118722, 6.815950794, 7.141487364, 7.41423006, 7.628329998, 7.940167866, 8.293563594, 8.575233534, 8.782714998, 8.914468806, 8.970648876, 8.952178716, 0.0, 0.0, 0.0, 0.0, 0.0, 0.0, 0.0, 0.0, 0.0, 0.0, 0.0, 0.0, 0.0, 0.0, 0.0, 0.0, 0.0, 0.0, 0.0, 0.0, 0.0, 0.0, 0.0, 0.0, 0.0, 0.0, 0.0, 0.0, 0.0, 0.0, 0.0, 0.0, 0.0, 0.0, 0.0, 6.658030926, 6.999574968, 7.343581698, 7.642644372, 7.88983668, 8.079001902, 8.20459899, 8.52859638, 8.787024702, 8.970648876, 9.077467968, 9.107174142, 9.06038307, 8.938941768, 8.746236432, 8.486115012, 8.164426392, 7.787327292, 7.36189794, 6.89629599, 6.398986932, 5.87889801, 5.345418222, 4.808090484, 4.60830492, 4.433761908, 4.181490306, 3.8556459, 3.462077574, 3.007095966, 2.511018252, 2.769600492, 2.948145372, 3.402203472, 3.982782168, 4.55443362, 5.107460994], "min_cpu_time": [8, 3, 19, 10, 1, 23, 13, 15, 12, 18, 11, 17, 10, 17, 24, 1, 8, 2, 14, 17, 18, 4], "max_cpu_time": [35, 3, 56, 26, 40, 29, 27, 56, 22, 42, 30, 32, 62, 52, 46, 19, 23, 16, 14, 35, 53, 18], "min_job_period": [20, 3, 4, 6, 5, 38, 60, 50, 8, 25, 14, 111, 24, 97, 69, 1, 15, 7, 57, 124, 90, 20], "max_job_period": [33, 103, 72, 15, 28, 104, 69, 51, 77, 25, 84, 121, 109, 99, 101, 122, 24, 38, 76, 124, 108, 63], "min_startup": [3, 6, 1, 2, 18, 1, 2, 2, 2, 1, 2, 1, 2, 1, 1, 18, 3, 9, 2, 1, 1, 5], "max_startup": [105, 109, 54, 56, 63, 1, 13, 5, 11, 5, 105, 93, 4, 30, 23, 34, 9, 118, 118, 108, 106, 18], "priority": [21, 11, 10, 7, 1, 3, 5, 12, 20, 13, 19, 4, 2, 15, 14, 18, 6, 16, 8, 9, 17, 22], "win_min": [0, 0, 0, 0, 0, 0, 0, 0, 0, 0, 0, 4, 0, 0, 0, 0, 0, 0, 0, 0, 0, 0], "win_max": [125, 125, 125, 125, 125, 125, 125, 125, 125, 125, 125, 107, 125, 125, 125, 125, 125, 125, 125, 125, 125, 125]}