{"subs": 1, "jobs": 24, "T": 125, "power_use": [0.5556635492655354, 0.3781181785235886, 0.4524478950886599, 1.2267020208738886, 3.4074247337562356, 2.8294149911332283, 2.0521492122148537, 2.557103035388891, 1.7475982282947897, 2.665168221899095, 0.619774787985431, 3.5746985206651747, 0.23708826561855503, 1.5948264016448346, 2.4007783274156607, 2.29386799735413, 2.1423294067145133, 2.3906141952411764, 3.0590862593469055, 1.5376406296859362, 2.7814656717726796, 0.6936692928762005, 2.338973470632712, 0.2528624603699762], "power_resource": [8.005429098, 8.34543396, 8.613405198, 8.806572288, 8.92416564, 8.966031336, 0.0, 0.0, 0.0, 0.0, 0.0, 0.0, 0.0, 0.0, 0.0, 0.0, 0.0, 0.0, 0.0, 0.0, 0.0, 0.0, 0.0, 0.0, 0.0, 0.0, 0.0, 0.0, 0.0, 0.0, 0.0, 0.0, 0.0, 0.0, 0.0, 0.0, 0.0, 0.0, 0.0, 0.0, 0.0, 0.0, 6.691123296, 7.065144036, 7.40037744, 7.689435444, 7.925083902, 8.101627848, 8.26924455, 8.585084286, 8.828582562, 8.996661018, 9.087780474, 9.101633094, 9.039450222, 8.902924956, 8.695905246, 8.422700796, 8.088698736, 7.700825376, 7.266007026, 6.792709176, 6.289551234, 5.765306526, 5.229671886, 4.691882394, 4.573827288, 4.383276804, 4.115459484, 3.775300704, 3.368341512, 2.901508218, 2.583821466, 2.827011906, 2.989549314, 3.527338806, 4.10730183, 4.676336676, 5.224900428, 5.743911924, 6.224136084, 6.657569172, 7.036515288, 7.354048122, 7.604164872, 7.782247998, 7.88444955, 7.908152922, 7.851972852, 7.71590934, 7.50119373, 7.209980874, 6.846118722, 6.815950794, 7.141487364, 7.41423006, 7.628329998, 7.940167866, 8.293563594, 8.575233534, 8.782714998, 8.914468806, 8.970648876, 8.952178716, 0.0, 0.0, 0.0, 0.0, 0.0, 0.0, 0.0, 0.0, 0.0, 0.0, 0.0, 0.0, 0.0, 0.0, 0.0, 0.0, 0.0, 0.0, 0.0, 0.0, 0.0], "min_cpu_time": [22, 22, 10, 15, 3, 23, 13, 16, 4, 24, 8, 4, 9, 9, 9, 22, 2, 2, 2, 24, 22, 6, 21, 3], "max_cpu_time": [38, 56, 29, 60, 60, 36, 54, 56, 8, 42, 37, 6, 12, 24, 14, 25, 13, 4, 54, 42, 44, 55, 30, 26], "min_job_period": [103, 71, 47, 62, 19, 86, 49, 46, 38, 11, 3, 29, 95, 92, 121, 29, 17, 24, 2, 58, 20, 50, 2, 4], "max_job_period": [118, 113, 107, 71, 54, 96, 88, 49, 91, 108, 46, 124, 96, 114, 121, 61, 39, 30, 18, 59, 54, 103, 50, 96], "min_startup": [1, 1, 1, 1, 4, 1, 1, 1, 3, 1, 2, 3, 1, 1, 1, 1, 5, 5, 5, 1, 1, 2, 1, 4], "max_startup": [5, 31, 32, 94, 63, 18, 81, 14, 4, 19, 13, 121, 82, 89, 85, 29, 116, 57, 26, 122, 75, 13, 53, 28], "priority": [19, 9, 12, 6, 4, 18, 20, 8, 21, 10, 14, 23, 24, 11, 1, 13, 17, 2, 5, 16, 3, 7, 22, 15], "win_min": [0, 0, 0, 0, 0, 0, 0, 0, 0, 0, 0, 0, 0, 0, 0, 0, 0, 0, 0, 0, 0, 11, 0, 0], "win_max": [125, 125, 125, 125, 125, 125, 125, 125, 125, 125, 125, 125, 125, 125, 125, 125, 125, 125, 125, 125, 125, 114, 125, 125]}