{"subs": 1, "jobs": 22, "T": 125, "power_use": [0.02807963734243414, 0.3558397952055068, 1.0496515366580053, 1.2088088830638999, 2.2119672098098717, 3.741060588240135, 2.200149905392109, 0.9963268543669318, 2.421779883310238, 3.679606280913029, 1.243111340906524, 0.14782195982958576, 1.9943996449233905, 0.9302709835141728, 3.7633873389039514, 2.9969609315877763, 2.531834892906537, 3.243351439368661, 1.414291056787403, 1.2642475530499189, 3.9532025842035394, 0.5924463820735756], "power_resource": [0.0, 0.0, 0.0, 0.0, 0.0, 0.0, 0.0, 0.0, 0.0, 6.716058012, 6.93246672, 7.284785022, 7.593852366, 7.85212677, 8.053605432, 8.192593386, 8.469030114, 8.742234564, 8.941404456, 9.064077102, 9.109482912, 9.078237558, 8.97188022, 8.793489258, 8.54706654, 8.23769136, 7.871520438, 7.45578792, 6.998189706, 6.507191286, 5.991565986, 5.460856722, 4.924298574, 4.639396356, 4.48132257, 4.244442768, 3.93337449, 3.55319703, 3.110374944, 2.612142378, 2.709264636, 2.90366307, 3.277068138, 3.858108588, 4.431914892, 4.989098052, 5.520115152, 6.01588503, 6.467942196, 6.868282914, 7.209826956, 7.486109766, 7.692205968, 7.82365194, 7.877369322, 7.851665016, 7.746077268, 7.561067832, 7.298637642, 6.961865058, 6.714980586, 7.05867948, 7.35189327, 7.588773072, 7.80210342, 8.18151129, 8.490578634, 8.72638101, 8.886917484, 8.971572384, 8.9811153, 0.0, 0.0, 0.0, 0.0, 0.0, 0.0, 0.0, 0.0, 0.0, 0.0, 0.0, 0.0, 0.0, 0.0, 0.0, 0.0, 0.0, 0.0, 0.0, 0.0, 0.0, 0.0, 0.0, 0.0, 0.0, 0.0, 0.0, 0.0, 0.0, 0.0, 0.0, 0.0, 0.0, 0.0, 0.0, 6.771160656, 6.863665374, 7.22414133, 7.54275159, 7.81210809, 8.025592356, 8.17766334, 8.406385488, 8.694519984, 8.908927758, 9.04730004, 9.108559404, 9.092859768, 9.001740312, 8.83797156, 8.605093626, 8.308339722, 7.95371265, 7.547830884], "min_cpu_time": [3, 14, 13, 13, 2, 11, 20, 21, 6, 16, 20, 4, 24, 17, 2, 17, 8, 2, 10, 14, 2, 2], "max_cpu_time": [13, 34, 60, 14, 16, 33, 44, 51, 16, 30, 43, 37, 37, 32, 29, 18, 47, 50, 61, 31, 3, 17], "min_job_period": [25, 8, 44, 18, 16, 69, 22, 81, 19, 60, 16, 18, 71, 103, 10, 93, 4, 7, 30, 75, 7, 17], "max_job_period": [83, 25, 120, 117, 113, 76, 112, 117, 92, 92, 76, 71, 77, 114, 94, 122, 119, 30, 115, 119, 9, 113], "min_startup": [4, 1, 1, 1, 6, 1, 1, 1, 2, 1, 1, 3, 1, 1, 6, 1, 2, 6, 1, 1, 6, 6], "max_startup": [71, 111, 114, 47, 70, 93, 107, 35, 79, 56, 78, 108, 50, 122, 57, 12, 17, 66, 62, 26, 32, 114], "priority": [19, 15, 10, 20, 4, 9, 8, 12, 22, 5, 3, 17, 14, 7, 11, 21, 18, 16, 6, 13, 1, 2], "win_min": [0, 0, 0, 0, 0, 0, 0, 0, 2, 0, 0, 0, 0, 0, 0, 0, 0, 0, 0, 0, 0, 0], "win_max": [125, 125, 125, 125, 125, 125, 125, 125, 111, 125, 125, 125, 125, 125, 125, 125, 125, 125, 125, 125, 125, 125]}