{"subs": 1, "jobs": 20, "T": 125, "power_use": [3.626576414653783, 0.7366225090062983, 0.15626305200004856, 3.695016340638482, 2.8410895001151517, 0.92713285248855, 1.7013975602496578, 2.116559097629134, 1.1605771957536752, 2.802978644598436, 2.7683816021870813, 2.816697134833452, 0.11050141530736057, 2.8856155198080438, 1.9233390762892375, 0.03286504795511812, 2.863383763968622, 2.641369372498677, 0.2747478194973586, 0.2656309310001118], "power_resource": [8.782714998, 8.914468806, 8.970648876, 8.952178716, 0.0, 0.0, 0.0, 0.0, 0.0, 0.0, 0.0, 0.0, 0.0, 0.0, 0.0, 0.0, 0.0, 0.0, 0.0, 0.0, 0.0, 0.0, 0.0, 0.0, 0.0, 0.0, 0.0, 0.0, 0.0, 0.0, 0.0, 0.0, 0.0, 0.0, 0.0, 0.0, 0.0, 0.0, 0.0, 6.658030926, 6.999574968, 7.343581698, 7.642644372, 7.88983668, 8.079001902, 8.20459899, 8.52859638, 8.787024702, 8.970648876, 9.077467968, 9.107174142, 9.06038307, 8.938941768, 8.746236432, 8.486115012, 8.164426392, 7.787327292, 7.36189794, 6.89629599, 6.398986932, 5.87889801, 5.345418222, 4.808090484, 4.60830492, 4.433761908, 4.181490306, 3.8556459, 3.462077574, 3.007095966, 2.511018252, 2.769600492, 2.948145372, 3.402203472, 3.982782168, 4.55443362, 5.107460994, 5.63262921, 6.120857106, 6.56383311, 6.953553486, 7.283091924, 7.546445622, 7.738535286, 7.855512966, 7.894146384, 7.853358114, 7.732532484, 7.532593002, 7.25569452, 6.905223234, 6.766389198, 7.10100693, 7.384062132, 7.60970592, 7.872290028, 8.238768786, 8.534291346, 8.755933266, 8.902155366, 8.972495892, 8.96803227, 0.0, 0.0, 0.0, 0.0, 0.0, 0.0, 0.0, 0.0, 0.0, 0.0, 0.0, 0.0, 0.0, 0.0, 0.0, 0.0, 0.0, 0.0, 0.0, 0.0, 0.0, 0.0, 0.0, 0.0], "min_cpu_time": [2, 9, 24, 14, 2, 5, 17, 13, 18, 10, 14, 15, 18, 24, 22, 13, 19, 15, 23, 17], "max_cpu_time": [28, 60, 43, 58, 16, 43, 41, 39, 34, 59, 46, 29, 54, 28, 56, 42, 39, 45, 42, 29], "min_job_period": [13, 89, 26, 100, 14, 5, 20, 85, 4, 25, 33, 116, 85, 30, 79, 54, 8, 12, 117, 72], "max_job_period": [26, 99, 114, 102, 23, 44, 74, 111, 84, 59, 124, 116, 104, 115, 90, 122, 30, 71, 118, 122], "min_startup": [3, 1, 1, 1, 3, 1, 1, 1, 1, 1, 1, 1, 1, 1, 1, 1, 1, 1, 1, 1], "max_startup": [72, 13, 104, 28, 38, 122, 35, 101, 24, 64, 6, 107, 110, 22, 71, 29, 107, 83, 99, 122], "priority": [9, 20, 5, 1, 19, 3, 16, 13, 4, 8, 11, 17, 2, 14, 10, 18, 12, 7, 6, 15], "win_min": [0, 0, 0, 0, 0, 0, 0, 0, 0, 0, 0, 0, 0, 19, 0, 0, 0, 0, 0, 0], "win_max": [125, 125, 125, 125, 125, 125, 125, 125, 125, 125, 125, 125, 125, 113, 125, 125, 125, 125, 125, 125]}