{"subs": 1, "jobs": 24, "T": 125, "power_use": [2.151780784217969, 1.4104782261533533, 2.599850656648568, 1.933938258080703, 2.068322074511839, 0.6838778057235338, 0.8597356028916162, 2.4139582378714968, 2.998028685942477, 1.2987214664626352, 3.6758859426421746, 0.8417670540041796, 0.6386911634865934, 1.6011771463358402, 0.39050112252064023, 0.6896419459158025, 1.3951185952379326, 0.5631804502640118, 0.18589602560543972, 2.5504171039939822, 0.5762422363362711, 0.4998020361771579, 0.6388372360219323, 1.7024509158902261], "power_resource": [8.776866114, 8.527980708, 8.21614284, 7.847355312, 7.428698352, 6.96786786, 6.473637162, 5.954625666, 5.42022237, 4.879816272, 4.610305854, 4.450846806, 4.212581742, 3.899666448, 3.517488054, 3.07220328, 2.571354108, 2.784530538, 2.980929906, 3.319857342, 3.902283054, 4.477782456, 5.03696655, 5.57029242, 6.068678904, 6.523506594, 6.926771754, 7.271548074, 7.551370998, 7.761007314, 7.896147318, 7.95371265, 7.931856294, 7.829962578, 7.648801092, 7.390218852, 7.0571403, 6.654029058, 6.954323076, 7.250923062, 7.49118906, 7.744999842, 8.128255662, 8.441478792, 8.681283036, 8.845975296, 8.9349399, 8.948638602, 0.0, 0.0, 0.0, 0.0, 0.0, 0.0, 0.0, 0.0, 0.0, 0.0, 0.0, 0.0, 0.0, 0.0, 0.0, 0.0, 0.0, 0.0, 0.0, 0.0, 0.0, 0.0, 0.0, 0.0, 0.0, 0.0, 0.0, 0.0, 0.0, 0.0, 0.0, 0.0, 0.0, 0.0, 0.0, 6.809794074, 6.832112184, 7.190895042, 7.507966122, 7.775783442, 7.987882446, 8.138722086, 8.40238362, 8.689132854, 8.902155366, 9.03883455, 9.098400816, 9.081008082, 8.987887692, 8.82181017, 8.586777384, 8.287560792, 7.930163196, 7.521356988, 7.068991986, 6.581379762, 6.067293642, 5.535814788, 4.996793952, 4.638165012, 4.495021272, 4.272609762, 3.974470596, 3.606144822, 3.173327406, 2.68356033, 2.720654568, 2.932753572, 3.195029844, 3.777455556, 4.354801974, 4.9176801, 5.4563931, 5.961859812, 6.425460828, 6.839192412, 7.195512582], "min_cpu_time": [24, 6, 17, 4, 1, 17, 1, 10, 9, 16, 12, 19, 13, 16, 7, 2, 19, 2, 10, 4, 21, 14, 20, 22], "max_cpu_time": [38, 61, 42, 54, 14, 33, 5, 54, 56, 41, 32, 33, 33, 32, 23, 42, 21, 22, 14, 11, 44, 58, 57, 60], "min_job_period": [123, 17, 83, 61, 36, 74, 19, 104, 24, 69, 115, 94, 66, 122, 33, 79, 105, 95, 22, 65, 56, 83, 122, 120], "max_job_period": [123, 89, 93, 114, 76, 81, 91, 117, 69, 97, 119, 123, 73, 124, 74, 87, 119, 107, 49, 101, 91, 106, 123, 123], "min_startup": [1, 1, 1, 1, 2, 1, 2, 1, 1, 1, 1, 1, 1, 1, 1, 1, 1, 1, 1, 1, 1, 1, 1, 1], "max_startup": [63, 26, 117, 15, 114, 9, 50, 49, 35, 80, 111, 25, 104, 6, 25, 48, 32, 55, 120, 112, 43, 65, 59, 17], "priority": [11, 24, 15, 23, 13, 20, 10, 22, 21, 17, 12, 3, 8, 19, 18, 5, 4, 14, 9, 2, 6, 1, 16, 7], "win_min": [0, 0, 0, 0, 0, 0, 0, 0, 0, 0, 0, 0, 13, 0, 0, 0, 0, 0, 0, 0, 0, 0, 0, 0], "win_max": [125, 125, 125, 125, 125, 125, 125, 125, 125, 125, 125, 125, 117, 125, 125, 125, 125, 125, 125, 125, 125, 125, 125, 125]}