{"subs": 1, "jobs": 24, "T": 125, "power_use": [3.089239701510835, 3.364422819368675, 3.5817206354068367, 2.023413750170547, 1.4869725272146233, 3.3777835129001548, 3.90736743719846, 3.7919349195953065, 3.951425603670639, 0.5643729737945584, 1.9502937098876962, 0.23680213578373072, 1.1646093549724756, 2.3097352530061626, 3.1655862601717333, 0.40403863269529544, 3.8310995766433, 3.1990483420480684, 2.3787951542502026, 0.1035051642509206, 2.5818960711552372, 0.9041579614940565, 0.5577306447827848, 3.833499958585916], "power_resource": [6.657569172, 7.036515288, 7.354048122, 7.604164872, 7.782247998, 7.88444955, 7.908152922, 7.851972852, 7.71590934, 7.50119373, 7.209980874, 6.846118722, 6.815950794, 7.141487364, 7.41423006, 7.628329998, 7.940167866, 8.293563594, 8.575233534, 8.782714998, 8.914468806, 8.970648876, 8.952178716, 0.0, 0.0, 0.0, 0.0, 0.0, 0.0, 0.0, 0.0, 0.0, 0.0, 0.0, 0.0, 0.0, 0.0, 0.0, 0.0, 0.0, 0.0, 0.0, 0.0, 0.0, 0.0, 0.0, 0.0, 0.0, 0.0, 0.0, 0.0, 0.0, 0.0, 0.0, 0.0, 0.0, 0.0, 0.0, 6.658030926, 6.999574968, 7.343581698, 7.642644372, 7.88983668, 8.079001902, 8.20459899, 8.52859638, 8.787024702, 8.970648876, 9.077467968, 9.107174142, 9.06038307, 8.938941768, 8.746236432, 8.486115012, 8.164426392, 7.787327292, 7.36189794, 6.89629599, 6.398986932, 5.87889801, 5.345418222, 4.808090484, 4.60830492, 4.433761908, 4.181490306, 3.8556459, 3.462077574, 3.007095966, 2.511018252, 2.769600492, 2.948145372, 3.402203472, 3.982782168, 4.55443362, 5.107460994, 5.63262921, 6.120857106, 6.56383311, 6.953553486, 7.283091924, 7.546445622, 7.738535286, 7.855512966, 7.894146384, 7.853358114, 7.732532484, 7.532593002, 7.25569452, 6.905223234, 6.766389198, 7.10100693, 7.384062132, 7.60970592, 7.872290028, 8.238768786, 8.534291346, 8.755933266, 8.902155366, 8.972495892, 8.96803227, 0.0, 0.0, 0.0, 0.0, 0.0], "min_cpu_time": [3, 24, 7, 1, 15, 19, 12, 24, 3, 9, 21, 8, 15, 11, 8, 2, 2, 12, 1, 22, 8, 3, 16, 7], "max_cpu_time": [41, 60, 43, 6, 45, 33, 56, 38, 25, 59, 23, 51, 33, 15, 38, 55, 16, 21, 51, 60, 47, 52, 49, 10], "min_job_period": [9, 110, 107, 11, 71, 56, 8, 34, 32, 70, 4, 57, 41, 53, 32, 27, 21, 28, 2, 106, 83, 37, 64, 43], "max_job_period": [44, 118, 117, 108, 77, 114, 111, 103, 120, 99, 97, 100, 51, 118, 115, 85, 98, 100, 68, 117, 103, 59, 73, 70], "min_startup": [3, 1, 1, 8, 1, 1, 1, 1, 3, 1, 1, 1, 1, 1, 1, 4, 4, 1, 8, 1, 1, 3, 1, 1], "max_startup": [66, 29, 74, 28, 90, 48, 114, 66, 13, 89, 55, 88, 71, 55, 59, 14, 91, 8, 65, 45, 47, 35, 109, 19], "priority": [12, 22, 15, 11, 17, 24, 8, 13, 14, 16, 23, 10, 7, 2, 21, 1, 5, 18, 9, 3, 19, 6, 20, 4], "win_min": [0, 0, 0, 0, 0, 0, 0, 0, 0, 0, 13, 0, 0, 0, 0, 0, 0, 0, 0, 0, 0, 0, 0, 0], "win_max": [125, 125, 125, 125, 125, 125, 125, 125, 125, 125, 118, 125, 125, 125, 125, 125, 125, 125, 125, 125, 125, 125, 125, 125]}