{"subs": 1, "jobs": 22, "T": 125, "power_use": [3.903335239623897, 1.6341926688840998, 0.7729449873741402, 3.3419921096978706, 3.924206925008737, 0.0660269321115415, 3.0994956807182987, 0.28881113834694827, 2.975770045970934, 2.6900788023805324, 0.27974813789493114, 0.9570138802787854, 3.107298240696749, 1.6874794829400526, 1.3161543774301352, 0.36332730246098993, 1.7737969787546797, 0.7373292913005227, 3.0943724200813705, 0.5664183303560822, 1.6065581053872469, 3.3916227995547494], "power_resource": [8.238768786, 8.534291346, 8.755933266, 8.902155366, 8.972495892, 8.96803227, 0.0, 0.0, 0.0, 0.0, 0.0, 0.0, 0.0, 0.0, 0.0, 0.0, 0.0, 0.0, 0.0, 0.0, 0.0, 0.0, 0.0, 0.0, 0.0, 0.0, 0.0, 0.0, 0.0, 0.0, 0.0, 0.0, 0.0, 0.0, 0.0, 0.0, 0.0, 0.0, 0.0, 0.0, 0.0, 6.716058012, 6.93246672, 7.284785022, 7.593852366, 7.85212677, 8.053605432, 8.192593386, 8.469030114, 8.742234564, 8.941404456, 9.064077102, 9.109482912, 9.078237558, 8.97188022, 8.793489258, 8.54706654, 8.23769136, 7.871520438, 7.45578792, 6.998189706, 6.507191286, 5.991565986, 5.460856722, 4.924298574, 4.639396356, 4.48132257, 4.244442768, 3.93337449, 3.55319703, 3.110374944, 2.612142378, 2.709264636, 2.90366307, 3.277068138, 3.858108588, 4.431914892, 4.989098052, 5.520115152, 6.01588503, 6.467942196, 6.868282914, 7.209826956, 7.486109766, 7.692205968, 7.82365194, 7.877369322, 7.851665016, 7.746077268, 7.561067832, 7.298637642, 6.961865058, 6.714980586, 7.05867948, 7.35189327, 7.588773072, 7.80210342, 8.18151129, 8.490578634, 8.72638101, 8.886917484, 8.971572384, 8.9811153, 0.0, 0.0, 0.0, 0.0, 0.0, 0.0, 0.0, 0.0, 0.0, 0.0, 0.0, 0.0, 0.0, 0.0, 0.0, 0.0, 0.0, 0.0, 0.0, 0.0, 0.0, 0.0], "min_cpu_time": [3, 1, 22, 16, 10, 3, 14, 16, 3, 4, 18, 24, 19, 10, 14, 4, 23, 1, 21, 15, 20, 3], "max_cpu_time": [22, 15, 40, 17, 15, 47, 24, 35, 15, 7, 45, 54, 21, 55, 39, 45, 29, 24, 58, 37, 48, 27], "min_job_period": [33, 14, 117, 54, 27, 115, 54, 43, 51, 22, 78, 76, 10, 105, 101, 5, 46, 81, 7, 119, 30, 59], "max_job_period": [46, 57, 120, 108, 69, 115, 101, 109, 124, 108, 111, 123, 22, 123, 112, 52, 76, 85, 24, 121, 97, 99], "min_startup": [1, 1, 1, 1, 1, 1, 1, 1, 1, 1, 1, 1, 1, 1, 1, 1, 1, 1, 1, 1, 1, 1], "max_startup": [124, 104, 50, 13, 110, 98, 56, 70, 83, 28, 104, 48, 30, 22, 45, 28, 86, 75, 18, 11, 113, 11], "priority": [1, 3, 12, 13, 2, 18, 16, 5, 8, 11, 6, 17, 15, 14, 20, 10, 7, 9, 4, 21, 22, 19], "win_min": [0, 0, 0, 0, 0, 0, 0, 0, 0, 0, 0, 0, 0, 0, 10, 0, 0, 0, 0, 0, 0, 0], "win_max": [125, 125, 125, 125, 125, 125, 125, 125, 125, 125, 125, 125, 125, 125, 113, 125, 125, 125, 125, 125, 125, 125]}