{"subs": 1, "jobs": 18, "T": 125, "power_use": [0.56389626649974, 3.9044876509182145, 1.4231868830511092, 3.5490504815725044, 3.3907249680134846, 1.146778160359456, 1.258536642420886, 1.4983485136125043, 0.5299765396931865, 0.38170034387659885, 2.003705956194848, 0.016860231855052317, 2.646930452173264, 3.451089995846102, 3.1248045553592783, 1.4027227916665164, 1.8076291650385274, 1.2599464591190703], "power_resource": [8.068227642, 8.394841638, 8.648806338, 8.827659054, 8.930938032, 8.958643272, 0.0, 0.0, 0.0, 0.0, 0.0, 0.0, 0.0, 0.0, 0.0, 0.0, 0.0, 0.0, 0.0, 0.0, 0.0, 0.0, 0.0, 0.0, 0.0, 0.0, 0.0, 0.0, 0.0, 0.0, 0.0, 0.0, 0.0, 0.0, 0.0, 0.0, 0.0, 0.0, 0.0, 0.0, 0.0, 0.0, 6.76238733, 7.128866088, 7.455172248, 7.733763828, 7.957714518, 8.12148327, 8.337276306, 8.63864775, 8.866908144, 9.019286964, 9.094706784, 9.093013686, 9.015285096, 8.863983702, 8.642803536, 8.356362138, 8.01066231, 7.612168608, 7.168423014, 6.6877371, 6.178884192, 5.650945452, 5.113309878, 4.662637974, 4.536117378, 4.329405504, 4.04650422, 3.692031066, 3.272142762, 2.7936117, 2.653700238, 2.88134496, 3.070356264, 3.652320222, 4.23120582, 4.797316224, 5.341262436, 5.853655458, 6.325721964, 6.749458218, 7.11716832, 7.422387714, 7.659113598, 7.823036268, 7.910461692, 7.918927182, 7.847663148, 7.696515672, 7.467023934, 7.161650622, 6.784551522, 6.86397321, 7.179966864, 7.442089218, 7.644645306, 8.005429098, 8.34543396, 8.613405198, 8.806572288, 8.92416564, 8.966031336, 0.0, 0.0, 0.0, 0.0, 0.0, 0.0, 0.0, 0.0, 0.0, 0.0, 0.0, 0.0, 0.0, 0.0, 0.0, 0.0, 0.0, 0.0, 0.0, 0.0, 0.0, 0.0], "min_cpu_time": [20, 10, 1, 6, 23, 16, 14, 15, 24, 19, 10, 16, 3, 1, 3, 22, 19, 21], "max_cpu_time": [30, 19, 39, 45, 24, 40, 24, 27, 60, 62, 52, 44, 23, 10, 44, 50, 60, 24], "min_job_period": [99, 18, 9, 7, 110, 13, 27, 109, 31, 40, 17, 47, 4, 15, 38, 79, 102, 27], "max_job_period": [112, 91, 62, 58, 122, 40, 93, 114, 88, 71, 59, 121, 107, 26, 120, 103, 104, 87], "min_startup": [1, 1, 7, 1, 1, 1, 1, 1, 1, 1, 1, 1, 3, 7, 3, 1, 1, 1], "max_startup": [123, 103, 77, 114, 81, 78, 63, 69, 35, 105, 69, 38, 66, 38, 90, 26, 71, 23], "priority": [9, 4, 1, 3, 14, 12, 15, 17, 6, 11, 16, 5, 8, 7, 18, 2, 10, 13], "win_min": [0, 0, 0, 0, 0, 0, 0, 0, 1, 0, 0, 0, 0, 0, 0, 0, 0, 0], "win_max": [125, 125, 125, 125, 125, 125, 125, 125, 120, 125, 125, 125, 125, 125, 125, 125, 125, 125]}