{"subs": 1, "jobs": 13, "T": 125, "power_use": [0.18705817714407752, 0.26821421398615636, 1.4340682863705323, 0.8409848482165594, 0.7814216756676416, 2.4759924641342583, 3.6252908537231727, 3.1411811290876415, 3.8002052539351703, 1.762754101037695, 2.6521931590910937, 2.370923945819574, 1.8021646726193574], "power_resource": [3.195029844, 3.777455556, 4.354801974, 4.9176801, 5.4563931, 5.961859812, 6.425460828, 6.839192412, 7.195512582, 7.4881107, 7.711445718, 7.861054014, 7.933549392, 7.926930918, 7.840275084, 7.674043644, 7.429929696, 7.110703764, 6.720521634, 6.909994692, 7.21644543, 7.467793524, 7.67204271, 8.068227642, 8.394841638, 8.648806338, 8.827659054, 8.930938032, 8.958643272, 0.0, 0.0, 0.0, 0.0, 0.0, 0.0, 0.0, 0.0, 0.0, 0.0, 0.0, 0.0, 0.0, 0.0, 0.0, 0.0, 0.0, 0.0, 0.0, 0.0, 0.0, 0.0, 0.0, 0.0, 0.0, 0.0, 0.0, 0.0, 0.0, 0.0, 0.0, 0.0, 0.0, 0.0, 0.0, 0.0, 6.76238733, 7.128866088, 7.455172248, 7.733763828, 7.957714518, 8.12148327, 8.337276306, 8.63864775, 8.866908144, 9.019286964, 9.094706784, 9.093013686, 9.015285096, 8.863983702, 8.642803536, 8.356362138, 8.01066231, 7.612168608, 7.168423014, 6.6877371, 6.178884192, 5.650945452, 5.113309878, 4.662637974, 4.536117378, 4.329405504, 4.04650422, 3.692031066, 3.272142762, 2.7936117, 2.653700238, 2.88134496, 3.070356264, 3.652320222, 4.23120582, 4.797316224, 5.341262436, 5.853655458, 6.325721964, 6.749458218, 7.11716832, 7.422387714, 7.659113598, 7.823036268, 7.910461692, 7.918927182, 7.847663148, 7.696515672, 7.467023934, 7.161650622, 6.784551522, 6.86397321, 7.179966864, 7.442089218, 7.644645306, 8.005429098, 8.34543396, 8.613405198, 8.806572288, 8.92416564], "min_cpu_time": [24, 4, 11, 3, 5, 24, 6, 23, 6, 14, 8, 4, 19], "max_cpu_time": [29, 16, 27, 32, 15, 45, 23, 39, 22, 19, 9, 27, 52], "min_job_period": [92, 7, 8, 3, 12, 123, 3, 109, 22, 31, 14, 2, 24], "max_job_period": [107, 55, 56, 68, 12, 123, 103, 117, 124, 49, 116, 29, 102], "min_startup": [1, 8, 3, 10, 6, 1, 5, 1, 5, 2, 4, 8, 2], "max_startup": [91, 83, 7, 26, 45, 62, 46, 82, 100, 76, 62, 37, 66], "priority": [3, 12, 2, 13, 9, 5, 4, 1, 10, 11, 6, 7, 8], "win_min": [0, 19, 0, 0, 0, 0, 0, 0, 0, 0, 0, 0, 0], "win_max": [125, 122, 125, 125, 125, 125, 125, 125, 125, 125, 125, 125, 125]}