{"subs": 1, "jobs": 22, "T": 125, "power_use": [3.2029731516057978, 3.21146306938372, 0.8204678660278614, 0.5327405562692127, 2.498747701124843, 0.34055183394789623, 2.823377224655894, 1.9350379847489816, 0.6198916720263972, 2.636013792708674, 0.5156977341006289, 3.612680463081716, 0.6735138179021802, 3.4769460905493728, 2.365353920266811, 3.2917006503491995, 0.6471060051623717, 0.022252214725901137, 2.9621685381458858, 0.6437160364776617, 1.3642612497326287, 3.1450419866689456], "power_resource": [0.0, 0.0, 0.0, 0.0, 0.0, 0.0, 0.0, 6.716058012, 6.93246672, 7.284785022, 7.593852366, 7.85212677, 8.053605432, 8.192593386, 8.469030114, 8.742234564, 8.941404456, 9.064077102, 9.109482912, 9.078237558, 8.97188022, 8.793489258, 8.54706654, 8.23769136, 7.871520438, 7.45578792, 6.998189706, 6.507191286, 5.991565986, 5.460856722, 4.924298574, 4.639396356, 4.48132257, 4.244442768, 3.93337449, 3.55319703, 3.110374944, 2.612142378, 2.709264636, 2.90366307, 3.277068138, 3.858108588, 4.431914892, 4.989098052, 5.520115152, 6.01588503, 6.467942196, 6.868282914, 7.209826956, 7.486109766, 7.692205968, 7.82365194, 7.877369322, 7.851665016, 7.746077268, 7.561067832, 7.298637642, 6.961865058, 6.714980586, 7.05867948, 7.35189327, 7.588773072, 7.80210342, 8.18151129, 8.490578634, 8.72638101, 8.886917484, 8.971572384, 8.9811153, 0.0, 0.0, 0.0, 0.0, 0.0, 0.0, 0.0, 0.0, 0.0, 0.0, 0.0, 0.0, 0.0, 0.0, 0.0, 0.0, 0.0, 0.0, 0.0, 0.0, 0.0, 0.0, 0.0, 0.0, 0.0, 0.0, 0.0, 0.0, 0.0, 0.0, 0.0, 0.0, 0.0, 0.0, 0.0, 6.771160656, 6.863665374, 7.22414133, 7.54275159, 7.81210809, 8.025592356, 8.17766334, 8.406385488, 8.694519984, 8.908927758, 9.04730004, 9.108559404, 9.092859768, 9.001740312, 8.83797156, 8.605093626, 8.308339722, 7.95371265, 7.547830884, 7.098544242, 6.614010378], "min_cpu_time": [4, 3, 14, 3, 3, 9, 14, 21, 12, 2, 18, 18, 18, 19, 12, 16, 9, 17, 1, 10, 23, 5], "max_cpu_time": [29, 58, 36, 24, 48, 42, 20, 52, 45, 8, 39, 27, 25, 51, 42, 38, 53, 19, 19, 56, 29, 7], "min_job_period": [12, 30, 3, 22, 2, 86, 13, 26, 102, 19, 4, 113, 114, 18, 16, 8, 112, 29, 7, 37, 2, 44], "max_job_period": [82, 102, 64, 109, 73, 123, 107, 59, 111, 32, 51, 122, 122, 27, 83, 47, 117, 84, 64, 93, 67, 53], "min_startup": [3, 3, 1, 3, 3, 1, 1, 1, 1, 5, 1, 1, 1, 1, 1, 1, 1, 1, 9, 1, 1, 2], "max_startup": [95, 30, 80, 97, 47, 10, 25, 46, 57, 9, 100, 21, 83, 58, 13, 119, 65, 79, 85, 18, 119, 19], "priority": [15, 21, 20, 22, 5, 9, 3, 1, 13, 12, 4, 18, 14, 6, 10, 2, 19, 17, 11, 16, 7, 8], "win_min": [0, 0, 0, 0, 0, 0, 0, 0, 0, 0, 0, 0, 0, 0, 0, 0, 0, 0, 0, 0, 0, 15], "win_max": [125, 125, 125, 125, 125, 125, 125, 125, 125, 125, 125, 125, 125, 125, 125, 125, 125, 125, 125, 125, 125, 100]}