{"subs": 1, "jobs": 9, "T": 125, "power_use": [1.2441091202270764, 2.3931414325255527, 3.431093119631132, 2.1217794852831884, 1.655360535707485, 1.7370980274805807, 0.49117627012319326, 2.320013477551872, 1.926928363471535], "power_resource": [8.293563594, 8.575233534, 8.782714998, 8.914468806, 8.970648876, 8.952178716, 0.0, 0.0, 0.0, 0.0, 0.0, 0.0, 0.0, 0.0, 0.0, 0.0, 0.0, 0.0, 0.0, 0.0, 0.0, 0.0, 0.0, 0.0, 0.0, 0.0, 0.0, 0.0, 0.0, 0.0, 0.0, 0.0, 0.0, 0.0, 0.0, 0.0, 0.0, 0.0, 0.0, 0.0, 0.0, 6.658030926, 6.999574968, 7.343581698, 7.642644372, 7.88983668, 8.079001902, 8.20459899, 8.52859638, 8.787024702, 8.970648876, 9.077467968, 9.107174142, 9.06038307, 8.938941768, 8.746236432, 8.486115012, 8.164426392, 7.787327292, 7.36189794, 6.89629599, 6.398986932, 5.87889801, 5.345418222, 4.808090484, 4.60830492, 4.433761908, 4.181490306, 3.8556459, 3.462077574, 3.007095966, 2.511018252, 2.769600492, 2.948145372, 3.402203472, 3.982782168, 4.55443362, 5.107460994, 5.63262921, 6.120857106, 6.56383311, 6.953553486, 7.283091924, 7.546445622, 7.738535286, 7.855512966, 7.894146384, 7.853358114, 7.732532484, 7.532593002, 7.25569452, 6.905223234, 6.766389198, 7.10100693, 7.384062132, 7.60970592, 7.872290028, 8.238768786, 8.534291346, 8.755933266, 8.902155366, 8.972495892, 8.96803227, 0.0, 0.0, 0.0, 0.0, 0.0, 0.0, 0.0, 0.0, 0.0, 0.0, 0.0, 0.0, 0.0, 0.0, 0.0, 0.0, 0.0, 0.0, 0.0, 0.0, 0.0, 0.0], "min_cpu_time": [11, 17, 10, 6, 4, 17, 10, 13, 6], "max_cpu_time": [42, 48, 62, 41, 20, 47, 49, 33, 37], "min_job_period": [39, 6, 11, 3, 8, 59, 15, 28, 14], "max_job_period": [85, 33, 69, 26, 64, 101, 120, 54, 57], "min_startup": [3, 2, 4, 6, 9, 2, 4, 3, 6], "max_startup": [51, 27, 91, 116, 97, 34, 64, 27, 16], "priority": [5, 3, 9, 4, 1, 6, 8, 7, 2], "win_min": [0, 0, 0, 0, 16, 0, 0, 0, 0], "win_max": [125, 125, 125, 125, 115, 125, 125, 125, 125]}