{"subs": 1, "jobs": 22, "T": 125, "power_use": [0.7437202378693398, 2.248994934595804, 1.1371704613599765, 2.4026861258116883, 3.4955484178609075, 1.8818267211269197, 3.92857713864833, 3.684331371284006, 1.8418899866816252, 2.063858751400484, 2.2051313356528714, 1.9690417237183084, 2.537266626551536, 0.019098556938850986, 0.24906083970513138, 2.3515080970220725, 1.4742204680152629, 3.942930670729014, 2.420512937558878, 3.8186143778921915, 3.7053201749546725, 2.6562040589217286], "power_resource": [5.4563931, 5.961859812, 6.425460828, 6.839192412, 7.195512582, 7.4881107, 7.711445718, 7.861054014, 7.933549392, 7.926930918, 7.840275084, 7.674043644, 7.429929696, 7.110703764, 6.720521634, 6.909994692, 7.21644543, 7.467793524, 7.67204271, 8.068227642, 8.394841638, 8.648806338, 8.827659054, 8.930938032, 8.958643272, 0.0, 0.0, 0.0, 0.0, 0.0, 0.0, 0.0, 0.0, 0.0, 0.0, 0.0, 0.0, 0.0, 0.0, 0.0, 0.0, 0.0, 0.0, 0.0, 0.0, 0.0, 0.0, 0.0, 0.0, 0.0, 0.0, 0.0, 0.0, 0.0, 0.0, 0.0, 0.0, 0.0, 0.0, 0.0, 0.0, 6.76238733, 7.128866088, 7.455172248, 7.733763828, 7.957714518, 8.12148327, 8.337276306, 8.63864775, 8.866908144, 9.019286964, 9.094706784, 9.093013686, 9.015285096, 8.863983702, 8.642803536, 8.356362138, 8.01066231, 7.612168608, 7.168423014, 6.6877371, 6.178884192, 5.650945452, 5.113309878, 4.662637974, 4.536117378, 4.329405504, 4.04650422, 3.692031066, 3.272142762, 2.7936117, 2.653700238, 2.88134496, 3.070356264, 3.652320222, 4.23120582, 4.797316224, 5.341262436, 5.853655458, 6.325721964, 6.749458218, 7.11716832, 7.422387714, 7.659113598, 7.823036268, 7.910461692, 7.918927182, 7.847663148, 7.696515672, 7.467023934, 7.161650622, 6.784551522, 6.86397321, 7.179966864, 7.442089218, 7.644645306, 8.005429098, 8.34543396, 8.613405198, 8.806572288, 8.92416564, 8.966031336, 0.0, 0.0, 0.0], "min_cpu_time": [7, 2, 19, 21, 8, 19, 17, 15, 20, 19, 16, 2, 9, 24, 23, 10, 8, 21, 4, 5, 23, 5], "max_cpu_time": [30, 20, 24, 21, 38, 32, 21, 38, 48, 61, 51, 6, 50, 41, 29, 25, 51, 29, 17, 10, 36, 17], "min_job_period": [96, 7, 112, 51, 113, 106, 84, 112, 45, 92, 124, 59, 8, 101, 19, 49, 61, 43, 108, 56, 94, 41], "max_job_period": [113, 82, 115, 86, 115, 113, 90, 121, 114, 124, 124, 62, 29, 106, 49, 106, 108, 91, 113, 112, 106, 81], "min_startup": [1, 1, 1, 1, 1, 1, 1, 1, 1, 1, 1, 1, 1, 1, 1, 1, 1, 1, 1, 1, 1, 1], "max_startup": [18, 69, 19, 30, 27, 29, 118, 124, 34, 108, 75, 122, 11, 26, 105, 94, 24, 28, 64, 21, 57, 82], "priority": [4, 17, 10, 21, 6, 20, 15, 11, 16, 8, 5, 2, 3, 19, 13, 9, 7, 12, 1, 22, 18, 14], "win_min": [0, 0, 0, 0, 0, 0, 0, 0, 0, 0, 0, 0, 0, 0, 0, 0, 0, 8, 0, 0, 0, 0], "win_max": [125, 125, 125, 125, 125, 125, 125, 125, 125, 125, 125, 125, 125, 125, 125, 125, 125, 123, 125, 125, 125, 125]}