{"subs": 1, "jobs": 9, "T": 125, "power_use": [2.743488110682642, 3.35421406198075, 1.3211901823779497, 3.8197813533087928, 1.514721974655557, 1.843395256896199, 2.7607839153876625, 1.5178682281491456, 1.0524129618224518], "power_resource": [5.954625666, 5.42022237, 4.879816272, 4.610305854, 4.450846806, 4.212581742, 3.899666448, 3.517488054, 3.07220328, 2.571354108, 2.784530538, 2.980929906, 3.319857342, 3.902283054, 4.477782456, 5.03696655, 5.57029242, 6.068678904, 6.523506594, 6.926771754, 7.271548074, 7.551370998, 7.761007314, 7.896147318, 7.95371265, 7.931856294, 7.829962578, 7.648801092, 7.390218852, 7.0571403, 6.654029058, 6.954323076, 7.250923062, 7.49118906, 7.744999842, 8.128255662, 8.441478792, 8.681283036, 8.845975296, 8.9349399, 8.948638602, 0.0, 0.0, 0.0, 0.0, 0.0, 0.0, 0.0, 0.0, 0.0, 0.0, 0.0, 0.0, 0.0, 0.0, 0.0, 0.0, 0.0, 0.0, 0.0, 0.0, 0.0, 0.0, 0.0, 0.0, 0.0, 0.0, 0.0, 0.0, 0.0, 0.0, 0.0, 0.0, 0.0, 0.0, 0.0, 6.809794074, 6.832112184, 7.190895042, 7.507966122, 7.775783442, 7.987882446, 8.138722086, 8.40238362, 8.689132854, 8.902155366, 9.03883455, 9.098400816, 9.081008082, 8.987887692, 8.82181017, 8.586777384, 8.287560792, 7.930163196, 7.521356988, 7.068991986, 6.581379762, 6.067293642, 5.535814788, 4.996793952, 4.638165012, 4.495021272, 4.272609762, 3.974470596, 3.606144822, 3.173327406, 2.68356033, 2.720654568, 2.932753572, 3.195029844, 3.777455556, 4.354801974, 4.9176801, 5.4563931, 5.961859812, 6.425460828, 6.839192412, 7.195512582, 7.4881107, 7.711445718, 7.861054014, 7.933549392, 7.926930918, 7.840275084, 7.674043644], "min_cpu_time": [1, 5, 5, 9, 15, 10, 6, 6, 15], "max_cpu_time": [32, 33, 10, 11, 42, 20, 15, 14, 21], "min_job_period": [1, 16, 17, 15, 50, 1, 10, 16, 57], "max_job_period": [45, 37, 46, 16, 73, 105, 38, 99, 90], "min_startup": [26, 6, 6, 3, 2, 3, 4, 4, 2], "max_startup": [70, 44, 20, 15, 51, 43, 35, 107, 47], "priority": [7, 8, 9, 5, 6, 3, 1, 2, 4], "win_min": [22, 0, 0, 0, 0, 0, 0, 0, 0], "win_max": [123, 125, 125, 125, 125, 125, 125, 125, 125]}