{"subs": 1, "jobs": 22, "T": 125, "power_use": [0.3594818839984355, 0.7225163790859586, 2.305129489252915, 1.8621126976455717, 2.3015738480266426, 2.0151218597224068, 2.8741858455182543, 0.9922463751328431, 2.4159218299442675, 0.11790376271306895, 2.47605194521803, 3.224422382148481, 3.1304826197419824, 3.690804028762899, 0.18782493551858323, 1.4400713453693492, 1.882185560226041, 0.2644860746763952, 1.5556213755711226, 1.8269191271413805, 0.7642830119821049, 0.8941180791013832], "power_resource": [0.0, 0.0, 0.0, 0.0, 0.0, 0.0, 0.0, 0.0, 0.0, 0.0, 0.0, 0.0, 0.0, 0.0, 0.0, 0.0, 0.0, 0.0, 0.0, 0.0, 0.0, 0.0, 0.0, 0.0, 0.0, 0.0, 0.0, 0.0, 0.0, 0.0, 0.0, 0.0, 0.0, 0.0, 0.0, 6.76238733, 7.128866088, 7.455172248, 7.733763828, 7.957714518, 8.12148327, 8.337276306, 8.63864775, 8.866908144, 9.019286964, 9.094706784, 9.093013686, 9.015285096, 8.863983702, 8.642803536, 8.356362138, 8.01066231, 7.612168608, 7.168423014, 6.6877371, 6.178884192, 5.650945452, 5.113309878, 4.662637974, 4.536117378, 4.329405504, 4.04650422, 3.692031066, 3.272142762, 2.7936117, 2.653700238, 2.88134496, 3.070356264, 3.652320222, 4.23120582, 4.797316224, 5.341262436, 5.853655458, 6.325721964, 6.749458218, 7.11716832, 7.422387714, 7.659113598, 7.823036268, 7.910461692, 7.918927182, 7.847663148, 7.696515672, 7.467023934, 7.161650622, 6.784551522, 6.86397321, 7.179966864, 7.442089218, 7.644645306, 8.005429098, 8.34543396, 8.613405198, 8.806572288, 8.92416564, 8.966031336, 0.0, 0.0, 0.0, 0.0, 0.0, 0.0, 0.0, 0.0, 0.0, 0.0, 0.0, 0.0, 0.0, 0.0, 0.0, 0.0, 0.0, 0.0, 0.0, 0.0, 0.0, 0.0, 0.0, 0.0, 0.0, 0.0, 0.0, 0.0, 0.0], "min_cpu_time": [5, 13, 3, 5, 16, 1, 24, 22, 3, 2, 17, 8, 14, 7, 14, 19, 1, 12, 10, 21, 14, 3], "max_cpu_time": [32, 35, 10, 16, 56, 36, 56, 51, 8, 59, 51, 16, 31, 34, 44, 23, 40, 17, 41, 33, 40, 47], "min_job_period": [34, 5, 17, 40, 46, 1, 79, 4, 6, 6, 101, 14, 44, 49, 35, 64, 1, 36, 45, 120, 6, 8], "max_job_period": [37, 75, 120, 95, 69, 47, 117, 57, 11, 92, 124, 77, 77, 53, 50, 121, 18, 70, 116, 124, 116, 115], "min_startup": [3, 1, 5, 3, 1, 15, 1, 1, 5, 8, 1, 2, 1, 2, 1, 1, 15, 2, 2, 1, 1, 5], "max_startup": [44, 86, 92, 53, 116, 55, 98, 78, 56, 120, 3, 83, 6, 18, 83, 8, 40, 74, 30, 106, 61, 30], "priority": [6, 19, 5, 3, 14, 12, 22, 2, 8, 15, 20, 18, 7, 1, 4, 13, 17, 16, 10, 21, 9, 11], "win_min": [0, 0, 0, 0, 0, 1, 0, 0, 0, 0, 0, 0, 0, 0, 0, 0, 0, 0, 0, 0, 0, 0], "win_max": [125, 125, 125, 125, 125, 102, 125, 125, 125, 125, 125, 125, 125, 125, 125, 125, 125, 125, 125, 125, 125, 125]}