{"subs": 1, "jobs": 24, "T": 125, "power_use": [3.6810007500357576, 1.409616212250881, 1.1752900759029707, 0.25568104765388255, 1.0319104770654877, 0.055135728885383366, 1.1135298626780348, 1.5328112229880084, 2.483985470462268, 3.686549731839242, 0.31905826094113393, 1.1628538383348583, 3.1760838227383914, 0.4334905401184284, 0.4489949545811802, 2.064073373709356, 1.7110463296260516, 1.0663229381739663, 0.8785487497730364, 0.19258615088507727, 1.9100151805525964, 2.1085005193188544, 3.2989752744327374, 1.0915531500425195], "power_resource": [7.894146384, 7.853358114, 7.732532484, 7.532593002, 7.25569452, 6.905223234, 6.766389198, 7.10100693, 7.384062132, 7.60970592, 7.872290028, 8.238768786, 8.534291346, 8.755933266, 8.902155366, 8.972495892, 8.96803227, 0.0, 0.0, 0.0, 0.0, 0.0, 0.0, 0.0, 0.0, 0.0, 0.0, 0.0, 0.0, 0.0, 0.0, 0.0, 0.0, 0.0, 0.0, 0.0, 0.0, 0.0, 0.0, 0.0, 0.0, 0.0, 0.0, 0.0, 0.0, 0.0, 0.0, 0.0, 0.0, 0.0, 0.0, 0.0, 6.716058012, 6.93246672, 7.284785022, 7.593852366, 7.85212677, 8.053605432, 8.192593386, 8.469030114, 8.742234564, 8.941404456, 9.064077102, 9.109482912, 9.078237558, 8.97188022, 8.793489258, 8.54706654, 8.23769136, 7.871520438, 7.45578792, 6.998189706, 6.507191286, 5.991565986, 5.460856722, 4.924298574, 4.639396356, 4.48132257, 4.244442768, 3.93337449, 3.55319703, 3.110374944, 2.612142378, 2.709264636, 2.90366307, 3.277068138, 3.858108588, 4.431914892, 4.989098052, 5.520115152, 6.01588503, 6.467942196, 6.868282914, 7.209826956, 7.486109766, 7.692205968, 7.82365194, 7.877369322, 7.851665016, 7.746077268, 7.561067832, 7.298637642, 6.961865058, 6.714980586, 7.05867948, 7.35189327, 7.588773072, 7.80210342, 8.18151129, 8.490578634, 8.72638101, 8.886917484, 8.971572384, 8.9811153, 0.0, 0.0, 0.0, 0.0, 0.0, 0.0, 0.0, 0.0, 0.0, 0.0, 0.0], "min_cpu_time": [15, 3, 9, 18, 9, 13, 19, 11, 14, 2, 2, 21, 10, 18, 3, 9, 22, 8, 20, 12, 13, 21, 1, 3], "max_cpu_time": [47, 9, 49, 53, 17, 38, 42, 59, 49, 3, 51, 49, 31, 57, 23, 25, 62, 11, 24, 30, 51, 45, 36, 35], "min_job_period": [77, 60, 100, 124, 49, 21, 118, 2, 68, 11, 19, 18, 112, 33, 11, 67, 12, 49, 89, 28, 21, 29, 20, 23], "max_job_period": [101, 68, 117, 124, 74, 24, 120, 57, 103, 71, 60, 104, 117, 118, 93, 115, 63, 112, 122, 49, 92, 47, 27, 72], "min_startup": [1, 2, 1, 1, 1, 1, 1, 1, 1, 3, 3, 1, 1, 1, 2, 1, 1, 1, 1, 1, 1, 1, 5, 2], "max_startup": [33, 76, 53, 76, 56, 28, 117, 83, 81, 9, 20, 20, 57, 69, 113, 13, 89, 43, 13, 22, 95, 6, 77, 47], "priority": [20, 3, 2, 8, 1, 9, 10, 24, 17, 12, 15, 14, 21, 5, 6, 4, 23, 16, 7, 18, 22, 19, 11, 13], "win_min": [0, 0, 0, 0, 0, 0, 0, 0, 0, 0, 0, 0, 0, 0, 21, 0, 0, 0, 0, 0, 0, 0, 0, 0], "win_max": [125, 125, 125, 125, 125, 125, 125, 125, 125, 125, 125, 125, 125, 125, 110, 125, 125, 125, 125, 125, 125, 125, 125, 125]}