{"subs": 1, "jobs": 24, "T": 125, "power_use": [3.521613246119424, 3.4956511323543475, 3.6981436713771103, 0.9522471219977047, 0.18989421624457373, 1.5581267718545138, 1.2006589596616277, 3.130327532941411, 2.8936932940047297, 2.4409336024651958, 0.5183833255755775, 1.6609187466352249, 1.7289385091462202, 1.906286348549249, 3.020083917068908, 2.0814738376580775, 1.6455580321719185, 1.827240668869075, 1.0989382809924944, 3.9551134203045635, 3.6376620374670257, 3.8955523931980247, 2.4290561995724698, 0.36041050019633303], "power_resource": [0.0, 0.0, 0.0, 0.0, 0.0, 0.0, 0.0, 0.0, 0.0, 0.0, 0.0, 0.0, 0.0, 0.0, 0.0, 0.0, 0.0, 0.0, 0.0, 0.0, 6.771160656, 6.863665374, 7.22414133, 7.54275159, 7.81210809, 8.025592356, 8.17766334, 8.406385488, 8.694519984, 8.908927758, 9.04730004, 9.108559404, 9.092859768, 9.001740312, 8.83797156, 8.605093626, 8.308339722, 7.95371265, 7.547830884, 7.098544242, 6.614010378, 6.103310454, 5.575525632, 5.040198828, 4.667255514, 4.525497036, 4.304470788, 4.00802472, 3.64169988, 3.211191234, 2.724040764, 2.64585042, 2.856102408, 3.152086722, 3.733127172, 4.30893441, 4.869811602, 5.406215832, 5.909219856, 6.370204266, 6.78085749, 7.133945382, 7.423157304, 7.642952208, 7.788866472, 7.8575139, 7.847201394, 7.75669761, 7.58661822, 7.338656322, 7.015736358, 6.662032794, 7.014351096, 7.317569556, 7.565531454, 7.752541824, 8.121637188, 8.444249316, 8.69405823, 8.86875516, 8.967878352, 8.991427806, 0.0, 0.0, 0.0, 0.0, 0.0, 0.0, 0.0, 0.0, 0.0, 0.0, 0.0, 0.0, 0.0, 0.0, 0.0, 0.0, 0.0, 0.0, 0.0, 0.0, 0.0, 0.0, 0.0, 0.0, 0.0, 0.0, 0.0, 0.0, 0.0, 0.0, 0.0, 0.0, 0.0, 0.0, 0.0, 0.0, 6.793324848, 7.161650622, 7.489495962, 7.769472804, 7.994962674, 8.160116688, 8.34081642], "min_cpu_time": [15, 6, 3, 20, 12, 2, 11, 21, 3, 22, 14, 21, 12, 7, 2, 3, 23, 2, 14, 4, 24, 4, 17, 4], "max_cpu_time": [60, 58, 36, 51, 44, 28, 54, 21, 45, 46, 17, 39, 41, 37, 39, 26, 46, 12, 17, 32, 50, 57, 47, 38], "min_job_period": [31, 113, 124, 80, 23, 110, 52, 59, 98, 30, 89, 7, 95, 47, 88, 49, 36, 123, 115, 16, 84, 9, 110, 103], "max_job_period": [107, 117, 124, 96, 95, 113, 78, 60, 105, 118, 95, 100, 97, 58, 89, 119, 74, 123, 117, 32, 100, 89, 123, 123], "min_startup": [1, 1, 1, 1, 1, 1, 1, 1, 1, 1, 1, 1, 1, 1, 1, 1, 1, 1, 1, 1, 1, 1, 1, 1], "max_startup": [66, 106, 32, 75, 92, 58, 59, 46, 103, 94, 78, 29, 89, 74, 116, 49, 23, 88, 86, 110, 55, 115, 65, 56], "priority": [18, 6, 4, 23, 15, 2, 20, 19, 11, 17, 8, 10, 12, 21, 7, 13, 9, 16, 3, 22, 5, 1, 24, 14], "win_min": [0, 0, 0, 0, 0, 0, 0, 0, 0, 0, 0, 0, 0, 0, 0, 0, 0, 0, 0, 7, 0, 0, 0, 0], "win_max": [125, 125, 125, 125, 125, 125, 125, 125, 125, 125, 125, 125, 125, 125, 125, 125, 125, 125, 125, 108, 125, 125, 125, 125]}