{"subs": 1, "jobs": 9, "T": 125, "power_use": [1.9684847341330338, 1.9619410206943304, 1.4869960791547292, 2.5891709508167744, 2.5053565280775953, 2.741347386102354, 1.572377564113352, 1.1806389091028548, 2.9439979439415467], "power_resource": [8.742234564, 8.941404456, 9.064077102, 9.109482912, 9.078237558, 8.97188022, 8.793489258, 8.54706654, 8.23769136, 7.871520438, 7.45578792, 6.998189706, 6.507191286, 5.991565986, 5.460856722, 4.924298574, 4.639396356, 4.48132257, 4.244442768, 3.93337449, 3.55319703, 3.110374944, 2.612142378, 2.709264636, 2.90366307, 3.277068138, 3.858108588, 4.431914892, 4.989098052, 5.520115152, 6.01588503, 6.467942196, 6.868282914, 7.209826956, 7.486109766, 7.692205968, 7.82365194, 7.877369322, 7.851665016, 7.746077268, 7.561067832, 7.298637642, 6.961865058, 6.714980586, 7.05867948, 7.35189327, 7.588773072, 7.80210342, 8.18151129, 8.490578634, 8.72638101, 8.886917484, 8.971572384, 8.9811153, 0.0, 0.0, 0.0, 0.0, 0.0, 0.0, 0.0, 0.0, 0.0, 0.0, 0.0, 0.0, 0.0, 0.0, 0.0, 0.0, 0.0, 0.0, 0.0, 0.0, 0.0, 0.0, 0.0, 0.0, 0.0, 0.0, 0.0, 0.0, 0.0, 0.0, 0.0, 0.0, 0.0, 0.0, 0.0, 6.771160656, 6.863665374, 7.22414133, 7.54275159, 7.81210809, 8.025592356, 8.17766334, 8.406385488, 8.694519984, 8.908927758, 9.04730004, 9.108559404, 9.092859768, 9.001740312, 8.83797156, 8.605093626, 8.308339722, 7.95371265, 7.547830884, 7.098544242, 6.614010378, 6.103310454, 5.575525632, 5.040198828, 4.667255514, 4.525497036, 4.304470788, 4.00802472, 3.64169988, 3.211191234, 2.724040764, 2.64585042, 2.856102408, 3.152086722, 3.733127172, 4.30893441], "min_cpu_time": [18, 22, 4, 24, 7, 11, 13, 10, 11], "max_cpu_time": [47, 58, 29, 25, 58, 57, 50, 29, 53], "min_job_period": [53, 26, 6, 40, 6, 30, 18, 17, 29], "max_job_period": [96, 122, 79, 108, 26, 32, 70, 79, 90], "min_startup": [2, 2, 11, 2, 6, 4, 3, 4, 4], "max_startup": [28, 51, 108, 18, 74, 98, 123, 105, 15], "priority": [2, 6, 1, 8, 4, 7, 3, 9, 5], "win_min": [14, 0, 0, 0, 0, 0, 0, 0, 0], "win_max": [116, 125, 125, 125, 125, 125, 125, 125, 125]}