{"subs": 1, "jobs": 18, "T": 125, "power_use": [2.7274955834282952, 0.7631142949545033, 0.42946532070752413, 1.722453166955665, 0.9446800308225763, 3.7537246318701456, 2.2467438586269246, 2.2163100281668946, 3.784147678331792, 1.0681511831869992, 0.6244451093089101, 2.404705561413311, 0.19377701341780884, 0.9662407239759626, 1.7367138073509818, 1.6487567791495044, 1.3050491400971933, 3.6277754690721657], "power_resource": [7.284785022, 7.593852366, 7.85212677, 8.053605432, 8.192593386, 8.469030114, 8.742234564, 8.941404456, 9.064077102, 9.109482912, 9.078237558, 8.97188022, 8.793489258, 8.54706654, 8.23769136, 7.871520438, 7.45578792, 6.998189706, 6.507191286, 5.991565986, 5.460856722, 4.924298574, 4.639396356, 4.48132257, 4.244442768, 3.93337449, 3.55319703, 3.110374944, 2.612142378, 2.709264636, 2.90366307, 3.277068138, 3.858108588, 4.431914892, 4.989098052, 5.520115152, 6.01588503, 6.467942196, 6.868282914, 7.209826956, 7.486109766, 7.692205968, 7.82365194, 7.877369322, 7.851665016, 7.746077268, 7.561067832, 7.298637642, 6.961865058, 6.714980586, 7.05867948, 7.35189327, 7.588773072, 7.80210342, 8.18151129, 8.490578634, 8.72638101, 8.886917484, 8.971572384, 8.9811153, 0.0, 0.0, 0.0, 0.0, 0.0, 0.0, 0.0, 0.0, 0.0, 0.0, 0.0, 0.0, 0.0, 0.0, 0.0, 0.0, 0.0, 0.0, 0.0, 0.0, 0.0, 0.0, 0.0, 0.0, 0.0, 0.0, 0.0, 0.0, 0.0, 0.0, 0.0, 0.0, 0.0, 0.0, 0.0, 6.771160656, 6.863665374, 7.22414133, 7.54275159, 7.81210809, 8.025592356, 8.17766334, 8.406385488, 8.694519984, 8.908927758, 9.04730004, 9.108559404, 9.092859768, 9.001740312, 8.83797156, 8.605093626, 8.308339722, 7.95371265, 7.547830884, 7.098544242, 6.614010378, 6.103310454, 5.575525632, 5.040198828, 4.667255514, 4.525497036, 4.304470788, 4.00802472, 3.64169988, 3.211191234], "min_cpu_time": [5, 8, 13, 1, 2, 20, 9, 5, 22, 9, 21, 15, 3, 5, 2, 16, 2, 16], "max_cpu_time": [33, 13, 42, 51, 59, 29, 34, 14, 39, 52, 58, 21, 21, 32, 29, 23, 6, 37], "min_job_period": [37, 8, 90, 4, 2, 63, 61, 25, 60, 24, 108, 56, 13, 20, 1, 90, 14, 109], "max_job_period": [124, 23, 99, 8, 123, 80, 61, 79, 64, 94, 118, 63, 94, 104, 7, 114, 113, 121], "min_startup": [3, 2, 1, 16, 8, 1, 2, 3, 1, 2, 1, 1, 5, 3, 8, 1, 8, 1], "max_startup": [96, 84, 24, 83, 45, 117, 76, 14, 28, 90, 33, 43, 70, 108, 82, 67, 33, 71], "priority": [9, 2, 13, 16, 7, 6, 3, 11, 8, 15, 17, 1, 12, 14, 4, 18, 10, 5], "win_min": [0, 0, 0, 0, 0, 0, 0, 0, 0, 3, 0, 0, 0, 0, 0, 0, 0, 0], "win_max": [125, 125, 125, 125, 125, 125, 125, 125, 125, 123, 125, 125, 125, 125, 125, 125, 125, 125]}