{"subs": 1, "jobs": 18, "T": 125, "power_use": [0.6787794503216455, 2.231254922913513, 2.8421502634699336, 3.181000473001264, 0.5098916446703496, 0.08096946853203127, 3.5557714036159624, 0.3749435429506093, 3.1697339110771154, 2.8187052614728865, 3.785065799798753, 2.4718220780063884, 1.8990737102305537, 0.25020483321684445, 1.4521166486045507, 2.4117221174701293, 1.1958033441305322, 2.0547343110645713], "power_resource": [0.0, 0.0, 0.0, 0.0, 0.0, 0.0, 0.0, 0.0, 0.0, 0.0, 0.0, 0.0, 0.0, 0.0, 0.0, 0.0, 0.0, 0.0, 0.0, 0.0, 0.0, 6.76238733, 7.128866088, 7.455172248, 7.733763828, 7.957714518, 8.12148327, 8.337276306, 8.63864775, 8.866908144, 9.019286964, 9.094706784, 9.093013686, 9.015285096, 8.863983702, 8.642803536, 8.356362138, 8.01066231, 7.612168608, 7.168423014, 6.6877371, 6.178884192, 5.650945452, 5.113309878, 4.662637974, 4.536117378, 4.329405504, 4.04650422, 3.692031066, 3.272142762, 2.7936117, 2.653700238, 2.88134496, 3.070356264, 3.652320222, 4.23120582, 4.797316224, 5.341262436, 5.853655458, 6.325721964, 6.749458218, 7.11716832, 7.422387714, 7.659113598, 7.823036268, 7.910461692, 7.918927182, 7.847663148, 7.696515672, 7.467023934, 7.161650622, 6.784551522, 6.86397321, 7.179966864, 7.442089218, 7.644645306, 8.005429098, 8.34543396, 8.613405198, 8.806572288, 8.92416564, 8.966031336, 0.0, 0.0, 0.0, 0.0, 0.0, 0.0, 0.0, 0.0, 0.0, 0.0, 0.0, 0.0, 0.0, 0.0, 0.0, 0.0, 0.0, 0.0, 0.0, 0.0, 0.0, 0.0, 0.0, 0.0, 0.0, 0.0, 0.0, 0.0, 0.0, 0.0, 0.0, 0.0, 0.0, 0.0, 0.0, 0.0, 6.691123296, 7.065144036, 7.40037744, 7.689435444, 7.925083902, 8.101627848, 8.26924455], "min_cpu_time": [12, 4, 24, 8, 11, 20, 23, 10, 11, 15, 2, 1, 15, 2, 24, 8, 22, 21], "max_cpu_time": [26, 12, 25, 17, 14, 53, 49, 16, 26, 23, 3, 19, 50, 34, 26, 46, 45, 31], "min_job_period": [15, 19, 14, 31, 40, 118, 115, 39, 47, 40, 5, 3, 15, 8, 5, 12, 109, 78], "max_job_period": [118, 99, 47, 47, 97, 119, 116, 100, 98, 123, 20, 65, 114, 94, 62, 42, 114, 102], "min_startup": [2, 5, 1, 3, 2, 1, 1, 2, 2, 2, 10, 21, 2, 10, 1, 3, 1, 1], "max_startup": [7, 91, 53, 55, 116, 123, 50, 101, 92, 68, 57, 118, 45, 76, 54, 53, 10, 28], "priority": [16, 14, 3, 13, 17, 2, 6, 7, 8, 18, 15, 11, 5, 12, 10, 4, 1, 9], "win_min": [0, 0, 0, 0, 0, 0, 0, 0, 0, 0, 0, 0, 4, 0, 0, 0, 0, 0], "win_max": [125, 125, 125, 125, 125, 125, 125, 125, 125, 125, 125, 125, 124, 125, 125, 125, 125, 125]}