{"subs": 1, "jobs": 20, "T": 125, "power_use": [3.717783610634536, 3.71537142155109, 3.23182956300857, 0.6110618942084584, 2.3942448877642306, 1.2211043750866086, 0.7248956075146606, 2.261809876597656, 0.2120375442475352, 1.5819794831452736, 3.2999727882929775, 3.1827650579020648, 1.1468521670651939, 1.8886781767086567, 2.695587150959913, 0.25171821287880286, 3.9498584697826598, 2.803589672515838, 2.022438594487228, 0.60537271091436], "power_resource": [0.0, 0.0, 0.0, 0.0, 0.0, 0.0, 0.0, 0.0, 0.0, 0.0, 0.0, 0.0, 0.0, 0.0, 0.0, 0.0, 0.0, 0.0, 0.0, 0.0, 0.0, 0.0, 0.0, 0.0, 0.0, 0.0, 0.0, 0.0, 0.0, 0.0, 6.691123296, 7.065144036, 7.40037744, 7.689435444, 7.925083902, 8.101627848, 8.26924455, 8.585084286, 8.828582562, 8.996661018, 9.087780474, 9.101633094, 9.039450222, 8.902924956, 8.695905246, 8.422700796, 8.088698736, 7.700825376, 7.266007026, 6.792709176, 6.289551234, 5.765306526, 5.229671886, 4.691882394, 4.573827288, 4.383276804, 4.115459484, 3.775300704, 3.368341512, 2.901508218, 2.583821466, 2.827011906, 2.989549314, 3.527338806, 4.10730183, 4.676336676, 5.224900428, 5.743911924, 6.224136084, 6.657569172, 7.036515288, 7.354048122, 7.604164872, 7.782247998, 7.88444955, 7.908152922, 7.851972852, 7.71590934, 7.50119373, 7.209980874, 6.846118722, 6.815950794, 7.141487364, 7.41423006, 7.628329998, 7.940167866, 8.293563594, 8.575233534, 8.782714998, 8.914468806, 8.970648876, 8.952178716, 0.0, 0.0, 0.0, 0.0, 0.0, 0.0, 0.0, 0.0, 0.0, 0.0, 0.0, 0.0, 0.0, 0.0, 0.0, 0.0, 0.0, 0.0, 0.0, 0.0, 0.0, 0.0, 0.0, 0.0, 0.0, 0.0, 0.0, 0.0, 0.0, 0.0, 0.0, 0.0, 0.0], "min_cpu_time": [23, 7, 12, 13, 14, 23, 7, 20, 7, 3, 1, 13, 14, 12, 21, 11, 24, 9, 1, 3], "max_cpu_time": [58, 10, 49, 23, 25, 30, 50, 43, 53, 40, 61, 38, 16, 38, 22, 38, 49, 11, 15, 49], "min_job_period": [21, 108, 47, 82, 69, 20, 94, 60, 35, 32, 4, 98, 47, 54, 73, 90, 17, 54, 1, 17], "max_job_period": [122, 113, 60, 92, 118, 89, 99, 83, 91, 119, 105, 107, 60, 100, 97, 117, 44, 106, 26, 85], "min_startup": [1, 1, 1, 1, 1, 1, 1, 1, 1, 3, 8, 1, 1, 1, 1, 1, 1, 1, 8, 3], "max_startup": [1, 37, 106, 5, 84, 47, 42, 44, 15, 22, 101, 70, 55, 123, 22, 65, 96, 12, 123, 102], "priority": [16, 3, 13, 20, 14, 19, 15, 5, 6, 1, 8, 10, 2, 9, 4, 11, 17, 18, 7, 12], "win_min": [0, 0, 0, 0, 0, 0, 0, 0, 0, 0, 0, 0, 0, 0, 0, 11, 0, 0, 0, 0], "win_max": [125, 125, 125, 125, 125, 125, 125, 125, 125, 125, 125, 125, 125, 125, 125, 121, 125, 125, 125, 125]}