{"subs": 1, "jobs": 20, "T": 125, "power_use": [2.619664311810292, 0.24640524174933312, 1.48766790667728, 2.7335250251708905, 3.89103847707728, 3.6554100839680737, 1.1108207953874512, 2.06001912305197, 2.1735800550870863, 0.6307219451023708, 2.486482459723553, 2.7355299708827685, 3.8437785383846856, 1.0577933088040552, 3.790194216232997, 1.8020063607781747, 2.9807021783923524, 1.1138324664852075, 0.08068936346475197, 0.31996671025255913], "power_resource": [0.0, 0.0, 0.0, 0.0, 0.0, 0.0, 0.0, 0.0, 0.0, 0.0, 0.0, 0.0, 0.0, 0.0, 0.0, 0.0, 0.0, 0.0, 0.0, 0.0, 0.0, 0.0, 6.76238733, 7.128866088, 7.455172248, 7.733763828, 7.957714518, 8.12148327, 8.337276306, 8.63864775, 8.866908144, 9.019286964, 9.094706784, 9.093013686, 9.015285096, 8.863983702, 8.642803536, 8.356362138, 8.01066231, 7.612168608, 7.168423014, 6.6877371, 6.178884192, 5.650945452, 5.113309878, 4.662637974, 4.536117378, 4.329405504, 4.04650422, 3.692031066, 3.272142762, 2.7936117, 2.653700238, 2.88134496, 3.070356264, 3.652320222, 4.23120582, 4.797316224, 5.341262436, 5.853655458, 6.325721964, 6.749458218, 7.11716832, 7.422387714, 7.659113598, 7.823036268, 7.910461692, 7.918927182, 7.847663148, 7.696515672, 7.467023934, 7.161650622, 6.784551522, 6.86397321, 7.179966864, 7.442089218, 7.644645306, 8.005429098, 8.34543396, 8.613405198, 8.806572288, 8.92416564, 8.966031336, 0.0, 0.0, 0.0, 0.0, 0.0, 0.0, 0.0, 0.0, 0.0, 0.0, 0.0, 0.0, 0.0, 0.0, 0.0, 0.0, 0.0, 0.0, 0.0, 0.0, 0.0, 0.0, 0.0, 0.0, 0.0, 0.0, 0.0, 0.0, 0.0, 0.0, 0.0, 0.0, 0.0, 0.0, 0.0, 0.0, 6.691123296, 7.065144036, 7.40037744, 7.689435444, 7.925083902, 8.101627848], "min_cpu_time": [20, 13, 8, 24, 23, 7, 24, 23, 17, 14, 9, 24, 4, 4, 24, 2, 2, 4, 1, 10], "max_cpu_time": [54, 22, 34, 35, 31, 56, 44, 31, 33, 25, 34, 46, 54, 27, 41, 58, 55, 46, 62, 50], "min_job_period": [36, 30, 2, 111, 30, 3, 3, 96, 14, 10, 34, 94, 1, 3, 115, 3, 7, 2, 1, 37], "max_job_period": [99, 59, 88, 119, 107, 111, 102, 105, 85, 21, 80, 115, 77, 121, 118, 68, 19, 119, 31, 43], "min_startup": [2, 2, 4, 1, 1, 4, 1, 1, 2, 2, 3, 1, 7, 7, 1, 14, 14, 7, 28, 3], "max_startup": [10, 63, 122, 53, 14, 64, 111, 115, 64, 27, 44, 10, 106, 61, 3, 73, 119, 44, 65, 35], "priority": [20, 6, 17, 7, 13, 12, 15, 14, 5, 1, 8, 16, 9, 3, 10, 2, 18, 19, 4, 11], "win_min": [0, 0, 0, 0, 0, 0, 0, 0, 0, 0, 0, 0, 0, 0, 0, 0, 0, 0, 0, 1], "win_max": [125, 125, 125, 125, 125, 125, 125, 125, 125, 125, 125, 125, 125, 125, 125, 125, 125, 125, 125, 101]}