{"subs": 1, "jobs": 20, "T": 125, "power_use": [0.8500623170345073, 1.1938157830311495, 0.7540808235944592, 1.3586297852611846, 3.9213827812976363, 1.8176994032208629, 0.08225069148382866, 1.8984236208464884, 1.22752450876877, 2.4761984888820923, 1.6475480415578307, 3.9397733678305062, 2.5456689961379126, 0.8061736242981914, 0.33836821116163973, 2.1674345140531748, 2.330908925095383, 3.95490424110508, 2.895630261072425, 1.736141156904409], "power_resource": [0.0, 0.0, 0.0, 0.0, 0.0, 0.0, 0.0, 0.0, 0.0, 0.0, 0.0, 0.0, 0.0, 0.0, 0.0, 0.0, 0.0, 0.0, 0.0, 0.0, 6.76238733, 7.128866088, 7.455172248, 7.733763828, 7.957714518, 8.12148327, 8.337276306, 8.63864775, 8.866908144, 9.019286964, 9.094706784, 9.093013686, 9.015285096, 8.863983702, 8.642803536, 8.356362138, 8.01066231, 7.612168608, 7.168423014, 6.6877371, 6.178884192, 5.650945452, 5.113309878, 4.662637974, 4.536117378, 4.329405504, 4.04650422, 3.692031066, 3.272142762, 2.7936117, 2.653700238, 2.88134496, 3.070356264, 3.652320222, 4.23120582, 4.797316224, 5.341262436, 5.853655458, 6.325721964, 6.749458218, 7.11716832, 7.422387714, 7.659113598, 7.823036268, 7.910461692, 7.918927182, 7.847663148, 7.696515672, 7.467023934, 7.161650622, 6.784551522, 6.86397321, 7.179966864, 7.442089218, 7.644645306, 8.005429098, 8.34543396, 8.613405198, 8.806572288, 8.92416564, 8.966031336, 0.0, 0.0, 0.0, 0.0, 0.0, 0.0, 0.0, 0.0, 0.0, 0.0, 0.0, 0.0, 0.0, 0.0, 0.0, 0.0, 0.0, 0.0, 0.0, 0.0, 0.0, 0.0, 0.0, 0.0, 0.0, 0.0, 0.0, 0.0, 0.0, 0.0, 0.0, 0.0, 0.0, 0.0, 0.0, 0.0, 6.691123296, 7.065144036, 7.40037744, 7.689435444, 7.925083902, 8.101627848, 8.26924455, 8.585084286], "min_cpu_time": [17, 2, 5, 24, 20, 1, 19, 3, 17, 12, 2, 20, 4, 18, 20, 1, 16, 10, 4, 8], "max_cpu_time": [55, 46, 48, 50, 25, 58, 27, 8, 19, 56, 30, 41, 41, 35, 32, 24, 54, 25, 18, 55], "min_job_period": [58, 3, 120, 122, 24, 44, 122, 60, 56, 36, 108, 7, 101, 77, 1, 18, 92, 122, 52, 21], "max_job_period": [80, 50, 121, 124, 103, 102, 124, 113, 103, 63, 118, 74, 109, 100, 58, 34, 96, 122, 65, 68], "min_startup": [1, 1, 1, 1, 1, 2, 1, 1, 1, 1, 1, 1, 1, 1, 1, 2, 1, 1, 1, 1], "max_startup": [30, 94, 112, 49, 89, 79, 7, 45, 71, 106, 66, 8, 85, 53, 84, 72, 122, 53, 18, 113], "priority": [11, 4, 20, 7, 10, 18, 13, 5, 14, 2, 3, 15, 9, 12, 17, 1, 16, 6, 8, 19], "win_min": [0, 0, 0, 0, 0, 0, 0, 0, 0, 0, 0, 0, 0, 0, 0, 0, 0, 0, 0, 24], "win_max": [125, 125, 125, 125, 125, 125, 125, 125, 125, 125, 125, 125, 125, 125, 125, 125, 125, 125, 125, 116]}