{"subs": 1, "jobs": 13, "T": 125, "power_use": [0.3326161626909292, 2.203746968408666, 1.6904852859500157, 2.5821189716480917, 3.8860888670894713, 1.0684634795187116, 3.514555899106854, 2.6932711210475535, 0.51874456498974, 0.46329393670065905, 3.633226497461831, 2.5375367164314873, 0.4378415171425689], "power_resource": [7.065144036, 7.40037744, 7.689435444, 7.925083902, 8.101627848, 8.26924455, 8.585084286, 8.828582562, 8.996661018, 9.087780474, 9.101633094, 9.039450222, 8.902924956, 8.695905246, 8.422700796, 8.088698736, 7.700825376, 7.266007026, 6.792709176, 6.289551234, 5.765306526, 5.229671886, 4.691882394, 4.573827288, 4.383276804, 4.115459484, 3.775300704, 3.368341512, 2.901508218, 2.583821466, 2.827011906, 2.989549314, 3.527338806, 4.10730183, 4.676336676, 5.224900428, 5.743911924, 6.224136084, 6.657569172, 7.036515288, 7.354048122, 7.604164872, 7.782247998, 7.88444955, 7.908152922, 7.851972852, 7.71590934, 7.50119373, 7.209980874, 6.846118722, 6.815950794, 7.141487364, 7.41423006, 7.628329998, 7.940167866, 8.293563594, 8.575233534, 8.782714998, 8.914468806, 8.970648876, 8.952178716, 0.0, 0.0, 0.0, 0.0, 0.0, 0.0, 0.0, 0.0, 0.0, 0.0, 0.0, 0.0, 0.0, 0.0, 0.0, 0.0, 0.0, 0.0, 0.0, 0.0, 0.0, 0.0, 0.0, 0.0, 0.0, 0.0, 0.0, 0.0, 0.0, 0.0, 0.0, 0.0, 0.0, 0.0, 0.0, 6.658030926, 6.999574968, 7.343581698, 7.642644372, 7.88983668, 8.079001902, 8.20459899, 8.52859638, 8.787024702, 8.970648876, 9.077467968, 9.107174142, 9.06038307, 8.938941768, 8.746236432, 8.486115012, 8.164426392, 7.787327292, 7.36189794, 6.89629599, 6.398986932, 5.87889801, 5.345418222, 4.808090484, 4.60830492, 4.433761908, 4.181490306, 3.8556459, 3.462077574], "min_cpu_time": [5, 12, 21, 8, 18, 17, 11, 7, 3, 11, 3, 17, 7], "max_cpu_time": [7, 57, 40, 27, 39, 38, 49, 48, 31, 20, 38, 39, 59], "min_job_period": [14, 12, 45, 26, 114, 45, 55, 5, 14, 24, 14, 56, 27], "max_job_period": [63, 64, 56, 55, 121, 120, 94, 120, 36, 31, 43, 70, 82], "min_startup": [5, 2, 1, 3, 1, 2, 2, 3, 8, 2, 8, 2, 3], "max_startup": [52, 109, 120, 117, 80, 39, 71, 105, 111, 42, 50, 107, 99], "priority": [4, 13, 11, 7, 1, 10, 8, 3, 5, 9, 2, 12, 6], "win_min": [0, 0, 0, 0, 0, 0, 0, 0, 0, 0, 0, 12, 0], "win_max": [125, 125, 125, 125, 125, 125, 125, 125, 125, 125, 125, 108, 125]}