{"subs": 1, "jobs": 13, "T": 125, "power_use": [2.5196737383953196, 1.847745086857309, 3.889659519616657, 2.92105402065683, 2.0553418115640536, 3.3106154811124813, 1.3688783915584188, 0.5624442963026339, 3.8347435083531365, 2.8847961790107632, 1.1759814205029349, 1.3345434956165572, 0.7761049696342838], "power_resource": [9.09886257, 9.0657702, 8.957411928, 8.776866114, 8.527980708, 8.21614284, 7.847355312, 7.428698352, 6.96786786, 6.473637162, 5.954625666, 5.42022237, 4.879816272, 4.610305854, 4.450846806, 4.212581742, 3.899666448, 3.517488054, 3.07220328, 2.571354108, 2.784530538, 2.980929906, 3.319857342, 3.902283054, 4.477782456, 5.03696655, 5.57029242, 6.068678904, 6.523506594, 6.926771754, 7.271548074, 7.551370998, 7.761007314, 7.896147318, 7.95371265, 7.931856294, 7.829962578, 7.648801092, 7.390218852, 7.0571403, 6.654029058, 6.954323076, 7.250923062, 7.49118906, 7.744999842, 8.128255662, 8.441478792, 8.681283036, 8.845975296, 8.9349399, 8.948638602, 0.0, 0.0, 0.0, 0.0, 0.0, 0.0, 0.0, 0.0, 0.0, 0.0, 0.0, 0.0, 0.0, 0.0, 0.0, 0.0, 0.0, 0.0, 0.0, 0.0, 0.0, 0.0, 0.0, 0.0, 0.0, 0.0, 0.0, 0.0, 0.0, 0.0, 0.0, 0.0, 0.0, 0.0, 0.0, 6.809794074, 6.832112184, 7.190895042, 7.507966122, 7.775783442, 7.987882446, 8.138722086, 8.40238362, 8.689132854, 8.902155366, 9.03883455, 9.098400816, 9.081008082, 8.987887692, 8.82181017, 8.586777384, 8.287560792, 7.930163196, 7.521356988, 7.068991986, 6.581379762, 6.067293642, 5.535814788, 4.996793952, 4.638165012, 4.495021272, 4.272609762, 3.974470596, 3.606144822, 3.173327406, 2.68356033, 2.720654568, 2.932753572, 3.195029844, 3.777455556, 4.354801974, 4.9176801, 5.4563931, 5.961859812], "min_cpu_time": [5, 14, 15, 15, 18, 16, 11, 7, 23, 19, 5, 11, 18], "max_cpu_time": [18, 20, 29, 58, 38, 22, 32, 42, 51, 42, 56, 55, 22], "min_job_period": [30, 63, 43, 102, 59, 32, 44, 15, 60, 11, 16, 11, 85], "max_job_period": [87, 68, 97, 119, 76, 124, 56, 43, 68, 25, 18, 110, 91], "min_startup": [3, 1, 1, 1, 1, 1, 2, 2, 1, 1, 3, 2, 1], "max_startup": [41, 119, 24, 108, 30, 78, 88, 60, 33, 17, 33, 9, 74], "priority": [5, 4, 2, 9, 6, 8, 7, 3, 11, 12, 1, 10, 13], "win_min": [0, 0, 0, 0, 0, 0, 0, 20, 0, 0, 0, 0, 0], "win_max": [125, 125, 125, 125, 125, 125, 125, 104, 125, 125, 125, 125, 125]}