{"subs": 1, "jobs": 20, "T": 125, "power_use": [2.9205105370052395, 1.2534569858770022, 0.1627996700276461, 3.4413082364051544, 0.41257323198427925, 1.8354033530442968, 0.616702547984811, 0.8626345237910445, 0.5603057595219301, 2.869242623344628, 2.4590269809756986, 1.4524303293815661, 1.7549189964253449, 3.6753876363427747, 3.4663482527268594, 0.8337340682893547, 1.548159830988675, 2.280293296340368, 0.06981433623382731, 3.8224946308988486], "power_resource": [6.654029058, 6.954323076, 7.250923062, 7.49118906, 7.744999842, 8.128255662, 8.441478792, 8.681283036, 8.845975296, 8.9349399, 8.948638602, 0.0, 0.0, 0.0, 0.0, 0.0, 0.0, 0.0, 0.0, 0.0, 0.0, 0.0, 0.0, 0.0, 0.0, 0.0, 0.0, 0.0, 0.0, 0.0, 0.0, 0.0, 0.0, 0.0, 0.0, 0.0, 0.0, 0.0, 0.0, 0.0, 0.0, 0.0, 0.0, 0.0, 0.0, 0.0, 6.809794074, 6.832112184, 7.190895042, 7.507966122, 7.775783442, 7.987882446, 8.138722086, 8.40238362, 8.689132854, 8.902155366, 9.03883455, 9.098400816, 9.081008082, 8.987887692, 8.82181017, 8.586777384, 8.287560792, 7.930163196, 7.521356988, 7.068991986, 6.581379762, 6.067293642, 5.535814788, 4.996793952, 4.638165012, 4.495021272, 4.272609762, 3.974470596, 3.606144822, 3.173327406, 2.68356033, 2.720654568, 2.932753572, 3.195029844, 3.777455556, 4.354801974, 4.9176801, 5.4563931, 5.961859812, 6.425460828, 6.839192412, 7.195512582, 7.4881107, 7.711445718, 7.861054014, 7.933549392, 7.926930918, 7.840275084, 7.674043644, 7.429929696, 7.110703764, 6.720521634, 6.909994692, 7.21644543, 7.467793524, 7.67204271, 8.068227642, 8.394841638, 8.648806338, 8.827659054, 8.930938032, 8.958643272, 0.0, 0.0, 0.0, 0.0, 0.0, 0.0, 0.0, 0.0, 0.0, 0.0, 0.0, 0.0, 0.0, 0.0, 0.0, 0.0, 0.0], "min_cpu_time": [17, 6, 12, 20, 1, 14, 9, 11, 6, 13, 20, 22, 18, 4, 15, 19, 22, 15, 19, 11], "max_cpu_time": [30, 33, 27, 46, 17, 48, 40, 29, 25, 53, 23, 32, 35, 43, 15, 50, 60, 53, 26, 33], "min_job_period": [89, 31, 7, 124, 3, 91, 12, 11, 15, 21, 112, 74, 94, 14, 3, 122, 101, 121, 29, 32], "max_job_period": [117, 78, 53, 124, 20, 110, 50, 83, 81, 116, 117, 83, 97, 35, 117, 123, 115, 122, 87, 55], "min_startup": [1, 2, 1, 1, 13, 1, 2, 2, 2, 1, 1, 1, 1, 4, 1, 1, 1, 1, 1, 2], "max_startup": [6, 39, 3, 4, 61, 87, 99, 14, 44, 66, 21, 38, 105, 110, 92, 59, 54, 58, 27, 72], "priority": [12, 20, 6, 13, 8, 2, 11, 9, 18, 5, 1, 14, 10, 17, 16, 15, 4, 3, 7, 19], "win_min": [0, 0, 0, 0, 0, 0, 16, 0, 0, 0, 0, 0, 0, 0, 0, 0, 0, 0, 0, 0], "win_max": [125, 125, 125, 125, 125, 125, 110, 125, 125, 125, 125, 125, 125, 125, 125, 125, 125, 125, 125, 125]}