{"subs": 1, "jobs": 20, "T": 125, "power_use": [0.5467434459102295, 0.5654875731185948, 3.5611947647816438, 0.2811359936464631, 1.0817762325151805, 2.7982020642861043, 3.250608099145031, 1.5864934961130133, 3.4120598367596933, 1.1275271135786396, 0.07893857480968006, 0.21728040921903535, 0.7214017917853163, 3.771937104449863, 3.4786679961080806, 3.2426629298822123, 1.1073751657659623, 1.0795191354082505, 1.9821536210757338, 1.0940911666943889], "power_resource": [6.749458218, 7.11716832, 7.422387714, 7.659113598, 7.823036268, 7.910461692, 7.918927182, 7.847663148, 7.696515672, 7.467023934, 7.161650622, 6.784551522, 6.86397321, 7.179966864, 7.442089218, 7.644645306, 8.005429098, 8.34543396, 8.613405198, 8.806572288, 8.92416564, 8.966031336, 0.0, 0.0, 0.0, 0.0, 0.0, 0.0, 0.0, 0.0, 0.0, 0.0, 0.0, 0.0, 0.0, 0.0, 0.0, 0.0, 0.0, 0.0, 0.0, 0.0, 0.0, 0.0, 0.0, 0.0, 0.0, 0.0, 0.0, 0.0, 0.0, 0.0, 0.0, 0.0, 0.0, 0.0, 0.0, 0.0, 6.691123296, 7.065144036, 7.40037744, 7.689435444, 7.925083902, 8.101627848, 8.26924455, 8.585084286, 8.828582562, 8.996661018, 9.087780474, 9.101633094, 9.039450222, 8.902924956, 8.695905246, 8.422700796, 8.088698736, 7.700825376, 7.266007026, 6.792709176, 6.289551234, 5.765306526, 5.229671886, 4.691882394, 4.573827288, 4.383276804, 4.115459484, 3.775300704, 3.368341512, 2.901508218, 2.583821466, 2.827011906, 2.989549314, 3.527338806, 4.10730183, 4.676336676, 5.224900428, 5.743911924, 6.224136084, 6.657569172, 7.036515288, 7.354048122, 7.604164872, 7.782247998, 7.88444955, 7.908152922, 7.851972852, 7.71590934, 7.50119373, 7.209980874, 6.846118722, 6.815950794, 7.141487364, 7.41423006, 7.628329998, 7.940167866, 8.293563594, 8.575233534, 8.782714998, 8.914468806, 8.970648876, 8.952178716, 0.0, 0.0, 0.0, 0.0, 0.0], "min_cpu_time": [8, 3, 21, 16, 17, 16, 21, 12, 1, 24, 21, 13, 13, 12, 14, 3, 1, 11, 2, 14], "max_cpu_time": [38, 5, 25, 22, 32, 34, 59, 26, 55, 48, 56, 43, 23, 52, 61, 3, 34, 53, 28, 16], "min_job_period": [17, 34, 14, 40, 59, 31, 91, 117, 24, 62, 59, 34, 78, 35, 18, 51, 17, 117, 52, 23], "max_job_period": [105, 46, 122, 56, 86, 119, 116, 118, 122, 82, 107, 45, 106, 59, 92, 121, 60, 122, 96, 49], "min_startup": [1, 2, 1, 1, 1, 1, 1, 1, 4, 1, 1, 1, 1, 1, 1, 2, 4, 1, 2, 1], "max_startup": [63, 33, 52, 118, 116, 117, 48, 48, 4, 124, 118, 61, 30, 110, 43, 34, 68, 20, 64, 35], "priority": [1, 14, 15, 8, 5, 11, 18, 20, 17, 3, 7, 4, 10, 19, 2, 6, 12, 13, 16, 9], "win_min": [0, 0, 0, 0, 0, 8, 0, 0, 0, 0, 0, 0, 0, 0, 0, 0, 0, 0, 0, 0], "win_max": [125, 125, 125, 125, 125, 118, 125, 125, 125, 125, 125, 125, 125, 125, 125, 125, 125, 125, 125, 125]}