{"subs": 1, "jobs": 24, "T": 125, "power_use": [2.094028292423116, 3.028952569114388, 0.6993921137825145, 1.5004594319842253, 2.4564592952170354, 1.504207376838672, 1.2295223437125984, 2.047135201787455, 2.397616760525079, 1.0136187629874422, 0.4572942401749275, 1.2544506953640537, 0.4333790317199955, 2.529533738196298, 0.8491716663845564, 0.9806624342344165, 3.541620880137593, 0.6750198455067872, 2.5255552017247687, 2.799577321400003, 0.7778288840951928, 3.6052070187842022, 1.4989281467129278, 0.9417338309230316], "power_resource": [8.776866114, 8.527980708, 8.21614284, 7.847355312, 7.428698352, 6.96786786, 6.473637162, 5.954625666, 5.42022237, 4.879816272, 4.610305854, 4.450846806, 4.212581742, 3.899666448, 3.517488054, 3.07220328, 2.571354108, 2.784530538, 2.980929906, 3.319857342, 3.902283054, 4.477782456, 5.03696655, 5.57029242, 6.068678904, 6.523506594, 6.926771754, 7.271548074, 7.551370998, 7.761007314, 7.896147318, 7.95371265, 7.931856294, 7.829962578, 7.648801092, 7.390218852, 7.0571403, 6.654029058, 6.954323076, 7.250923062, 7.49118906, 7.744999842, 8.128255662, 8.441478792, 8.681283036, 8.845975296, 8.9349399, 8.948638602, 0.0, 0.0, 0.0, 0.0, 0.0, 0.0, 0.0, 0.0, 0.0, 0.0, 0.0, 0.0, 0.0, 0.0, 0.0, 0.0, 0.0, 0.0, 0.0, 0.0, 0.0, 0.0, 0.0, 0.0, 0.0, 0.0, 0.0, 0.0, 0.0, 0.0, 0.0, 0.0, 0.0, 0.0, 0.0, 6.809794074, 6.832112184, 7.190895042, 7.507966122, 7.775783442, 7.987882446, 8.138722086, 8.40238362, 8.689132854, 8.902155366, 9.03883455, 9.098400816, 9.081008082, 8.987887692, 8.82181017, 8.586777384, 8.287560792, 7.930163196, 7.521356988, 7.068991986, 6.581379762, 6.067293642, 5.535814788, 4.996793952, 4.638165012, 4.495021272, 4.272609762, 3.974470596, 3.606144822, 3.173327406, 2.68356033, 2.720654568, 2.932753572, 3.195029844, 3.777455556, 4.354801974, 4.9176801, 5.4563931, 5.961859812, 6.425460828, 6.839192412, 7.195512582], "min_cpu_time": [12, 5, 14, 5, 12, 1, 16, 19, 10, 8, 5, 12, 15, 1, 10, 8, 8, 18, 11, 3, 4, 17, 20, 9], "max_cpu_time": [29, 19, 43, 59, 33, 7, 23, 38, 41, 25, 54, 21, 54, 10, 42, 54, 27, 25, 17, 34, 59, 33, 44, 12], "min_job_period": [86, 104, 121, 96, 31, 12, 44, 28, 112, 62, 34, 74, 98, 4, 63, 87, 111, 60, 113, 30, 11, 115, 58, 103], "max_job_period": [89, 114, 122, 124, 43, 37, 45, 75, 115, 117, 93, 88, 106, 6, 121, 111, 114, 121, 123, 56, 33, 121, 108, 123], "min_startup": [1, 1, 1, 1, 1, 5, 1, 1, 1, 1, 1, 1, 1, 5, 1, 1, 1, 1, 1, 2, 2, 1, 1, 1], "max_startup": [96, 32, 11, 121, 15, 97, 119, 24, 71, 23, 43, 11, 53, 63, 93, 71, 85, 44, 124, 21, 120, 51, 64, 54], "priority": [18, 19, 1, 6, 22, 14, 21, 16, 7, 12, 4, 10, 9, 11, 8, 5, 23, 3, 17, 24, 20, 13, 2, 15], "win_min": [0, 0, 0, 0, 0, 0, 0, 0, 0, 0, 0, 9, 0, 0, 0, 0, 0, 0, 0, 0, 0, 0, 0, 0], "win_max": [125, 125, 125, 125, 125, 125, 125, 125, 125, 125, 125, 110, 125, 125, 125, 125, 125, 125, 125, 125, 125, 125, 125, 125]}