{"subs": 1, "jobs": 22, "T": 125, "power_use": [3.749536629255721, 0.4224210760133533, 1.451713731504887, 1.0887591032037334, 2.0368604921156783, 1.5605901666224047, 2.991299327721437, 0.6237440676910022, 3.37843579008443, 2.160660926649407, 2.5705985574086387, 0.023732945971771256, 3.0653595511790073, 3.722201034882388, 0.5755064092286898, 1.3100342671713177, 0.4797164833116109, 1.390915682623977, 2.505906378261395, 0.846010325906742, 1.2396512063625476, 2.66543530105217], "power_resource": [0.0, 0.0, 6.754383594, 6.900297858, 7.25107698, 7.558451226, 7.815340368, 8.015433768, 8.153190378, 8.464566492, 8.736539598, 8.934016392, 9.055149858, 9.09886257, 9.0657702, 8.957411928, 8.776866114, 8.527980708, 8.21614284, 7.847355312, 7.428698352, 6.96786786, 6.473637162, 5.954625666, 5.42022237, 4.879816272, 4.610305854, 4.450846806, 4.212581742, 3.899666448, 3.517488054, 3.07220328, 2.571354108, 2.784530538, 2.980929906, 3.319857342, 3.902283054, 4.477782456, 5.03696655, 5.57029242, 6.068678904, 6.523506594, 6.926771754, 7.271548074, 7.551370998, 7.761007314, 7.896147318, 7.95371265, 7.931856294, 7.829962578, 7.648801092, 7.390218852, 7.0571403, 6.654029058, 6.954323076, 7.250923062, 7.49118906, 7.744999842, 8.128255662, 8.441478792, 8.681283036, 8.845975296, 8.9349399, 8.948638602, 0.0, 0.0, 0.0, 0.0, 0.0, 0.0, 0.0, 0.0, 0.0, 0.0, 0.0, 0.0, 0.0, 0.0, 0.0, 0.0, 0.0, 0.0, 0.0, 0.0, 0.0, 0.0, 0.0, 0.0, 0.0, 0.0, 0.0, 0.0, 0.0, 0.0, 0.0, 0.0, 0.0, 0.0, 0.0, 6.809794074, 6.832112184, 7.190895042, 7.507966122, 7.775783442, 7.987882446, 8.138722086, 8.40238362, 8.689132854, 8.902155366, 9.03883455, 9.098400816, 9.081008082, 8.987887692, 8.82181017, 8.586777384, 8.287560792, 7.930163196, 7.521356988, 7.068991986, 6.581379762, 6.067293642, 5.535814788, 4.996793952, 4.638165012, 4.495021272], "min_cpu_time": [4, 9, 13, 13, 13, 10, 18, 4, 12, 8, 8, 2, 7, 13, 19, 20, 10, 9, 17, 7, 11, 4], "max_cpu_time": [8, 22, 34, 50, 44, 37, 45, 42, 22, 14, 12, 2, 39, 18, 34, 21, 61, 50, 19, 18, 31, 39], "min_job_period": [62, 59, 86, 65, 64, 100, 79, 108, 37, 92, 94, 75, 100, 77, 38, 46, 75, 110, 46, 101, 3, 10], "max_job_period": [84, 70, 99, 73, 65, 110, 96, 108, 116, 111, 98, 117, 109, 107, 121, 46, 94, 124, 48, 122, 42, 106], "min_startup": [1, 1, 1, 1, 1, 1, 1, 1, 1, 1, 1, 1, 1, 1, 1, 1, 1, 1, 1, 1, 1, 1], "max_startup": [48, 48, 50, 98, 87, 58, 67, 95, 35, 2, 116, 74, 29, 118, 60, 30, 113, 22, 107, 5, 123, 116], "priority": [7, 17, 13, 2, 6, 22, 20, 21, 4, 9, 14, 1, 16, 19, 12, 18, 8, 15, 3, 11, 5, 10], "win_min": [0, 0, 0, 0, 0, 0, 0, 0, 0, 0, 0, 2, 0, 0, 0, 0, 0, 0, 0, 0, 0, 0], "win_max": [125, 125, 125, 125, 125, 125, 125, 125, 125, 125, 125, 104, 125, 125, 125, 125, 125, 125, 125, 125, 125, 125]}