{"subs": 1, "jobs": 24, "T": 125, "power_use": [3.3202940967266126, 3.4761241280358646, 1.579268751610835, 2.668788852818105, 1.7384495342011186, 1.6424852711985936, 3.579302826820155, 0.5260284200065934, 3.5818960194655527, 0.18103686251043716, 0.23205107000334693, 2.5053867188836807, 1.0934201363537404, 0.3435107088789373, 1.3228492998989303, 1.6172760693687254, 3.3439093736905563, 2.576668488967502, 1.5728022127125594, 2.444119915107857, 2.7292917624115036, 3.949383033634327, 1.8117460901739748, 1.046925506430268], "power_resource": [8.464566492, 8.736539598, 8.934016392, 9.055149858, 9.09886257, 9.0657702, 8.957411928, 8.776866114, 8.527980708, 8.21614284, 7.847355312, 7.428698352, 6.96786786, 6.473637162, 5.954625666, 5.42022237, 4.879816272, 4.610305854, 4.450846806, 4.212581742, 3.899666448, 3.517488054, 3.07220328, 2.571354108, 2.784530538, 2.980929906, 3.319857342, 3.902283054, 4.477782456, 5.03696655, 5.57029242, 6.068678904, 6.523506594, 6.926771754, 7.271548074, 7.551370998, 7.761007314, 7.896147318, 7.95371265, 7.931856294, 7.829962578, 7.648801092, 7.390218852, 7.0571403, 6.654029058, 6.954323076, 7.250923062, 7.49118906, 7.744999842, 8.128255662, 8.441478792, 8.681283036, 8.845975296, 8.9349399, 8.948638602, 0.0, 0.0, 0.0, 0.0, 0.0, 0.0, 0.0, 0.0, 0.0, 0.0, 0.0, 0.0, 0.0, 0.0, 0.0, 0.0, 0.0, 0.0, 0.0, 0.0, 0.0, 0.0, 0.0, 0.0, 0.0, 0.0, 0.0, 0.0, 0.0, 0.0, 0.0, 0.0, 0.0, 0.0, 0.0, 6.809794074, 6.832112184, 7.190895042, 7.507966122, 7.775783442, 7.987882446, 8.138722086, 8.40238362, 8.689132854, 8.902155366, 9.03883455, 9.098400816, 9.081008082, 8.987887692, 8.82181017, 8.586777384, 8.287560792, 7.930163196, 7.521356988, 7.068991986, 6.581379762, 6.067293642, 5.535814788, 4.996793952, 4.638165012, 4.495021272, 4.272609762, 3.974470596, 3.606144822, 3.173327406, 2.68356033, 2.720654568, 2.932753572, 3.195029844, 3.777455556], "min_cpu_time": [1, 7, 20, 13, 2, 16, 9, 9, 3, 2, 6, 15, 19, 3, 7, 18, 2, 1, 13, 12, 12, 15, 15, 24], "max_cpu_time": [12, 28, 22, 56, 34, 46, 56, 21, 40, 35, 31, 29, 32, 17, 37, 43, 22, 12, 21, 37, 18, 43, 25, 45], "min_job_period": [13, 21, 40, 117, 23, 49, 41, 96, 50, 13, 21, 9, 61, 42, 118, 101, 34, 18, 38, 84, 111, 38, 68, 69], "max_job_period": [109, 68, 64, 122, 105, 95, 67, 121, 100, 77, 28, 40, 93, 112, 124, 117, 68, 28, 66, 111, 124, 79, 116, 117], "min_startup": [6, 1, 1, 1, 3, 1, 1, 1, 2, 3, 1, 1, 1, 2, 1, 1, 3, 6, 1, 1, 1, 1, 1, 1], "max_startup": [122, 5, 87, 16, 67, 1, 85, 8, 2, 91, 108, 8, 89, 36, 1, 11, 46, 91, 90, 15, 42, 6, 16, 55], "priority": [14, 10, 7, 11, 22, 20, 19, 15, 17, 23, 2, 9, 16, 6, 1, 4, 21, 18, 8, 24, 5, 12, 13, 3], "win_min": [0, 0, 0, 0, 0, 0, 0, 18, 0, 0, 0, 0, 0, 0, 0, 0, 0, 0, 0, 0, 0, 0, 0, 0], "win_max": [125, 125, 125, 125, 125, 125, 125, 100, 125, 125, 125, 125, 125, 125, 125, 125, 125, 125, 125, 125, 125, 125, 125, 125]}