{"subs": 1, "jobs": 20, "T": 125, "power_use": [2.028865610869457, 1.5186965980994236, 3.7413472322635006, 0.7131114513994197, 3.4375449919298857, 0.2570371069887164, 3.561770767140135, 0.44888215514013635, 0.2290160915724558, 0.8405860059971693, 2.401761272866967, 3.1333000235967225, 2.1098831648609333, 0.8879813688679685, 2.35872086605019, 0.2223189216871939, 1.1691771945572562, 2.9696404927509423, 3.005915144411993, 1.62430494380012], "power_resource": [0.0, 0.0, 0.0, 0.0, 0.0, 0.0, 0.0, 0.0, 0.0, 0.0, 0.0, 0.0, 0.0, 0.0, 0.0, 0.0, 0.0, 0.0, 0.0, 0.0, 0.0, 0.0, 0.0, 0.0, 0.0, 0.0, 0.0, 0.0, 0.0, 0.0, 0.0, 0.0, 0.0, 6.716058012, 6.93246672, 7.284785022, 7.593852366, 7.85212677, 8.053605432, 8.192593386, 8.469030114, 8.742234564, 8.941404456, 9.064077102, 9.109482912, 9.078237558, 8.97188022, 8.793489258, 8.54706654, 8.23769136, 7.871520438, 7.45578792, 6.998189706, 6.507191286, 5.991565986, 5.460856722, 4.924298574, 4.639396356, 4.48132257, 4.244442768, 3.93337449, 3.55319703, 3.110374944, 2.612142378, 2.709264636, 2.90366307, 3.277068138, 3.858108588, 4.431914892, 4.989098052, 5.520115152, 6.01588503, 6.467942196, 6.868282914, 7.209826956, 7.486109766, 7.692205968, 7.82365194, 7.877369322, 7.851665016, 7.746077268, 7.561067832, 7.298637642, 6.961865058, 6.714980586, 7.05867948, 7.35189327, 7.588773072, 7.80210342, 8.18151129, 8.490578634, 8.72638101, 8.886917484, 8.971572384, 8.9811153, 0.0, 0.0, 0.0, 0.0, 0.0, 0.0, 0.0, 0.0, 0.0, 0.0, 0.0, 0.0, 0.0, 0.0, 0.0, 0.0, 0.0, 0.0, 0.0, 0.0, 0.0, 0.0, 0.0, 0.0, 0.0, 0.0, 0.0, 0.0, 0.0, 0.0], "min_cpu_time": [4, 1, 22, 8, 10, 18, 14, 3, 9, 20, 11, 2, 22, 3, 4, 12, 2, 17, 7, 14], "max_cpu_time": [12, 5, 59, 15, 48, 46, 15, 29, 61, 31, 27, 20, 48, 31, 9, 55, 32, 37, 45, 52], "min_job_period": [10, 1, 76, 13, 1, 35, 20, 7, 6, 46, 30, 7, 15, 8, 11, 27, 1, 36, 4, 39], "max_job_period": [61, 90, 87, 96, 13, 80, 47, 12, 69, 52, 35, 53, 64, 10, 14, 63, 66, 101, 50, 67], "min_startup": [8, 30, 1, 4, 3, 2, 2, 10, 3, 2, 3, 15, 1, 10, 8, 3, 15, 2, 4, 2], "max_startup": [82, 57, 34, 72, 86, 76, 10, 113, 120, 46, 14, 36, 70, 86, 49, 39, 31, 6, 55, 59], "priority": [17, 20, 11, 13, 1, 3, 19, 15, 12, 16, 14, 9, 7, 18, 10, 2, 4, 8, 5, 6], "win_min": [0, 0, 0, 0, 0, 0, 0, 0, 0, 0, 0, 0, 0, 0, 0, 0, 0, 0, 0, 24], "win_max": [125, 125, 125, 125, 125, 125, 125, 125, 125, 125, 125, 125, 125, 125, 125, 125, 125, 125, 125, 117]}