{"subs": 1, "jobs": 20, "T": 125, "power_use": [0.8251446792192891, 1.7564557049850957, 1.3776980345574477, 0.5574768760256842, 0.922233172135308, 2.7891116865606658, 1.2441744783519983, 0.7472370384246797, 2.590288727526736, 3.819089485827663, 1.2114882270671683, 0.4336420517200629, 0.032675024439677285, 0.45174264685820964, 2.090744380784994, 1.0277618889827118, 1.3900765323021547, 3.9612443481499753, 0.7817993985717132, 0.8600655996984675], "power_resource": [8.987887692, 8.82181017, 8.586777384, 8.287560792, 7.930163196, 7.521356988, 7.068991986, 6.581379762, 6.067293642, 5.535814788, 4.996793952, 4.638165012, 4.495021272, 4.272609762, 3.974470596, 3.606144822, 3.173327406, 2.68356033, 2.720654568, 2.932753572, 3.195029844, 3.777455556, 4.354801974, 4.9176801, 5.4563931, 5.961859812, 6.425460828, 6.839192412, 7.195512582, 7.4881107, 7.711445718, 7.861054014, 7.933549392, 7.926930918, 7.840275084, 7.674043644, 7.429929696, 7.110703764, 6.720521634, 6.909994692, 7.21644543, 7.467793524, 7.67204271, 8.068227642, 8.394841638, 8.648806338, 8.827659054, 8.930938032, 8.958643272, 0.0, 0.0, 0.0, 0.0, 0.0, 0.0, 0.0, 0.0, 0.0, 0.0, 0.0, 0.0, 0.0, 0.0, 0.0, 0.0, 0.0, 0.0, 0.0, 0.0, 0.0, 0.0, 0.0, 0.0, 0.0, 0.0, 0.0, 0.0, 0.0, 0.0, 0.0, 0.0, 0.0, 0.0, 0.0, 0.0, 6.76238733, 7.128866088, 7.455172248, 7.733763828, 7.957714518, 8.12148327, 8.337276306, 8.63864775, 8.866908144, 9.019286964, 9.094706784, 9.093013686, 9.015285096, 8.863983702, 8.642803536, 8.356362138, 8.01066231, 7.612168608, 7.168423014, 6.6877371, 6.178884192, 5.650945452, 5.113309878, 4.662637974, 4.536117378, 4.329405504, 4.04650422, 3.692031066, 3.272142762, 2.7936117, 2.653700238, 2.88134496, 3.070356264, 3.652320222, 4.23120582, 4.797316224, 5.341262436, 5.853655458, 6.325721964, 6.749458218], "min_cpu_time": [6, 16, 24, 11, 23, 15, 22, 15, 2, 19, 5, 20, 17, 11, 4, 20, 20, 11, 8, 8], "max_cpu_time": [14, 54, 24, 51, 55, 22, 30, 22, 28, 55, 48, 22, 18, 44, 56, 21, 51, 41, 39, 38], "min_job_period": [61, 24, 21, 32, 111, 81, 92, 46, 3, 48, 19, 16, 31, 106, 3, 109, 64, 74, 35, 116], "max_job_period": [120, 50, 111, 93, 117, 95, 116, 74, 123, 87, 34, 114, 124, 119, 36, 111, 82, 123, 63, 118], "min_startup": [2, 1, 1, 1, 1, 1, 1, 1, 5, 1, 2, 1, 1, 1, 3, 1, 1, 1, 1, 1], "max_startup": [85, 69, 7, 24, 19, 61, 60, 24, 73, 64, 93, 32, 110, 107, 64, 4, 35, 30, 28, 85], "priority": [3, 6, 9, 16, 12, 17, 15, 1, 7, 2, 8, 5, 13, 10, 14, 19, 11, 18, 4, 20], "win_min": [0, 0, 0, 0, 0, 0, 0, 0, 0, 0, 0, 0, 24, 0, 0, 0, 0, 0, 0, 0], "win_max": [125, 125, 125, 125, 125, 125, 125, 125, 125, 125, 125, 125, 121, 125, 125, 125, 125, 125, 125, 125]}