{"subs": 1, "jobs": 18, "T": 125, "power_use": [2.65708117616004, 3.6818831516156707, 1.7015002776404564, 2.4446202349802113, 3.1327508335111527, 2.3452248057041354, 2.606394466409938, 1.4080193525062974, 3.348002075488284, 0.02114193395926911, 3.314647577676317, 0.5979071276668136, 1.126851501838678, 0.9596449130196096, 2.831122721130873, 3.650937386120834, 3.3676111763350978, 1.811363468878619], "power_resource": [8.527980708, 8.21614284, 7.847355312, 7.428698352, 6.96786786, 6.473637162, 5.954625666, 5.42022237, 4.879816272, 4.610305854, 4.450846806, 4.212581742, 3.899666448, 3.517488054, 3.07220328, 2.571354108, 2.784530538, 2.980929906, 3.319857342, 3.902283054, 4.477782456, 5.03696655, 5.57029242, 6.068678904, 6.523506594, 6.926771754, 7.271548074, 7.551370998, 7.761007314, 7.896147318, 7.95371265, 7.931856294, 7.829962578, 7.648801092, 7.390218852, 7.0571403, 6.654029058, 6.954323076, 7.250923062, 7.49118906, 7.744999842, 8.128255662, 8.441478792, 8.681283036, 8.845975296, 8.9349399, 8.948638602, 0.0, 0.0, 0.0, 0.0, 0.0, 0.0, 0.0, 0.0, 0.0, 0.0, 0.0, 0.0, 0.0, 0.0, 0.0, 0.0, 0.0, 0.0, 0.0, 0.0, 0.0, 0.0, 0.0, 0.0, 0.0, 0.0, 0.0, 0.0, 0.0, 0.0, 0.0, 0.0, 0.0, 0.0, 0.0, 6.809794074, 6.832112184, 7.190895042, 7.507966122, 7.775783442, 7.987882446, 8.138722086, 8.40238362, 8.689132854, 8.902155366, 9.03883455, 9.098400816, 9.081008082, 8.987887692, 8.82181017, 8.586777384, 8.287560792, 7.930163196, 7.521356988, 7.068991986, 6.581379762, 6.067293642, 5.535814788, 4.996793952, 4.638165012, 4.495021272, 4.272609762, 3.974470596, 3.606144822, 3.173327406, 2.68356033, 2.720654568, 2.932753572, 3.195029844, 3.777455556, 4.354801974, 4.9176801, 5.4563931, 5.961859812, 6.425460828, 6.839192412, 7.195512582, 7.4881107], "min_cpu_time": [9, 21, 19, 2, 5, 7, 20, 15, 10, 13, 13, 13, 3, 19, 18, 6, 14, 20], "max_cpu_time": [36, 24, 55, 46, 30, 9, 36, 44, 35, 15, 25, 35, 24, 31, 58, 6, 35, 39], "min_job_period": [122, 102, 62, 23, 25, 33, 52, 32, 110, 10, 94, 107, 25, 74, 33, 54, 61, 47], "max_job_period": [124, 121, 74, 66, 28, 53, 59, 98, 119, 86, 94, 111, 115, 118, 119, 94, 67, 76], "min_startup": [1, 1, 1, 3, 1, 1, 1, 1, 1, 1, 1, 1, 2, 1, 1, 1, 1, 1], "max_startup": [81, 57, 76, 115, 46, 24, 23, 50, 53, 79, 75, 23, 21, 98, 113, 72, 98, 32], "priority": [9, 6, 16, 17, 15, 2, 18, 1, 13, 10, 12, 8, 11, 4, 3, 7, 14, 5], "win_min": [0, 0, 0, 0, 0, 0, 0, 0, 10, 0, 0, 0, 0, 0, 0, 0, 0, 0], "win_max": [125, 125, 125, 125, 125, 125, 125, 125, 105, 125, 125, 125, 125, 125, 125, 125, 125, 125]}