{"subs": 1, "jobs": 22, "T": 125, "power_use": [2.854688336633955, 2.374040527070364, 1.7117558296835123, 3.119656614901175, 0.2874407959005767, 3.4988234192433487, 1.2647339364731642, 3.836408732919348, 3.028464787722313, 3.244191550958921, 2.673677808298261, 3.3672498181774975, 0.3285548766465311, 1.996519535017663, 3.64680004038531, 3.553329445750981, 3.4646475616424683, 3.8508370649222616, 3.309990539058083, 3.6706382622579894, 1.0916429834851795, 0.7721877528664588], "power_resource": [7.161650622, 6.784551522, 6.86397321, 7.179966864, 7.442089218, 7.644645306, 8.005429098, 8.34543396, 8.613405198, 8.806572288, 8.92416564, 8.966031336, 0.0, 0.0, 0.0, 0.0, 0.0, 0.0, 0.0, 0.0, 0.0, 0.0, 0.0, 0.0, 0.0, 0.0, 0.0, 0.0, 0.0, 0.0, 0.0, 0.0, 0.0, 0.0, 0.0, 0.0, 0.0, 0.0, 0.0, 0.0, 0.0, 0.0, 0.0, 0.0, 0.0, 0.0, 0.0, 0.0, 6.691123296, 7.065144036, 7.40037744, 7.689435444, 7.925083902, 8.101627848, 8.26924455, 8.585084286, 8.828582562, 8.996661018, 9.087780474, 9.101633094, 9.039450222, 8.902924956, 8.695905246, 8.422700796, 8.088698736, 7.700825376, 7.266007026, 6.792709176, 6.289551234, 5.765306526, 5.229671886, 4.691882394, 4.573827288, 4.383276804, 4.115459484, 3.775300704, 3.368341512, 2.901508218, 2.583821466, 2.827011906, 2.989549314, 3.527338806, 4.10730183, 4.676336676, 5.224900428, 5.743911924, 6.224136084, 6.657569172, 7.036515288, 7.354048122, 7.604164872, 7.782247998, 7.88444955, 7.908152922, 7.851972852, 7.71590934, 7.50119373, 7.209980874, 6.846118722, 6.815950794, 7.141487364, 7.41423006, 7.628329998, 7.940167866, 8.293563594, 8.575233534, 8.782714998, 8.914468806, 8.970648876, 8.952178716, 0.0, 0.0, 0.0, 0.0, 0.0, 0.0, 0.0, 0.0, 0.0, 0.0, 0.0, 0.0, 0.0, 0.0, 0.0], "min_cpu_time": [20, 16, 19, 1, 24, 7, 8, 17, 15, 22, 11, 12, 11, 2, 17, 8, 14, 2, 4, 23, 8, 3], "max_cpu_time": [51, 34, 25, 32, 56, 33, 28, 21, 43, 26, 43, 16, 41, 12, 40, 15, 35, 18, 48, 47, 20, 13], "min_job_period": [95, 32, 109, 4, 48, 76, 64, 22, 33, 25, 55, 34, 77, 8, 84, 87, 96, 25, 28, 100, 116, 3], "max_job_period": [122, 101, 109, 50, 94, 99, 82, 76, 35, 104, 112, 74, 105, 100, 109, 118, 119, 32, 68, 121, 120, 93], "min_startup": [1, 1, 1, 6, 1, 1, 1, 1, 1, 1, 1, 1, 1, 3, 1, 1, 1, 3, 2, 1, 1, 2], "max_startup": [122, 73, 101, 70, 117, 118, 93, 75, 110, 50, 6, 40, 122, 18, 32, 44, 46, 103, 115, 106, 121, 44], "priority": [2, 22, 14, 6, 8, 12, 13, 9, 11, 19, 4, 16, 10, 17, 15, 3, 18, 7, 5, 20, 21, 1], "win_min": [0, 0, 0, 0, 20, 0, 0, 0, 0, 0, 0, 0, 0, 0, 0, 0, 0, 0, 0, 0, 0, 0], "win_max": [125, 125, 125, 125, 118, 125, 125, 125, 125, 125, 125, 125, 125, 125, 125, 125, 125, 125, 125, 125, 125, 125]}