{"subs": 1, "jobs": 18, "T": 125, "power_use": [2.4755074928599075, 0.39794060872369164, 3.1282088287298424, 3.1923143862399206, 3.764682833236478, 1.524901771716859, 2.173093172818819, 1.5896347819211436, 1.1841183599828358, 2.1941397205195434, 2.6331821357418272, 2.004101411708912, 1.928581775307198, 0.8147767928718523, 0.8307625654447434, 1.747091979904431, 1.8995064211487873, 0.23372124106512945], "power_resource": [8.787024702, 8.970648876, 9.077467968, 9.107174142, 9.06038307, 8.938941768, 8.746236432, 8.486115012, 8.164426392, 7.787327292, 7.36189794, 6.89629599, 6.398986932, 5.87889801, 5.345418222, 4.808090484, 4.60830492, 4.433761908, 4.181490306, 3.8556459, 3.462077574, 3.007095966, 2.511018252, 2.769600492, 2.948145372, 3.402203472, 3.982782168, 4.55443362, 5.107460994, 5.63262921, 6.120857106, 6.56383311, 6.953553486, 7.283091924, 7.546445622, 7.738535286, 7.855512966, 7.894146384, 7.853358114, 7.732532484, 7.532593002, 7.25569452, 6.905223234, 6.766389198, 7.10100693, 7.384062132, 7.60970592, 7.872290028, 8.238768786, 8.534291346, 8.755933266, 8.902155366, 8.972495892, 8.96803227, 0.0, 0.0, 0.0, 0.0, 0.0, 0.0, 0.0, 0.0, 0.0, 0.0, 0.0, 0.0, 0.0, 0.0, 0.0, 0.0, 0.0, 0.0, 0.0, 0.0, 0.0, 0.0, 0.0, 0.0, 0.0, 0.0, 0.0, 0.0, 0.0, 0.0, 0.0, 0.0, 0.0, 0.0, 0.0, 6.716058012, 6.93246672, 7.284785022, 7.593852366, 7.85212677, 8.053605432, 8.192593386, 8.469030114, 8.742234564, 8.941404456, 9.064077102, 9.109482912, 9.078237558, 8.97188022, 8.793489258, 8.54706654, 8.23769136, 7.871520438, 7.45578792, 6.998189706, 6.507191286, 5.991565986, 5.460856722, 4.924298574, 4.639396356, 4.48132257, 4.244442768, 3.93337449, 3.55319703, 3.110374944, 2.612142378, 2.709264636, 2.90366307, 3.277068138, 3.858108588, 4.431914892], "min_cpu_time": [10, 23, 20, 19, 17, 15, 10, 9, 10, 9, 20, 12, 5, 9, 16, 15, 3, 11], "max_cpu_time": [44, 58, 58, 51, 18, 58, 33, 51, 40, 20, 56, 18, 37, 53, 41, 59, 38, 32], "min_job_period": [78, 112, 80, 36, 119, 48, 107, 65, 14, 5, 98, 78, 119, 29, 52, 70, 39, 56], "max_job_period": [78, 121, 108, 100, 119, 68, 107, 77, 77, 58, 124, 122, 121, 101, 62, 86, 122, 102], "min_startup": [1, 1, 1, 1, 1, 1, 1, 1, 1, 1, 1, 1, 1, 1, 1, 1, 1, 1], "max_startup": [50, 26, 20, 81, 30, 30, 109, 119, 94, 38, 36, 26, 120, 37, 95, 20, 21, 25], "priority": [17, 7, 10, 11, 4, 2, 15, 14, 13, 8, 18, 3, 1, 12, 5, 16, 9, 6], "win_min": [0, 20, 0, 0, 0, 0, 0, 0, 0, 0, 0, 0, 0, 0, 0, 0, 0, 0], "win_max": [125, 109, 125, 125, 125, 125, 125, 125, 125, 125, 125, 125, 125, 125, 125, 125, 125, 125]}