{"subs": 1, "jobs": 13, "T": 125, "power_use": [0.7581077520511326, 0.8642402882516346, 3.0768683228328455, 3.813269328652519, 2.24393396728411, 0.6800700305397154, 3.6737106193079887, 1.9441544755225653, 3.6155837663743657, 3.733868494786264, 0.5570154108936004, 3.892792938019863, 0.6520280143117783], "power_resource": [8.866908144, 9.019286964, 9.094706784, 9.093013686, 9.015285096, 8.863983702, 8.642803536, 8.356362138, 8.01066231, 7.612168608, 7.168423014, 6.6877371, 6.178884192, 5.650945452, 5.113309878, 4.662637974, 4.536117378, 4.329405504, 4.04650422, 3.692031066, 3.272142762, 2.7936117, 2.653700238, 2.88134496, 3.070356264, 3.652320222, 4.23120582, 4.797316224, 5.341262436, 5.853655458, 6.325721964, 6.749458218, 7.11716832, 7.422387714, 7.659113598, 7.823036268, 7.910461692, 7.918927182, 7.847663148, 7.696515672, 7.467023934, 7.161650622, 6.784551522, 6.86397321, 7.179966864, 7.442089218, 7.644645306, 8.005429098, 8.34543396, 8.613405198, 8.806572288, 8.92416564, 8.966031336, 0.0, 0.0, 0.0, 0.0, 0.0, 0.0, 0.0, 0.0, 0.0, 0.0, 0.0, 0.0, 0.0, 0.0, 0.0, 0.0, 0.0, 0.0, 0.0, 0.0, 0.0, 0.0, 0.0, 0.0, 0.0, 0.0, 0.0, 0.0, 0.0, 0.0, 0.0, 0.0, 0.0, 0.0, 0.0, 0.0, 6.691123296, 7.065144036, 7.40037744, 7.689435444, 7.925083902, 8.101627848, 8.26924455, 8.585084286, 8.828582562, 8.996661018, 9.087780474, 9.101633094, 9.039450222, 8.902924956, 8.695905246, 8.422700796, 8.088698736, 7.700825376, 7.266007026, 6.792709176, 6.289551234, 5.765306526, 5.229671886, 4.691882394, 4.573827288, 4.383276804, 4.115459484, 3.775300704, 3.368341512, 2.901508218, 2.583821466, 2.827011906, 2.989549314, 3.527338806, 4.10730183, 4.676336676], "min_cpu_time": [23, 11, 15, 7, 17, 19, 15, 18, 7, 19, 10, 3, 18], "max_cpu_time": [25, 47, 60, 59, 34, 44, 23, 58, 12, 52, 38, 57, 52], "min_job_period": [43, 8, 97, 21, 72, 46, 22, 61, 16, 72, 49, 4, 103], "max_job_period": [121, 37, 101, 46, 96, 111, 93, 80, 114, 121, 65, 106, 110], "min_startup": [1, 2, 1, 2, 1, 1, 1, 1, 2, 1, 2, 5, 1], "max_startup": [103, 72, 92, 2, 81, 106, 123, 45, 19, 5, 44, 22, 53], "priority": [5, 9, 12, 7, 6, 4, 1, 11, 10, 13, 3, 2, 8], "win_min": [0, 0, 0, 0, 0, 0, 0, 0, 0, 0, 0, 0, 22], "win_max": [125, 125, 125, 125, 125, 125, 125, 125, 125, 125, 125, 125, 117]}