{"subs": 1, "jobs": 18, "T": 125, "power_use": [3.014236758215768, 2.420216523349078, 3.652808323347597, 0.7216450650380669, 0.3783297541994387, 1.356791016470753, 0.5387721727727709, 3.7771213620040833, 2.401893650669128, 3.1593929015380895, 0.23413738812003082, 2.4423018944058072, 0.5333715681828224, 3.4336278078425275, 0.6178782644557741, 1.9845980291826006, 0.3350175563644565, 2.837323538910345], "power_resource": [6.89629599, 6.398986932, 5.87889801, 5.345418222, 4.808090484, 4.60830492, 4.433761908, 4.181490306, 3.8556459, 3.462077574, 3.007095966, 2.511018252, 2.769600492, 2.948145372, 3.402203472, 3.982782168, 4.55443362, 5.107460994, 5.63262921, 6.120857106, 6.56383311, 6.953553486, 7.283091924, 7.546445622, 7.738535286, 7.855512966, 7.894146384, 7.853358114, 7.732532484, 7.532593002, 7.25569452, 6.905223234, 6.766389198, 7.10100693, 7.384062132, 7.60970592, 7.872290028, 8.238768786, 8.534291346, 8.755933266, 8.902155366, 8.972495892, 8.96803227, 0.0, 0.0, 0.0, 0.0, 0.0, 0.0, 0.0, 0.0, 0.0, 0.0, 0.0, 0.0, 0.0, 0.0, 0.0, 0.0, 0.0, 0.0, 0.0, 0.0, 0.0, 0.0, 0.0, 0.0, 0.0, 0.0, 0.0, 0.0, 0.0, 0.0, 0.0, 0.0, 0.0, 0.0, 0.0, 6.716058012, 6.93246672, 7.284785022, 7.593852366, 7.85212677, 8.053605432, 8.192593386, 8.469030114, 8.742234564, 8.941404456, 9.064077102, 9.109482912, 9.078237558, 8.97188022, 8.793489258, 8.54706654, 8.23769136, 7.871520438, 7.45578792, 6.998189706, 6.507191286, 5.991565986, 5.460856722, 4.924298574, 4.639396356, 4.48132257, 4.244442768, 3.93337449, 3.55319703, 3.110374944, 2.612142378, 2.709264636, 2.90366307, 3.277068138, 3.858108588, 4.431914892, 4.989098052, 5.520115152, 6.01588503, 6.467942196, 6.868282914, 7.209826956, 7.486109766, 7.692205968, 7.82365194, 7.877369322, 7.851665016], "min_cpu_time": [12, 11, 17, 23, 17, 3, 7, 1, 9, 6, 18, 11, 7, 6, 1, 9, 3, 13], "max_cpu_time": [19, 46, 35, 58, 54, 36, 11, 31, 9, 21, 22, 57, 25, 40, 28, 50, 52, 32], "min_job_period": [83, 25, 102, 50, 62, 87, 52, 40, 36, 123, 45, 13, 76, 96, 89, 4, 122, 80], "max_job_period": [95, 60, 117, 102, 105, 95, 88, 74, 113, 124, 48, 13, 106, 124, 112, 22, 124, 107], "min_startup": [1, 1, 1, 1, 1, 1, 1, 1, 1, 1, 1, 1, 1, 1, 1, 1, 1, 1], "max_startup": [86, 38, 8, 88, 105, 23, 81, 101, 32, 102, 113, 35, 123, 124, 13, 86, 82, 12], "priority": [15, 10, 2, 16, 1, 6, 8, 9, 17, 14, 3, 11, 4, 13, 5, 18, 12, 7], "win_min": [0, 18, 0, 0, 0, 0, 0, 0, 0, 0, 0, 0, 0, 0, 0, 0, 0, 0], "win_max": [125, 102, 125, 125, 125, 125, 125, 125, 125, 125, 125, 125, 125, 125, 125, 125, 125, 125]}