{"subs": 1, "jobs": 24, "T": 125, "power_use": [0.5880971249167702, 3.8663752557452704, 0.8208547998907237, 3.9864013483881777, 3.2762868836595627, 1.3771485346969814, 2.411149054168404, 3.368867950952015, 1.4413809686854402, 0.47546421420456886, 0.2703425865419087, 0.6805694671882635, 2.2172432335929764, 2.3041806250944608, 0.8716829885743713, 3.2599570436268377, 3.2136947632414286, 3.8859007172558906, 1.7168246092148298, 1.4303518650601987, 0.5762980776019436, 3.997580138260388, 2.80457647880097, 2.521429835643742], "power_resource": [8.238768786, 8.534291346, 8.755933266, 8.902155366, 8.972495892, 8.96803227, 0.0, 0.0, 0.0, 0.0, 0.0, 0.0, 0.0, 0.0, 0.0, 0.0, 0.0, 0.0, 0.0, 0.0, 0.0, 0.0, 0.0, 0.0, 0.0, 0.0, 0.0, 0.0, 0.0, 0.0, 0.0, 0.0, 0.0, 0.0, 0.0, 0.0, 0.0, 0.0, 0.0, 0.0, 0.0, 6.716058012, 6.93246672, 7.284785022, 7.593852366, 7.85212677, 8.053605432, 8.192593386, 8.469030114, 8.742234564, 8.941404456, 9.064077102, 9.109482912, 9.078237558, 8.97188022, 8.793489258, 8.54706654, 8.23769136, 7.871520438, 7.45578792, 6.998189706, 6.507191286, 5.991565986, 5.460856722, 4.924298574, 4.639396356, 4.48132257, 4.244442768, 3.93337449, 3.55319703, 3.110374944, 2.612142378, 2.709264636, 2.90366307, 3.277068138, 3.858108588, 4.431914892, 4.989098052, 5.520115152, 6.01588503, 6.467942196, 6.868282914, 7.209826956, 7.486109766, 7.692205968, 7.82365194, 7.877369322, 7.851665016, 7.746077268, 7.561067832, 7.298637642, 6.961865058, 6.714980586, 7.05867948, 7.35189327, 7.588773072, 7.80210342, 8.18151129, 8.490578634, 8.72638101, 8.886917484, 8.971572384, 8.9811153, 0.0, 0.0, 0.0, 0.0, 0.0, 0.0, 0.0, 0.0, 0.0, 0.0, 0.0, 0.0, 0.0, 0.0, 0.0, 0.0, 0.0, 0.0, 0.0, 0.0, 0.0, 0.0], "min_cpu_time": [9, 21, 1, 11, 21, 11, 9, 3, 16, 14, 9, 15, 2, 17, 4, 6, 8, 22, 3, 6, 17, 4, 9, 10], "max_cpu_time": [32, 31, 8, 31, 39, 47, 26, 7, 28, 20, 43, 27, 39, 48, 45, 54, 52, 33, 32, 33, 60, 28, 23, 60], "min_job_period": [39, 93, 1, 13, 64, 116, 65, 47, 70, 103, 32, 66, 45, 79, 124, 66, 62, 106, 37, 8, 69, 43, 74, 31], "max_job_period": [110, 95, 101, 116, 65, 121, 116, 120, 116, 105, 78, 71, 119, 86, 124, 101, 110, 118, 57, 118, 83, 88, 81, 75], "min_startup": [1, 1, 4, 1, 1, 1, 1, 2, 1, 1, 1, 1, 2, 1, 1, 1, 1, 1, 2, 1, 1, 1, 1, 1], "max_startup": [60, 120, 50, 64, 9, 114, 84, 20, 76, 68, 53, 105, 42, 124, 103, 8, 57, 107, 112, 124, 102, 61, 112, 26], "priority": [10, 3, 1, 17, 12, 15, 8, 19, 7, 16, 14, 13, 11, 18, 20, 2, 21, 23, 9, 22, 6, 24, 4, 5], "win_min": [0, 0, 0, 0, 0, 0, 0, 0, 0, 2, 0, 0, 0, 0, 0, 0, 0, 0, 0, 0, 0, 0, 0, 0], "win_max": [125, 125, 125, 125, 125, 125, 125, 125, 125, 122, 125, 125, 125, 125, 125, 125, 125, 125, 125, 125, 125, 125, 125, 125]}