{"subs": 1, "jobs": 13, "T": 125, "power_use": [2.2401106098208237, 2.3714647950737717, 1.8905614372791615, 1.8760400620681226, 2.9794075276097742, 2.2022077658525308, 0.859115128228682, 2.4585796886814353, 1.160543709705845, 0.11332694090610776, 1.8288034876215482, 0.16180285498968192, 1.6645325932028798], "power_resource": [3.007095966, 2.511018252, 2.769600492, 2.948145372, 3.402203472, 3.982782168, 4.55443362, 5.107460994, 5.63262921, 6.120857106, 6.56383311, 6.953553486, 7.283091924, 7.546445622, 7.738535286, 7.855512966, 7.894146384, 7.853358114, 7.732532484, 7.532593002, 7.25569452, 6.905223234, 6.766389198, 7.10100693, 7.384062132, 7.60970592, 7.872290028, 8.238768786, 8.534291346, 8.755933266, 8.902155366, 8.972495892, 8.96803227, 0.0, 0.0, 0.0, 0.0, 0.0, 0.0, 0.0, 0.0, 0.0, 0.0, 0.0, 0.0, 0.0, 0.0, 0.0, 0.0, 0.0, 0.0, 0.0, 0.0, 0.0, 0.0, 0.0, 0.0, 0.0, 0.0, 0.0, 0.0, 0.0, 0.0, 0.0, 0.0, 0.0, 0.0, 0.0, 6.716058012, 6.93246672, 7.284785022, 7.593852366, 7.85212677, 8.053605432, 8.192593386, 8.469030114, 8.742234564, 8.941404456, 9.064077102, 9.109482912, 9.078237558, 8.97188022, 8.793489258, 8.54706654, 8.23769136, 7.871520438, 7.45578792, 6.998189706, 6.507191286, 5.991565986, 5.460856722, 4.924298574, 4.639396356, 4.48132257, 4.244442768, 3.93337449, 3.55319703, 3.110374944, 2.612142378, 2.709264636, 2.90366307, 3.277068138, 3.858108588, 4.431914892, 4.989098052, 5.520115152, 6.01588503, 6.467942196, 6.868282914, 7.209826956, 7.486109766, 7.692205968, 7.82365194, 7.877369322, 7.851665016, 7.746077268, 7.561067832, 7.298637642, 6.961865058, 6.714980586, 7.05867948, 7.35189327, 7.588773072, 7.80210342, 8.18151129], "min_cpu_time": [14, 9, 7, 16, 16, 14, 23, 6, 6, 4, 5, 5, 15], "max_cpu_time": [60, 16, 38, 35, 36, 46, 46, 14, 12, 8, 16, 44, 23], "min_job_period": [30, 7, 1, 10, 35, 1, 41, 2, 1, 7, 8, 7, 24], "max_job_period": [42, 92, 53, 41, 121, 39, 42, 93, 36, 99, 52, 62, 25], "min_startup": [4, 6, 8, 3, 3, 4, 2, 10, 10, 15, 12, 12, 4], "max_startup": [117, 30, 29, 35, 60, 124, 95, 34, 45, 74, 50, 92, 98], "priority": [1, 3, 7, 4, 12, 8, 11, 9, 6, 10, 2, 13, 5], "win_min": [0, 4, 0, 0, 0, 0, 0, 0, 0, 0, 0, 0, 0], "win_max": [125, 105, 125, 125, 125, 125, 125, 125, 125, 125, 125, 125, 125]}