{"subs": 1, "jobs": 20, "T": 125, "power_use": [3.7567095415175995, 0.26404604043070057, 1.4827014475808948, 3.876173596371033, 1.1468019260622309, 1.8859704905008536, 0.49172822365789853, 2.1016836767226255, 1.8244660176477039, 3.929740376914766, 3.8723068726052814, 2.5080121051193487, 0.5106648791079171, 2.709552591676, 3.9021885735206534, 0.052203688967174144, 2.4453075729230376, 3.152410305597927, 1.1738599049236076, 3.75130975490724], "power_resource": [7.851665016, 7.746077268, 7.561067832, 7.298637642, 6.961865058, 6.714980586, 7.05867948, 7.35189327, 7.588773072, 7.80210342, 8.18151129, 8.490578634, 8.72638101, 8.886917484, 8.971572384, 8.9811153, 0.0, 0.0, 0.0, 0.0, 0.0, 0.0, 0.0, 0.0, 0.0, 0.0, 0.0, 0.0, 0.0, 0.0, 0.0, 0.0, 0.0, 0.0, 0.0, 0.0, 0.0, 0.0, 0.0, 0.0, 0.0, 0.0, 0.0, 0.0, 0.0, 0.0, 0.0, 0.0, 0.0, 0.0, 0.0, 6.771160656, 6.863665374, 7.22414133, 7.54275159, 7.81210809, 8.025592356, 8.17766334, 8.406385488, 8.694519984, 8.908927758, 9.04730004, 9.108559404, 9.092859768, 9.001740312, 8.83797156, 8.605093626, 8.308339722, 7.95371265, 7.547830884, 7.098544242, 6.614010378, 6.103310454, 5.575525632, 5.040198828, 4.667255514, 4.525497036, 4.304470788, 4.00802472, 3.64169988, 3.211191234, 2.724040764, 2.64585042, 2.856102408, 3.152086722, 3.733127172, 4.30893441, 4.869811602, 5.406215832, 5.909219856, 6.370204266, 6.78085749, 7.133945382, 7.423157304, 7.642952208, 7.788866472, 7.8575139, 7.847201394, 7.75669761, 7.58661822, 7.338656322, 7.015736358, 6.662032794, 7.014351096, 7.317569556, 7.565531454, 7.752541824, 8.121637188, 8.444249316, 8.69405823, 8.86875516, 8.967878352, 8.991427806, 0.0, 0.0, 0.0, 0.0, 0.0, 0.0, 0.0, 0.0, 0.0, 0.0, 0.0, 0.0], "min_cpu_time": [21, 24, 9, 22, 12, 13, 15, 19, 13, 3, 5, 13, 21, 20, 16, 24, 1, 22, 14, 12], "max_cpu_time": [46, 25, 46, 46, 59, 22, 27, 27, 35, 22, 34, 30, 26, 22, 36, 26, 15, 45, 42, 46], "min_job_period": [120, 102, 4, 94, 36, 19, 21, 33, 13, 30, 25, 84, 30, 83, 82, 102, 6, 119, 41, 117], "max_job_period": [121, 110, 69, 111, 56, 72, 69, 78, 92, 120, 51, 99, 53, 115, 89, 124, 70, 119, 86, 117], "min_startup": [1, 1, 2, 1, 1, 1, 1, 1, 1, 4, 3, 1, 1, 1, 1, 1, 12, 1, 1, 1], "max_startup": [74, 5, 112, 76, 51, 7, 116, 83, 104, 82, 111, 70, 11, 111, 59, 20, 87, 2, 123, 93], "priority": [15, 5, 14, 12, 1, 2, 18, 7, 3, 6, 19, 20, 9, 4, 10, 13, 8, 11, 16, 17], "win_min": [0, 0, 1, 0, 0, 0, 0, 0, 0, 0, 0, 0, 0, 0, 0, 0, 0, 0, 0, 0], "win_max": [125, 125, 107, 125, 125, 125, 125, 125, 125, 125, 125, 125, 125, 125, 125, 125, 125, 125, 125, 125]}