{"subs": 1, "jobs": 18, "T": 125, "power_use": [0.2558339132007287, 1.0266052806624386, 0.5035870112185303, 2.7421016770704036, 1.3162837819228559, 3.9115831078952787, 2.36213758926915, 3.8900898491931644, 0.21658120426404376, 3.533391260660285, 3.549452286027368, 2.8196611890250365, 2.408835012438153, 0.8190633719776402, 1.6398732253494572, 3.184086624116388, 3.9403941572188668, 3.2544736655545097], "power_resource": [0.0, 0.0, 0.0, 0.0, 0.0, 0.0, 0.0, 0.0, 0.0, 6.754383594, 6.900297858, 7.25107698, 7.558451226, 7.815340368, 8.015433768, 8.153190378, 8.464566492, 8.736539598, 8.934016392, 9.055149858, 9.09886257, 9.0657702, 8.957411928, 8.776866114, 8.527980708, 8.21614284, 7.847355312, 7.428698352, 6.96786786, 6.473637162, 5.954625666, 5.42022237, 4.879816272, 4.610305854, 4.450846806, 4.212581742, 3.899666448, 3.517488054, 3.07220328, 2.571354108, 2.784530538, 2.980929906, 3.319857342, 3.902283054, 4.477782456, 5.03696655, 5.57029242, 6.068678904, 6.523506594, 6.926771754, 7.271548074, 7.551370998, 7.761007314, 7.896147318, 7.95371265, 7.931856294, 7.829962578, 7.648801092, 7.390218852, 7.0571403, 6.654029058, 6.954323076, 7.250923062, 7.49118906, 7.744999842, 8.128255662, 8.441478792, 8.681283036, 8.845975296, 8.9349399, 8.948638602, 0.0, 0.0, 0.0, 0.0, 0.0, 0.0, 0.0, 0.0, 0.0, 0.0, 0.0, 0.0, 0.0, 0.0, 0.0, 0.0, 0.0, 0.0, 0.0, 0.0, 0.0, 0.0, 0.0, 0.0, 0.0, 0.0, 0.0, 0.0, 0.0, 0.0, 0.0, 0.0, 0.0, 0.0, 0.0, 6.809794074, 6.832112184, 7.190895042, 7.507966122, 7.775783442, 7.987882446, 8.138722086, 8.40238362, 8.689132854, 8.902155366, 9.03883455, 9.098400816, 9.081008082, 8.987887692, 8.82181017, 8.586777384, 8.287560792, 7.930163196, 7.521356988], "min_cpu_time": [6, 19, 19, 19, 21, 1, 13, 17, 18, 13, 16, 9, 11, 12, 24, 18, 24, 23], "max_cpu_time": [21, 36, 38, 30, 29, 1, 17, 23, 23, 20, 51, 46, 29, 41, 45, 21, 50, 24], "min_job_period": [2, 33, 109, 26, 3, 18, 102, 94, 63, 10, 47, 98, 61, 59, 72, 113, 33, 35], "max_job_period": [45, 87, 114, 75, 69, 30, 111, 124, 94, 61, 77, 102, 122, 101, 117, 118, 50, 60], "min_startup": [1, 1, 1, 1, 1, 4, 1, 1, 1, 1, 1, 1, 1, 1, 1, 1, 1, 1], "max_startup": [24, 99, 27, 69, 64, 49, 9, 51, 116, 29, 90, 123, 66, 59, 25, 11, 11, 33], "priority": [1, 4, 2, 13, 15, 14, 7, 8, 3, 17, 18, 6, 16, 5, 11, 9, 12, 10], "win_min": [0, 7, 0, 0, 0, 0, 0, 0, 0, 0, 0, 0, 0, 0, 0, 0, 0, 0], "win_max": [125, 114, 125, 125, 125, 125, 125, 125, 125, 125, 125, 125, 125, 125, 125, 125, 125, 125]}