{"subs": 1, "jobs": 24, "T": 125, "power_use": [0.3319817909972672, 0.3366664235237008, 1.2548956345883528, 1.8387079351812834, 1.6028733951961758, 0.9541051447020493, 0.41797979470943797, 1.4863743156584108, 0.5399696879395801, 2.7555272719118973, 3.1531039994054084, 2.6843956281709973, 3.0521548718392433, 0.7580053234523695, 1.4328657634206068, 2.6477578827223076, 0.5229061589902565, 3.3091358651220317, 3.739481786105495, 1.1661912055628538, 1.8902931723248098, 1.4270619615052897, 3.1658674994524985, 0.13080891767817168], "power_resource": [9.087780474, 9.101633094, 9.039450222, 8.902924956, 8.695905246, 8.422700796, 8.088698736, 7.700825376, 7.266007026, 6.792709176, 6.289551234, 5.765306526, 5.229671886, 4.691882394, 4.573827288, 4.383276804, 4.115459484, 3.775300704, 3.368341512, 2.901508218, 2.583821466, 2.827011906, 2.989549314, 3.527338806, 4.10730183, 4.676336676, 5.224900428, 5.743911924, 6.224136084, 6.657569172, 7.036515288, 7.354048122, 7.604164872, 7.782247998, 7.88444955, 7.908152922, 7.851972852, 7.71590934, 7.50119373, 7.209980874, 6.846118722, 6.815950794, 7.141487364, 7.41423006, 7.628329998, 7.940167866, 8.293563594, 8.575233534, 8.782714998, 8.914468806, 8.970648876, 8.952178716, 0.0, 0.0, 0.0, 0.0, 0.0, 0.0, 0.0, 0.0, 0.0, 0.0, 0.0, 0.0, 0.0, 0.0, 0.0, 0.0, 0.0, 0.0, 0.0, 0.0, 0.0, 0.0, 0.0, 0.0, 0.0, 0.0, 0.0, 0.0, 0.0, 0.0, 0.0, 0.0, 0.0, 0.0, 0.0, 6.658030926, 6.999574968, 7.343581698, 7.642644372, 7.88983668, 8.079001902, 8.20459899, 8.52859638, 8.787024702, 8.970648876, 9.077467968, 9.107174142, 9.06038307, 8.938941768, 8.746236432, 8.486115012, 8.164426392, 7.787327292, 7.36189794, 6.89629599, 6.398986932, 5.87889801, 5.345418222, 4.808090484, 4.60830492, 4.433761908, 4.181490306, 3.8556459, 3.462077574, 3.007095966, 2.511018252, 2.769600492, 2.948145372, 3.402203472, 3.982782168, 4.55443362, 5.107460994, 5.63262921], "min_cpu_time": [22, 24, 4, 2, 7, 20, 16, 16, 4, 8, 8, 8, 4, 3, 16, 15, 21, 16, 14, 12, 9, 6, 9, 4], "max_cpu_time": [23, 60, 45, 61, 46, 39, 58, 31, 33, 9, 55, 39, 46, 55, 19, 43, 42, 30, 30, 61, 27, 48, 56, 34], "min_job_period": [81, 21, 16, 27, 97, 30, 89, 90, 18, 114, 121, 82, 56, 15, 116, 57, 118, 109, 98, 19, 36, 69, 112, 51], "max_job_period": [109, 80, 105, 85, 112, 120, 94, 123, 44, 122, 124, 91, 58, 56, 122, 106, 121, 118, 122, 40, 47, 90, 113, 81], "min_startup": [1, 1, 2, 3, 1, 1, 1, 1, 2, 1, 1, 1, 2, 2, 1, 1, 1, 1, 1, 1, 1, 1, 1, 2], "max_startup": [24, 42, 76, 25, 79, 12, 21, 58, 45, 106, 66, 20, 63, 67, 87, 87, 24, 100, 94, 121, 104, 109, 1, 13], "priority": [15, 16, 24, 4, 1, 12, 20, 22, 18, 14, 2, 21, 5, 13, 9, 7, 3, 8, 6, 17, 23, 11, 19, 10], "win_min": [11, 0, 0, 0, 0, 0, 0, 0, 0, 0, 0, 0, 0, 0, 0, 0, 0, 0, 0, 0, 0, 0, 0, 0], "win_max": [106, 125, 125, 125, 125, 125, 125, 125, 125, 125, 125, 125, 125, 125, 125, 125, 125, 125, 125, 125, 125, 125, 125, 125]}