{"subs": 1, "jobs": 24, "T": 125, "power_use": [2.9346424785171443, 2.405738380408132, 1.7818515368461783, 1.6696207278504087, 2.627100597583508, 0.12017593775113719, 2.151806498633292, 2.225435852416473, 2.831937459066429, 3.11484477913207, 1.353955591658307, 2.000272899401782, 0.8876122190237262, 1.1559799496437997, 2.0225776491266254, 0.4553182601833877, 1.392965731332343, 0.3534917255630113, 0.30825194756871077, 1.5606925582736242, 1.9864422335221263, 0.8253166329164607, 1.5633006524622661, 2.0304763969340764], "power_resource": [3.858108588, 4.431914892, 4.989098052, 5.520115152, 6.01588503, 6.467942196, 6.868282914, 7.209826956, 7.486109766, 7.692205968, 7.82365194, 7.877369322, 7.851665016, 7.746077268, 7.561067832, 7.298637642, 6.961865058, 6.714980586, 7.05867948, 7.35189327, 7.588773072, 7.80210342, 8.18151129, 8.490578634, 8.72638101, 8.886917484, 8.971572384, 8.9811153, 0.0, 0.0, 0.0, 0.0, 0.0, 0.0, 0.0, 0.0, 0.0, 0.0, 0.0, 0.0, 0.0, 0.0, 0.0, 0.0, 0.0, 0.0, 0.0, 0.0, 0.0, 0.0, 0.0, 0.0, 0.0, 0.0, 0.0, 0.0, 0.0, 0.0, 0.0, 0.0, 0.0, 0.0, 0.0, 6.771160656, 6.863665374, 7.22414133, 7.54275159, 7.81210809, 8.025592356, 8.17766334, 8.406385488, 8.694519984, 8.908927758, 9.04730004, 9.108559404, 9.092859768, 9.001740312, 8.83797156, 8.605093626, 8.308339722, 7.95371265, 7.547830884, 7.098544242, 6.614010378, 6.103310454, 5.575525632, 5.040198828, 4.667255514, 4.525497036, 4.304470788, 4.00802472, 3.64169988, 3.211191234, 2.724040764, 2.64585042, 2.856102408, 3.152086722, 3.733127172, 4.30893441, 4.869811602, 5.406215832, 5.909219856, 6.370204266, 6.78085749, 7.133945382, 7.423157304, 7.642952208, 7.788866472, 7.8575139, 7.847201394, 7.75669761, 7.58661822, 7.338656322, 7.015736358, 6.662032794, 7.014351096, 7.317569556, 7.565531454, 7.752541824, 8.121637188, 8.444249316, 8.69405823, 8.86875516, 8.967878352, 8.991427806], "min_cpu_time": [15, 20, 1, 1, 9, 6, 15, 16, 1, 22, 3, 10, 21, 2, 9, 2, 19, 16, 3, 17, 19, 18, 8, 21], "max_cpu_time": [27, 21, 35, 1, 51, 28, 56, 30, 10, 54, 7, 27, 21, 41, 35, 54, 58, 26, 21, 28, 42, 18, 43, 58], "min_job_period": [73, 35, 38, 27, 77, 33, 101, 111, 13, 83, 42, 30, 18, 41, 106, 21, 33, 66, 105, 8, 119, 92, 106, 17], "max_job_period": [108, 73, 47, 40, 114, 111, 120, 122, 49, 97, 124, 49, 28, 83, 107, 93, 36, 73, 109, 112, 122, 111, 116, 72], "min_startup": [1, 1, 3, 3, 1, 1, 1, 1, 3, 1, 1, 1, 1, 2, 1, 2, 1, 1, 1, 1, 1, 1, 1, 1], "max_startup": [10, 3, 103, 109, 105, 86, 45, 122, 87, 12, 123, 51, 17, 96, 122, 51, 87, 62, 98, 94, 11, 38, 106, 11], "priority": [11, 2, 23, 12, 10, 14, 18, 15, 22, 4, 19, 5, 7, 9, 13, 17, 3, 1, 20, 6, 21, 24, 8, 16], "win_min": [0, 0, 0, 0, 0, 0, 0, 0, 0, 0, 0, 0, 0, 0, 5, 0, 0, 0, 0, 0, 0, 0, 0, 0], "win_max": [125, 125, 125, 125, 125, 125, 125, 125, 125, 125, 125, 125, 125, 125, 118, 125, 125, 125, 125, 125, 125, 125, 125, 125]}