{"subs": 1, "jobs": 18, "T": 125, "power_use": [3.4241176191919482, 3.2935937638238384, 2.6123964595623006, 2.2253262183340747, 0.4721338116663599, 1.3311794800176235, 0.34605287048161365, 0.8974909028184936, 3.015238097851578, 0.08077364215531252, 1.8370882965194704, 1.3405592829647965, 2.5493798337901183, 2.3697902996518887, 2.976589782419043, 3.0814162094134394, 0.5140907689845454, 2.678546366636462], "power_resource": [6.809794074, 6.832112184, 7.190895042, 7.507966122, 7.775783442, 7.987882446, 8.138722086, 8.40238362, 8.689132854, 8.902155366, 9.03883455, 9.098400816, 9.081008082, 8.987887692, 8.82181017, 8.586777384, 8.287560792, 7.930163196, 7.521356988, 7.068991986, 6.581379762, 6.067293642, 5.535814788, 4.996793952, 4.638165012, 4.495021272, 4.272609762, 3.974470596, 3.606144822, 3.173327406, 2.68356033, 2.720654568, 2.932753572, 3.195029844, 3.777455556, 4.354801974, 4.9176801, 5.4563931, 5.961859812, 6.425460828, 6.839192412, 7.195512582, 7.4881107, 7.711445718, 7.861054014, 7.933549392, 7.926930918, 7.840275084, 7.674043644, 7.429929696, 7.110703764, 6.720521634, 6.909994692, 7.21644543, 7.467793524, 7.67204271, 8.068227642, 8.394841638, 8.648806338, 8.827659054, 8.930938032, 8.958643272, 0.0, 0.0, 0.0, 0.0, 0.0, 0.0, 0.0, 0.0, 0.0, 0.0, 0.0, 0.0, 0.0, 0.0, 0.0, 0.0, 0.0, 0.0, 0.0, 0.0, 0.0, 0.0, 0.0, 0.0, 0.0, 0.0, 0.0, 0.0, 0.0, 0.0, 0.0, 0.0, 0.0, 0.0, 0.0, 0.0, 6.76238733, 7.128866088, 7.455172248, 7.733763828, 7.957714518, 8.12148327, 8.337276306, 8.63864775, 8.866908144, 9.019286964, 9.094706784, 9.093013686, 9.015285096, 8.863983702, 8.642803536, 8.356362138, 8.01066231, 7.612168608, 7.168423014, 6.6877371, 6.178884192, 5.650945452, 5.113309878, 4.662637974, 4.536117378, 4.329405504, 4.04650422], "min_cpu_time": [3, 9, 4, 13, 18, 2, 21, 10, 1, 4, 20, 9, 2, 17, 10, 13, 4, 7], "max_cpu_time": [11, 15, 54, 23, 28, 62, 56, 50, 53, 52, 25, 34, 2, 30, 60, 14, 23, 19], "min_job_period": [7, 46, 12, 12, 94, 7, 19, 27, 5, 2, 57, 58, 9, 49, 11, 109, 14, 22], "max_job_period": [11, 61, 22, 65, 96, 93, 42, 67, 96, 19, 122, 83, 40, 91, 115, 122, 90, 83], "min_startup": [5, 2, 4, 1, 1, 7, 1, 2, 13, 4, 1, 2, 7, 1, 2, 1, 4, 2], "max_startup": [94, 119, 15, 121, 27, 44, 19, 124, 60, 33, 28, 95, 93, 109, 69, 117, 43, 36], "priority": [15, 6, 12, 7, 3, 8, 5, 1, 4, 17, 10, 2, 13, 9, 16, 11, 14, 18], "win_min": [0, 0, 0, 0, 0, 0, 0, 0, 0, 0, 0, 0, 0, 0, 0, 20, 0, 0], "win_max": [125, 125, 125, 125, 125, 125, 125, 125, 125, 125, 125, 125, 125, 125, 125, 104, 125, 125]}