{"subs": 1, "jobs": 20, "T": 125, "power_use": [3.190769380158166, 3.413682350153938, 0.7126480548832139, 3.780792755185259, 3.3807689502618348, 2.947394346961402, 3.5321312782519367, 1.170023604767619, 2.5326091315427406, 1.3270969528516827, 1.9417244824610516, 3.2089520800642446, 0.35296139852451586, 0.9845657408415948, 2.360567917280446, 1.4191442358604307, 0.6476141745398833, 1.068514966680115, 2.873283096270197, 3.3657208047874017], "power_resource": [5.341262436, 5.853655458, 6.325721964, 6.749458218, 7.11716832, 7.422387714, 7.659113598, 7.823036268, 7.910461692, 7.918927182, 7.847663148, 7.696515672, 7.467023934, 7.161650622, 6.784551522, 6.86397321, 7.179966864, 7.442089218, 7.644645306, 8.005429098, 8.34543396, 8.613405198, 8.806572288, 8.92416564, 8.966031336, 0.0, 0.0, 0.0, 0.0, 0.0, 0.0, 0.0, 0.0, 0.0, 0.0, 0.0, 0.0, 0.0, 0.0, 0.0, 0.0, 0.0, 0.0, 0.0, 0.0, 0.0, 0.0, 0.0, 0.0, 0.0, 0.0, 0.0, 0.0, 0.0, 0.0, 0.0, 0.0, 0.0, 0.0, 0.0, 0.0, 6.691123296, 7.065144036, 7.40037744, 7.689435444, 7.925083902, 8.101627848, 8.26924455, 8.585084286, 8.828582562, 8.996661018, 9.087780474, 9.101633094, 9.039450222, 8.902924956, 8.695905246, 8.422700796, 8.088698736, 7.700825376, 7.266007026, 6.792709176, 6.289551234, 5.765306526, 5.229671886, 4.691882394, 4.573827288, 4.383276804, 4.115459484, 3.775300704, 3.368341512, 2.901508218, 2.583821466, 2.827011906, 2.989549314, 3.527338806, 4.10730183, 4.676336676, 5.224900428, 5.743911924, 6.224136084, 6.657569172, 7.036515288, 7.354048122, 7.604164872, 7.782247998, 7.88444955, 7.908152922, 7.851972852, 7.71590934, 7.50119373, 7.209980874, 6.846118722, 6.815950794, 7.141487364, 7.41423006, 7.628329998, 7.940167866, 8.293563594, 8.575233534, 8.782714998, 8.914468806, 8.970648876, 8.952178716, 0.0, 0.0], "min_cpu_time": [11, 11, 3, 5, 13, 15, 23, 24, 19, 23, 7, 21, 24, 18, 19, 4, 10, 8, 20, 18], "max_cpu_time": [49, 41, 9, 34, 20, 43, 26, 59, 56, 26, 60, 28, 30, 21, 21, 50, 27, 48, 56, 43], "min_job_period": [17, 1, 9, 18, 40, 80, 69, 97, 72, 120, 42, 32, 56, 26, 76, 16, 13, 19, 28, 35], "max_job_period": [42, 102, 73, 43, 105, 83, 106, 111, 73, 121, 107, 61, 97, 108, 88, 20, 54, 57, 93, 104], "min_startup": [2, 2, 5, 3, 1, 1, 1, 1, 1, 1, 2, 1, 1, 1, 1, 4, 2, 2, 1, 1], "max_startup": [92, 102, 62, 29, 53, 30, 34, 32, 48, 81, 99, 91, 27, 119, 76, 93, 97, 15, 68, 24], "priority": [13, 5, 1, 14, 15, 8, 20, 12, 17, 2, 10, 4, 18, 7, 3, 9, 16, 19, 6, 11], "win_min": [0, 0, 0, 0, 0, 22, 0, 0, 0, 0, 0, 0, 0, 0, 0, 0, 0, 0, 0, 0], "win_max": [125, 125, 125, 125, 125, 109, 125, 125, 125, 125, 125, 125, 125, 125, 125, 125, 125, 125, 125, 125]}