{"subs": 1, "jobs": 24, "T": 125, "power_use": [3.5807415105900544, 1.2027027813566327, 3.888969498136236, 0.37284407774971473, 1.0092838729255675, 2.1502976347945197, 1.0141484086666248, 2.3773627913601505, 0.8379122328207317, 1.6888332351198292, 2.9384958426099104, 2.1013329187165373, 3.6799596289959173, 0.5617466226487411, 1.861697199189876, 0.5528396038308516, 1.8176487985619871, 1.8745662071140259, 1.9087465453277423, 1.8725481112719269, 2.735197284031268, 1.8514147675696762, 0.4990100005387909, 0.1303107970518967], "power_resource": [7.761007314, 7.896147318, 7.95371265, 7.931856294, 7.829962578, 7.648801092, 7.390218852, 7.0571403, 6.654029058, 6.954323076, 7.250923062, 7.49118906, 7.744999842, 8.128255662, 8.441478792, 8.681283036, 8.845975296, 8.9349399, 8.948638602, 0.0, 0.0, 0.0, 0.0, 0.0, 0.0, 0.0, 0.0, 0.0, 0.0, 0.0, 0.0, 0.0, 0.0, 0.0, 0.0, 0.0, 0.0, 0.0, 0.0, 0.0, 0.0, 0.0, 0.0, 0.0, 0.0, 0.0, 0.0, 0.0, 0.0, 0.0, 0.0, 0.0, 0.0, 0.0, 6.809794074, 6.832112184, 7.190895042, 7.507966122, 7.775783442, 7.987882446, 8.138722086, 8.40238362, 8.689132854, 8.902155366, 9.03883455, 9.098400816, 9.081008082, 8.987887692, 8.82181017, 8.586777384, 8.287560792, 7.930163196, 7.521356988, 7.068991986, 6.581379762, 6.067293642, 5.535814788, 4.996793952, 4.638165012, 4.495021272, 4.272609762, 3.974470596, 3.606144822, 3.173327406, 2.68356033, 2.720654568, 2.932753572, 3.195029844, 3.777455556, 4.354801974, 4.9176801, 5.4563931, 5.961859812, 6.425460828, 6.839192412, 7.195512582, 7.4881107, 7.711445718, 7.861054014, 7.933549392, 7.926930918, 7.840275084, 7.674043644, 7.429929696, 7.110703764, 6.720521634, 6.909994692, 7.21644543, 7.467793524, 7.67204271, 8.068227642, 8.394841638, 8.648806338, 8.827659054, 8.930938032, 8.958643272, 0.0, 0.0, 0.0, 0.0, 0.0, 0.0, 0.0, 0.0, 0.0], "min_cpu_time": [1, 23, 24, 2, 19, 2, 23, 24, 15, 8, 20, 10, 2, 2, 12, 11, 1, 18, 3, 11, 6, 23, 10, 4], "max_cpu_time": [19, 52, 29, 19, 53, 38, 27, 46, 58, 42, 48, 28, 4, 10, 13, 33, 13, 18, 19, 18, 15, 34, 37, 36], "min_job_period": [4, 114, 63, 9, 84, 7, 46, 96, 57, 38, 79, 23, 7, 11, 56, 33, 2, 64, 17, 40, 30, 17, 14, 11], "max_job_period": [65, 119, 114, 29, 107, 82, 108, 111, 112, 59, 90, 80, 74, 121, 60, 97, 76, 67, 60, 63, 41, 109, 97, 20], "min_startup": [18, 1, 1, 9, 1, 9, 1, 1, 1, 2, 1, 2, 9, 9, 2, 2, 18, 1, 6, 2, 3, 1, 2, 5], "max_startup": [42, 38, 18, 58, 79, 19, 11, 32, 76, 123, 14, 90, 105, 53, 19, 114, 48, 2, 121, 58, 100, 83, 92, 82], "priority": [24, 22, 19, 17, 18, 14, 4, 23, 16, 5, 9, 6, 10, 11, 8, 13, 1, 21, 7, 2, 12, 15, 3, 20], "win_min": [0, 0, 0, 0, 0, 0, 0, 0, 0, 7, 0, 0, 0, 0, 0, 0, 0, 0, 0, 0, 0, 0, 0, 0], "win_max": [125, 125, 125, 125, 125, 125, 125, 125, 125, 121, 125, 125, 125, 125, 125, 125, 125, 125, 125, 125, 125, 125, 125, 125]}