{"subs": 1, "jobs": 20, "T": 125, "power_use": [2.118894592354762, 0.8063005492674412, 2.0486240457458424, 3.730555656832201, 2.988461448821631, 0.31077944179052264, 1.7087770264488629, 2.509847101146497, 2.109907810340584, 1.6331036497807863, 0.6635182157110523, 1.7106953849663278, 2.7039725870748206, 3.0621705092849574, 1.6846664463821257, 2.6743489983050797, 2.3162429088889063, 0.6062992122623254, 2.195775945368489, 2.024569432603462], "power_resource": [6.068678904, 6.523506594, 6.926771754, 7.271548074, 7.551370998, 7.761007314, 7.896147318, 7.95371265, 7.931856294, 7.829962578, 7.648801092, 7.390218852, 7.0571403, 6.654029058, 6.954323076, 7.250923062, 7.49118906, 7.744999842, 8.128255662, 8.441478792, 8.681283036, 8.845975296, 8.9349399, 8.948638602, 0.0, 0.0, 0.0, 0.0, 0.0, 0.0, 0.0, 0.0, 0.0, 0.0, 0.0, 0.0, 0.0, 0.0, 0.0, 0.0, 0.0, 0.0, 0.0, 0.0, 0.0, 0.0, 0.0, 0.0, 0.0, 0.0, 0.0, 0.0, 0.0, 0.0, 0.0, 0.0, 0.0, 0.0, 0.0, 6.809794074, 6.832112184, 7.190895042, 7.507966122, 7.775783442, 7.987882446, 8.138722086, 8.40238362, 8.689132854, 8.902155366, 9.03883455, 9.098400816, 9.081008082, 8.987887692, 8.82181017, 8.586777384, 8.287560792, 7.930163196, 7.521356988, 7.068991986, 6.581379762, 6.067293642, 5.535814788, 4.996793952, 4.638165012, 4.495021272, 4.272609762, 3.974470596, 3.606144822, 3.173327406, 2.68356033, 2.720654568, 2.932753572, 3.195029844, 3.777455556, 4.354801974, 4.9176801, 5.4563931, 5.961859812, 6.425460828, 6.839192412, 7.195512582, 7.4881107, 7.711445718, 7.861054014, 7.933549392, 7.926930918, 7.840275084, 7.674043644, 7.429929696, 7.110703764, 6.720521634, 6.909994692, 7.21644543, 7.467793524, 7.67204271, 8.068227642, 8.394841638, 8.648806338, 8.827659054, 8.930938032, 8.958643272, 0.0, 0.0, 0.0, 0.0], "min_cpu_time": [16, 24, 17, 5, 8, 5, 3, 18, 8, 21, 1, 24, 1, 1, 13, 9, 14, 20, 8, 21], "max_cpu_time": [39, 60, 24, 11, 37, 11, 28, 29, 17, 62, 39, 54, 6, 36, 27, 60, 56, 45, 30, 49], "min_job_period": [123, 14, 81, 5, 48, 3, 15, 21, 42, 108, 2, 116, 3, 3, 37, 45, 59, 121, 43, 82], "max_job_period": [123, 63, 87, 120, 102, 109, 48, 24, 88, 121, 72, 119, 107, 72, 49, 97, 74, 123, 121, 112], "min_startup": [1, 1, 1, 4, 2, 4, 6, 1, 2, 1, 18, 1, 18, 18, 2, 2, 1, 1, 2, 1], "max_startup": [95, 41, 25, 32, 103, 34, 19, 61, 5, 42, 64, 64, 97, 55, 112, 78, 64, 94, 100, 37], "priority": [13, 7, 5, 17, 2, 6, 9, 16, 12, 14, 19, 20, 10, 4, 1, 18, 8, 11, 15, 3], "win_min": [0, 0, 0, 0, 0, 0, 0, 0, 0, 0, 0, 0, 0, 2, 0, 0, 0, 0, 0, 0], "win_max": [125, 125, 125, 125, 125, 125, 125, 125, 125, 125, 125, 125, 125, 114, 125, 125, 125, 125, 125, 125]}