{"subs": 1, "jobs": 24, "T": 125, "power_use": [3.6540055305176717, 3.228125687699292, 0.40640443390581904, 3.078375642040999, 0.19851363561840554, 2.3052416273413328, 3.060688183086477, 2.0943552067583444, 3.219083358995264, 3.6608506487014556, 2.44533031664228, 3.5310730122553764, 3.445975698806167, 0.8788570496393596, 2.1252675925550144, 3.3876107857664457, 1.0059006991496091, 3.334029133421166, 1.3005677095007282, 2.82033223946708, 0.9679160168512134, 0.9765409831411043, 2.3531531228877456, 0.9625949232881525], "power_resource": [3.55319703, 3.110374944, 2.612142378, 2.709264636, 2.90366307, 3.277068138, 3.858108588, 4.431914892, 4.989098052, 5.520115152, 6.01588503, 6.467942196, 6.868282914, 7.209826956, 7.486109766, 7.692205968, 7.82365194, 7.877369322, 7.851665016, 7.746077268, 7.561067832, 7.298637642, 6.961865058, 6.714980586, 7.05867948, 7.35189327, 7.588773072, 7.80210342, 8.18151129, 8.490578634, 8.72638101, 8.886917484, 8.971572384, 8.9811153, 0.0, 0.0, 0.0, 0.0, 0.0, 0.0, 0.0, 0.0, 0.0, 0.0, 0.0, 0.0, 0.0, 0.0, 0.0, 0.0, 0.0, 0.0, 0.0, 0.0, 0.0, 0.0, 0.0, 0.0, 0.0, 0.0, 0.0, 0.0, 0.0, 0.0, 0.0, 0.0, 0.0, 0.0, 0.0, 6.771160656, 6.863665374, 7.22414133, 7.54275159, 7.81210809, 8.025592356, 8.17766334, 8.406385488, 8.694519984, 8.908927758, 9.04730004, 9.108559404, 9.092859768, 9.001740312, 8.83797156, 8.605093626, 8.308339722, 7.95371265, 7.547830884, 7.098544242, 6.614010378, 6.103310454, 5.575525632, 5.040198828, 4.667255514, 4.525497036, 4.304470788, 4.00802472, 3.64169988, 3.211191234, 2.724040764, 2.64585042, 2.856102408, 3.152086722, 3.733127172, 4.30893441, 4.869811602, 5.406215832, 5.909219856, 6.370204266, 6.78085749, 7.133945382, 7.423157304, 7.642952208, 7.788866472, 7.8575139, 7.847201394, 7.75669761, 7.58661822, 7.338656322, 7.015736358, 6.662032794, 7.014351096, 7.317569556, 7.565531454, 7.752541824], "min_cpu_time": [13, 10, 13, 17, 14, 12, 2, 24, 2, 1, 10, 9, 17, 8, 23, 2, 19, 22, 8, 2, 16, 10, 20, 2], "max_cpu_time": [61, 60, 51, 29, 60, 59, 16, 54, 15, 8, 40, 49, 58, 17, 28, 7, 36, 41, 50, 48, 55, 15, 55, 15], "min_job_period": [119, 97, 89, 13, 118, 79, 59, 113, 50, 36, 93, 69, 9, 36, 54, 35, 31, 87, 58, 46, 30, 119, 121, 18], "max_job_period": [123, 121, 91, 82, 120, 121, 81, 124, 54, 93, 108, 94, 79, 99, 71, 38, 64, 118, 94, 77, 100, 123, 123, 100], "min_startup": [1, 1, 1, 1, 1, 1, 2, 1, 2, 3, 1, 1, 1, 1, 1, 2, 1, 1, 1, 2, 1, 1, 1, 2], "max_startup": [3, 22, 30, 57, 14, 5, 73, 74, 74, 86, 27, 66, 98, 48, 47, 64, 121, 111, 97, 29, 83, 12, 83, 73], "priority": [16, 20, 5, 11, 14, 22, 17, 15, 4, 3, 9, 10, 12, 19, 13, 18, 7, 23, 8, 6, 24, 21, 2, 1], "win_min": [0, 0, 0, 0, 0, 0, 0, 0, 0, 0, 10, 0, 0, 0, 0, 0, 0, 0, 0, 0, 0, 0, 0, 0], "win_max": [125, 125, 125, 125, 125, 125, 125, 125, 125, 125, 103, 125, 125, 125, 125, 125, 125, 125, 125, 125, 125, 125, 125, 125]}