{"subs": 1, "jobs": 22, "T": 125, "power_use": [2.0557404774109713, 1.0352116838896743, 0.6007908812887821, 1.5355401832526936, 0.4571080217814908, 1.698361762945962, 3.7305422324572683, 2.6807805450081665, 0.7442267246096822, 2.0835250314406295, 3.0126290101550435, 1.58093788552863, 1.686463922118686, 0.7144764485679251, 3.4209374696551085, 1.602137062014028, 2.3934239709010097, 1.6779060933510412, 3.3240389606628153, 3.566058235297659, 2.2340648969278516, 0.39932794167411356], "power_resource": [6.507191286, 5.991565986, 5.460856722, 4.924298574, 4.639396356, 4.48132257, 4.244442768, 3.93337449, 3.55319703, 3.110374944, 2.612142378, 2.709264636, 2.90366307, 3.277068138, 3.858108588, 4.431914892, 4.989098052, 5.520115152, 6.01588503, 6.467942196, 6.868282914, 7.209826956, 7.486109766, 7.692205968, 7.82365194, 7.877369322, 7.851665016, 7.746077268, 7.561067832, 7.298637642, 6.961865058, 6.714980586, 7.05867948, 7.35189327, 7.588773072, 7.80210342, 8.18151129, 8.490578634, 8.72638101, 8.886917484, 8.971572384, 8.9811153, 0.0, 0.0, 0.0, 0.0, 0.0, 0.0, 0.0, 0.0, 0.0, 0.0, 0.0, 0.0, 0.0, 0.0, 0.0, 0.0, 0.0, 0.0, 0.0, 0.0, 0.0, 0.0, 0.0, 0.0, 0.0, 0.0, 0.0, 0.0, 0.0, 0.0, 0.0, 0.0, 0.0, 0.0, 0.0, 6.771160656, 6.863665374, 7.22414133, 7.54275159, 7.81210809, 8.025592356, 8.17766334, 8.406385488, 8.694519984, 8.908927758, 9.04730004, 9.108559404, 9.092859768, 9.001740312, 8.83797156, 8.605093626, 8.308339722, 7.95371265, 7.547830884, 7.098544242, 6.614010378, 6.103310454, 5.575525632, 5.040198828, 4.667255514, 4.525497036, 4.304470788, 4.00802472, 3.64169988, 3.211191234, 2.724040764, 2.64585042, 2.856102408, 3.152086722, 3.733127172, 4.30893441, 4.869811602, 5.406215832, 5.909219856, 6.370204266, 6.78085749, 7.133945382, 7.423157304, 7.642952208, 7.788866472, 7.8575139, 7.847201394, 7.75669761], "min_cpu_time": [7, 7, 1, 11, 14, 21, 4, 4, 22, 19, 13, 20, 19, 11, 24, 20, 2, 3, 18, 22, 21, 12], "max_cpu_time": [30, 39, 40, 31, 61, 53, 28, 10, 26, 25, 34, 58, 26, 49, 53, 57, 10, 29, 38, 32, 43, 56], "min_job_period": [58, 61, 38, 58, 21, 111, 112, 88, 112, 50, 17, 48, 5, 33, 47, 59, 4, 79, 23, 64, 101, 105], "max_job_period": [65, 96, 124, 107, 66, 117, 122, 93, 114, 107, 123, 81, 59, 85, 124, 81, 83, 83, 56, 120, 124, 123], "min_startup": [1, 1, 2, 1, 1, 1, 1, 1, 1, 1, 1, 1, 1, 1, 1, 1, 1, 1, 1, 1, 1, 1], "max_startup": [38, 55, 58, 81, 73, 23, 48, 107, 117, 32, 79, 8, 50, 108, 80, 103, 96, 28, 106, 66, 120, 124], "priority": [17, 19, 12, 18, 3, 11, 20, 1, 15, 16, 4, 5, 9, 13, 10, 6, 2, 8, 22, 14, 7, 21], "win_min": [0, 0, 0, 0, 0, 0, 0, 0, 0, 0, 0, 0, 0, 0, 0, 0, 0, 0, 10, 0, 0, 0], "win_max": [125, 125, 125, 125, 125, 125, 125, 125, 125, 125, 125, 125, 125, 125, 125, 125, 125, 125, 109, 125, 125, 125]}