{"subs": 1, "jobs": 9, "T": 125, "power_use": [2.0966467671499234, 0.6909521025193688, 2.659866333192213, 1.0576491833353123, 1.1937841243774763, 3.2344274495254703, 3.5560859637840534, 0.732111196406632, 3.873099970943172], "power_resource": [0.0, 0.0, 0.0, 0.0, 0.0, 0.0, 0.0, 0.0, 0.0, 0.0, 0.0, 0.0, 0.0, 0.0, 0.0, 0.0, 0.0, 0.0, 0.0, 0.0, 0.0, 0.0, 0.0, 0.0, 0.0, 6.771160656, 6.863665374, 7.22414133, 7.54275159, 7.81210809, 8.025592356, 8.17766334, 8.406385488, 8.694519984, 8.908927758, 9.04730004, 9.108559404, 9.092859768, 9.001740312, 8.83797156, 8.605093626, 8.308339722, 7.95371265, 7.547830884, 7.098544242, 6.614010378, 6.103310454, 5.575525632, 5.040198828, 4.667255514, 4.525497036, 4.304470788, 4.00802472, 3.64169988, 3.211191234, 2.724040764, 2.64585042, 2.856102408, 3.152086722, 3.733127172, 4.30893441, 4.869811602, 5.406215832, 5.909219856, 6.370204266, 6.78085749, 7.133945382, 7.423157304, 7.642952208, 7.788866472, 7.8575139, 7.847201394, 7.75669761, 7.58661822, 7.338656322, 7.015736358, 6.662032794, 7.014351096, 7.317569556, 7.565531454, 7.752541824, 8.121637188, 8.444249316, 8.69405823, 8.86875516, 8.967878352, 8.991427806, 0.0, 0.0, 0.0, 0.0, 0.0, 0.0, 0.0, 0.0, 0.0, 0.0, 0.0, 0.0, 0.0, 0.0, 0.0, 0.0, 0.0, 0.0, 0.0, 0.0, 0.0, 0.0, 0.0, 0.0, 0.0, 0.0, 0.0, 0.0, 0.0, 0.0, 0.0, 0.0, 0.0, 0.0, 0.0, 0.0, 6.793324848, 7.161650622], "min_cpu_time": [20, 6, 17, 20, 23, 15, 23, 19, 7], "max_cpu_time": [30, 53, 46, 50, 58, 33, 51, 34, 43], "min_job_period": [19, 9, 59, 22, 27, 6, 31, 38, 2], "max_job_period": [110, 32, 62, 76, 48, 70, 48, 86, 53], "min_startup": [2, 7, 2, 2, 2, 3, 2, 2, 6], "max_startup": [42, 29, 17, 63, 80, 80, 78, 59, 82], "priority": [6, 4, 8, 1, 9, 2, 5, 7, 3], "win_min": [0, 2, 0, 0, 0, 0, 0, 0, 0], "win_max": [125, 106, 125, 125, 125, 125, 125, 125, 125]}