{"subs": 1, "jobs": 13, "T": 125, "power_use": [3.993881549057419, 2.8847775896456422, 1.440758632863404, 0.6983698122662421, 0.09675059037896726, 0.8452849082820968, 1.6340149945434446, 2.567880421698329, 3.6994252627851916, 0.5490597101608731, 2.3422432614353936, 1.2832523190273835, 3.1430702389033276], "power_resource": [4.04650422, 3.692031066, 3.272142762, 2.7936117, 2.653700238, 2.88134496, 3.070356264, 3.652320222, 4.23120582, 4.797316224, 5.341262436, 5.853655458, 6.325721964, 6.749458218, 7.11716832, 7.422387714, 7.659113598, 7.823036268, 7.910461692, 7.918927182, 7.847663148, 7.696515672, 7.467023934, 7.161650622, 6.784551522, 6.86397321, 7.179966864, 7.442089218, 7.644645306, 8.005429098, 8.34543396, 8.613405198, 8.806572288, 8.92416564, 8.966031336, 0.0, 0.0, 0.0, 0.0, 0.0, 0.0, 0.0, 0.0, 0.0, 0.0, 0.0, 0.0, 0.0, 0.0, 0.0, 0.0, 0.0, 0.0, 0.0, 0.0, 0.0, 0.0, 0.0, 0.0, 0.0, 0.0, 0.0, 0.0, 0.0, 0.0, 0.0, 0.0, 0.0, 0.0, 0.0, 0.0, 6.691123296, 7.065144036, 7.40037744, 7.689435444, 7.925083902, 8.101627848, 8.26924455, 8.585084286, 8.828582562, 8.996661018, 9.087780474, 9.101633094, 9.039450222, 8.902924956, 8.695905246, 8.422700796, 8.088698736, 7.700825376, 7.266007026, 6.792709176, 6.289551234, 5.765306526, 5.229671886, 4.691882394, 4.573827288, 4.383276804, 4.115459484, 3.775300704, 3.368341512, 2.901508218, 2.583821466, 2.827011906, 2.989549314, 3.527338806, 4.10730183, 4.676336676, 5.224900428, 5.743911924, 6.224136084, 6.657569172, 7.036515288, 7.354048122, 7.604164872, 7.782247998, 7.88444955, 7.908152922, 7.851972852, 7.71590934, 7.50119373, 7.209980874, 6.846118722, 6.815950794, 7.141487364, 7.41423006], "min_cpu_time": [9, 24, 4, 3, 6, 11, 8, 7, 21, 7, 13, 24, 12], "max_cpu_time": [61, 30, 34, 29, 46, 51, 40, 17, 33, 7, 23, 46, 30], "min_job_period": [43, 6, 3, 18, 10, 22, 53, 48, 93, 52, 62, 30, 30], "max_job_period": [122, 95, 92, 48, 23, 50, 59, 82, 118, 101, 65, 77, 92], "min_startup": [2, 1, 4, 5, 3, 2, 2, 2, 1, 2, 1, 1, 2], "max_startup": [9, 112, 8, 122, 74, 24, 44, 32, 96, 8, 124, 64, 113], "priority": [7, 6, 5, 1, 9, 2, 4, 10, 12, 11, 13, 3, 8], "win_min": [0, 0, 0, 21, 0, 0, 0, 0, 0, 0, 0, 0, 0], "win_max": [125, 125, 125, 100, 125, 125, 125, 125, 125, 125, 125, 125, 125]}