{"subs": 1, "jobs": 24, "T": 125, "power_use": [1.1434015011169925, 2.183348066805182, 1.3340542786654064, 2.0505334466588416, 2.5089290988607735, 3.3697524635734775, 0.8297457110581841, 2.2316582138162713, 1.7023197980476987, 0.3110173893652906, 0.4985477373015222, 2.176912577960812, 0.7469859856684125, 2.272372988125866, 0.7811466480911863, 2.562638419406029, 3.9915079978733186, 0.2744926235298047, 3.908176112046684, 2.723844008852384, 1.6828310435041218, 3.8208289857819597, 0.20423158174418748, 1.4925481930837208], "power_resource": [7.41423006, 7.628329998, 7.940167866, 8.293563594, 8.575233534, 8.782714998, 8.914468806, 8.970648876, 8.952178716, 0.0, 0.0, 0.0, 0.0, 0.0, 0.0, 0.0, 0.0, 0.0, 0.0, 0.0, 0.0, 0.0, 0.0, 0.0, 0.0, 0.0, 0.0, 0.0, 0.0, 0.0, 0.0, 0.0, 0.0, 0.0, 0.0, 0.0, 0.0, 0.0, 0.0, 0.0, 0.0, 0.0, 0.0, 0.0, 6.658030926, 6.999574968, 7.343581698, 7.642644372, 7.88983668, 8.079001902, 8.20459899, 8.52859638, 8.787024702, 8.970648876, 9.077467968, 9.107174142, 9.06038307, 8.938941768, 8.746236432, 8.486115012, 8.164426392, 7.787327292, 7.36189794, 6.89629599, 6.398986932, 5.87889801, 5.345418222, 4.808090484, 4.60830492, 4.433761908, 4.181490306, 3.8556459, 3.462077574, 3.007095966, 2.511018252, 2.769600492, 2.948145372, 3.402203472, 3.982782168, 4.55443362, 5.107460994, 5.63262921, 6.120857106, 6.56383311, 6.953553486, 7.283091924, 7.546445622, 7.738535286, 7.855512966, 7.894146384, 7.853358114, 7.732532484, 7.532593002, 7.25569452, 6.905223234, 6.766389198, 7.10100693, 7.384062132, 7.60970592, 7.872290028, 8.238768786, 8.534291346, 8.755933266, 8.902155366, 8.972495892, 8.96803227, 0.0, 0.0, 0.0, 0.0, 0.0, 0.0, 0.0, 0.0, 0.0, 0.0, 0.0, 0.0, 0.0, 0.0, 0.0, 0.0, 0.0, 0.0, 0.0], "min_cpu_time": [6, 13, 4, 13, 15, 8, 24, 2, 13, 18, 15, 9, 17, 15, 18, 8, 8, 20, 2, 9, 16, 3, 12, 4], "max_cpu_time": [41, 40, 52, 26, 30, 15, 56, 31, 21, 19, 49, 11, 28, 31, 34, 25, 50, 21, 18, 26, 46, 36, 20, 20], "min_job_period": [85, 115, 57, 19, 9, 23, 9, 60, 29, 92, 11, 12, 80, 45, 121, 19, 18, 5, 43, 100, 121, 7, 41, 62], "max_job_period": [114, 121, 101, 62, 85, 39, 27, 85, 88, 99, 102, 36, 116, 78, 121, 122, 88, 84, 44, 108, 124, 77, 77, 75], "min_startup": [1, 1, 1, 1, 1, 1, 1, 2, 1, 1, 1, 1, 1, 1, 1, 1, 1, 1, 2, 1, 1, 2, 1, 1], "max_startup": [104, 46, 80, 124, 72, 7, 14, 42, 119, 8, 43, 77, 42, 64, 12, 42, 96, 43, 41, 1, 102, 35, 97, 2], "priority": [6, 13, 5, 16, 24, 22, 18, 9, 10, 1, 2, 4, 7, 15, 14, 3, 17, 11, 21, 8, 23, 12, 20, 19], "win_min": [0, 0, 0, 0, 0, 8, 0, 0, 0, 0, 0, 0, 0, 0, 0, 0, 0, 0, 0, 0, 0, 0, 0, 0], "win_max": [125, 125, 125, 125, 125, 110, 125, 125, 125, 125, 125, 125, 125, 125, 125, 125, 125, 125, 125, 125, 125, 125, 125, 125]}