{"subs": 1, "jobs": 24, "T": 125, "power_use": [0.8523368657225041, 1.5123182402423854, 1.2260916007891671, 1.1036166864694854, 0.34149024414976525, 2.0359049921340384, 0.1267357839085569, 1.3031327379247766, 0.44134793671989836, 0.22594670550026535, 2.075368965849801, 1.1694891094934476, 3.707880067149395, 1.3812051975719932, 3.3284356854212382, 2.175161104420236, 0.05929165281992042, 3.839472283719873, 0.5159168736687151, 3.281246409462942, 2.2159053685760073, 2.096836924515964, 0.17448590707276276, 2.551468892161665], "power_resource": [8.828582562, 8.996661018, 9.087780474, 9.101633094, 9.039450222, 8.902924956, 8.695905246, 8.422700796, 8.088698736, 7.700825376, 7.266007026, 6.792709176, 6.289551234, 5.765306526, 5.229671886, 4.691882394, 4.573827288, 4.383276804, 4.115459484, 3.775300704, 3.368341512, 2.901508218, 2.583821466, 2.827011906, 2.989549314, 3.527338806, 4.10730183, 4.676336676, 5.224900428, 5.743911924, 6.224136084, 6.657569172, 7.036515288, 7.354048122, 7.604164872, 7.782247998, 7.88444955, 7.908152922, 7.851972852, 7.71590934, 7.50119373, 7.209980874, 6.846118722, 6.815950794, 7.141487364, 7.41423006, 7.628329998, 7.940167866, 8.293563594, 8.575233534, 8.782714998, 8.914468806, 8.970648876, 8.952178716, 0.0, 0.0, 0.0, 0.0, 0.0, 0.0, 0.0, 0.0, 0.0, 0.0, 0.0, 0.0, 0.0, 0.0, 0.0, 0.0, 0.0, 0.0, 0.0, 0.0, 0.0, 0.0, 0.0, 0.0, 0.0, 0.0, 0.0, 0.0, 0.0, 0.0, 0.0, 0.0, 0.0, 0.0, 0.0, 6.658030926, 6.999574968, 7.343581698, 7.642644372, 7.88983668, 8.079001902, 8.20459899, 8.52859638, 8.787024702, 8.970648876, 9.077467968, 9.107174142, 9.06038307, 8.938941768, 8.746236432, 8.486115012, 8.164426392, 7.787327292, 7.36189794, 6.89629599, 6.398986932, 5.87889801, 5.345418222, 4.808090484, 4.60830492, 4.433761908, 4.181490306, 3.8556459, 3.462077574, 3.007095966, 2.511018252, 2.769600492, 2.948145372, 3.402203472, 3.982782168, 4.55443362], "min_cpu_time": [13, 7, 3, 21, 7, 18, 6, 11, 4, 24, 8, 22, 15, 7, 8, 1, 23, 24, 14, 4, 3, 7, 22, 3], "max_cpu_time": [18, 46, 20, 32, 58, 48, 39, 23, 32, 48, 60, 41, 43, 45, 13, 20, 40, 33, 14, 35, 32, 19, 24, 26], "min_job_period": [96, 65, 31, 2, 67, 10, 2, 27, 10, 9, 25, 29, 101, 96, 97, 22, 88, 40, 19, 40, 6, 57, 94, 16], "max_job_period": [104, 73, 47, 110, 73, 42, 60, 54, 16, 51, 100, 105, 106, 120, 110, 70, 124, 92, 121, 58, 29, 58, 119, 76], "min_startup": [1, 1, 2, 1, 1, 1, 1, 1, 2, 1, 1, 1, 1, 1, 1, 5, 1, 1, 1, 2, 2, 1, 1, 2], "max_startup": [32, 87, 5, 13, 62, 74, 7, 36, 24, 51, 47, 92, 53, 54, 39, 120, 118, 5, 81, 6, 44, 77, 13, 74], "priority": [24, 18, 14, 7, 17, 22, 15, 8, 9, 16, 19, 4, 12, 11, 5, 21, 23, 6, 1, 10, 3, 20, 2, 13], "win_min": [0, 0, 0, 0, 0, 0, 0, 0, 0, 0, 0, 0, 0, 0, 0, 0, 0, 0, 0, 0, 0, 0, 0, 14], "win_max": [125, 125, 125, 125, 125, 125, 125, 125, 125, 125, 125, 125, 125, 125, 125, 125, 125, 125, 125, 125, 125, 125, 125, 108]}