{"subs": 1, "jobs": 18, "T": 125, "power_use": [1.5437436322223719, 3.278858264299161, 0.06663674037839785, 1.3263886535263574, 0.02795357968268579, 2.560416678126679, 3.391868235148022, 0.796658507302297, 0.9573613757543923, 0.864918567079072, 2.160295459615043, 1.4721459955620668, 3.531681729450523, 3.9065142327940343, 0.08552036030413829, 3.831279324716717, 2.501936314896468, 1.3701713326231397], "power_resource": [0.0, 0.0, 0.0, 0.0, 0.0, 0.0, 0.0, 0.0, 0.0, 0.0, 0.0, 0.0, 0.0, 0.0, 0.0, 0.0, 0.0, 0.0, 0.0, 0.0, 0.0, 0.0, 0.0, 0.0, 0.0, 0.0, 0.0, 0.0, 0.0, 0.0, 0.0, 0.0, 6.658030926, 6.999574968, 7.343581698, 7.642644372, 7.88983668, 8.079001902, 8.20459899, 8.52859638, 8.787024702, 8.970648876, 9.077467968, 9.107174142, 9.06038307, 8.938941768, 8.746236432, 8.486115012, 8.164426392, 7.787327292, 7.36189794, 6.89629599, 6.398986932, 5.87889801, 5.345418222, 4.808090484, 4.60830492, 4.433761908, 4.181490306, 3.8556459, 3.462077574, 3.007095966, 2.511018252, 2.769600492, 2.948145372, 3.402203472, 3.982782168, 4.55443362, 5.107460994, 5.63262921, 6.120857106, 6.56383311, 6.953553486, 7.283091924, 7.546445622, 7.738535286, 7.855512966, 7.894146384, 7.853358114, 7.732532484, 7.532593002, 7.25569452, 6.905223234, 6.766389198, 7.10100693, 7.384062132, 7.60970592, 7.872290028, 8.238768786, 8.534291346, 8.755933266, 8.902155366, 8.972495892, 8.96803227, 0.0, 0.0, 0.0, 0.0, 0.0, 0.0, 0.0, 0.0, 0.0, 0.0, 0.0, 0.0, 0.0, 0.0, 0.0, 0.0, 0.0, 0.0, 0.0, 0.0, 0.0, 0.0, 0.0, 0.0, 0.0, 0.0, 0.0, 0.0, 0.0, 0.0, 0.0], "min_cpu_time": [22, 19, 17, 23, 8, 19, 11, 11, 21, 18, 7, 11, 4, 21, 2, 3, 3, 21], "max_cpu_time": [56, 29, 23, 38, 60, 56, 11, 13, 26, 24, 38, 22, 5, 31, 7, 41, 26, 53], "min_job_period": [37, 78, 105, 58, 7, 123, 52, 120, 63, 105, 117, 116, 43, 108, 23, 25, 15, 85], "max_job_period": [79, 121, 118, 113, 46, 124, 95, 120, 99, 123, 124, 124, 53, 123, 108, 105, 32, 109], "min_startup": [1, 1, 1, 1, 1, 1, 1, 1, 1, 1, 1, 1, 2, 1, 4, 3, 3, 1], "max_startup": [123, 91, 43, 58, 124, 21, 43, 21, 48, 4, 6, 70, 116, 3, 30, 82, 99, 76], "priority": [12, 2, 7, 5, 17, 3, 10, 1, 8, 15, 14, 13, 16, 4, 6, 18, 9, 11], "win_min": [0, 6, 0, 0, 0, 0, 0, 0, 0, 0, 0, 0, 0, 0, 0, 0, 0, 0], "win_max": [125, 107, 125, 125, 125, 125, 125, 125, 125, 125, 125, 125, 125, 125, 125, 125, 125, 125]}