{"subs": 1, "jobs": 18, "T": 125, "power_use": [0.6186778685043598, 2.3737113035447788, 3.654845989391574, 1.5666479495752446, 3.519303546650747, 3.8399277063763755, 1.3470789797193674, 3.883631812041602, 2.5063043817591826, 0.7495549737197534, 3.3277160622225392, 0.2659499377463257, 3.109192101823129, 1.922577763006307, 3.220755232403095, 1.9768540011051703, 3.9088707423472138, 1.308520616608018], "power_resource": [6.961865058, 6.714980586, 7.05867948, 7.35189327, 7.588773072, 7.80210342, 8.18151129, 8.490578634, 8.72638101, 8.886917484, 8.971572384, 8.9811153, 0.0, 0.0, 0.0, 0.0, 0.0, 0.0, 0.0, 0.0, 0.0, 0.0, 0.0, 0.0, 0.0, 0.0, 0.0, 0.0, 0.0, 0.0, 0.0, 0.0, 0.0, 0.0, 0.0, 0.0, 0.0, 0.0, 0.0, 0.0, 0.0, 0.0, 0.0, 0.0, 0.0, 0.0, 0.0, 6.771160656, 6.863665374, 7.22414133, 7.54275159, 7.81210809, 8.025592356, 8.17766334, 8.406385488, 8.694519984, 8.908927758, 9.04730004, 9.108559404, 9.092859768, 9.001740312, 8.83797156, 8.605093626, 8.308339722, 7.95371265, 7.547830884, 7.098544242, 6.614010378, 6.103310454, 5.575525632, 5.040198828, 4.667255514, 4.525497036, 4.304470788, 4.00802472, 3.64169988, 3.211191234, 2.724040764, 2.64585042, 2.856102408, 3.152086722, 3.733127172, 4.30893441, 4.869811602, 5.406215832, 5.909219856, 6.370204266, 6.78085749, 7.133945382, 7.423157304, 7.642952208, 7.788866472, 7.8575139, 7.847201394, 7.75669761, 7.58661822, 7.338656322, 7.015736358, 6.662032794, 7.014351096, 7.317569556, 7.565531454, 7.752541824, 8.121637188, 8.444249316, 8.69405823, 8.86875516, 8.967878352, 8.991427806, 0.0, 0.0, 0.0, 0.0, 0.0, 0.0, 0.0, 0.0, 0.0, 0.0, 0.0, 0.0, 0.0, 0.0, 0.0, 0.0], "min_cpu_time": [3, 19, 18, 12, 22, 23, 23, 17, 12, 24, 13, 9, 10, 23, 20, 22, 12, 10], "max_cpu_time": [14, 41, 42, 29, 32, 43, 23, 52, 50, 48, 27, 50, 22, 48, 39, 51, 54, 13], "min_job_period": [15, 103, 119, 45, 113, 41, 88, 114, 48, 122, 118, 37, 36, 121, 71, 28, 68, 14], "max_job_period": [40, 108, 121, 109, 115, 108, 106, 118, 76, 123, 119, 48, 45, 121, 112, 118, 122, 113], "min_startup": [1, 1, 1, 1, 1, 1, 1, 1, 1, 1, 1, 1, 1, 1, 1, 1, 1, 1], "max_startup": [52, 84, 10, 48, 39, 112, 34, 55, 22, 13, 31, 114, 67, 88, 69, 40, 45, 26], "priority": [3, 8, 18, 1, 12, 14, 4, 6, 7, 16, 13, 2, 10, 9, 11, 5, 15, 17], "win_min": [0, 0, 0, 0, 12, 0, 0, 0, 0, 0, 0, 0, 0, 0, 0, 0, 0, 0], "win_max": [125, 125, 125, 125, 120, 125, 125, 125, 125, 125, 125, 125, 125, 125, 125, 125, 125, 125]}