{"subs": 1, "jobs": 22, "T": 125, "power_use": [2.02145975308145, 0.6035093733669057, 0.41745716993272974, 3.6879588146107904, 2.291761614299158, 2.8722388704597916, 0.2635577518831334, 0.5874027190009751, 0.6555833600595635, 2.0638457589143253, 2.172386002168301, 3.6989201074317206, 2.6257794633248857, 0.1669928723656421, 2.572117505069835, 0.11066890086680316, 0.271841675581497, 3.1678904057385306, 3.668178514642166, 1.5392993316641825, 0.8863504972892313, 0.4019816821282772], "power_resource": [7.782247998, 7.88444955, 7.908152922, 7.851972852, 7.71590934, 7.50119373, 7.209980874, 6.846118722, 6.815950794, 7.141487364, 7.41423006, 7.628329998, 7.940167866, 8.293563594, 8.575233534, 8.782714998, 8.914468806, 8.970648876, 8.952178716, 0.0, 0.0, 0.0, 0.0, 0.0, 0.0, 0.0, 0.0, 0.0, 0.0, 0.0, 0.0, 0.0, 0.0, 0.0, 0.0, 0.0, 0.0, 0.0, 0.0, 0.0, 0.0, 0.0, 0.0, 0.0, 0.0, 0.0, 0.0, 0.0, 0.0, 0.0, 0.0, 0.0, 0.0, 0.0, 6.658030926, 6.999574968, 7.343581698, 7.642644372, 7.88983668, 8.079001902, 8.20459899, 8.52859638, 8.787024702, 8.970648876, 9.077467968, 9.107174142, 9.06038307, 8.938941768, 8.746236432, 8.486115012, 8.164426392, 7.787327292, 7.36189794, 6.89629599, 6.398986932, 5.87889801, 5.345418222, 4.808090484, 4.60830492, 4.433761908, 4.181490306, 3.8556459, 3.462077574, 3.007095966, 2.511018252, 2.769600492, 2.948145372, 3.402203472, 3.982782168, 4.55443362, 5.107460994, 5.63262921, 6.120857106, 6.56383311, 6.953553486, 7.283091924, 7.546445622, 7.738535286, 7.855512966, 7.894146384, 7.853358114, 7.732532484, 7.532593002, 7.25569452, 6.905223234, 6.766389198, 7.10100693, 7.384062132, 7.60970592, 7.872290028, 8.238768786, 8.534291346, 8.755933266, 8.902155366, 8.972495892, 8.96803227, 0.0, 0.0, 0.0, 0.0, 0.0, 0.0, 0.0, 0.0, 0.0], "min_cpu_time": [1, 13, 1, 11, 19, 15, 10, 23, 7, 17, 24, 7, 24, 3, 7, 21, 10, 11, 8, 22, 8, 10], "max_cpu_time": [36, 18, 57, 12, 55, 15, 21, 31, 61, 28, 52, 26, 36, 46, 23, 24, 28, 32, 28, 30, 38, 44], "min_job_period": [5, 30, 3, 28, 117, 83, 2, 28, 38, 90, 118, 29, 56, 2, 12, 93, 8, 34, 56, 87, 42, 52], "max_job_period": [100, 36, 56, 123, 121, 109, 113, 51, 75, 113, 122, 80, 71, 15, 114, 93, 75, 61, 109, 109, 115, 61], "min_startup": [17, 2, 17, 2, 1, 1, 2, 1, 3, 1, 1, 3, 1, 6, 3, 1, 2, 2, 2, 1, 2, 2], "max_startup": [45, 120, 81, 51, 90, 25, 108, 63, 75, 69, 68, 45, 116, 52, 12, 121, 87, 20, 6, 5, 121, 109], "priority": [17, 14, 7, 2, 3, 20, 1, 21, 18, 10, 5, 9, 11, 4, 8, 15, 13, 12, 6, 19, 22, 16], "win_min": [0, 0, 0, 0, 0, 0, 0, 0, 0, 0, 0, 8, 0, 0, 0, 0, 0, 0, 0, 0, 0, 0], "win_max": [125, 125, 125, 125, 125, 125, 125, 125, 125, 125, 125, 114, 125, 125, 125, 125, 125, 125, 125, 125, 125, 125]}