{"subs": 1, "jobs": 9, "T": 125, "power_use": [2.4715510035079693, 0.5433091607364264, 1.2760207173873206, 0.4895393124960564, 3.3532440881961016, 3.8762982282858034, 2.8526764778266864, 2.9651153181382313, 1.3127889452702197], "power_resource": [0.0, 0.0, 6.76238733, 7.128866088, 7.455172248, 7.733763828, 7.957714518, 8.12148327, 8.337276306, 8.63864775, 8.866908144, 9.019286964, 9.094706784, 9.093013686, 9.015285096, 8.863983702, 8.642803536, 8.356362138, 8.01066231, 7.612168608, 7.168423014, 6.6877371, 6.178884192, 5.650945452, 5.113309878, 4.662637974, 4.536117378, 4.329405504, 4.04650422, 3.692031066, 3.272142762, 2.7936117, 2.653700238, 2.88134496, 3.070356264, 3.652320222, 4.23120582, 4.797316224, 5.341262436, 5.853655458, 6.325721964, 6.749458218, 7.11716832, 7.422387714, 7.659113598, 7.823036268, 7.910461692, 7.918927182, 7.847663148, 7.696515672, 7.467023934, 7.161650622, 6.784551522, 6.86397321, 7.179966864, 7.442089218, 7.644645306, 8.005429098, 8.34543396, 8.613405198, 8.806572288, 8.92416564, 8.966031336, 0.0, 0.0, 0.0, 0.0, 0.0, 0.0, 0.0, 0.0, 0.0, 0.0, 0.0, 0.0, 0.0, 0.0, 0.0, 0.0, 0.0, 0.0, 0.0, 0.0, 0.0, 0.0, 0.0, 0.0, 0.0, 0.0, 0.0, 0.0, 0.0, 0.0, 0.0, 0.0, 0.0, 0.0, 0.0, 0.0, 6.691123296, 7.065144036, 7.40037744, 7.689435444, 7.925083902, 8.101627848, 8.26924455, 8.585084286, 8.828582562, 8.996661018, 9.087780474, 9.101633094, 9.039450222, 8.902924956, 8.695905246, 8.422700796, 8.088698736, 7.700825376, 7.266007026, 6.792709176, 6.289551234, 5.765306526, 5.229671886, 4.691882394, 4.573827288, 4.383276804], "min_cpu_time": [23, 5, 14, 20, 17, 2, 18, 18, 7], "max_cpu_time": [32, 25, 25, 53, 26, 31, 26, 55, 46], "min_job_period": [120, 35, 87, 119, 107, 3, 20, 28, 48], "max_job_period": [124, 62, 121, 123, 113, 95, 118, 74, 68], "min_startup": [1, 3, 1, 1, 1, 6, 1, 1, 2], "max_startup": [83, 22, 109, 78, 37, 59, 34, 23, 68], "priority": [6, 8, 7, 4, 9, 1, 2, 3, 5], "win_min": [0, 7, 0, 0, 0, 0, 0, 0, 0], "win_max": [125, 107, 125, 125, 125, 125, 125, 125, 125]}