{"subs": 1, "jobs": 9, "T": 125, "power_use": [0.4372637344581363, 0.6422692186286443, 3.228693766934468, 0.8611048288445882, 2.3532508111386194, 3.4851680676434365, 3.4365412972939486, 3.395603908545096, 0.9898722454952684], "power_resource": [0.0, 0.0, 0.0, 0.0, 0.0, 0.0, 0.0, 0.0, 0.0, 0.0, 0.0, 0.0, 0.0, 0.0, 0.0, 0.0, 0.0, 0.0, 0.0, 0.0, 0.0, 0.0, 0.0, 0.0, 0.0, 0.0, 0.0, 0.0, 0.0, 0.0, 0.0, 0.0, 0.0, 6.658030926, 6.999574968, 7.343581698, 7.642644372, 7.88983668, 8.079001902, 8.20459899, 8.52859638, 8.787024702, 8.970648876, 9.077467968, 9.107174142, 9.06038307, 8.938941768, 8.746236432, 8.486115012, 8.164426392, 7.787327292, 7.36189794, 6.89629599, 6.398986932, 5.87889801, 5.345418222, 4.808090484, 4.60830492, 4.433761908, 4.181490306, 3.8556459, 3.462077574, 3.007095966, 2.511018252, 2.769600492, 2.948145372, 3.402203472, 3.982782168, 4.55443362, 5.107460994, 5.63262921, 6.120857106, 6.56383311, 6.953553486, 7.283091924, 7.546445622, 7.738535286, 7.855512966, 7.894146384, 7.853358114, 7.732532484, 7.532593002, 7.25569452, 6.905223234, 6.766389198, 7.10100693, 7.384062132, 7.60970592, 7.872290028, 8.238768786, 8.534291346, 8.755933266, 8.902155366, 8.972495892, 8.96803227, 0.0, 0.0, 0.0, 0.0, 0.0, 0.0, 0.0, 0.0, 0.0, 0.0, 0.0, 0.0, 0.0, 0.0, 0.0, 0.0, 0.0, 0.0, 0.0, 0.0, 0.0, 0.0, 0.0, 0.0, 0.0, 0.0, 0.0, 0.0, 0.0, 0.0], "min_cpu_time": [19, 7, 24, 1, 9, 6, 15, 22, 8], "max_cpu_time": [55, 52, 36, 14, 56, 17, 30, 27, 58], "min_job_period": [25, 10, 4, 2, 3, 6, 39, 41, 11], "max_job_period": [115, 67, 111, 13, 28, 20, 112, 64, 29], "min_startup": [2, 5, 2, 34, 4, 6, 2, 2, 4], "max_startup": [71, 24, 124, 44, 63, 23, 99, 35, 7], "priority": [6, 3, 4, 1, 9, 7, 2, 8, 5], "win_min": [0, 0, 7, 0, 0, 0, 0, 0, 0], "win_max": [125, 125, 113, 125, 125, 125, 125, 125, 125]}