{"subs": 1, "jobs": 20, "T": 125, "power_use": [0.016123850900884758, 3.080399353701352, 2.4883395890494158, 1.8212070353604564, 1.0338641282009393, 3.293046031536775, 2.1994549720876084, 3.5959818938271613, 1.1238768306106866, 3.9317247093243712, 0.9120767565458032, 2.5904595232970955, 3.8901034409711346, 1.5358525271603625, 1.3073474157094827, 2.241331947218823, 1.9467765368414178, 0.937856941143999, 3.4654650598276837, 2.603943375568503], "power_resource": [7.561067832, 7.298637642, 6.961865058, 6.714980586, 7.05867948, 7.35189327, 7.588773072, 7.80210342, 8.18151129, 8.490578634, 8.72638101, 8.886917484, 8.971572384, 8.9811153, 0.0, 0.0, 0.0, 0.0, 0.0, 0.0, 0.0, 0.0, 0.0, 0.0, 0.0, 0.0, 0.0, 0.0, 0.0, 0.0, 0.0, 0.0, 0.0, 0.0, 0.0, 0.0, 0.0, 0.0, 0.0, 0.0, 0.0, 0.0, 0.0, 0.0, 0.0, 0.0, 0.0, 0.0, 0.0, 6.771160656, 6.863665374, 7.22414133, 7.54275159, 7.81210809, 8.025592356, 8.17766334, 8.406385488, 8.694519984, 8.908927758, 9.04730004, 9.108559404, 9.092859768, 9.001740312, 8.83797156, 8.605093626, 8.308339722, 7.95371265, 7.547830884, 7.098544242, 6.614010378, 6.103310454, 5.575525632, 5.040198828, 4.667255514, 4.525497036, 4.304470788, 4.00802472, 3.64169988, 3.211191234, 2.724040764, 2.64585042, 2.856102408, 3.152086722, 3.733127172, 4.30893441, 4.869811602, 5.406215832, 5.909219856, 6.370204266, 6.78085749, 7.133945382, 7.423157304, 7.642952208, 7.788866472, 7.8575139, 7.847201394, 7.75669761, 7.58661822, 7.338656322, 7.015736358, 6.662032794, 7.014351096, 7.317569556, 7.565531454, 7.752541824, 8.121637188, 8.444249316, 8.69405823, 8.86875516, 8.967878352, 8.991427806, 0.0, 0.0, 0.0, 0.0, 0.0, 0.0, 0.0, 0.0, 0.0, 0.0, 0.0, 0.0, 0.0, 0.0], "min_cpu_time": [9, 3, 19, 3, 11, 7, 23, 12, 7, 19, 4, 6, 7, 3, 24, 9, 1, 5, 16, 16], "max_cpu_time": [18, 7, 33, 7, 42, 8, 55, 19, 57, 31, 15, 10, 19, 44, 59, 23, 12, 27, 60, 38], "min_job_period": [23, 4, 52, 20, 105, 41, 16, 103, 36, 53, 6, 18, 58, 27, 50, 4, 2, 25, 9, 92], "max_job_period": [62, 10, 108, 45, 110, 124, 66, 107, 81, 63, 70, 96, 59, 46, 89, 73, 63, 80, 119, 114], "min_startup": [2, 4, 1, 4, 1, 2, 1, 1, 2, 1, 3, 2, 2, 4, 1, 2, 13, 3, 1, 1], "max_startup": [6, 83, 9, 35, 67, 54, 123, 38, 42, 64, 106, 59, 105, 120, 47, 114, 115, 103, 7, 113], "priority": [10, 17, 8, 2, 15, 18, 4, 6, 1, 20, 16, 13, 14, 7, 19, 12, 5, 9, 11, 3], "win_min": [0, 0, 0, 0, 0, 0, 0, 14, 0, 0, 0, 0, 0, 0, 0, 0, 0, 0, 0, 0], "win_max": [125, 125, 125, 125, 125, 125, 125, 123, 125, 125, 125, 125, 125, 125, 125, 125, 125, 125, 125, 125]}