{"subs": 1, "jobs": 18, "T": 125, "power_use": [2.3493627937727863, 0.7811541370017723, 1.1691123875889726, 3.2848211572193353, 1.2016588916541067, 3.8599591466493175, 3.1113342610019816, 1.3094040350019756, 0.38282026907031347, 2.743560624806289, 2.9623997933194377, 3.369358579870039, 1.6966715580414995, 3.1349343128785647, 1.0824725737639802, 0.26291404102857185, 3.2741138012545856, 2.085456292614899], "power_resource": [6.425460828, 6.839192412, 7.195512582, 7.4881107, 7.711445718, 7.861054014, 7.933549392, 7.926930918, 7.840275084, 7.674043644, 7.429929696, 7.110703764, 6.720521634, 6.909994692, 7.21644543, 7.467793524, 7.67204271, 8.068227642, 8.394841638, 8.648806338, 8.827659054, 8.930938032, 8.958643272, 0.0, 0.0, 0.0, 0.0, 0.0, 0.0, 0.0, 0.0, 0.0, 0.0, 0.0, 0.0, 0.0, 0.0, 0.0, 0.0, 0.0, 0.0, 0.0, 0.0, 0.0, 0.0, 0.0, 0.0, 0.0, 0.0, 0.0, 0.0, 0.0, 0.0, 0.0, 0.0, 0.0, 0.0, 0.0, 0.0, 6.76238733, 7.128866088, 7.455172248, 7.733763828, 7.957714518, 8.12148327, 8.337276306, 8.63864775, 8.866908144, 9.019286964, 9.094706784, 9.093013686, 9.015285096, 8.863983702, 8.642803536, 8.356362138, 8.01066231, 7.612168608, 7.168423014, 6.6877371, 6.178884192, 5.650945452, 5.113309878, 4.662637974, 4.536117378, 4.329405504, 4.04650422, 3.692031066, 3.272142762, 2.7936117, 2.653700238, 2.88134496, 3.070356264, 3.652320222, 4.23120582, 4.797316224, 5.341262436, 5.853655458, 6.325721964, 6.749458218, 7.11716832, 7.422387714, 7.659113598, 7.823036268, 7.910461692, 7.918927182, 7.847663148, 7.696515672, 7.467023934, 7.161650622, 6.784551522, 6.86397321, 7.179966864, 7.442089218, 7.644645306, 8.005429098, 8.34543396, 8.613405198, 8.806572288, 8.92416564, 8.966031336, 0.0, 0.0, 0.0, 0.0, 0.0], "min_cpu_time": [16, 6, 14, 13, 1, 23, 10, 1, 14, 19, 11, 14, 17, 20, 23, 14, 1, 9], "max_cpu_time": [23, 18, 46, 34, 49, 55, 29, 4, 60, 51, 46, 49, 47, 52, 39, 21, 21, 31], "min_job_period": [33, 27, 79, 24, 1, 116, 18, 5, 85, 53, 19, 26, 20, 98, 41, 6, 4, 30], "max_job_period": [58, 27, 105, 44, 12, 121, 32, 117, 108, 107, 71, 68, 48, 121, 82, 53, 109, 30], "min_startup": [1, 3, 1, 2, 18, 1, 2, 18, 1, 1, 2, 1, 1, 1, 1, 1, 18, 2], "max_startup": [97, 117, 123, 35, 90, 64, 113, 67, 67, 107, 51, 31, 113, 23, 33, 74, 48, 93], "priority": [5, 17, 8, 10, 11, 15, 3, 4, 13, 2, 16, 18, 12, 1, 14, 9, 7, 6], "win_min": [0, 0, 0, 0, 0, 0, 0, 0, 0, 0, 12, 0, 0, 0, 0, 0, 0, 0], "win_max": [125, 125, 125, 125, 125, 125, 125, 125, 125, 125, 106, 125, 125, 125, 125, 125, 125, 125]}