{"subs": 1, "jobs": 18, "T": 125, "power_use": [2.2466317448194277, 3.8588364117891785, 3.580385780472678, 2.126705726705501, 0.2602055246642288, 1.2376233684043594, 2.8786192575571627, 0.9678182235132733, 2.3202526336624016, 2.933004831624009, 3.9582838540369276, 3.1338775401227807, 1.378307429999461, 1.48422401950619, 3.2629952252105023, 1.9203871522192082, 1.6795927781608728, 3.01436849469201], "power_resource": [6.766389198, 7.10100693, 7.384062132, 7.60970592, 7.872290028, 8.238768786, 8.534291346, 8.755933266, 8.902155366, 8.972495892, 8.96803227, 0.0, 0.0, 0.0, 0.0, 0.0, 0.0, 0.0, 0.0, 0.0, 0.0, 0.0, 0.0, 0.0, 0.0, 0.0, 0.0, 0.0, 0.0, 0.0, 0.0, 0.0, 0.0, 0.0, 0.0, 0.0, 0.0, 0.0, 0.0, 0.0, 0.0, 0.0, 0.0, 0.0, 0.0, 0.0, 6.716058012, 6.93246672, 7.284785022, 7.593852366, 7.85212677, 8.053605432, 8.192593386, 8.469030114, 8.742234564, 8.941404456, 9.064077102, 9.109482912, 9.078237558, 8.97188022, 8.793489258, 8.54706654, 8.23769136, 7.871520438, 7.45578792, 6.998189706, 6.507191286, 5.991565986, 5.460856722, 4.924298574, 4.639396356, 4.48132257, 4.244442768, 3.93337449, 3.55319703, 3.110374944, 2.612142378, 2.709264636, 2.90366307, 3.277068138, 3.858108588, 4.431914892, 4.989098052, 5.520115152, 6.01588503, 6.467942196, 6.868282914, 7.209826956, 7.486109766, 7.692205968, 7.82365194, 7.877369322, 7.851665016, 7.746077268, 7.561067832, 7.298637642, 6.961865058, 6.714980586, 7.05867948, 7.35189327, 7.588773072, 7.80210342, 8.18151129, 8.490578634, 8.72638101, 8.886917484, 8.971572384, 8.9811153, 0.0, 0.0, 0.0, 0.0, 0.0, 0.0, 0.0, 0.0, 0.0, 0.0, 0.0, 0.0, 0.0, 0.0, 0.0, 0.0, 0.0], "min_cpu_time": [2, 21, 10, 19, 5, 10, 6, 13, 20, 19, 5, 13, 8, 9, 8, 1, 5, 19], "max_cpu_time": [15, 22, 23, 28, 17, 12, 18, 33, 31, 28, 39, 25, 41, 10, 8, 51, 6, 30], "min_job_period": [38, 120, 28, 106, 57, 11, 74, 5, 42, 35, 9, 37, 71, 51, 22, 4, 11, 108], "max_job_period": [115, 123, 42, 107, 118, 120, 93, 75, 118, 120, 100, 109, 95, 74, 100, 30, 106, 114], "min_startup": [3, 1, 1, 1, 2, 1, 1, 1, 1, 1, 2, 1, 1, 1, 1, 6, 2, 1], "max_startup": [17, 107, 60, 64, 60, 15, 50, 62, 8, 43, 47, 26, 14, 62, 119, 74, 107, 19], "priority": [15, 12, 7, 11, 3, 6, 5, 9, 14, 18, 10, 2, 17, 1, 16, 4, 8, 13], "win_min": [0, 0, 0, 0, 0, 0, 0, 0, 0, 0, 0, 0, 0, 0, 0, 0, 0, 24], "win_max": [125, 125, 125, 125, 125, 125, 125, 125, 125, 125, 125, 125, 125, 125, 125, 125, 125, 124]}