{"subs": 1, "jobs": 13, "T": 125, "power_use": [3.794841584056685, 3.5877419456867563, 3.8466390872087257, 1.414432649023055, 1.9124397602359509, 0.4202638610391158, 0.3750195472809569, 2.647794918199237, 1.6247344273873319, 1.6517372887406219, 0.37826935373626847, 1.0262850597903959, 2.378323177656802], "power_resource": [4.10730183, 4.676336676, 5.224900428, 5.743911924, 6.224136084, 6.657569172, 7.036515288, 7.354048122, 7.604164872, 7.782247998, 7.88444955, 7.908152922, 7.851972852, 7.71590934, 7.50119373, 7.209980874, 6.846118722, 6.815950794, 7.141487364, 7.41423006, 7.628329998, 7.940167866, 8.293563594, 8.575233534, 8.782714998, 8.914468806, 8.970648876, 8.952178716, 0.0, 0.0, 0.0, 0.0, 0.0, 0.0, 0.0, 0.0, 0.0, 0.0, 0.0, 0.0, 0.0, 0.0, 0.0, 0.0, 0.0, 0.0, 0.0, 0.0, 0.0, 0.0, 0.0, 0.0, 0.0, 0.0, 0.0, 0.0, 0.0, 0.0, 0.0, 0.0, 0.0, 0.0, 0.0, 6.658030926, 6.999574968, 7.343581698, 7.642644372, 7.88983668, 8.079001902, 8.20459899, 8.52859638, 8.787024702, 8.970648876, 9.077467968, 9.107174142, 9.06038307, 8.938941768, 8.746236432, 8.486115012, 8.164426392, 7.787327292, 7.36189794, 6.89629599, 6.398986932, 5.87889801, 5.345418222, 4.808090484, 4.60830492, 4.433761908, 4.181490306, 3.8556459, 3.462077574, 3.007095966, 2.511018252, 2.769600492, 2.948145372, 3.402203472, 3.982782168, 4.55443362, 5.107460994, 5.63262921, 6.120857106, 6.56383311, 6.953553486, 7.283091924, 7.546445622, 7.738535286, 7.855512966, 7.894146384, 7.853358114, 7.732532484, 7.532593002, 7.25569452, 6.905223234, 6.766389198, 7.10100693, 7.384062132, 7.60970592, 7.872290028, 8.238768786, 8.534291346, 8.755933266, 8.902155366, 8.972495892, 8.96803227], "min_cpu_time": [4, 3, 17, 20, 22, 24, 21, 17, 1, 16, 6, 1, 1], "max_cpu_time": [18, 16, 20, 43, 31, 24, 48, 33, 56, 61, 57, 18, 44], "min_job_period": [65, 109, 45, 13, 18, 92, 58, 10, 16, 102, 79, 2, 48], "max_job_period": [70, 109, 66, 54, 111, 101, 63, 115, 124, 124, 85, 103, 96], "min_startup": [1, 1, 1, 1, 1, 1, 1, 1, 2, 1, 1, 2, 2], "max_startup": [19, 42, 6, 29, 29, 12, 117, 20, 63, 66, 108, 53, 109], "priority": [10, 4, 5, 1, 3, 11, 12, 8, 13, 2, 6, 9, 7], "win_min": [0, 0, 0, 0, 0, 0, 0, 0, 0, 0, 0, 0, 9], "win_max": [125, 125, 125, 125, 125, 125, 125, 125, 125, 125, 125, 125, 107]}