{"subs": 1, "jobs": 24, "T": 125, "power_use": [1.6124825173498936, 1.6940762784129622, 1.1563798097807514, 1.8833966690219814, 0.865571625130921, 3.9617705684320184, 2.8539059432565574, 0.39207467150443354, 1.871791115571799, 0.9444980695405062, 1.3545208728177813, 0.6393473721227325, 2.5928743775058947, 0.4888437637689258, 3.4167376599172954, 2.8471041032972275, 1.5141109586033332, 0.21987587596824007, 3.6394552957107784, 0.48905870912965443, 3.2152023210406213, 2.6717156117213, 1.7906084413536614, 3.476760360924205], "power_resource": [7.930163196, 7.521356988, 7.068991986, 6.581379762, 6.067293642, 5.535814788, 4.996793952, 4.638165012, 4.495021272, 4.272609762, 3.974470596, 3.606144822, 3.173327406, 2.68356033, 2.720654568, 2.932753572, 3.195029844, 3.777455556, 4.354801974, 4.9176801, 5.4563931, 5.961859812, 6.425460828, 6.839192412, 7.195512582, 7.4881107, 7.711445718, 7.861054014, 7.933549392, 7.926930918, 7.840275084, 7.674043644, 7.429929696, 7.110703764, 6.720521634, 6.909994692, 7.21644543, 7.467793524, 7.67204271, 8.068227642, 8.394841638, 8.648806338, 8.827659054, 8.930938032, 8.958643272, 0.0, 0.0, 0.0, 0.0, 0.0, 0.0, 0.0, 0.0, 0.0, 0.0, 0.0, 0.0, 0.0, 0.0, 0.0, 0.0, 0.0, 0.0, 0.0, 0.0, 0.0, 0.0, 0.0, 0.0, 0.0, 0.0, 0.0, 0.0, 0.0, 0.0, 0.0, 0.0, 0.0, 0.0, 0.0, 0.0, 6.76238733, 7.128866088, 7.455172248, 7.733763828, 7.957714518, 8.12148327, 8.337276306, 8.63864775, 8.866908144, 9.019286964, 9.094706784, 9.093013686, 9.015285096, 8.863983702, 8.642803536, 8.356362138, 8.01066231, 7.612168608, 7.168423014, 6.6877371, 6.178884192, 5.650945452, 5.113309878, 4.662637974, 4.536117378, 4.329405504, 4.04650422, 3.692031066, 3.272142762, 2.7936117, 2.653700238, 2.88134496, 3.070356264, 3.652320222, 4.23120582, 4.797316224, 5.341262436, 5.853655458, 6.325721964, 6.749458218, 7.11716832, 7.422387714, 7.659113598, 7.823036268], "min_cpu_time": [19, 10, 18, 1, 1, 16, 7, 23, 9, 11, 1, 18, 21, 23, 23, 24, 16, 22, 2, 13, 19, 2, 11, 2], "max_cpu_time": [46, 21, 24, 34, 7, 23, 19, 47, 54, 52, 52, 58, 60, 39, 34, 52, 23, 28, 60, 40, 47, 35, 54, 8], "min_job_period": [81, 60, 85, 11, 36, 55, 55, 30, 97, 116, 9, 121, 55, 124, 123, 55, 22, 89, 29, 54, 33, 9, 105, 24], "max_job_period": [83, 73, 122, 59, 38, 60, 108, 50, 111, 123, 67, 122, 105, 124, 124, 107, 121, 104, 90, 118, 101, 87, 118, 41], "min_startup": [1, 1, 1, 3, 3, 1, 1, 1, 1, 1, 3, 1, 1, 1, 1, 1, 1, 1, 2, 1, 1, 2, 1, 2], "max_startup": [100, 60, 116, 61, 61, 100, 115, 111, 41, 74, 67, 95, 10, 16, 54, 39, 95, 38, 19, 84, 45, 89, 44, 33], "priority": [24, 6, 18, 23, 3, 20, 11, 22, 2, 5, 1, 21, 7, 10, 14, 13, 4, 9, 16, 8, 12, 15, 19, 17], "win_min": [0, 0, 0, 0, 0, 0, 0, 0, 0, 0, 12, 0, 0, 0, 0, 0, 0, 0, 0, 0, 0, 0, 0, 0], "win_max": [125, 125, 125, 125, 125, 125, 125, 125, 125, 125, 119, 125, 125, 125, 125, 125, 125, 125, 125, 125, 125, 125, 125, 125]}