{"subs": 1, "jobs": 24, "T": 125, "power_use": [3.6192254762392007, 0.2218345269317158, 3.3628974779542173, 3.558353959694743, 1.833584870236441, 1.2354654148150677, 3.0990539817472023, 0.08359230565886948, 2.709088350167389, 0.3339047162183476, 2.5395167906502976, 0.7501105475142479, 2.511683561686456, 2.7839266480627987, 2.7650559943612656, 2.6573613711127515, 0.7540382990987109, 1.3336134936519541, 3.1134564200978856, 2.168035832521701, 0.7428736296634222, 0.3372805464791797, 2.922694416163518, 0.1958559196989623], "power_resource": [8.238768786, 8.534291346, 8.755933266, 8.902155366, 8.972495892, 8.96803227, 0.0, 0.0, 0.0, 0.0, 0.0, 0.0, 0.0, 0.0, 0.0, 0.0, 0.0, 0.0, 0.0, 0.0, 0.0, 0.0, 0.0, 0.0, 0.0, 0.0, 0.0, 0.0, 0.0, 0.0, 0.0, 0.0, 0.0, 0.0, 0.0, 0.0, 0.0, 0.0, 0.0, 0.0, 0.0, 6.716058012, 6.93246672, 7.284785022, 7.593852366, 7.85212677, 8.053605432, 8.192593386, 8.469030114, 8.742234564, 8.941404456, 9.064077102, 9.109482912, 9.078237558, 8.97188022, 8.793489258, 8.54706654, 8.23769136, 7.871520438, 7.45578792, 6.998189706, 6.507191286, 5.991565986, 5.460856722, 4.924298574, 4.639396356, 4.48132257, 4.244442768, 3.93337449, 3.55319703, 3.110374944, 2.612142378, 2.709264636, 2.90366307, 3.277068138, 3.858108588, 4.431914892, 4.989098052, 5.520115152, 6.01588503, 6.467942196, 6.868282914, 7.209826956, 7.486109766, 7.692205968, 7.82365194, 7.877369322, 7.851665016, 7.746077268, 7.561067832, 7.298637642, 6.961865058, 6.714980586, 7.05867948, 7.35189327, 7.588773072, 7.80210342, 8.18151129, 8.490578634, 8.72638101, 8.886917484, 8.971572384, 8.9811153, 0.0, 0.0, 0.0, 0.0, 0.0, 0.0, 0.0, 0.0, 0.0, 0.0, 0.0, 0.0, 0.0, 0.0, 0.0, 0.0, 0.0, 0.0, 0.0, 0.0, 0.0, 0.0], "min_cpu_time": [4, 10, 4, 13, 5, 19, 19, 3, 18, 10, 1, 3, 24, 2, 16, 18, 8, 12, 22, 8, 16, 16, 4, 17], "max_cpu_time": [38, 12, 33, 27, 39, 61, 55, 17, 51, 32, 36, 50, 41, 13, 17, 23, 13, 13, 28, 51, 20, 50, 5, 46], "min_job_period": [111, 103, 96, 124, 105, 89, 34, 11, 59, 92, 15, 90, 100, 4, 5, 42, 91, 80, 97, 100, 116, 7, 63, 75], "max_job_period": [111, 119, 105, 124, 107, 93, 79, 21, 90, 121, 85, 104, 114, 74, 89, 68, 95, 91, 120, 121, 120, 84, 89, 124], "min_startup": [1, 1, 1, 1, 1, 1, 1, 1, 1, 1, 3, 1, 1, 2, 1, 1, 1, 1, 1, 1, 1, 1, 1, 1], "max_startup": [48, 84, 18, 80, 43, 13, 81, 27, 5, 34, 82, 30, 88, 120, 16, 117, 70, 15, 117, 61, 107, 101, 3, 106], "priority": [20, 22, 10, 23, 17, 21, 19, 15, 11, 5, 16, 4, 14, 12, 9, 8, 3, 2, 1, 7, 6, 13, 24, 18], "win_min": [0, 0, 0, 0, 0, 0, 22, 0, 0, 0, 0, 0, 0, 0, 0, 0, 0, 0, 0, 0, 0, 0, 0, 0], "win_max": [125, 125, 125, 125, 125, 125, 103, 125, 125, 125, 125, 125, 125, 125, 125, 125, 125, 125, 125, 125, 125, 125, 125, 125]}