{"subs": 1, "jobs": 22, "T": 125, "power_use": [2.322042865316089, 1.666648797305162, 0.24035646996809545, 3.3731488517044976, 2.337566684629825, 2.867629032994197, 2.2132286594922252, 0.7422165375580663, 3.0584440563999684, 1.2755988214885225, 3.9459798753116244, 2.966374253237054, 0.9487423418984557, 1.8606912509647477, 1.3008671500356874, 1.4605475760993263, 1.6281803050129322, 2.992773072344546, 2.160296469517417, 2.573653139134571, 1.1832946552819077, 0.19420885759801793], "power_resource": [8.689132854, 8.902155366, 9.03883455, 9.098400816, 9.081008082, 8.987887692, 8.82181017, 8.586777384, 8.287560792, 7.930163196, 7.521356988, 7.068991986, 6.581379762, 6.067293642, 5.535814788, 4.996793952, 4.638165012, 4.495021272, 4.272609762, 3.974470596, 3.606144822, 3.173327406, 2.68356033, 2.720654568, 2.932753572, 3.195029844, 3.777455556, 4.354801974, 4.9176801, 5.4563931, 5.961859812, 6.425460828, 6.839192412, 7.195512582, 7.4881107, 7.711445718, 7.861054014, 7.933549392, 7.926930918, 7.840275084, 7.674043644, 7.429929696, 7.110703764, 6.720521634, 6.909994692, 7.21644543, 7.467793524, 7.67204271, 8.068227642, 8.394841638, 8.648806338, 8.827659054, 8.930938032, 8.958643272, 0.0, 0.0, 0.0, 0.0, 0.0, 0.0, 0.0, 0.0, 0.0, 0.0, 0.0, 0.0, 0.0, 0.0, 0.0, 0.0, 0.0, 0.0, 0.0, 0.0, 0.0, 0.0, 0.0, 0.0, 0.0, 0.0, 0.0, 0.0, 0.0, 0.0, 0.0, 0.0, 0.0, 0.0, 0.0, 0.0, 6.76238733, 7.128866088, 7.455172248, 7.733763828, 7.957714518, 8.12148327, 8.337276306, 8.63864775, 8.866908144, 9.019286964, 9.094706784, 9.093013686, 9.015285096, 8.863983702, 8.642803536, 8.356362138, 8.01066231, 7.612168608, 7.168423014, 6.6877371, 6.178884192, 5.650945452, 5.113309878, 4.662637974, 4.536117378, 4.329405504, 4.04650422, 3.692031066, 3.272142762, 2.7936117, 2.653700238, 2.88134496, 3.070356264, 3.652320222, 4.23120582], "min_cpu_time": [13, 3, 2, 24, 15, 2, 7, 11, 10, 8, 7, 2, 16, 3, 2, 8, 6, 20, 2, 2, 15, 3], "max_cpu_time": [48, 18, 32, 50, 52, 15, 54, 26, 43, 52, 39, 56, 42, 17, 49, 20, 46, 34, 54, 18, 56, 9], "min_job_period": [47, 42, 59, 41, 110, 94, 20, 26, 24, 9, 98, 21, 31, 28, 9, 2, 41, 56, 63, 20, 43, 90], "max_job_period": [50, 111, 109, 107, 120, 116, 74, 53, 62, 39, 111, 56, 124, 110, 46, 116, 70, 109, 92, 39, 86, 90], "min_startup": [1, 1, 1, 1, 1, 1, 1, 1, 1, 1, 1, 1, 1, 1, 1, 1, 1, 1, 1, 1, 1, 1], "max_startup": [54, 124, 77, 21, 21, 67, 120, 108, 45, 37, 67, 3, 75, 77, 35, 47, 19, 9, 49, 63, 52, 119], "priority": [10, 19, 7, 2, 12, 14, 16, 21, 18, 4, 3, 13, 5, 20, 8, 9, 22, 15, 1, 6, 17, 11], "win_min": [0, 0, 0, 2, 0, 0, 0, 0, 0, 0, 0, 0, 0, 0, 0, 0, 0, 0, 0, 0, 0, 0], "win_max": [125, 125, 125, 100, 125, 125, 125, 125, 125, 125, 125, 125, 125, 125, 125, 125, 125, 125, 125, 125, 125, 125]}