{"subs": 1, "jobs": 24, "T": 125, "power_use": [2.2485538051375658, 0.08738924477323746, 2.430029218138496, 1.6825195821240018, 2.749818445706603, 0.8871406662898791, 1.3784827984406463, 1.3491440493949272, 2.845039536656179, 2.6213374934231872, 0.5156831068579482, 0.840609074321634, 2.5280540928270097, 2.8830882733748333, 1.8913586420499238, 3.777648592024735, 0.39807306053588376, 0.7564954053306221, 0.09257630679588455, 3.727541756187574, 3.611467740647319, 1.22857189641124, 1.0564269548924177, 3.0458916416029083], "power_resource": [5.87889801, 5.345418222, 4.808090484, 4.60830492, 4.433761908, 4.181490306, 3.8556459, 3.462077574, 3.007095966, 2.511018252, 2.769600492, 2.948145372, 3.402203472, 3.982782168, 4.55443362, 5.107460994, 5.63262921, 6.120857106, 6.56383311, 6.953553486, 7.283091924, 7.546445622, 7.738535286, 7.855512966, 7.894146384, 7.853358114, 7.732532484, 7.532593002, 7.25569452, 6.905223234, 6.766389198, 7.10100693, 7.384062132, 7.60970592, 7.872290028, 8.238768786, 8.534291346, 8.755933266, 8.902155366, 8.972495892, 8.96803227, 0.0, 0.0, 0.0, 0.0, 0.0, 0.0, 0.0, 0.0, 0.0, 0.0, 0.0, 0.0, 0.0, 0.0, 0.0, 0.0, 0.0, 0.0, 0.0, 0.0, 0.0, 0.0, 0.0, 0.0, 0.0, 0.0, 0.0, 0.0, 0.0, 0.0, 0.0, 0.0, 0.0, 0.0, 0.0, 6.716058012, 6.93246672, 7.284785022, 7.593852366, 7.85212677, 8.053605432, 8.192593386, 8.469030114, 8.742234564, 8.941404456, 9.064077102, 9.109482912, 9.078237558, 8.97188022, 8.793489258, 8.54706654, 8.23769136, 7.871520438, 7.45578792, 6.998189706, 6.507191286, 5.991565986, 5.460856722, 4.924298574, 4.639396356, 4.48132257, 4.244442768, 3.93337449, 3.55319703, 3.110374944, 2.612142378, 2.709264636, 2.90366307, 3.277068138, 3.858108588, 4.431914892, 4.989098052, 5.520115152, 6.01588503, 6.467942196, 6.868282914, 7.209826956, 7.486109766, 7.692205968, 7.82365194, 7.877369322, 7.851665016, 7.746077268, 7.561067832], "min_cpu_time": [20, 16, 20, 1, 17, 8, 11, 7, 4, 9, 3, 8, 10, 24, 18, 23, 3, 11, 3, 7, 7, 2, 11, 6], "max_cpu_time": [35, 31, 32, 17, 38, 21, 54, 24, 5, 42, 25, 24, 48, 39, 57, 27, 53, 31, 36, 7, 43, 16, 31, 49], "min_job_period": [11, 50, 16, 19, 47, 99, 78, 49, 14, 45, 4, 35, 13, 3, 62, 10, 33, 27, 37, 100, 91, 75, 29, 39], "max_job_period": [44, 122, 63, 81, 123, 108, 91, 67, 87, 64, 107, 96, 116, 39, 88, 72, 50, 59, 112, 104, 104, 89, 31, 68], "min_startup": [1, 1, 1, 2, 1, 1, 1, 1, 1, 1, 1, 1, 1, 1, 1, 1, 1, 1, 1, 1, 1, 1, 1, 1], "max_startup": [109, 110, 55, 37, 124, 5, 99, 50, 105, 3, 53, 13, 3, 5, 46, 32, 63, 123, 113, 120, 13, 51, 118, 18], "priority": [1, 22, 9, 8, 17, 19, 10, 16, 7, 5, 3, 20, 11, 6, 4, 13, 23, 12, 2, 21, 24, 15, 18, 14], "win_min": [0, 0, 0, 0, 0, 0, 0, 0, 0, 0, 0, 0, 0, 0, 0, 0, 0, 0, 0, 0, 2, 0, 0, 0], "win_max": [125, 125, 125, 125, 125, 125, 125, 125, 125, 125, 125, 125, 125, 125, 125, 125, 125, 125, 125, 125, 111, 125, 125, 125]}