{"subs": 1, "jobs": 9, "T": 125, "power_use": [2.5744331093218538, 0.7236862588448605, 3.4666791232437486, 1.5365945884030452, 1.111775326754465, 3.4137944281207186, 3.596714767191831, 2.597930975496867, 3.846678854630869], "power_resource": [7.933549392, 7.926930918, 7.840275084, 7.674043644, 7.429929696, 7.110703764, 6.720521634, 6.909994692, 7.21644543, 7.467793524, 7.67204271, 8.068227642, 8.394841638, 8.648806338, 8.827659054, 8.930938032, 8.958643272, 0.0, 0.0, 0.0, 0.0, 0.0, 0.0, 0.0, 0.0, 0.0, 0.0, 0.0, 0.0, 0.0, 0.0, 0.0, 0.0, 0.0, 0.0, 0.0, 0.0, 0.0, 0.0, 0.0, 0.0, 0.0, 0.0, 0.0, 0.0, 0.0, 0.0, 0.0, 0.0, 0.0, 0.0, 0.0, 0.0, 6.76238733, 7.128866088, 7.455172248, 7.733763828, 7.957714518, 8.12148327, 8.337276306, 8.63864775, 8.866908144, 9.019286964, 9.094706784, 9.093013686, 9.015285096, 8.863983702, 8.642803536, 8.356362138, 8.01066231, 7.612168608, 7.168423014, 6.6877371, 6.178884192, 5.650945452, 5.113309878, 4.662637974, 4.536117378, 4.329405504, 4.04650422, 3.692031066, 3.272142762, 2.7936117, 2.653700238, 2.88134496, 3.070356264, 3.652320222, 4.23120582, 4.797316224, 5.341262436, 5.853655458, 6.325721964, 6.749458218, 7.11716832, 7.422387714, 7.659113598, 7.823036268, 7.910461692, 7.918927182, 7.847663148, 7.696515672, 7.467023934, 7.161650622, 6.784551522, 6.86397321, 7.179966864, 7.442089218, 7.644645306, 8.005429098, 8.34543396, 8.613405198, 8.806572288, 8.92416564, 8.966031336, 0.0, 0.0, 0.0, 0.0, 0.0, 0.0, 0.0, 0.0, 0.0, 0.0, 0.0], "min_cpu_time": [24, 22, 8, 1, 21, 23, 21, 20, 5], "max_cpu_time": [34, 36, 33, 48, 50, 56, 59, 56, 56], "min_job_period": [26, 55, 3, 1, 21, 16, 49, 3, 11], "max_job_period": [26, 106, 16, 11, 27, 114, 106, 29, 123], "min_startup": [2, 2, 6, 52, 2, 2, 2, 3, 10], "max_startup": [64, 34, 55, 64, 21, 49, 17, 48, 16], "priority": [7, 4, 6, 2, 1, 8, 9, 3, 5], "win_min": [0, 0, 0, 9, 0, 0, 0, 0, 0], "win_max": [125, 125, 125, 119, 125, 125, 125, 125, 125]}