{"subs": 1, "jobs": 18, "T": 125, "power_use": [3.333172070887932, 2.5403263889618364, 2.7201421060137596, 2.637298642363731, 0.6900626097472878, 2.957260464129069, 2.6681361530946153, 3.676198092454051, 0.8441164283040601, 1.5081343380804626, 2.792484100062136, 2.099123752360093, 3.835770777412832, 1.9029199943103399, 2.1240214449196113, 1.4894440940302804, 2.3624433590888896, 0.5532646562342702], "power_resource": [0.0, 0.0, 0.0, 0.0, 0.0, 6.691123296, 7.065144036, 7.40037744, 7.689435444, 7.925083902, 8.101627848, 8.26924455, 8.585084286, 8.828582562, 8.996661018, 9.087780474, 9.101633094, 9.039450222, 8.902924956, 8.695905246, 8.422700796, 8.088698736, 7.700825376, 7.266007026, 6.792709176, 6.289551234, 5.765306526, 5.229671886, 4.691882394, 4.573827288, 4.383276804, 4.115459484, 3.775300704, 3.368341512, 2.901508218, 2.583821466, 2.827011906, 2.989549314, 3.527338806, 4.10730183, 4.676336676, 5.224900428, 5.743911924, 6.224136084, 6.657569172, 7.036515288, 7.354048122, 7.604164872, 7.782247998, 7.88444955, 7.908152922, 7.851972852, 7.71590934, 7.50119373, 7.209980874, 6.846118722, 6.815950794, 7.141487364, 7.41423006, 7.628329998, 7.940167866, 8.293563594, 8.575233534, 8.782714998, 8.914468806, 8.970648876, 8.952178716, 0.0, 0.0, 0.0, 0.0, 0.0, 0.0, 0.0, 0.0, 0.0, 0.0, 0.0, 0.0, 0.0, 0.0, 0.0, 0.0, 0.0, 0.0, 0.0, 0.0, 0.0, 0.0, 0.0, 0.0, 0.0, 0.0, 0.0, 0.0, 0.0, 0.0, 0.0, 0.0, 0.0, 0.0, 0.0, 6.658030926, 6.999574968, 7.343581698, 7.642644372, 7.88983668, 8.079001902, 8.20459899, 8.52859638, 8.787024702, 8.970648876, 9.077467968, 9.107174142, 9.06038307, 8.938941768, 8.746236432, 8.486115012, 8.164426392, 7.787327292, 7.36189794, 6.89629599, 6.398986932, 5.87889801, 5.345418222], "min_cpu_time": [21, 20, 18, 8, 3, 7, 7, 17, 13, 3, 15, 11, 15, 21, 4, 12, 13, 18], "max_cpu_time": [45, 43, 35, 38, 20, 14, 35, 32, 42, 20, 53, 30, 58, 48, 60, 44, 38, 38], "min_job_period": [21, 94, 119, 85, 14, 118, 124, 30, 122, 31, 118, 2, 28, 35, 30, 57, 68, 81], "max_job_period": [82, 120, 122, 90, 35, 118, 124, 107, 124, 101, 118, 83, 52, 60, 79, 75, 101, 96], "min_startup": [1, 1, 1, 1, 3, 1, 1, 1, 1, 3, 1, 1, 1, 1, 2, 1, 1, 1], "max_startup": [89, 49, 70, 11, 71, 94, 15, 22, 35, 51, 95, 77, 25, 85, 97, 19, 15, 1], "priority": [14, 8, 2, 15, 4, 5, 1, 11, 6, 18, 7, 12, 9, 10, 17, 3, 13, 16], "win_min": [0, 0, 0, 0, 0, 0, 0, 0, 0, 17, 0, 0, 0, 0, 0, 0, 0, 0], "win_max": [125, 125, 125, 125, 125, 125, 125, 125, 125, 106, 125, 125, 125, 125, 125, 125, 125, 125]}