{"subs": 1, "jobs": 22, "T": 125, "power_use": [2.5740850821918984, 2.9629794389457675, 0.3697323111827502, 2.8988776344219542, 0.6358398355034568, 0.4065572122421424, 2.0354067853027757, 1.9926789922964532, 0.8234617214997186, 3.2404342816871585, 3.3590197120743284, 0.562409940126394, 3.2007169149326327, 2.5489836252327884, 3.834718899931278, 1.8963490082970247, 1.1163960543499674, 3.932259937703692, 3.771570394032568, 3.1343606924161116, 2.490425725276032, 3.4377484990032428], "power_resource": [0.0, 0.0, 0.0, 6.658030926, 6.999574968, 7.343581698, 7.642644372, 7.88983668, 8.079001902, 8.20459899, 8.52859638, 8.787024702, 8.970648876, 9.077467968, 9.107174142, 9.06038307, 8.938941768, 8.746236432, 8.486115012, 8.164426392, 7.787327292, 7.36189794, 6.89629599, 6.398986932, 5.87889801, 5.345418222, 4.808090484, 4.60830492, 4.433761908, 4.181490306, 3.8556459, 3.462077574, 3.007095966, 2.511018252, 2.769600492, 2.948145372, 3.402203472, 3.982782168, 4.55443362, 5.107460994, 5.63262921, 6.120857106, 6.56383311, 6.953553486, 7.283091924, 7.546445622, 7.738535286, 7.855512966, 7.894146384, 7.853358114, 7.732532484, 7.532593002, 7.25569452, 6.905223234, 6.766389198, 7.10100693, 7.384062132, 7.60970592, 7.872290028, 8.238768786, 8.534291346, 8.755933266, 8.902155366, 8.972495892, 8.96803227, 0.0, 0.0, 0.0, 0.0, 0.0, 0.0, 0.0, 0.0, 0.0, 0.0, 0.0, 0.0, 0.0, 0.0, 0.0, 0.0, 0.0, 0.0, 0.0, 0.0, 0.0, 0.0, 0.0, 0.0, 0.0, 0.0, 0.0, 0.0, 0.0, 0.0, 0.0, 0.0, 0.0, 0.0, 0.0, 6.716058012, 6.93246672, 7.284785022, 7.593852366, 7.85212677, 8.053605432, 8.192593386, 8.469030114, 8.742234564, 8.941404456, 9.064077102, 9.109482912, 9.078237558, 8.97188022, 8.793489258, 8.54706654, 8.23769136, 7.871520438, 7.45578792, 6.998189706, 6.507191286, 5.991565986, 5.460856722, 4.924298574, 4.639396356], "min_cpu_time": [24, 13, 22, 4, 13, 23, 8, 12, 13, 20, 24, 10, 5, 4, 2, 4, 21, 3, 13, 14, 1, 3], "max_cpu_time": [50, 24, 24, 14, 50, 24, 46, 22, 27, 34, 34, 36, 32, 36, 36, 57, 49, 9, 41, 21, 20, 32], "min_job_period": [101, 32, 37, 59, 34, 38, 95, 63, 28, 26, 119, 22, 53, 90, 32, 53, 24, 23, 123, 20, 7, 58], "max_job_period": [114, 42, 55, 100, 106, 116, 101, 69, 120, 114, 123, 61, 81, 108, 83, 58, 61, 95, 124, 52, 107, 101], "min_startup": [1, 1, 1, 1, 1, 1, 1, 1, 1, 1, 1, 1, 1, 1, 2, 1, 1, 2, 1, 1, 4, 2], "max_startup": [71, 102, 54, 42, 76, 17, 10, 63, 2, 110, 19, 102, 90, 75, 81, 22, 96, 98, 114, 11, 73, 83], "priority": [9, 17, 16, 11, 19, 3, 5, 2, 8, 1, 15, 10, 18, 20, 21, 22, 12, 14, 7, 4, 6, 13], "win_min": [0, 14, 0, 0, 0, 0, 0, 0, 0, 0, 0, 0, 0, 0, 0, 0, 0, 0, 0, 0, 0, 0], "win_max": [125, 119, 125, 125, 125, 125, 125, 125, 125, 125, 125, 125, 125, 125, 125, 125, 125, 125, 125, 125, 125, 125]}