{"subs": 1, "jobs": 22, "T": 125, "power_use": [1.1244246127315614, 0.8916512223548698, 0.19706041941241995, 0.03365382763179966, 0.2835877231519716, 2.4528292051582574, 3.0349960970718244, 1.1493411021022517, 3.700848057757266, 2.6543762819570516, 2.1092197788941034, 2.8817593522328724, 2.8152412248443923, 1.6038859002733896, 0.534176525258164, 0.9454954258603376, 1.2289248433785513, 1.3017800390029415, 2.1505626611582804, 1.6239927160717311, 3.18505535304477, 0.5392305714123669], "power_resource": [9.087780474, 9.101633094, 9.039450222, 8.902924956, 8.695905246, 8.422700796, 8.088698736, 7.700825376, 7.266007026, 6.792709176, 6.289551234, 5.765306526, 5.229671886, 4.691882394, 4.573827288, 4.383276804, 4.115459484, 3.775300704, 3.368341512, 2.901508218, 2.583821466, 2.827011906, 2.989549314, 3.527338806, 4.10730183, 4.676336676, 5.224900428, 5.743911924, 6.224136084, 6.657569172, 7.036515288, 7.354048122, 7.604164872, 7.782247998, 7.88444955, 7.908152922, 7.851972852, 7.71590934, 7.50119373, 7.209980874, 6.846118722, 6.815950794, 7.141487364, 7.41423006, 7.628329998, 7.940167866, 8.293563594, 8.575233534, 8.782714998, 8.914468806, 8.970648876, 8.952178716, 0.0, 0.0, 0.0, 0.0, 0.0, 0.0, 0.0, 0.0, 0.0, 0.0, 0.0, 0.0, 0.0, 0.0, 0.0, 0.0, 0.0, 0.0, 0.0, 0.0, 0.0, 0.0, 0.0, 0.0, 0.0, 0.0, 0.0, 0.0, 0.0, 0.0, 0.0, 0.0, 0.0, 0.0, 0.0, 6.658030926, 6.999574968, 7.343581698, 7.642644372, 7.88983668, 8.079001902, 8.20459899, 8.52859638, 8.787024702, 8.970648876, 9.077467968, 9.107174142, 9.06038307, 8.938941768, 8.746236432, 8.486115012, 8.164426392, 7.787327292, 7.36189794, 6.89629599, 6.398986932, 5.87889801, 5.345418222, 4.808090484, 4.60830492, 4.433761908, 4.181490306, 3.8556459, 3.462077574, 3.007095966, 2.511018252, 2.769600492, 2.948145372, 3.402203472, 3.982782168, 4.55443362, 5.107460994, 5.63262921], "min_cpu_time": [22, 8, 7, 10, 19, 10, 5, 7, 17, 8, 5, 5, 19, 8, 11, 3, 17, 15, 11, 8, 13, 2], "max_cpu_time": [28, 59, 28, 35, 26, 12, 41, 8, 42, 32, 14, 37, 58, 25, 57, 10, 34, 15, 45, 55, 44, 20], "min_job_period": [106, 111, 118, 68, 20, 112, 88, 49, 45, 104, 29, 111, 48, 95, 17, 12, 86, 83, 10, 110, 4, 27], "max_job_period": [110, 111, 118, 73, 34, 119, 106, 70, 51, 121, 63, 115, 69, 103, 85, 73, 99, 116, 100, 110, 73, 102], "min_startup": [1, 1, 1, 1, 1, 1, 1, 1, 1, 1, 1, 1, 1, 1, 1, 1, 1, 1, 1, 1, 1, 2], "max_startup": [9, 112, 21, 71, 109, 100, 39, 30, 100, 61, 77, 68, 99, 34, 12, 51, 70, 38, 93, 112, 2, 22], "priority": [13, 20, 12, 18, 11, 16, 2, 10, 14, 22, 21, 19, 5, 4, 17, 15, 6, 8, 3, 7, 1, 9], "win_min": [0, 7, 0, 0, 0, 0, 0, 0, 0, 0, 0, 0, 0, 0, 0, 0, 0, 0, 0, 0, 0, 0], "win_max": [125, 107, 125, 125, 125, 125, 125, 125, 125, 125, 125, 125, 125, 125, 125, 125, 125, 125, 125, 125, 125, 125]}