{"subs": 1, "jobs": 18, "T": 125, "power_use": [2.579463537012006, 0.3190702296010205, 1.2250339442816933, 1.553370569268514, 1.3076296810019206, 2.919187486107607, 2.6067811522495683, 3.156192404759481, 2.8729652348101062, 3.266316327552589, 2.411281444466001, 2.01031919064012, 2.6721917343063493, 0.5046853536651981, 0.7420483405368882, 1.7258470064092415, 1.077728526798232, 0.6319692937846576], "power_resource": [8.088698736, 7.700825376, 7.266007026, 6.792709176, 6.289551234, 5.765306526, 5.229671886, 4.691882394, 4.573827288, 4.383276804, 4.115459484, 3.775300704, 3.368341512, 2.901508218, 2.583821466, 2.827011906, 2.989549314, 3.527338806, 4.10730183, 4.676336676, 5.224900428, 5.743911924, 6.224136084, 6.657569172, 7.036515288, 7.354048122, 7.604164872, 7.782247998, 7.88444955, 7.908152922, 7.851972852, 7.71590934, 7.50119373, 7.209980874, 6.846118722, 6.815950794, 7.141487364, 7.41423006, 7.628329998, 7.940167866, 8.293563594, 8.575233534, 8.782714998, 8.914468806, 8.970648876, 8.952178716, 0.0, 0.0, 0.0, 0.0, 0.0, 0.0, 0.0, 0.0, 0.0, 0.0, 0.0, 0.0, 0.0, 0.0, 0.0, 0.0, 0.0, 0.0, 0.0, 0.0, 0.0, 0.0, 0.0, 0.0, 0.0, 0.0, 0.0, 0.0, 0.0, 0.0, 0.0, 0.0, 0.0, 0.0, 0.0, 6.658030926, 6.999574968, 7.343581698, 7.642644372, 7.88983668, 8.079001902, 8.20459899, 8.52859638, 8.787024702, 8.970648876, 9.077467968, 9.107174142, 9.06038307, 8.938941768, 8.746236432, 8.486115012, 8.164426392, 7.787327292, 7.36189794, 6.89629599, 6.398986932, 5.87889801, 5.345418222, 4.808090484, 4.60830492, 4.433761908, 4.181490306, 3.8556459, 3.462077574, 3.007095966, 2.511018252, 2.769600492, 2.948145372, 3.402203472, 3.982782168, 4.55443362, 5.107460994, 5.63262921, 6.120857106, 6.56383311, 6.953553486, 7.283091924, 7.546445622, 7.738535286], "min_cpu_time": [12, 11, 14, 20, 9, 15, 21, 21, 2, 11, 15, 24, 7, 1, 1, 7, 4, 23], "max_cpu_time": [18, 27, 35, 28, 11, 40, 57, 43, 14, 26, 23, 48, 55, 31, 30, 42, 47, 59], "min_job_period": [5, 37, 94, 8, 28, 60, 52, 83, 6, 60, 70, 63, 21, 2, 6, 41, 27, 19], "max_job_period": [79, 78, 124, 52, 96, 60, 122, 86, 119, 73, 101, 64, 48, 29, 118, 85, 52, 67], "min_startup": [2, 2, 1, 1, 2, 1, 1, 1, 8, 2, 1, 1, 2, 15, 15, 2, 4, 1], "max_startup": [102, 96, 1, 116, 122, 80, 21, 121, 60, 107, 22, 74, 82, 24, 88, 109, 57, 29], "priority": [2, 13, 12, 5, 6, 7, 14, 9, 11, 18, 10, 4, 16, 1, 8, 17, 15, 3], "win_min": [0, 9, 0, 0, 0, 0, 0, 0, 0, 0, 0, 0, 0, 0, 0, 0, 0, 0], "win_max": [125, 107, 125, 125, 125, 125, 125, 125, 125, 125, 125, 125, 125, 125, 125, 125, 125, 125]}