{"subs": 1, "jobs": 22, "T": 125, "power_use": [1.0936671378452636, 0.46212215899798104, 2.6182190850229774, 1.000846051506193, 2.1137939634235394, 3.6492242556441346, 3.637413563528771, 3.5891243300608933, 0.17973538103776993, 3.467625857315738, 3.4013524779105646, 3.720301334779026, 3.0718470688351065, 0.5794810838447966, 0.17409518976957009, 2.1278167707009383, 3.228171404120338, 1.134588273525121, 3.386962541631623, 0.16610610382137403, 1.3771683388304654, 3.4446290801804444], "power_resource": [9.093013686, 9.015285096, 8.863983702, 8.642803536, 8.356362138, 8.01066231, 7.612168608, 7.168423014, 6.6877371, 6.178884192, 5.650945452, 5.113309878, 4.662637974, 4.536117378, 4.329405504, 4.04650422, 3.692031066, 3.272142762, 2.7936117, 2.653700238, 2.88134496, 3.070356264, 3.652320222, 4.23120582, 4.797316224, 5.341262436, 5.853655458, 6.325721964, 6.749458218, 7.11716832, 7.422387714, 7.659113598, 7.823036268, 7.910461692, 7.918927182, 7.847663148, 7.696515672, 7.467023934, 7.161650622, 6.784551522, 6.86397321, 7.179966864, 7.442089218, 7.644645306, 8.005429098, 8.34543396, 8.613405198, 8.806572288, 8.92416564, 8.966031336, 0.0, 0.0, 0.0, 0.0, 0.0, 0.0, 0.0, 0.0, 0.0, 0.0, 0.0, 0.0, 0.0, 0.0, 0.0, 0.0, 0.0, 0.0, 0.0, 0.0, 0.0, 0.0, 0.0, 0.0, 0.0, 0.0, 0.0, 0.0, 0.0, 0.0, 0.0, 0.0, 0.0, 0.0, 0.0, 0.0, 6.691123296, 7.065144036, 7.40037744, 7.689435444, 7.925083902, 8.101627848, 8.26924455, 8.585084286, 8.828582562, 8.996661018, 9.087780474, 9.101633094, 9.039450222, 8.902924956, 8.695905246, 8.422700796, 8.088698736, 7.700825376, 7.266007026, 6.792709176, 6.289551234, 5.765306526, 5.229671886, 4.691882394, 4.573827288, 4.383276804, 4.115459484, 3.775300704, 3.368341512, 2.901508218, 2.583821466, 2.827011906, 2.989549314, 3.527338806, 4.10730183, 4.676336676, 5.224900428, 5.743911924, 6.224136084], "min_cpu_time": [12, 2, 3, 22, 5, 3, 8, 7, 16, 16, 3, 3, 21, 14, 18, 14, 21, 13, 18, 18, 2, 2], "max_cpu_time": [37, 6, 54, 57, 7, 22, 33, 21, 62, 30, 45, 24, 47, 40, 33, 23, 36, 48, 22, 38, 48, 30], "min_job_period": [58, 15, 12, 7, 37, 56, 9, 17, 103, 107, 9, 59, 106, 73, 44, 12, 106, 37, 80, 55, 3, 28], "max_job_period": [71, 33, 124, 74, 117, 68, 34, 120, 110, 122, 114, 65, 113, 108, 57, 50, 122, 98, 103, 114, 54, 42], "min_startup": [1, 2, 2, 1, 1, 2, 1, 1, 1, 1, 2, 2, 1, 1, 1, 1, 1, 1, 1, 1, 2, 2], "max_startup": [11, 112, 52, 27, 39, 56, 74, 55, 26, 63, 14, 103, 99, 17, 116, 17, 95, 62, 49, 64, 39, 20], "priority": [14, 22, 2, 10, 19, 21, 15, 7, 8, 16, 4, 3, 12, 11, 20, 5, 6, 1, 18, 17, 13, 9], "win_min": [0, 0, 0, 0, 0, 0, 0, 0, 0, 0, 0, 0, 0, 0, 0, 0, 11, 0, 0, 0, 0, 0], "win_max": [125, 125, 125, 125, 125, 125, 125, 125, 125, 125, 125, 125, 125, 125, 125, 125, 121, 125, 125, 125, 125, 125]}