{"subs": 1, "jobs": 13, "T": 125, "power_use": [2.398344326930906, 2.8401075854519546, 3.487176562485238, 3.571442969705009, 3.3772914105082394, 2.976643253811768, 3.6363928757561745, 3.54374606990119, 3.1300476060557876, 2.7518407549160657, 1.190538667123788, 3.810296164312533, 1.891548763261266], "power_resource": [7.25107698, 7.558451226, 7.815340368, 8.015433768, 8.153190378, 8.464566492, 8.736539598, 8.934016392, 9.055149858, 9.09886257, 9.0657702, 8.957411928, 8.776866114, 8.527980708, 8.21614284, 7.847355312, 7.428698352, 6.96786786, 6.473637162, 5.954625666, 5.42022237, 4.879816272, 4.610305854, 4.450846806, 4.212581742, 3.899666448, 3.517488054, 3.07220328, 2.571354108, 2.784530538, 2.980929906, 3.319857342, 3.902283054, 4.477782456, 5.03696655, 5.57029242, 6.068678904, 6.523506594, 6.926771754, 7.271548074, 7.551370998, 7.761007314, 7.896147318, 7.95371265, 7.931856294, 7.829962578, 7.648801092, 7.390218852, 7.0571403, 6.654029058, 6.954323076, 7.250923062, 7.49118906, 7.744999842, 8.128255662, 8.441478792, 8.681283036, 8.845975296, 8.9349399, 8.948638602, 0.0, 0.0, 0.0, 0.0, 0.0, 0.0, 0.0, 0.0, 0.0, 0.0, 0.0, 0.0, 0.0, 0.0, 0.0, 0.0, 0.0, 0.0, 0.0, 0.0, 0.0, 0.0, 0.0, 0.0, 0.0, 0.0, 0.0, 0.0, 0.0, 0.0, 0.0, 0.0, 0.0, 0.0, 0.0, 6.809794074, 6.832112184, 7.190895042, 7.507966122, 7.775783442, 7.987882446, 8.138722086, 8.40238362, 8.689132854, 8.902155366, 9.03883455, 9.098400816, 9.081008082, 8.987887692, 8.82181017, 8.586777384, 8.287560792, 7.930163196, 7.521356988, 7.068991986, 6.581379762, 6.067293642, 5.535814788, 4.996793952, 4.638165012, 4.495021272, 4.272609762, 3.974470596, 3.606144822, 3.173327406], "min_cpu_time": [22, 16, 17, 23, 9, 14, 8, 12, 16, 10, 15, 14, 15], "max_cpu_time": [28, 58, 61, 28, 20, 32, 33, 57, 24, 24, 43, 29, 38], "min_job_period": [61, 34, 27, 42, 16, 8, 8, 4, 35, 9, 36, 52, 57], "max_job_period": [86, 115, 44, 101, 91, 79, 116, 74, 76, 58, 95, 80, 120], "min_startup": [2, 2, 2, 2, 4, 2, 4, 3, 2, 4, 2, 2, 2], "max_startup": [25, 104, 78, 49, 113, 2, 63, 52, 48, 101, 123, 90, 20], "priority": [8, 11, 1, 13, 5, 10, 4, 6, 7, 12, 9, 3, 2], "win_min": [0, 0, 0, 0, 0, 0, 0, 0, 4, 0, 0, 0, 0], "win_max": [125, 125, 125, 125, 125, 125, 125, 125, 117, 125, 125, 125, 125]}