{"subs": 1, "jobs": 24, "T": 125, "power_use": [1.9990620595854138, 0.5165672832148882, 3.43816185619298, 2.738467344764478, 0.03394895392253684, 2.3531466362324243, 1.9856512039310337, 2.0242528387915284, 1.7276807258040763, 1.1511013847295202, 0.9746809912911308, 2.988132023588488, 2.6891366682444557, 1.0890234872169129, 1.4397652356565054, 2.5744258704172127, 2.1253787072547325, 3.216423660053589, 1.1973675518809328, 2.672664286498083, 2.2868113118939166, 2.4812715687531033, 3.2147279525894588, 1.5257403842898065], "power_resource": [8.54706654, 8.23769136, 7.871520438, 7.45578792, 6.998189706, 6.507191286, 5.991565986, 5.460856722, 4.924298574, 4.639396356, 4.48132257, 4.244442768, 3.93337449, 3.55319703, 3.110374944, 2.612142378, 2.709264636, 2.90366307, 3.277068138, 3.858108588, 4.431914892, 4.989098052, 5.520115152, 6.01588503, 6.467942196, 6.868282914, 7.209826956, 7.486109766, 7.692205968, 7.82365194, 7.877369322, 7.851665016, 7.746077268, 7.561067832, 7.298637642, 6.961865058, 6.714980586, 7.05867948, 7.35189327, 7.588773072, 7.80210342, 8.18151129, 8.490578634, 8.72638101, 8.886917484, 8.971572384, 8.9811153, 0.0, 0.0, 0.0, 0.0, 0.0, 0.0, 0.0, 0.0, 0.0, 0.0, 0.0, 0.0, 0.0, 0.0, 0.0, 0.0, 0.0, 0.0, 0.0, 0.0, 0.0, 0.0, 0.0, 0.0, 0.0, 0.0, 0.0, 0.0, 0.0, 0.0, 0.0, 0.0, 0.0, 0.0, 0.0, 6.771160656, 6.863665374, 7.22414133, 7.54275159, 7.81210809, 8.025592356, 8.17766334, 8.406385488, 8.694519984, 8.908927758, 9.04730004, 9.108559404, 9.092859768, 9.001740312, 8.83797156, 8.605093626, 8.308339722, 7.95371265, 7.547830884, 7.098544242, 6.614010378, 6.103310454, 5.575525632, 5.040198828, 4.667255514, 4.525497036, 4.304470788, 4.00802472, 3.64169988, 3.211191234, 2.724040764, 2.64585042, 2.856102408, 3.152086722, 3.733127172, 4.30893441, 4.869811602, 5.406215832, 5.909219856, 6.370204266, 6.78085749, 7.133945382, 7.423157304], "min_cpu_time": [5, 10, 5, 9, 3, 1, 1, 1, 4, 3, 9, 7, 12, 16, 21, 11, 9, 5, 13, 24, 4, 19, 2, 19], "max_cpu_time": [31, 11, 34, 50, 19, 11, 7, 14, 15, 9, 51, 36, 47, 55, 47, 56, 35, 29, 37, 27, 45, 33, 10, 55], "min_job_period": [54, 117, 115, 92, 33, 6, 20, 2, 8, 97, 32, 68, 85, 49, 51, 8, 91, 10, 91, 11, 89, 98, 10, 90], "max_job_period": [61, 117, 123, 96, 106, 16, 28, 37, 41, 113, 41, 88, 93, 89, 54, 109, 114, 115, 100, 79, 93, 101, 26, 111], "min_startup": [1, 1, 1, 1, 1, 3, 3, 3, 1, 1, 1, 1, 1, 1, 1, 1, 1, 1, 1, 1, 1, 1, 2, 1], "max_startup": [110, 18, 101, 42, 89, 33, 65, 107, 10, 80, 39, 77, 83, 45, 71, 92, 89, 67, 74, 18, 86, 27, 46, 36], "priority": [20, 15, 18, 10, 19, 24, 7, 3, 5, 14, 12, 11, 8, 17, 9, 4, 21, 2, 1, 13, 16, 23, 6, 22], "win_min": [0, 0, 0, 0, 0, 0, 0, 0, 0, 0, 0, 0, 0, 0, 0, 0, 0, 6, 0, 0, 0, 0, 0, 0], "win_max": [125, 125, 125, 125, 125, 125, 125, 125, 125, 125, 125, 125, 125, 125, 125, 125, 125, 116, 125, 125, 125, 125, 125, 125]}