{"subs": 1, "jobs": 18, "T": 125, "power_use": [1.6996879268389822, 0.3285962614486615, 2.214064055590506, 3.9952913404438495, 3.962065539101975, 1.9505887134888469, 1.890554802068596, 2.155817809907147, 3.9860031822615114, 3.0225123788248927, 0.38857312793946763, 1.3340947783841197, 1.754703021275273, 0.24386209035446, 1.3616559593876576, 2.158766860226359, 0.32244041315955857, 2.56818746427711], "power_resource": [2.511018252, 2.769600492, 2.948145372, 3.402203472, 3.982782168, 4.55443362, 5.107460994, 5.63262921, 6.120857106, 6.56383311, 6.953553486, 7.283091924, 7.546445622, 7.738535286, 7.855512966, 7.894146384, 7.853358114, 7.732532484, 7.532593002, 7.25569452, 6.905223234, 6.766389198, 7.10100693, 7.384062132, 7.60970592, 7.872290028, 8.238768786, 8.534291346, 8.755933266, 8.902155366, 8.972495892, 8.96803227, 0.0, 0.0, 0.0, 0.0, 0.0, 0.0, 0.0, 0.0, 0.0, 0.0, 0.0, 0.0, 0.0, 0.0, 0.0, 0.0, 0.0, 0.0, 0.0, 0.0, 0.0, 0.0, 0.0, 0.0, 0.0, 0.0, 0.0, 0.0, 0.0, 0.0, 0.0, 0.0, 0.0, 0.0, 0.0, 6.716058012, 6.93246672, 7.284785022, 7.593852366, 7.85212677, 8.053605432, 8.192593386, 8.469030114, 8.742234564, 8.941404456, 9.064077102, 9.109482912, 9.078237558, 8.97188022, 8.793489258, 8.54706654, 8.23769136, 7.871520438, 7.45578792, 6.998189706, 6.507191286, 5.991565986, 5.460856722, 4.924298574, 4.639396356, 4.48132257, 4.244442768, 3.93337449, 3.55319703, 3.110374944, 2.612142378, 2.709264636, 2.90366307, 3.277068138, 3.858108588, 4.431914892, 4.989098052, 5.520115152, 6.01588503, 6.467942196, 6.868282914, 7.209826956, 7.486109766, 7.692205968, 7.82365194, 7.877369322, 7.851665016, 7.746077268, 7.561067832, 7.298637642, 6.961865058, 6.714980586, 7.05867948, 7.35189327, 7.588773072, 7.80210342, 8.18151129, 8.490578634], "min_cpu_time": [23, 3, 12, 20, 2, 14, 4, 4, 6, 20, 18, 3, 9, 19, 13, 22, 12, 13], "max_cpu_time": [31, 49, 47, 60, 61, 51, 23, 6, 6, 45, 18, 43, 21, 51, 28, 27, 39, 49], "min_job_period": [101, 9, 79, 39, 120, 97, 58, 42, 104, 99, 89, 17, 92, 79, 58, 122, 5, 87], "max_job_period": [123, 96, 110, 93, 124, 117, 62, 63, 111, 116, 121, 123, 119, 82, 99, 124, 62, 122], "min_startup": [1, 1, 1, 1, 1, 1, 1, 1, 1, 1, 1, 1, 1, 1, 1, 1, 1, 1], "max_startup": [54, 87, 63, 35, 59, 2, 26, 60, 75, 57, 121, 1, 8, 85, 6, 45, 8, 72], "priority": [2, 17, 3, 7, 18, 11, 14, 10, 15, 6, 5, 13, 8, 1, 12, 4, 9, 16], "win_min": [0, 0, 0, 0, 0, 0, 0, 0, 0, 0, 0, 0, 0, 7, 0, 0, 0, 0], "win_max": [125, 125, 125, 125, 125, 125, 125, 125, 125, 125, 125, 125, 125, 104, 125, 125, 125, 125]}