{"subs": 1, "jobs": 20, "T": 125, "power_use": [3.806738825747259, 3.935898585426315, 3.241656435779875, 0.18029956558991067, 0.7231445246476392, 2.370809639639399, 3.107714703005948, 0.39787112685536236, 0.2643756564316993, 3.423653230712562, 0.36945887028311286, 3.974087293571137, 0.6077276592629803, 1.9306788821166099, 2.5985480155819993, 1.1503114990899297, 1.8938463858391406, 0.23876376655988868, 3.7912182197052244, 3.165609555278921], "power_resource": [7.195512582, 7.4881107, 7.711445718, 7.861054014, 7.933549392, 7.926930918, 7.840275084, 7.674043644, 7.429929696, 7.110703764, 6.720521634, 6.909994692, 7.21644543, 7.467793524, 7.67204271, 8.068227642, 8.394841638, 8.648806338, 8.827659054, 8.930938032, 8.958643272, 0.0, 0.0, 0.0, 0.0, 0.0, 0.0, 0.0, 0.0, 0.0, 0.0, 0.0, 0.0, 0.0, 0.0, 0.0, 0.0, 0.0, 0.0, 0.0, 0.0, 0.0, 0.0, 0.0, 0.0, 0.0, 0.0, 0.0, 0.0, 0.0, 0.0, 0.0, 0.0, 0.0, 0.0, 0.0, 0.0, 6.76238733, 7.128866088, 7.455172248, 7.733763828, 7.957714518, 8.12148327, 8.337276306, 8.63864775, 8.866908144, 9.019286964, 9.094706784, 9.093013686, 9.015285096, 8.863983702, 8.642803536, 8.356362138, 8.01066231, 7.612168608, 7.168423014, 6.6877371, 6.178884192, 5.650945452, 5.113309878, 4.662637974, 4.536117378, 4.329405504, 4.04650422, 3.692031066, 3.272142762, 2.7936117, 2.653700238, 2.88134496, 3.070356264, 3.652320222, 4.23120582, 4.797316224, 5.341262436, 5.853655458, 6.325721964, 6.749458218, 7.11716832, 7.422387714, 7.659113598, 7.823036268, 7.910461692, 7.918927182, 7.847663148, 7.696515672, 7.467023934, 7.161650622, 6.784551522, 6.86397321, 7.179966864, 7.442089218, 7.644645306, 8.005429098, 8.34543396, 8.613405198, 8.806572288, 8.92416564, 8.966031336, 0.0, 0.0, 0.0, 0.0, 0.0, 0.0, 0.0], "min_cpu_time": [15, 4, 3, 11, 14, 11, 7, 9, 14, 5, 14, 16, 5, 23, 12, 17, 5, 10, 16, 9], "max_cpu_time": [38, 31, 42, 36, 61, 61, 26, 14, 20, 52, 43, 16, 61, 56, 47, 50, 5, 18, 28, 10], "min_job_period": [46, 9, 16, 35, 108, 123, 34, 43, 106, 47, 6, 44, 29, 105, 80, 64, 55, 40, 121, 72], "max_job_period": [61, 109, 63, 48, 109, 124, 67, 63, 106, 113, 30, 66, 100, 109, 96, 72, 56, 69, 122, 95], "min_startup": [1, 3, 3, 1, 1, 1, 2, 1, 1, 2, 1, 1, 2, 1, 1, 1, 2, 1, 1, 1], "max_startup": [62, 78, 38, 12, 49, 17, 112, 39, 83, 124, 6, 8, 83, 3, 44, 116, 118, 119, 92, 28], "priority": [16, 5, 20, 14, 10, 4, 13, 1, 6, 12, 7, 15, 2, 9, 11, 8, 18, 19, 17, 3], "win_min": [2, 0, 0, 0, 0, 0, 0, 0, 0, 0, 0, 0, 0, 0, 0, 0, 0, 0, 0, 0], "win_max": [107, 125, 125, 125, 125, 125, 125, 125, 125, 125, 125, 125, 125, 125, 125, 125, 125, 125, 125, 125]}