{"subs": 1, "jobs": 13, "T": 125, "power_use": [3.7653759318788618, 0.6683349170271812, 3.2052221848967557, 1.5667279853859386, 1.481135199930469, 0.5397188756646811, 1.990834314326571, 0.9385914013552871, 2.8903585293520315, 3.8585450090856903, 1.7525633149650055, 0.3845988336878761, 3.626555825129354], "power_resource": [0.0, 0.0, 0.0, 0.0, 0.0, 0.0, 0.0, 6.809794074, 6.832112184, 7.190895042, 7.507966122, 7.775783442, 7.987882446, 8.138722086, 8.40238362, 8.689132854, 8.902155366, 9.03883455, 9.098400816, 9.081008082, 8.987887692, 8.82181017, 8.586777384, 8.287560792, 7.930163196, 7.521356988, 7.068991986, 6.581379762, 6.067293642, 5.535814788, 4.996793952, 4.638165012, 4.495021272, 4.272609762, 3.974470596, 3.606144822, 3.173327406, 2.68356033, 2.720654568, 2.932753572, 3.195029844, 3.777455556, 4.354801974, 4.9176801, 5.4563931, 5.961859812, 6.425460828, 6.839192412, 7.195512582, 7.4881107, 7.711445718, 7.861054014, 7.933549392, 7.926930918, 7.840275084, 7.674043644, 7.429929696, 7.110703764, 6.720521634, 6.909994692, 7.21644543, 7.467793524, 7.67204271, 8.068227642, 8.394841638, 8.648806338, 8.827659054, 8.930938032, 8.958643272, 0.0, 0.0, 0.0, 0.0, 0.0, 0.0, 0.0, 0.0, 0.0, 0.0, 0.0, 0.0, 0.0, 0.0, 0.0, 0.0, 0.0, 0.0, 0.0, 0.0, 0.0, 0.0, 0.0, 0.0, 0.0, 0.0, 0.0, 0.0, 0.0, 0.0, 0.0, 0.0, 0.0, 0.0, 0.0, 0.0, 6.76238733, 7.128866088, 7.455172248, 7.733763828, 7.957714518, 8.12148327, 8.337276306, 8.63864775, 8.866908144, 9.019286964, 9.094706784, 9.093013686, 9.015285096, 8.863983702, 8.642803536, 8.356362138, 8.01066231, 7.612168608, 7.168423014, 6.6877371], "min_cpu_time": [14, 2, 17, 17, 24, 20, 22, 22, 14, 14, 18, 4, 22], "max_cpu_time": [55, 28, 38, 21, 41, 33, 47, 55, 38, 24, 20, 31, 48], "min_job_period": [58, 18, 97, 14, 84, 30, 48, 25, 95, 4, 55, 6, 123], "max_job_period": [76, 102, 117, 50, 86, 57, 106, 48, 109, 41, 123, 80, 124], "min_startup": [1, 5, 1, 1, 1, 1, 1, 1, 1, 1, 1, 3, 1], "max_startup": [80, 76, 117, 123, 43, 35, 90, 51, 69, 57, 55, 67, 55], "priority": [13, 9, 3, 7, 5, 2, 6, 10, 11, 8, 4, 12, 1], "win_min": [0, 0, 0, 0, 3, 0, 0, 0, 0, 0, 0, 0, 0], "win_max": [125, 125, 125, 125, 117, 125, 125, 125, 125, 125, 125, 125, 125]}