{"subs": 1, "jobs": 18, "T": 125, "power_use": [2.942627230339692, 2.2762301464256676, 0.742409643445177, 0.7623854701649032, 1.7835157259273149, 0.4640072400579572, 2.237489942858083, 1.6014588105408323, 0.9052623719803858, 2.9738109314992247, 3.7259003433255695, 1.6704702353132295, 3.015398686749774, 2.6476515783443952, 2.801825055542238, 2.7964634647325943, 3.5834785115288224, 0.19514964464355541], "power_resource": [0.0, 0.0, 0.0, 0.0, 0.0, 0.0, 0.0, 0.0, 0.0, 0.0, 0.0, 0.0, 0.0, 0.0, 0.0, 0.0, 0.0, 0.0, 6.809794074, 6.832112184, 7.190895042, 7.507966122, 7.775783442, 7.987882446, 8.138722086, 8.40238362, 8.689132854, 8.902155366, 9.03883455, 9.098400816, 9.081008082, 8.987887692, 8.82181017, 8.586777384, 8.287560792, 7.930163196, 7.521356988, 7.068991986, 6.581379762, 6.067293642, 5.535814788, 4.996793952, 4.638165012, 4.495021272, 4.272609762, 3.974470596, 3.606144822, 3.173327406, 2.68356033, 2.720654568, 2.932753572, 3.195029844, 3.777455556, 4.354801974, 4.9176801, 5.4563931, 5.961859812, 6.425460828, 6.839192412, 7.195512582, 7.4881107, 7.711445718, 7.861054014, 7.933549392, 7.926930918, 7.840275084, 7.674043644, 7.429929696, 7.110703764, 6.720521634, 6.909994692, 7.21644543, 7.467793524, 7.67204271, 8.068227642, 8.394841638, 8.648806338, 8.827659054, 8.930938032, 8.958643272, 0.0, 0.0, 0.0, 0.0, 0.0, 0.0, 0.0, 0.0, 0.0, 0.0, 0.0, 0.0, 0.0, 0.0, 0.0, 0.0, 0.0, 0.0, 0.0, 0.0, 0.0, 0.0, 0.0, 0.0, 0.0, 0.0, 0.0, 0.0, 0.0, 0.0, 0.0, 0.0, 0.0, 0.0, 0.0, 0.0, 6.76238733, 7.128866088, 7.455172248, 7.733763828, 7.957714518, 8.12148327, 8.337276306, 8.63864775, 8.866908144], "min_cpu_time": [14, 3, 21, 3, 22, 7, 17, 16, 22, 8, 18, 1, 17, 4, 4, 21, 22, 1], "max_cpu_time": [45, 50, 55, 52, 50, 11, 22, 30, 24, 57, 19, 13, 19, 25, 12, 34, 42, 24], "min_job_period": [95, 8, 70, 53, 116, 35, 112, 97, 76, 89, 46, 40, 113, 50, 92, 75, 89, 23], "max_job_period": [113, 65, 85, 114, 116, 116, 119, 99, 83, 123, 72, 95, 122, 62, 118, 90, 118, 115], "min_startup": [1, 1, 1, 1, 1, 1, 1, 1, 1, 1, 1, 3, 1, 1, 1, 1, 1, 3], "max_startup": [11, 86, 42, 51, 87, 11, 1, 97, 2, 13, 75, 55, 40, 20, 10, 91, 110, 105], "priority": [14, 15, 3, 17, 8, 6, 1, 5, 18, 12, 4, 10, 11, 2, 7, 16, 9, 13], "win_min": [0, 0, 0, 0, 0, 0, 6, 0, 0, 0, 0, 0, 0, 0, 0, 0, 0, 0], "win_max": [125, 125, 125, 125, 125, 125, 110, 125, 125, 125, 125, 125, 125, 125, 125, 125, 125, 125]}