{"subs": 1, "jobs": 24, "T": 125, "power_use": [2.5447207399719205, 3.8689338371707938, 0.47814135606502883, 2.0144129822141337, 1.681899615968836, 2.796552134030682, 3.1413918413041118, 3.7211040563026514, 0.22771686076901684, 2.0240239562001907, 0.05315199295654766, 1.0985853776809336, 0.32139373838603463, 0.45455284784969885, 2.8454643320286825, 1.4316105660960472, 3.274736728311718, 1.2130714452209244, 1.3752490644725084, 3.3335956948142, 0.2838590043817692, 0.4393307012984646, 1.8322407044947633, 1.6478463661239642], "power_resource": [7.561067832, 7.298637642, 6.961865058, 6.714980586, 7.05867948, 7.35189327, 7.588773072, 7.80210342, 8.18151129, 8.490578634, 8.72638101, 8.886917484, 8.971572384, 8.9811153, 0.0, 0.0, 0.0, 0.0, 0.0, 0.0, 0.0, 0.0, 0.0, 0.0, 0.0, 0.0, 0.0, 0.0, 0.0, 0.0, 0.0, 0.0, 0.0, 0.0, 0.0, 0.0, 0.0, 0.0, 0.0, 0.0, 0.0, 0.0, 0.0, 0.0, 0.0, 0.0, 0.0, 0.0, 0.0, 6.771160656, 6.863665374, 7.22414133, 7.54275159, 7.81210809, 8.025592356, 8.17766334, 8.406385488, 8.694519984, 8.908927758, 9.04730004, 9.108559404, 9.092859768, 9.001740312, 8.83797156, 8.605093626, 8.308339722, 7.95371265, 7.547830884, 7.098544242, 6.614010378, 6.103310454, 5.575525632, 5.040198828, 4.667255514, 4.525497036, 4.304470788, 4.00802472, 3.64169988, 3.211191234, 2.724040764, 2.64585042, 2.856102408, 3.152086722, 3.733127172, 4.30893441, 4.869811602, 5.406215832, 5.909219856, 6.370204266, 6.78085749, 7.133945382, 7.423157304, 7.642952208, 7.788866472, 7.8575139, 7.847201394, 7.75669761, 7.58661822, 7.338656322, 7.015736358, 6.662032794, 7.014351096, 7.317569556, 7.565531454, 7.752541824, 8.121637188, 8.444249316, 8.69405823, 8.86875516, 8.967878352, 8.991427806, 0.0, 0.0, 0.0, 0.0, 0.0, 0.0, 0.0, 0.0, 0.0, 0.0, 0.0, 0.0, 0.0, 0.0], "min_cpu_time": [21, 8, 10, 3, 1, 13, 4, 15, 21, 3, 17, 7, 12, 20, 22, 8, 2, 7, 4, 16, 4, 23, 22, 11], "max_cpu_time": [23, 21, 21, 23, 9, 47, 11, 44, 35, 47, 39, 19, 38, 20, 43, 30, 56, 14, 40, 46, 9, 33, 33, 34], "min_job_period": [123, 63, 83, 5, 2, 116, 61, 46, 76, 5, 77, 88, 21, 34, 59, 69, 25, 39, 47, 109, 18, 97, 21, 110], "max_job_period": [124, 119, 94, 31, 99, 119, 112, 113, 112, 94, 110, 88, 123, 72, 85, 117, 78, 106, 90, 109, 92, 124, 92, 110], "min_startup": [1, 1, 1, 2, 6, 1, 2, 1, 1, 2, 1, 1, 1, 1, 1, 1, 3, 1, 2, 1, 2, 1, 1, 1], "max_startup": [109, 116, 28, 105, 28, 52, 122, 35, 39, 53, 101, 33, 39, 34, 4, 23, 119, 96, 68, 87, 120, 32, 76, 59], "priority": [18, 1, 14, 21, 6, 5, 24, 7, 11, 8, 15, 9, 4, 19, 2, 20, 22, 12, 3, 10, 13, 17, 23, 16], "win_min": [0, 0, 0, 0, 0, 0, 0, 0, 0, 0, 0, 0, 0, 0, 0, 0, 0, 0, 0, 0, 0, 0, 0, 9], "win_max": [125, 125, 125, 125, 125, 125, 125, 125, 125, 125, 125, 125, 125, 125, 125, 125, 125, 125, 125, 125, 125, 125, 125, 120]}