{"subs": 1, "jobs": 20, "T": 125, "power_use": [2.913892456917958, 2.7298121908426203, 2.351630441666752, 3.362174221228448, 0.24968415142936287, 2.0766040658576284, 3.4113167002282685, 1.4947426892131517, 1.6188126949454484, 2.79786814600695, 0.9934195955475988, 3.1802659967658147, 0.43118502985501295, 2.6298927795913345, 2.7545794806708077, 3.004791169030334, 0.6478272281321567, 1.2629378384831795, 2.6039042231808964, 0.398614954464737], "power_resource": [6.86397321, 7.179966864, 7.442089218, 7.644645306, 8.005429098, 8.34543396, 8.613405198, 8.806572288, 8.92416564, 8.966031336, 0.0, 0.0, 0.0, 0.0, 0.0, 0.0, 0.0, 0.0, 0.0, 0.0, 0.0, 0.0, 0.0, 0.0, 0.0, 0.0, 0.0, 0.0, 0.0, 0.0, 0.0, 0.0, 0.0, 0.0, 0.0, 0.0, 0.0, 0.0, 0.0, 0.0, 0.0, 0.0, 0.0, 0.0, 0.0, 0.0, 6.691123296, 7.065144036, 7.40037744, 7.689435444, 7.925083902, 8.101627848, 8.26924455, 8.585084286, 8.828582562, 8.996661018, 9.087780474, 9.101633094, 9.039450222, 8.902924956, 8.695905246, 8.422700796, 8.088698736, 7.700825376, 7.266007026, 6.792709176, 6.289551234, 5.765306526, 5.229671886, 4.691882394, 4.573827288, 4.383276804, 4.115459484, 3.775300704, 3.368341512, 2.901508218, 2.583821466, 2.827011906, 2.989549314, 3.527338806, 4.10730183, 4.676336676, 5.224900428, 5.743911924, 6.224136084, 6.657569172, 7.036515288, 7.354048122, 7.604164872, 7.782247998, 7.88444955, 7.908152922, 7.851972852, 7.71590934, 7.50119373, 7.209980874, 6.846118722, 6.815950794, 7.141487364, 7.41423006, 7.628329998, 7.940167866, 8.293563594, 8.575233534, 8.782714998, 8.914468806, 8.970648876, 8.952178716, 0.0, 0.0, 0.0, 0.0, 0.0, 0.0, 0.0, 0.0, 0.0, 0.0, 0.0, 0.0, 0.0, 0.0, 0.0, 0.0, 0.0], "min_cpu_time": [17, 12, 5, 2, 22, 5, 18, 20, 9, 2, 15, 6, 22, 9, 13, 14, 11, 2, 17, 11], "max_cpu_time": [46, 49, 23, 8, 61, 22, 59, 54, 39, 32, 26, 40, 54, 17, 46, 59, 16, 11, 29, 60], "min_job_period": [108, 29, 16, 15, 15, 10, 84, 52, 17, 2, 74, 7, 66, 49, 25, 116, 79, 15, 124, 29], "max_job_period": [108, 86, 81, 59, 119, 35, 91, 73, 123, 58, 107, 89, 105, 86, 62, 116, 96, 84, 124, 123], "min_startup": [1, 1, 3, 6, 1, 3, 1, 1, 2, 6, 1, 2, 1, 2, 1, 1, 1, 6, 1, 1], "max_startup": [88, 44, 60, 91, 116, 65, 67, 123, 74, 63, 72, 17, 112, 23, 66, 66, 98, 47, 76, 112], "priority": [7, 14, 9, 2, 16, 6, 10, 5, 13, 19, 18, 15, 11, 12, 17, 3, 1, 20, 4, 8], "win_min": [0, 0, 0, 0, 0, 0, 8, 0, 0, 0, 0, 0, 0, 0, 0, 0, 0, 0, 0, 0], "win_max": [125, 125, 125, 125, 125, 125, 117, 125, 125, 125, 125, 125, 125, 125, 125, 125, 125, 125, 125, 125]}