{"subs": 1, "jobs": 22, "T": 125, "power_use": [3.82432377545556, 0.6433604461616975, 0.6272527061190195, 2.962953586985921, 0.31566471881091585, 3.0204241309207553, 0.5583424095370235, 3.1040710354396603, 3.4372278959248916, 2.7919951147105384, 0.614401730102996, 1.8767182839485972, 3.0160470352820394, 3.874133168557352, 2.60976348501662, 0.016586077260466882, 0.8308737263342955, 1.5375764422586005, 0.5866300962823328, 2.405547033675026, 0.374338088988276, 1.6028158265805765], "power_resource": [0.0, 0.0, 0.0, 0.0, 0.0, 0.0, 0.0, 0.0, 0.0, 0.0, 0.0, 0.0, 0.0, 6.716058012, 6.93246672, 7.284785022, 7.593852366, 7.85212677, 8.053605432, 8.192593386, 8.469030114, 8.742234564, 8.941404456, 9.064077102, 9.109482912, 9.078237558, 8.97188022, 8.793489258, 8.54706654, 8.23769136, 7.871520438, 7.45578792, 6.998189706, 6.507191286, 5.991565986, 5.460856722, 4.924298574, 4.639396356, 4.48132257, 4.244442768, 3.93337449, 3.55319703, 3.110374944, 2.612142378, 2.709264636, 2.90366307, 3.277068138, 3.858108588, 4.431914892, 4.989098052, 5.520115152, 6.01588503, 6.467942196, 6.868282914, 7.209826956, 7.486109766, 7.692205968, 7.82365194, 7.877369322, 7.851665016, 7.746077268, 7.561067832, 7.298637642, 6.961865058, 6.714980586, 7.05867948, 7.35189327, 7.588773072, 7.80210342, 8.18151129, 8.490578634, 8.72638101, 8.886917484, 8.971572384, 8.9811153, 0.0, 0.0, 0.0, 0.0, 0.0, 0.0, 0.0, 0.0, 0.0, 0.0, 0.0, 0.0, 0.0, 0.0, 0.0, 0.0, 0.0, 0.0, 0.0, 0.0, 0.0, 0.0, 0.0, 0.0, 0.0, 0.0, 0.0, 0.0, 0.0, 0.0, 0.0, 0.0, 0.0, 0.0, 0.0, 6.771160656, 6.863665374, 7.22414133, 7.54275159, 7.81210809, 8.025592356, 8.17766334, 8.406385488, 8.694519984, 8.908927758, 9.04730004, 9.108559404, 9.092859768, 9.001740312, 8.83797156], "min_cpu_time": [18, 16, 13, 10, 4, 8, 13, 2, 17, 7, 4, 2, 1, 3, 3, 22, 8, 23, 5, 8, 7, 16], "max_cpu_time": [21, 38, 23, 30, 36, 52, 19, 24, 61, 44, 27, 22, 35, 6, 33, 38, 29, 31, 37, 8, 43, 51], "min_job_period": [3, 20, 95, 9, 41, 5, 104, 17, 70, 20, 26, 13, 12, 47, 60, 9, 35, 75, 49, 5, 99, 71], "max_job_period": [69, 119, 95, 112, 106, 94, 122, 107, 103, 62, 55, 109, 118, 66, 89, 82, 67, 116, 122, 36, 107, 82], "min_startup": [1, 1, 1, 1, 2, 1, 1, 3, 1, 1, 2, 3, 5, 2, 2, 1, 1, 1, 1, 1, 1, 1], "max_startup": [46, 65, 45, 104, 102, 18, 83, 35, 91, 105, 99, 55, 9, 81, 53, 78, 4, 96, 93, 101, 81, 6], "priority": [21, 10, 3, 22, 13, 18, 15, 6, 4, 7, 1, 9, 19, 16, 20, 17, 14, 2, 11, 5, 8, 12], "win_min": [0, 0, 0, 0, 0, 0, 0, 0, 0, 0, 0, 0, 0, 0, 0, 0, 0, 0, 0, 3, 0, 0], "win_max": [125, 125, 125, 125, 125, 125, 125, 125, 125, 125, 125, 125, 125, 125, 125, 125, 125, 125, 125, 106, 125, 125]}