{"subs": 1, "jobs": 22, "T": 125, "power_use": [3.184078659376348, 3.101154616146727, 3.8838915020745692, 2.224181177478605, 0.3702979290285248, 1.6270163117021927, 0.27805795653794696, 2.373315711733243, 2.6878046480163356, 0.8491433869983163, 3.880327231754801, 0.2494065959514816, 2.076346254603682, 0.35709338402661617, 1.4495214448878238, 3.4543016558289152, 3.4843882732698397, 0.22936565845608678, 0.5182595469535709, 0.508148261894502, 0.5418072931525861, 0.42185230825895687], "power_resource": [6.120857106, 6.56383311, 6.953553486, 7.283091924, 7.546445622, 7.738535286, 7.855512966, 7.894146384, 7.853358114, 7.732532484, 7.532593002, 7.25569452, 6.905223234, 6.766389198, 7.10100693, 7.384062132, 7.60970592, 7.872290028, 8.238768786, 8.534291346, 8.755933266, 8.902155366, 8.972495892, 8.96803227, 0.0, 0.0, 0.0, 0.0, 0.0, 0.0, 0.0, 0.0, 0.0, 0.0, 0.0, 0.0, 0.0, 0.0, 0.0, 0.0, 0.0, 0.0, 0.0, 0.0, 0.0, 0.0, 0.0, 0.0, 0.0, 0.0, 0.0, 0.0, 0.0, 0.0, 0.0, 0.0, 0.0, 0.0, 0.0, 6.716058012, 6.93246672, 7.284785022, 7.593852366, 7.85212677, 8.053605432, 8.192593386, 8.469030114, 8.742234564, 8.941404456, 9.064077102, 9.109482912, 9.078237558, 8.97188022, 8.793489258, 8.54706654, 8.23769136, 7.871520438, 7.45578792, 6.998189706, 6.507191286, 5.991565986, 5.460856722, 4.924298574, 4.639396356, 4.48132257, 4.244442768, 3.93337449, 3.55319703, 3.110374944, 2.612142378, 2.709264636, 2.90366307, 3.277068138, 3.858108588, 4.431914892, 4.989098052, 5.520115152, 6.01588503, 6.467942196, 6.868282914, 7.209826956, 7.486109766, 7.692205968, 7.82365194, 7.877369322, 7.851665016, 7.746077268, 7.561067832, 7.298637642, 6.961865058, 6.714980586, 7.05867948, 7.35189327, 7.588773072, 7.80210342, 8.18151129, 8.490578634, 8.72638101, 8.886917484, 8.971572384, 8.9811153, 0.0, 0.0, 0.0, 0.0], "min_cpu_time": [15, 2, 14, 1, 20, 24, 21, 15, 16, 13, 9, 3, 22, 20, 1, 3, 20, 3, 7, 7, 1, 19], "max_cpu_time": [46, 42, 49, 39, 45, 35, 53, 28, 52, 55, 22, 17, 45, 36, 35, 43, 26, 14, 55, 38, 57, 57], "min_job_period": [4, 6, 99, 2, 118, 84, 75, 42, 13, 96, 104, 5, 83, 111, 11, 33, 124, 12, 6, 27, 7, 71], "max_job_period": [26, 118, 113, 110, 123, 121, 117, 120, 82, 104, 109, 48, 87, 123, 58, 106, 124, 122, 81, 120, 18, 74], "min_startup": [1, 3, 1, 7, 1, 1, 1, 1, 1, 1, 1, 2, 1, 1, 7, 2, 1, 2, 1, 1, 7, 1], "max_startup": [94, 101, 122, 51, 28, 25, 11, 14, 91, 84, 87, 99, 62, 59, 46, 91, 21, 86, 75, 28, 87, 94], "priority": [5, 15, 10, 11, 1, 6, 14, 7, 12, 18, 16, 20, 3, 9, 2, 13, 8, 17, 22, 19, 21, 4], "win_min": [0, 0, 0, 0, 0, 0, 0, 0, 0, 0, 0, 0, 2, 0, 0, 0, 0, 0, 0, 0, 0, 0], "win_max": [125, 125, 125, 125, 125, 125, 125, 125, 125, 125, 125, 125, 123, 125, 125, 125, 125, 125, 125, 125, 125, 125]}