{"subs": 1, "jobs": 13, "T": 125, "power_use": [1.637480330652069, 0.16325038809840597, 2.347672403460092, 3.6369796469605506, 1.737429263162612, 0.35341360029822705, 2.9605988996358787, 3.716781563139204, 0.5291301928273667, 0.6441415913551614, 3.9602251707068175, 2.374355521537184, 1.7184885693346186], "power_resource": [7.05867948, 7.35189327, 7.588773072, 7.80210342, 8.18151129, 8.490578634, 8.72638101, 8.886917484, 8.971572384, 8.9811153, 0.0, 0.0, 0.0, 0.0, 0.0, 0.0, 0.0, 0.0, 0.0, 0.0, 0.0, 0.0, 0.0, 0.0, 0.0, 0.0, 0.0, 0.0, 0.0, 0.0, 0.0, 0.0, 0.0, 0.0, 0.0, 0.0, 0.0, 0.0, 0.0, 0.0, 0.0, 0.0, 0.0, 0.0, 0.0, 6.771160656, 6.863665374, 7.22414133, 7.54275159, 7.81210809, 8.025592356, 8.17766334, 8.406385488, 8.694519984, 8.908927758, 9.04730004, 9.108559404, 9.092859768, 9.001740312, 8.83797156, 8.605093626, 8.308339722, 7.95371265, 7.547830884, 7.098544242, 6.614010378, 6.103310454, 5.575525632, 5.040198828, 4.667255514, 4.525497036, 4.304470788, 4.00802472, 3.64169988, 3.211191234, 2.724040764, 2.64585042, 2.856102408, 3.152086722, 3.733127172, 4.30893441, 4.869811602, 5.406215832, 5.909219856, 6.370204266, 6.78085749, 7.133945382, 7.423157304, 7.642952208, 7.788866472, 7.8575139, 7.847201394, 7.75669761, 7.58661822, 7.338656322, 7.015736358, 6.662032794, 7.014351096, 7.317569556, 7.565531454, 7.752541824, 8.121637188, 8.444249316, 8.69405823, 8.86875516, 8.967878352, 8.991427806, 0.0, 0.0, 0.0, 0.0, 0.0, 0.0, 0.0, 0.0, 0.0, 0.0, 0.0, 0.0, 0.0, 0.0, 0.0, 0.0, 0.0, 0.0], "min_cpu_time": [24, 8, 18, 18, 5, 2, 21, 17, 13, 3, 7, 23, 18], "max_cpu_time": [39, 60, 36, 45, 31, 23, 28, 55, 55, 62, 10, 49, 61], "min_job_period": [11, 4, 42, 8, 11, 3, 57, 6, 13, 2, 16, 8, 25], "max_job_period": [110, 41, 108, 99, 94, 66, 70, 120, 18, 28, 60, 30, 26], "min_startup": [2, 6, 2, 2, 10, 25, 2, 3, 4, 16, 7, 2, 2], "max_startup": [110, 14, 106, 103, 89, 110, 119, 39, 16, 30, 93, 72, 19], "priority": [12, 2, 6, 10, 5, 9, 4, 8, 3, 13, 1, 7, 11], "win_min": [0, 0, 0, 0, 0, 0, 0, 0, 0, 0, 0, 14, 0], "win_max": [125, 125, 125, 125, 125, 125, 125, 125, 125, 125, 125, 121, 125]}