{"subs": 1, "jobs": 24, "T": 125, "power_use": [3.9025861240255417, 1.9123574770594416, 2.327340664857856, 1.5906615896748382, 1.3704585921725327, 3.908108967227217, 0.5691679358205565, 0.27415595714623187, 3.352183616770986, 2.933921299270161, 0.05419230913925527, 3.400856885905717, 0.4767055819176083, 2.8931892399818606, 3.3171049662584284, 2.4936422646077028, 1.1446413516102831, 0.6522615153962411, 3.498624237558233, 0.07787502890518082, 3.857967358650158, 3.995787332831751, 1.041743128666604, 1.6083643689512803], "power_resource": [0.0, 0.0, 0.0, 0.0, 0.0, 0.0, 0.0, 0.0, 0.0, 0.0, 0.0, 0.0, 6.716058012, 6.93246672, 7.284785022, 7.593852366, 7.85212677, 8.053605432, 8.192593386, 8.469030114, 8.742234564, 8.941404456, 9.064077102, 9.109482912, 9.078237558, 8.97188022, 8.793489258, 8.54706654, 8.23769136, 7.871520438, 7.45578792, 6.998189706, 6.507191286, 5.991565986, 5.460856722, 4.924298574, 4.639396356, 4.48132257, 4.244442768, 3.93337449, 3.55319703, 3.110374944, 2.612142378, 2.709264636, 2.90366307, 3.277068138, 3.858108588, 4.431914892, 4.989098052, 5.520115152, 6.01588503, 6.467942196, 6.868282914, 7.209826956, 7.486109766, 7.692205968, 7.82365194, 7.877369322, 7.851665016, 7.746077268, 7.561067832, 7.298637642, 6.961865058, 6.714980586, 7.05867948, 7.35189327, 7.588773072, 7.80210342, 8.18151129, 8.490578634, 8.72638101, 8.886917484, 8.971572384, 8.9811153, 0.0, 0.0, 0.0, 0.0, 0.0, 0.0, 0.0, 0.0, 0.0, 0.0, 0.0, 0.0, 0.0, 0.0, 0.0, 0.0, 0.0, 0.0, 0.0, 0.0, 0.0, 0.0, 0.0, 0.0, 0.0, 0.0, 0.0, 0.0, 0.0, 0.0, 0.0, 0.0, 0.0, 0.0, 0.0, 6.771160656, 6.863665374, 7.22414133, 7.54275159, 7.81210809, 8.025592356, 8.17766334, 8.406385488, 8.694519984, 8.908927758, 9.04730004, 9.108559404, 9.092859768, 9.001740312, 8.83797156, 8.605093626], "min_cpu_time": [9, 23, 20, 1, 17, 2, 17, 4, 6, 18, 2, 7, 1, 2, 2, 4, 3, 3, 22, 16, 3, 19, 12, 9], "max_cpu_time": [28, 28, 24, 29, 43, 19, 32, 26, 25, 47, 50, 11, 59, 30, 12, 14, 55, 32, 32, 32, 45, 61, 39, 38], "min_job_period": [17, 99, 103, 7, 123, 29, 44, 4, 43, 52, 25, 18, 3, 4, 4, 23, 9, 7, 31, 54, 18, 32, 66, 31], "max_job_period": [110, 121, 114, 71, 123, 117, 80, 50, 82, 115, 67, 97, 66, 51, 25, 26, 118, 82, 117, 56, 81, 99, 97, 39], "min_startup": [1, 1, 1, 8, 1, 4, 1, 2, 2, 1, 4, 1, 8, 4, 4, 2, 3, 3, 1, 1, 3, 1, 1, 1], "max_startup": [18, 16, 79, 91, 113, 59, 65, 37, 25, 60, 72, 4, 79, 77, 40, 52, 120, 74, 2, 54, 65, 119, 93, 107], "priority": [18, 3, 4, 16, 22, 19, 6, 8, 23, 9, 11, 15, 21, 24, 17, 1, 14, 5, 10, 13, 20, 7, 12, 2], "win_min": [0, 5, 0, 0, 0, 0, 0, 0, 0, 0, 0, 0, 0, 0, 0, 0, 0, 0, 0, 0, 0, 0, 0, 0], "win_max": [125, 114, 125, 125, 125, 125, 125, 125, 125, 125, 125, 125, 125, 125, 125, 125, 125, 125, 125, 125, 125, 125, 125, 125]}