{"subs": 1, "jobs": 22, "T": 125, "power_use": [1.9772165377715225, 2.6140578163472035, 2.2186852309206024, 2.3767374629869265, 1.5188179406935787, 1.6523426362761888, 2.792379602909894, 3.1282171965822076, 2.2191145003852766, 0.7381968693186796, 3.2197771126599095, 2.0063704029885283, 2.482174352024843, 0.4417858935288742, 0.013655411907429676, 2.984400303277375, 1.1247583561078283, 2.830892443617343, 0.4838590497875561, 1.0884734315958886, 0.26247523123860617, 1.5693723550188228], "power_resource": [6.178884192, 5.650945452, 5.113309878, 4.662637974, 4.536117378, 4.329405504, 4.04650422, 3.692031066, 3.272142762, 2.7936117, 2.653700238, 2.88134496, 3.070356264, 3.652320222, 4.23120582, 4.797316224, 5.341262436, 5.853655458, 6.325721964, 6.749458218, 7.11716832, 7.422387714, 7.659113598, 7.823036268, 7.910461692, 7.918927182, 7.847663148, 7.696515672, 7.467023934, 7.161650622, 6.784551522, 6.86397321, 7.179966864, 7.442089218, 7.644645306, 8.005429098, 8.34543396, 8.613405198, 8.806572288, 8.92416564, 8.966031336, 0.0, 0.0, 0.0, 0.0, 0.0, 0.0, 0.0, 0.0, 0.0, 0.0, 0.0, 0.0, 0.0, 0.0, 0.0, 0.0, 0.0, 0.0, 0.0, 0.0, 0.0, 0.0, 0.0, 0.0, 0.0, 0.0, 0.0, 0.0, 0.0, 0.0, 0.0, 0.0, 0.0, 0.0, 0.0, 0.0, 6.691123296, 7.065144036, 7.40037744, 7.689435444, 7.925083902, 8.101627848, 8.26924455, 8.585084286, 8.828582562, 8.996661018, 9.087780474, 9.101633094, 9.039450222, 8.902924956, 8.695905246, 8.422700796, 8.088698736, 7.700825376, 7.266007026, 6.792709176, 6.289551234, 5.765306526, 5.229671886, 4.691882394, 4.573827288, 4.383276804, 4.115459484, 3.775300704, 3.368341512, 2.901508218, 2.583821466, 2.827011906, 2.989549314, 3.527338806, 4.10730183, 4.676336676, 5.224900428, 5.743911924, 6.224136084, 6.657569172, 7.036515288, 7.354048122, 7.604164872, 7.782247998, 7.88444955, 7.908152922, 7.851972852, 7.71590934], "min_cpu_time": [4, 21, 24, 9, 18, 10, 3, 24, 12, 11, 8, 13, 23, 4, 12, 14, 11, 2, 19, 7, 15, 21], "max_cpu_time": [62, 56, 26, 19, 28, 44, 14, 53, 31, 29, 23, 52, 43, 6, 49, 25, 15, 4, 42, 16, 59, 40], "min_job_period": [106, 75, 95, 1, 36, 123, 117, 91, 36, 47, 14, 33, 18, 35, 16, 82, 100, 96, 74, 77, 92, 74], "max_job_period": [109, 94, 120, 55, 52, 124, 121, 97, 79, 56, 53, 104, 60, 52, 94, 99, 106, 112, 104, 90, 109, 83], "min_startup": [1, 1, 1, 1, 1, 1, 1, 1, 1, 1, 1, 1, 1, 1, 1, 1, 1, 1, 1, 1, 1, 1], "max_startup": [108, 103, 75, 9, 111, 61, 29, 123, 64, 121, 70, 58, 46, 104, 96, 55, 6, 55, 119, 35, 6, 116], "priority": [21, 20, 6, 4, 3, 12, 22, 14, 13, 11, 8, 16, 9, 2, 1, 19, 17, 18, 15, 5, 7, 10], "win_min": [0, 0, 10, 0, 0, 0, 0, 0, 0, 0, 0, 0, 0, 0, 0, 0, 0, 0, 0, 0, 0, 0], "win_max": [125, 125, 109, 125, 125, 125, 125, 125, 125, 125, 125, 125, 125, 125, 125, 125, 125, 125, 125, 125, 125, 125]}