{"subs": 1, "jobs": 22, "T": 125, "power_use": [1.775606477063168, 2.221765734103462, 0.6443132047284155, 3.3110001859914187, 1.4116172801713476, 2.693739699743622, 0.011005134264418306, 0.7577636479877945, 0.4049391534444086, 0.7204802353246326, 1.9416708774060243, 3.1922456502902183, 0.7664276063386661, 2.6288192069896557, 0.05449680508905483, 2.7418844321856186, 1.4116478213080155, 3.6436941669115153, 0.9467376610729027, 2.899529343957592, 2.4965773617862776, 2.7484129303947538], "power_resource": [7.738535286, 7.855512966, 7.894146384, 7.853358114, 7.732532484, 7.532593002, 7.25569452, 6.905223234, 6.766389198, 7.10100693, 7.384062132, 7.60970592, 7.872290028, 8.238768786, 8.534291346, 8.755933266, 8.902155366, 8.972495892, 8.96803227, 0.0, 0.0, 0.0, 0.0, 0.0, 0.0, 0.0, 0.0, 0.0, 0.0, 0.0, 0.0, 0.0, 0.0, 0.0, 0.0, 0.0, 0.0, 0.0, 0.0, 0.0, 0.0, 0.0, 0.0, 0.0, 0.0, 0.0, 0.0, 0.0, 0.0, 0.0, 0.0, 0.0, 0.0, 0.0, 6.716058012, 6.93246672, 7.284785022, 7.593852366, 7.85212677, 8.053605432, 8.192593386, 8.469030114, 8.742234564, 8.941404456, 9.064077102, 9.109482912, 9.078237558, 8.97188022, 8.793489258, 8.54706654, 8.23769136, 7.871520438, 7.45578792, 6.998189706, 6.507191286, 5.991565986, 5.460856722, 4.924298574, 4.639396356, 4.48132257, 4.244442768, 3.93337449, 3.55319703, 3.110374944, 2.612142378, 2.709264636, 2.90366307, 3.277068138, 3.858108588, 4.431914892, 4.989098052, 5.520115152, 6.01588503, 6.467942196, 6.868282914, 7.209826956, 7.486109766, 7.692205968, 7.82365194, 7.877369322, 7.851665016, 7.746077268, 7.561067832, 7.298637642, 6.961865058, 6.714980586, 7.05867948, 7.35189327, 7.588773072, 7.80210342, 8.18151129, 8.490578634, 8.72638101, 8.886917484, 8.971572384, 8.9811153, 0.0, 0.0, 0.0, 0.0, 0.0, 0.0, 0.0, 0.0, 0.0], "min_cpu_time": [19, 19, 3, 8, 22, 8, 21, 8, 21, 8, 8, 1, 17, 10, 4, 12, 10, 7, 14, 11, 18, 4], "max_cpu_time": [21, 62, 51, 36, 23, 52, 21, 26, 37, 8, 15, 6, 28, 35, 7, 39, 61, 11, 60, 32, 46, 58], "min_job_period": [8, 21, 16, 33, 116, 46, 46, 15, 93, 52, 17, 3, 71, 15, 3, 53, 59, 31, 57, 61, 15, 10], "max_job_period": [59, 117, 27, 42, 119, 85, 67, 102, 119, 86, 73, 21, 105, 53, 41, 115, 64, 47, 61, 91, 23, 30], "min_startup": [1, 1, 6, 2, 1, 2, 1, 2, 1, 2, 2, 16, 1, 2, 4, 2, 2, 3, 1, 2, 1, 4], "max_startup": [36, 45, 59, 22, 14, 39, 97, 24, 24, 3, 52, 55, 79, 93, 32, 45, 20, 40, 13, 11, 56, 22], "priority": [7, 1, 11, 18, 5, 17, 16, 19, 22, 14, 21, 12, 3, 6, 2, 15, 20, 10, 9, 8, 4, 13], "win_min": [0, 0, 0, 0, 0, 0, 0, 0, 0, 0, 0, 0, 0, 2, 0, 0, 0, 0, 0, 0, 0, 0], "win_max": [125, 125, 125, 125, 125, 125, 125, 125, 125, 125, 125, 125, 125, 115, 125, 125, 125, 125, 125, 125, 125, 125]}