{"subs": 1, "jobs": 22, "T": 125, "power_use": [1.8049661983590295, 2.026548715116433, 1.0223547139628597, 2.95861879392653, 1.2066975618731797, 0.4743975232779486, 2.4949512514858334, 1.3771115589365404, 0.5992891769145383, 1.8327028499179463, 1.5493788463611393, 2.9721764871816023, 2.69929600450533, 1.7159129227098604, 2.5493491526617778, 1.2083889366486689, 3.1317179145018583, 3.7424696842342775, 2.458880327475428, 3.3994797726448938, 0.3118703522846636, 0.1809059146946622], "power_resource": [5.765306526, 5.229671886, 4.691882394, 4.573827288, 4.383276804, 4.115459484, 3.775300704, 3.368341512, 2.901508218, 2.583821466, 2.827011906, 2.989549314, 3.527338806, 4.10730183, 4.676336676, 5.224900428, 5.743911924, 6.224136084, 6.657569172, 7.036515288, 7.354048122, 7.604164872, 7.782247998, 7.88444955, 7.908152922, 7.851972852, 7.71590934, 7.50119373, 7.209980874, 6.846118722, 6.815950794, 7.141487364, 7.41423006, 7.628329998, 7.940167866, 8.293563594, 8.575233534, 8.782714998, 8.914468806, 8.970648876, 8.952178716, 0.0, 0.0, 0.0, 0.0, 0.0, 0.0, 0.0, 0.0, 0.0, 0.0, 0.0, 0.0, 0.0, 0.0, 0.0, 0.0, 0.0, 0.0, 0.0, 0.0, 0.0, 0.0, 0.0, 0.0, 0.0, 0.0, 0.0, 0.0, 0.0, 0.0, 0.0, 0.0, 0.0, 0.0, 0.0, 6.658030926, 6.999574968, 7.343581698, 7.642644372, 7.88983668, 8.079001902, 8.20459899, 8.52859638, 8.787024702, 8.970648876, 9.077467968, 9.107174142, 9.06038307, 8.938941768, 8.746236432, 8.486115012, 8.164426392, 7.787327292, 7.36189794, 6.89629599, 6.398986932, 5.87889801, 5.345418222, 4.808090484, 4.60830492, 4.433761908, 4.181490306, 3.8556459, 3.462077574, 3.007095966, 2.511018252, 2.769600492, 2.948145372, 3.402203472, 3.982782168, 4.55443362, 5.107460994, 5.63262921, 6.120857106, 6.56383311, 6.953553486, 7.283091924, 7.546445622, 7.738535286, 7.855512966, 7.894146384, 7.853358114, 7.732532484, 7.532593002], "min_cpu_time": [8, 23, 3, 9, 3, 9, 16, 1, 4, 23, 11, 18, 20, 4, 12, 24, 12, 14, 13, 15, 11, 20], "max_cpu_time": [17, 39, 11, 32, 38, 10, 33, 24, 6, 40, 52, 28, 55, 30, 36, 26, 57, 47, 39, 15, 40, 25], "min_job_period": [17, 106, 4, 48, 21, 47, 53, 2, 40, 25, 30, 100, 45, 21, 56, 36, 94, 2, 76, 3, 56, 105], "max_job_period": [49, 106, 59, 108, 31, 92, 73, 17, 84, 94, 34, 123, 63, 46, 57, 103, 102, 45, 99, 37, 65, 116], "min_startup": [2, 1, 4, 2, 4, 2, 1, 11, 3, 1, 1, 1, 1, 3, 1, 1, 1, 1, 1, 1, 1, 1], "max_startup": [26, 81, 80, 92, 31, 54, 63, 119, 7, 2, 81, 34, 118, 51, 47, 103, 39, 102, 34, 69, 70, 15], "priority": [3, 6, 8, 19, 18, 1, 5, 16, 2, 20, 14, 9, 12, 15, 7, 4, 21, 17, 13, 22, 10, 11], "win_min": [0, 0, 0, 0, 0, 0, 0, 0, 0, 0, 0, 0, 0, 0, 0, 0, 20, 0, 0, 0, 0, 0], "win_max": [125, 125, 125, 125, 125, 125, 125, 125, 125, 125, 125, 125, 125, 125, 125, 125, 120, 125, 125, 125, 125, 125]}