{"subs": 1, "jobs": 18, "T": 125, "power_use": [2.876234944857846, 3.9495928148793626, 2.5124534750780967, 0.7609483515026009, 2.9536101674808988, 2.519611412237501, 3.747582513576703, 1.6910781049691341, 0.9735470957156501, 1.6772012516418502, 2.425237617966414, 3.1855760151278347, 0.46664858801503517, 1.0539755664084536, 2.281737058878339, 1.2212464110042538, 3.3711014590444823, 3.216146433873692], "power_resource": [6.999574968, 7.343581698, 7.642644372, 7.88983668, 8.079001902, 8.20459899, 8.52859638, 8.787024702, 8.970648876, 9.077467968, 9.107174142, 9.06038307, 8.938941768, 8.746236432, 8.486115012, 8.164426392, 7.787327292, 7.36189794, 6.89629599, 6.398986932, 5.87889801, 5.345418222, 4.808090484, 4.60830492, 4.433761908, 4.181490306, 3.8556459, 3.462077574, 3.007095966, 2.511018252, 2.769600492, 2.948145372, 3.402203472, 3.982782168, 4.55443362, 5.107460994, 5.63262921, 6.120857106, 6.56383311, 6.953553486, 7.283091924, 7.546445622, 7.738535286, 7.855512966, 7.894146384, 7.853358114, 7.732532484, 7.532593002, 7.25569452, 6.905223234, 6.766389198, 7.10100693, 7.384062132, 7.60970592, 7.872290028, 8.238768786, 8.534291346, 8.755933266, 8.902155366, 8.972495892, 8.96803227, 0.0, 0.0, 0.0, 0.0, 0.0, 0.0, 0.0, 0.0, 0.0, 0.0, 0.0, 0.0, 0.0, 0.0, 0.0, 0.0, 0.0, 0.0, 0.0, 0.0, 0.0, 0.0, 0.0, 0.0, 0.0, 0.0, 0.0, 0.0, 0.0, 0.0, 0.0, 0.0, 0.0, 0.0, 0.0, 6.716058012, 6.93246672, 7.284785022, 7.593852366, 7.85212677, 8.053605432, 8.192593386, 8.469030114, 8.742234564, 8.941404456, 9.064077102, 9.109482912, 9.078237558, 8.97188022, 8.793489258, 8.54706654, 8.23769136, 7.871520438, 7.45578792, 6.998189706, 6.507191286, 5.991565986, 5.460856722, 4.924298574, 4.639396356, 4.48132257, 4.244442768, 3.93337449, 3.55319703], "min_cpu_time": [15, 8, 8, 14, 3, 2, 15, 10, 10, 12, 21, 7, 9, 13, 5, 11, 17, 22], "max_cpu_time": [36, 43, 13, 23, 31, 16, 20, 42, 27, 26, 49, 61, 21, 47, 47, 19, 48, 43], "min_job_period": [52, 19, 8, 49, 16, 7, 41, 33, 19, 53, 31, 17, 24, 5, 4, 17, 86, 93], "max_job_period": [75, 51, 30, 91, 80, 22, 123, 114, 23, 69, 110, 91, 107, 112, 104, 43, 117, 113], "min_startup": [2, 3, 3, 2, 6, 10, 2, 2, 2, 2, 1, 3, 2, 2, 4, 2, 1, 1], "max_startup": [61, 68, 78, 94, 103, 58, 55, 37, 24, 64, 78, 111, 122, 31, 103, 88, 85, 114], "priority": [10, 11, 14, 3, 2, 8, 9, 15, 17, 4, 1, 18, 6, 16, 13, 5, 7, 12], "win_min": [0, 0, 0, 0, 0, 0, 0, 0, 0, 0, 0, 0, 0, 0, 12, 0, 0, 0], "win_max": [125, 125, 125, 125, 125, 125, 125, 125, 125, 125, 125, 125, 125, 125, 104, 125, 125, 125]}