{"subs": 1, "jobs": 13, "T": 125, "power_use": [0.4404014474126629, 1.2801804628501878, 0.4072818252150763, 2.396517280645036, 0.4722320536672247, 2.644280889719618, 1.3756222542202516, 3.077231010137881, 2.3436625393869344, 2.971682529352958, 1.144100767197144, 1.746604289401995, 3.3562712712303546], "power_resource": [8.101627848, 8.26924455, 8.585084286, 8.828582562, 8.996661018, 9.087780474, 9.101633094, 9.039450222, 8.902924956, 8.695905246, 8.422700796, 8.088698736, 7.700825376, 7.266007026, 6.792709176, 6.289551234, 5.765306526, 5.229671886, 4.691882394, 4.573827288, 4.383276804, 4.115459484, 3.775300704, 3.368341512, 2.901508218, 2.583821466, 2.827011906, 2.989549314, 3.527338806, 4.10730183, 4.676336676, 5.224900428, 5.743911924, 6.224136084, 6.657569172, 7.036515288, 7.354048122, 7.604164872, 7.782247998, 7.88444955, 7.908152922, 7.851972852, 7.71590934, 7.50119373, 7.209980874, 6.846118722, 6.815950794, 7.141487364, 7.41423006, 7.628329998, 7.940167866, 8.293563594, 8.575233534, 8.782714998, 8.914468806, 8.970648876, 8.952178716, 0.0, 0.0, 0.0, 0.0, 0.0, 0.0, 0.0, 0.0, 0.0, 0.0, 0.0, 0.0, 0.0, 0.0, 0.0, 0.0, 0.0, 0.0, 0.0, 0.0, 0.0, 0.0, 0.0, 0.0, 0.0, 0.0, 0.0, 0.0, 0.0, 0.0, 0.0, 0.0, 0.0, 0.0, 0.0, 6.658030926, 6.999574968, 7.343581698, 7.642644372, 7.88983668, 8.079001902, 8.20459899, 8.52859638, 8.787024702, 8.970648876, 9.077467968, 9.107174142, 9.06038307, 8.938941768, 8.746236432, 8.486115012, 8.164426392, 7.787327292, 7.36189794, 6.89629599, 6.398986932, 5.87889801, 5.345418222, 4.808090484, 4.60830492, 4.433761908, 4.181490306, 3.8556459, 3.462077574, 3.007095966, 2.511018252, 2.769600492, 2.948145372], "min_cpu_time": [20, 6, 13, 21, 20, 23, 4, 1, 23, 21, 18, 15, 3], "max_cpu_time": [27, 52, 32, 30, 54, 48, 43, 22, 45, 57, 24, 25, 56], "min_job_period": [58, 18, 56, 90, 23, 67, 10, 3, 27, 59, 40, 21, 10], "max_job_period": [114, 49, 93, 103, 49, 112, 86, 46, 56, 119, 96, 32, 13], "min_startup": [2, 4, 2, 1, 2, 1, 7, 25, 1, 1, 2, 2, 9], "max_startup": [109, 102, 110, 116, 94, 13, 86, 74, 43, 33, 24, 110, 61], "priority": [4, 9, 1, 12, 7, 11, 5, 8, 13, 3, 2, 6, 10], "win_min": [0, 0, 0, 0, 0, 0, 0, 0, 0, 0, 16, 0, 0], "win_max": [125, 125, 125, 125, 125, 125, 125, 125, 125, 125, 103, 125, 125]}