{"subs": 1, "jobs": 20, "T": 125, "power_use": [0.571811817719921, 1.1160496140429774, 2.572282063364764, 3.587122894080909, 3.464059393658673, 3.4701993573905403, 3.5704793309974043, 2.5023318148000504, 3.3597950266791203, 1.5218516469160004, 0.6921710967134533, 3.931991113238662, 2.481041777713638, 1.2300596328600064, 2.806800040864563, 2.3977494107805826, 1.6976279878204226, 1.1095156232676735, 3.6265710336734336, 0.035074254086888856], "power_resource": [0.0, 0.0, 6.754383594, 6.900297858, 7.25107698, 7.558451226, 7.815340368, 8.015433768, 8.153190378, 8.464566492, 8.736539598, 8.934016392, 9.055149858, 9.09886257, 9.0657702, 8.957411928, 8.776866114, 8.527980708, 8.21614284, 7.847355312, 7.428698352, 6.96786786, 6.473637162, 5.954625666, 5.42022237, 4.879816272, 4.610305854, 4.450846806, 4.212581742, 3.899666448, 3.517488054, 3.07220328, 2.571354108, 2.784530538, 2.980929906, 3.319857342, 3.902283054, 4.477782456, 5.03696655, 5.57029242, 6.068678904, 6.523506594, 6.926771754, 7.271548074, 7.551370998, 7.761007314, 7.896147318, 7.95371265, 7.931856294, 7.829962578, 7.648801092, 7.390218852, 7.0571403, 6.654029058, 6.954323076, 7.250923062, 7.49118906, 7.744999842, 8.128255662, 8.441478792, 8.681283036, 8.845975296, 8.9349399, 8.948638602, 0.0, 0.0, 0.0, 0.0, 0.0, 0.0, 0.0, 0.0, 0.0, 0.0, 0.0, 0.0, 0.0, 0.0, 0.0, 0.0, 0.0, 0.0, 0.0, 0.0, 0.0, 0.0, 0.0, 0.0, 0.0, 0.0, 0.0, 0.0, 0.0, 0.0, 0.0, 0.0, 0.0, 0.0, 0.0, 6.809794074, 6.832112184, 7.190895042, 7.507966122, 7.775783442, 7.987882446, 8.138722086, 8.40238362, 8.689132854, 8.902155366, 9.03883455, 9.098400816, 9.081008082, 8.987887692, 8.82181017, 8.586777384, 8.287560792, 7.930163196, 7.521356988, 7.068991986, 6.581379762, 6.067293642, 5.535814788, 4.996793952, 4.638165012, 4.495021272], "min_cpu_time": [20, 13, 24, 3, 23, 3, 24, 3, 4, 4, 3, 16, 12, 19, 8, 19, 19, 12, 7, 4], "max_cpu_time": [29, 62, 26, 35, 30, 55, 49, 55, 43, 13, 44, 60, 40, 44, 59, 36, 24, 46, 55, 40], "min_job_period": [33, 68, 16, 5, 17, 15, 12, 3, 17, 35, 1, 79, 67, 83, 32, 74, 1, 88, 59, 4], "max_job_period": [73, 101, 56, 115, 39, 15, 64, 68, 121, 79, 95, 108, 75, 110, 55, 115, 110, 115, 108, 21], "min_startup": [1, 1, 1, 4, 1, 4, 1, 4, 3, 3, 4, 1, 1, 1, 2, 1, 1, 1, 2, 3], "max_startup": [68, 63, 48, 6, 62, 120, 26, 72, 50, 87, 113, 92, 47, 40, 41, 64, 28, 6, 88, 20], "priority": [17, 13, 8, 11, 14, 12, 9, 18, 19, 15, 5, 16, 3, 4, 20, 2, 10, 7, 6, 1], "win_min": [0, 0, 0, 1, 0, 0, 0, 0, 0, 0, 0, 0, 0, 0, 0, 0, 0, 0, 0, 0], "win_max": [125, 125, 125, 115, 125, 125, 125, 125, 125, 125, 125, 125, 125, 125, 125, 125, 125, 125, 125, 125]}