{"subs": 1, "jobs": 18, "T": 125, "power_use": [1.6114253958945333, 3.202133062464413, 0.338151915016685, 3.7029744877871686, 0.9426741734588028, 0.8043700163632429, 0.11221882595556257, 0.7612616478278651, 2.192312505116287, 2.340629715651296, 0.5542867984676715, 1.08637668353659, 3.673278274421207, 1.7684895119813473, 3.5595849921423786, 3.637115045488023, 2.0965378595772677, 2.3949364076917243], "power_resource": [0.0, 0.0, 0.0, 0.0, 0.0, 0.0, 0.0, 0.0, 0.0, 0.0, 0.0, 0.0, 6.691123296, 7.065144036, 7.40037744, 7.689435444, 7.925083902, 8.101627848, 8.26924455, 8.585084286, 8.828582562, 8.996661018, 9.087780474, 9.101633094, 9.039450222, 8.902924956, 8.695905246, 8.422700796, 8.088698736, 7.700825376, 7.266007026, 6.792709176, 6.289551234, 5.765306526, 5.229671886, 4.691882394, 4.573827288, 4.383276804, 4.115459484, 3.775300704, 3.368341512, 2.901508218, 2.583821466, 2.827011906, 2.989549314, 3.527338806, 4.10730183, 4.676336676, 5.224900428, 5.743911924, 6.224136084, 6.657569172, 7.036515288, 7.354048122, 7.604164872, 7.782247998, 7.88444955, 7.908152922, 7.851972852, 7.71590934, 7.50119373, 7.209980874, 6.846118722, 6.815950794, 7.141487364, 7.41423006, 7.628329998, 7.940167866, 8.293563594, 8.575233534, 8.782714998, 8.914468806, 8.970648876, 8.952178716, 0.0, 0.0, 0.0, 0.0, 0.0, 0.0, 0.0, 0.0, 0.0, 0.0, 0.0, 0.0, 0.0, 0.0, 0.0, 0.0, 0.0, 0.0, 0.0, 0.0, 0.0, 0.0, 0.0, 0.0, 0.0, 0.0, 0.0, 0.0, 0.0, 0.0, 0.0, 0.0, 0.0, 0.0, 0.0, 6.658030926, 6.999574968, 7.343581698, 7.642644372, 7.88983668, 8.079001902, 8.20459899, 8.52859638, 8.787024702, 8.970648876, 9.077467968, 9.107174142, 9.06038307, 8.938941768, 8.746236432, 8.486115012], "min_cpu_time": [15, 18, 13, 22, 10, 3, 3, 20, 23, 21, 17, 20, 7, 5, 4, 3, 7, 10], "max_cpu_time": [46, 40, 18, 44, 12, 28, 25, 54, 62, 45, 52, 39, 57, 8, 24, 48, 56, 25], "min_job_period": [124, 118, 15, 103, 26, 14, 7, 13, 63, 85, 87, 25, 60, 39, 14, 16, 28, 14], "max_job_period": [124, 122, 102, 114, 63, 92, 85, 60, 85, 107, 101, 97, 97, 91, 91, 107, 64, 123], "min_startup": [1, 1, 1, 1, 2, 5, 5, 1, 1, 1, 1, 1, 2, 3, 4, 5, 2, 2], "max_startup": [89, 119, 14, 62, 4, 57, 98, 89, 95, 19, 39, 4, 47, 109, 9, 89, 64, 104], "priority": [8, 18, 7, 15, 5, 12, 9, 3, 10, 6, 14, 16, 17, 1, 13, 4, 2, 11], "win_min": [0, 0, 0, 0, 0, 0, 0, 0, 0, 24, 0, 0, 0, 0, 0, 0, 0, 0], "win_max": [125, 125, 125, 125, 125, 125, 125, 125, 125, 115, 125, 125, 125, 125, 125, 125, 125, 125]}