{"subs": 1, "jobs": 24, "T": 125, "power_use": [2.325592413312445, 2.8260234601982863, 2.365328569870174, 0.3517345755368505, 3.418067843939634, 0.403673017813024, 3.6122309166221624, 2.026587481546078, 1.0874809342219358, 1.3261276481203677, 2.9187191042195724, 1.0392275716732602, 0.9010829485030565, 2.4878240187650884, 3.3895273996953996, 3.3102887990897583, 3.0587538631746036, 0.12206379583264543, 2.315869255506927, 1.5266996306402185, 3.3346747161260595, 0.4674258377658153, 2.8422741534803864, 0.5080782299355296], "power_resource": [8.192593386, 8.469030114, 8.742234564, 8.941404456, 9.064077102, 9.109482912, 9.078237558, 8.97188022, 8.793489258, 8.54706654, 8.23769136, 7.871520438, 7.45578792, 6.998189706, 6.507191286, 5.991565986, 5.460856722, 4.924298574, 4.639396356, 4.48132257, 4.244442768, 3.93337449, 3.55319703, 3.110374944, 2.612142378, 2.709264636, 2.90366307, 3.277068138, 3.858108588, 4.431914892, 4.989098052, 5.520115152, 6.01588503, 6.467942196, 6.868282914, 7.209826956, 7.486109766, 7.692205968, 7.82365194, 7.877369322, 7.851665016, 7.746077268, 7.561067832, 7.298637642, 6.961865058, 6.714980586, 7.05867948, 7.35189327, 7.588773072, 7.80210342, 8.18151129, 8.490578634, 8.72638101, 8.886917484, 8.971572384, 8.9811153, 0.0, 0.0, 0.0, 0.0, 0.0, 0.0, 0.0, 0.0, 0.0, 0.0, 0.0, 0.0, 0.0, 0.0, 0.0, 0.0, 0.0, 0.0, 0.0, 0.0, 0.0, 0.0, 0.0, 0.0, 0.0, 0.0, 0.0, 0.0, 0.0, 0.0, 0.0, 0.0, 0.0, 0.0, 0.0, 6.771160656, 6.863665374, 7.22414133, 7.54275159, 7.81210809, 8.025592356, 8.17766334, 8.406385488, 8.694519984, 8.908927758, 9.04730004, 9.108559404, 9.092859768, 9.001740312, 8.83797156, 8.605093626, 8.308339722, 7.95371265, 7.547830884, 7.098544242, 6.614010378, 6.103310454, 5.575525632, 5.040198828, 4.667255514, 4.525497036, 4.304470788, 4.00802472, 3.64169988, 3.211191234, 2.724040764, 2.64585042, 2.856102408, 3.152086722], "min_cpu_time": [13, 23, 23, 7, 24, 1, 2, 8, 3, 10, 11, 10, 2, 12, 22, 15, 8, 6, 1, 6, 22, 4, 24, 6], "max_cpu_time": [26, 41, 55, 9, 57, 7, 11, 21, 37, 37, 51, 57, 31, 48, 30, 56, 46, 37, 9, 18, 29, 41, 29, 13], "min_job_period": [59, 61, 67, 44, 99, 9, 12, 99, 20, 28, 87, 82, 1, 52, 76, 15, 11, 23, 3, 8, 86, 36, 85, 6], "max_job_period": [123, 119, 106, 78, 108, 26, 68, 116, 50, 39, 118, 114, 123, 109, 104, 39, 89, 112, 74, 25, 108, 120, 118, 49], "min_startup": [1, 1, 1, 1, 1, 7, 4, 1, 3, 1, 1, 1, 4, 1, 1, 1, 1, 2, 7, 2, 1, 2, 1, 2], "max_startup": [6, 11, 33, 41, 66, 37, 63, 36, 115, 4, 74, 55, 49, 91, 83, 89, 105, 109, 100, 98, 6, 79, 121, 66], "priority": [5, 2, 9, 21, 23, 19, 4, 7, 18, 3, 24, 8, 14, 17, 15, 11, 10, 12, 20, 16, 1, 13, 22, 6], "win_min": [0, 0, 0, 0, 0, 0, 0, 0, 0, 0, 0, 0, 0, 0, 0, 0, 0, 0, 0, 0, 0, 0, 22, 0], "win_max": [125, 125, 125, 125, 125, 125, 125, 125, 125, 125, 125, 125, 125, 125, 125, 125, 125, 125, 125, 125, 125, 125, 108, 125]}