{"subs": 1, "jobs": 18, "T": 125, "power_use": [3.5821894970268073, 0.8614567067310818, 2.041773545966151, 0.5983618179314923, 3.093362663692616, 1.7711470227025654, 2.4205229431434625, 0.9653352367151333, 0.4190344699275852, 1.499799468584872, 0.5823688423991266, 1.6337191874904562, 1.9985614402518128, 2.14132639620584, 0.3180400633143844, 1.928376016968677, 1.3972832639327706, 2.871219180432101], "power_resource": [7.593852366, 7.85212677, 8.053605432, 8.192593386, 8.469030114, 8.742234564, 8.941404456, 9.064077102, 9.109482912, 9.078237558, 8.97188022, 8.793489258, 8.54706654, 8.23769136, 7.871520438, 7.45578792, 6.998189706, 6.507191286, 5.991565986, 5.460856722, 4.924298574, 4.639396356, 4.48132257, 4.244442768, 3.93337449, 3.55319703, 3.110374944, 2.612142378, 2.709264636, 2.90366307, 3.277068138, 3.858108588, 4.431914892, 4.989098052, 5.520115152, 6.01588503, 6.467942196, 6.868282914, 7.209826956, 7.486109766, 7.692205968, 7.82365194, 7.877369322, 7.851665016, 7.746077268, 7.561067832, 7.298637642, 6.961865058, 6.714980586, 7.05867948, 7.35189327, 7.588773072, 7.80210342, 8.18151129, 8.490578634, 8.72638101, 8.886917484, 8.971572384, 8.9811153, 0.0, 0.0, 0.0, 0.0, 0.0, 0.0, 0.0, 0.0, 0.0, 0.0, 0.0, 0.0, 0.0, 0.0, 0.0, 0.0, 0.0, 0.0, 0.0, 0.0, 0.0, 0.0, 0.0, 0.0, 0.0, 0.0, 0.0, 0.0, 0.0, 0.0, 0.0, 0.0, 0.0, 0.0, 0.0, 6.771160656, 6.863665374, 7.22414133, 7.54275159, 7.81210809, 8.025592356, 8.17766334, 8.406385488, 8.694519984, 8.908927758, 9.04730004, 9.108559404, 9.092859768, 9.001740312, 8.83797156, 8.605093626, 8.308339722, 7.95371265, 7.547830884, 7.098544242, 6.614010378, 6.103310454, 5.575525632, 5.040198828, 4.667255514, 4.525497036, 4.304470788, 4.00802472, 3.64169988, 3.211191234, 2.724040764], "min_cpu_time": [3, 12, 12, 7, 4, 8, 3, 20, 21, 10, 24, 1, 17, 22, 17, 2, 5, 24], "max_cpu_time": [21, 27, 55, 46, 48, 13, 26, 49, 60, 28, 42, 3, 35, 28, 53, 56, 42, 52], "min_job_period": [8, 34, 6, 2, 2, 16, 8, 53, 27, 9, 19, 2, 22, 50, 48, 3, 14, 53], "max_job_period": [73, 112, 68, 92, 86, 84, 48, 124, 40, 82, 102, 41, 23, 116, 56, 72, 124, 81], "min_startup": [13, 3, 3, 6, 10, 5, 13, 2, 2, 4, 2, 40, 2, 2, 2, 20, 8, 2], "max_startup": [62, 93, 11, 13, 70, 89, 69, 59, 123, 81, 14, 52, 56, 64, 44, 89, 24, 108], "priority": [10, 18, 3, 12, 9, 15, 2, 17, 1, 5, 8, 11, 16, 7, 13, 14, 6, 4], "win_min": [0, 0, 23, 0, 0, 0, 0, 0, 0, 0, 0, 0, 0, 0, 0, 0, 0, 0], "win_max": [125, 125, 115, 125, 125, 125, 125, 125, 125, 125, 125, 125, 125, 125, 125, 125, 125, 125]}