{"subs": 1, "jobs": 20, "T": 125, "power_use": [0.5892564559193081, 3.8309647773644095, 2.6524984678042673, 1.3048121120491527, 2.2202246869553472, 2.198117269231713, 0.02989874238727184, 1.1842242652454273, 1.4156835624703545, 3.814441131223103, 3.9445611492268142, 0.6529762598906456, 2.298010464569336, 3.1245821101700253, 2.270265192679566, 1.3685789664952008, 1.6629740810203988, 2.4044424197537873, 0.3894395104249359, 2.6632840285583295], "power_resource": [2.511018252, 2.769600492, 2.948145372, 3.402203472, 3.982782168, 4.55443362, 5.107460994, 5.63262921, 6.120857106, 6.56383311, 6.953553486, 7.283091924, 7.546445622, 7.738535286, 7.855512966, 7.894146384, 7.853358114, 7.732532484, 7.532593002, 7.25569452, 6.905223234, 6.766389198, 7.10100693, 7.384062132, 7.60970592, 7.872290028, 8.238768786, 8.534291346, 8.755933266, 8.902155366, 8.972495892, 8.96803227, 0.0, 0.0, 0.0, 0.0, 0.0, 0.0, 0.0, 0.0, 0.0, 0.0, 0.0, 0.0, 0.0, 0.0, 0.0, 0.0, 0.0, 0.0, 0.0, 0.0, 0.0, 0.0, 0.0, 0.0, 0.0, 0.0, 0.0, 0.0, 0.0, 0.0, 0.0, 0.0, 0.0, 0.0, 0.0, 6.716058012, 6.93246672, 7.284785022, 7.593852366, 7.85212677, 8.053605432, 8.192593386, 8.469030114, 8.742234564, 8.941404456, 9.064077102, 9.109482912, 9.078237558, 8.97188022, 8.793489258, 8.54706654, 8.23769136, 7.871520438, 7.45578792, 6.998189706, 6.507191286, 5.991565986, 5.460856722, 4.924298574, 4.639396356, 4.48132257, 4.244442768, 3.93337449, 3.55319703, 3.110374944, 2.612142378, 2.709264636, 2.90366307, 3.277068138, 3.858108588, 4.431914892, 4.989098052, 5.520115152, 6.01588503, 6.467942196, 6.868282914, 7.209826956, 7.486109766, 7.692205968, 7.82365194, 7.877369322, 7.851665016, 7.746077268, 7.561067832, 7.298637642, 6.961865058, 6.714980586, 7.05867948, 7.35189327, 7.588773072, 7.80210342, 8.18151129, 8.490578634], "min_cpu_time": [11, 13, 20, 1, 7, 8, 21, 10, 15, 4, 24, 4, 12, 18, 23, 16, 1, 12, 15, 19], "max_cpu_time": [47, 53, 23, 24, 49, 36, 50, 45, 51, 10, 41, 7, 58, 52, 31, 43, 47, 49, 32, 29], "min_job_period": [21, 108, 10, 2, 47, 18, 47, 16, 92, 15, 80, 14, 39, 32, 26, 69, 1, 41, 56, 21], "max_job_period": [103, 109, 35, 115, 82, 98, 103, 76, 106, 95, 120, 62, 56, 66, 62, 75, 69, 119, 124, 56], "min_startup": [2, 1, 1, 15, 2, 2, 1, 2, 1, 4, 1, 4, 2, 1, 1, 1, 15, 2, 1, 1], "max_startup": [57, 119, 36, 53, 41, 77, 122, 84, 9, 98, 10, 21, 81, 9, 88, 102, 90, 56, 48, 59], "priority": [13, 12, 4, 14, 1, 8, 19, 17, 20, 11, 5, 3, 10, 15, 7, 18, 2, 6, 16, 9], "win_min": [0, 0, 0, 0, 0, 0, 0, 8, 0, 0, 0, 0, 0, 0, 0, 0, 0, 0, 0, 0], "win_max": [125, 125, 125, 125, 125, 125, 125, 120, 125, 125, 125, 125, 125, 125, 125, 125, 125, 125, 125, 125]}