{"subs": 1, "jobs": 13, "T": 125, "power_use": [3.2603542637606027, 2.271994155378794, 2.45722669277411, 1.4220962784525382, 1.811654194919485, 0.6008897275256874, 2.283263968570713, 1.5190109787394852, 2.3481218533198462, 1.0483348836589403, 0.3383233822922856, 2.516521241448025, 2.120386089419969], "power_resource": [8.079001902, 8.20459899, 8.52859638, 8.787024702, 8.970648876, 9.077467968, 9.107174142, 9.06038307, 8.938941768, 8.746236432, 8.486115012, 8.164426392, 7.787327292, 7.36189794, 6.89629599, 6.398986932, 5.87889801, 5.345418222, 4.808090484, 4.60830492, 4.433761908, 4.181490306, 3.8556459, 3.462077574, 3.007095966, 2.511018252, 2.769600492, 2.948145372, 3.402203472, 3.982782168, 4.55443362, 5.107460994, 5.63262921, 6.120857106, 6.56383311, 6.953553486, 7.283091924, 7.546445622, 7.738535286, 7.855512966, 7.894146384, 7.853358114, 7.732532484, 7.532593002, 7.25569452, 6.905223234, 6.766389198, 7.10100693, 7.384062132, 7.60970592, 7.872290028, 8.238768786, 8.534291346, 8.755933266, 8.902155366, 8.972495892, 8.96803227, 0.0, 0.0, 0.0, 0.0, 0.0, 0.0, 0.0, 0.0, 0.0, 0.0, 0.0, 0.0, 0.0, 0.0, 0.0, 0.0, 0.0, 0.0, 0.0, 0.0, 0.0, 0.0, 0.0, 0.0, 0.0, 0.0, 0.0, 0.0, 0.0, 0.0, 0.0, 0.0, 0.0, 0.0, 0.0, 6.716058012, 6.93246672, 7.284785022, 7.593852366, 7.85212677, 8.053605432, 8.192593386, 8.469030114, 8.742234564, 8.941404456, 9.064077102, 9.109482912, 9.078237558, 8.97188022, 8.793489258, 8.54706654, 8.23769136, 7.871520438, 7.45578792, 6.998189706, 6.507191286, 5.991565986, 5.460856722, 4.924298574, 4.639396356, 4.48132257, 4.244442768, 3.93337449, 3.55319703, 3.110374944, 2.612142378, 2.709264636, 2.90366307], "min_cpu_time": [15, 21, 2, 16, 4, 2, 8, 9, 23, 2, 9, 6, 11], "max_cpu_time": [51, 52, 7, 20, 12, 5, 50, 50, 38, 9, 25, 52, 19], "min_job_period": [8, 112, 95, 79, 35, 65, 29, 2, 59, 102, 78, 54, 104], "max_job_period": [55, 112, 109, 86, 67, 75, 46, 64, 71, 110, 96, 104, 109], "min_startup": [1, 1, 1, 1, 1, 1, 1, 1, 1, 1, 1, 1, 1], "max_startup": [86, 34, 49, 70, 37, 98, 49, 48, 60, 12, 61, 63, 32], "priority": [1, 13, 8, 6, 3, 5, 10, 7, 11, 9, 12, 4, 2], "win_min": [0, 0, 0, 0, 0, 0, 0, 0, 17, 0, 0, 0, 0], "win_max": [125, 125, 125, 125, 125, 125, 125, 125, 122, 125, 125, 125, 125]}