{"subs": 1, "jobs": 20, "T": 125, "power_use": [1.9131867095025599, 2.1148692396890496, 0.2859207338525858, 2.7793857759886094, 1.0676304426080756, 3.9799396042971957, 2.3592805446180347, 0.125890379163752, 3.6310304369141657, 1.8239023379342088, 1.7941263399236786, 0.22652409924000796, 3.365448838347107, 3.4685696140084668, 3.336523343952423, 2.462877770237827, 3.2259189421544763, 1.8869549288745153, 2.6728810590502516, 2.206333367639282], "power_resource": [9.055149858, 9.09886257, 9.0657702, 8.957411928, 8.776866114, 8.527980708, 8.21614284, 7.847355312, 7.428698352, 6.96786786, 6.473637162, 5.954625666, 5.42022237, 4.879816272, 4.610305854, 4.450846806, 4.212581742, 3.899666448, 3.517488054, 3.07220328, 2.571354108, 2.784530538, 2.980929906, 3.319857342, 3.902283054, 4.477782456, 5.03696655, 5.57029242, 6.068678904, 6.523506594, 6.926771754, 7.271548074, 7.551370998, 7.761007314, 7.896147318, 7.95371265, 7.931856294, 7.829962578, 7.648801092, 7.390218852, 7.0571403, 6.654029058, 6.954323076, 7.250923062, 7.49118906, 7.744999842, 8.128255662, 8.441478792, 8.681283036, 8.845975296, 8.9349399, 8.948638602, 0.0, 0.0, 0.0, 0.0, 0.0, 0.0, 0.0, 0.0, 0.0, 0.0, 0.0, 0.0, 0.0, 0.0, 0.0, 0.0, 0.0, 0.0, 0.0, 0.0, 0.0, 0.0, 0.0, 0.0, 0.0, 0.0, 0.0, 0.0, 0.0, 0.0, 0.0, 0.0, 0.0, 0.0, 0.0, 6.809794074, 6.832112184, 7.190895042, 7.507966122, 7.775783442, 7.987882446, 8.138722086, 8.40238362, 8.689132854, 8.902155366, 9.03883455, 9.098400816, 9.081008082, 8.987887692, 8.82181017, 8.586777384, 8.287560792, 7.930163196, 7.521356988, 7.068991986, 6.581379762, 6.067293642, 5.535814788, 4.996793952, 4.638165012, 4.495021272, 4.272609762, 3.974470596, 3.606144822, 3.173327406, 2.68356033, 2.720654568, 2.932753572, 3.195029844, 3.777455556, 4.354801974, 4.9176801, 5.4563931], "min_cpu_time": [9, 7, 21, 2, 13, 14, 11, 8, 21, 13, 5, 12, 18, 24, 13, 2, 14, 10, 24, 12], "max_cpu_time": [48, 30, 25, 25, 41, 28, 34, 13, 26, 53, 24, 28, 24, 41, 13, 20, 34, 16, 50, 40], "min_job_period": [68, 54, 64, 1, 98, 54, 13, 12, 103, 7, 39, 91, 90, 57, 36, 30, 19, 18, 22, 26], "max_job_period": [77, 104, 104, 95, 98, 98, 79, 77, 120, 34, 81, 92, 112, 106, 46, 118, 51, 25, 82, 41], "min_startup": [1, 2, 1, 4, 1, 1, 1, 1, 1, 1, 2, 1, 1, 1, 1, 4, 1, 1, 1, 1], "max_startup": [40, 102, 8, 96, 67, 19, 33, 15, 48, 120, 98, 5, 44, 41, 18, 34, 81, 106, 68, 6], "priority": [17, 8, 18, 5, 9, 12, 16, 2, 19, 11, 13, 7, 4, 1, 14, 6, 15, 10, 3, 20], "win_min": [0, 0, 0, 0, 0, 0, 0, 0, 0, 0, 10, 0, 0, 0, 0, 0, 0, 0, 0, 0], "win_max": [125, 125, 125, 125, 125, 125, 125, 125, 125, 125, 108, 125, 125, 125, 125, 125, 125, 125, 125, 125]}