{"subs": 1, "jobs": 20, "T": 125, "power_use": [3.1685283874540433, 2.9813734208081306, 2.5637042436264874, 0.6828156401800064, 1.7103895956103874, 1.4440789859931094, 3.408927674556753, 1.5065456717745576, 1.7015616919710288, 3.145850254614265, 0.38876800647876114, 1.4851562535092153, 0.33401891333166356, 2.2489317010102763, 1.591525513233634, 1.4146664248192835, 0.40328197811499217, 0.5780157015628848, 3.0088856327804985, 1.9978158314158434], "power_resource": [7.298637642, 6.961865058, 6.714980586, 7.05867948, 7.35189327, 7.588773072, 7.80210342, 8.18151129, 8.490578634, 8.72638101, 8.886917484, 8.971572384, 8.9811153, 0.0, 0.0, 0.0, 0.0, 0.0, 0.0, 0.0, 0.0, 0.0, 0.0, 0.0, 0.0, 0.0, 0.0, 0.0, 0.0, 0.0, 0.0, 0.0, 0.0, 0.0, 0.0, 0.0, 0.0, 0.0, 0.0, 0.0, 0.0, 0.0, 0.0, 0.0, 0.0, 0.0, 0.0, 0.0, 6.771160656, 6.863665374, 7.22414133, 7.54275159, 7.81210809, 8.025592356, 8.17766334, 8.406385488, 8.694519984, 8.908927758, 9.04730004, 9.108559404, 9.092859768, 9.001740312, 8.83797156, 8.605093626, 8.308339722, 7.95371265, 7.547830884, 7.098544242, 6.614010378, 6.103310454, 5.575525632, 5.040198828, 4.667255514, 4.525497036, 4.304470788, 4.00802472, 3.64169988, 3.211191234, 2.724040764, 2.64585042, 2.856102408, 3.152086722, 3.733127172, 4.30893441, 4.869811602, 5.406215832, 5.909219856, 6.370204266, 6.78085749, 7.133945382, 7.423157304, 7.642952208, 7.788866472, 7.8575139, 7.847201394, 7.75669761, 7.58661822, 7.338656322, 7.015736358, 6.662032794, 7.014351096, 7.317569556, 7.565531454, 7.752541824, 8.121637188, 8.444249316, 8.69405823, 8.86875516, 8.967878352, 8.991427806, 0.0, 0.0, 0.0, 0.0, 0.0, 0.0, 0.0, 0.0, 0.0, 0.0, 0.0, 0.0, 0.0, 0.0, 0.0], "min_cpu_time": [2, 12, 16, 11, 20, 14, 20, 11, 16, 5, 15, 23, 11, 15, 7, 11, 19, 3, 4, 8], "max_cpu_time": [11, 26, 39, 35, 26, 51, 41, 24, 34, 12, 17, 56, 30, 25, 47, 21, 59, 45, 22, 54], "min_job_period": [7, 101, 117, 98, 66, 63, 66, 84, 103, 28, 84, 83, 6, 42, 39, 58, 72, 29, 23, 43], "max_job_period": [65, 118, 120, 101, 73, 96, 93, 96, 118, 64, 120, 106, 57, 93, 78, 113, 80, 66, 75, 90], "min_startup": [6, 1, 1, 1, 1, 1, 1, 1, 1, 3, 1, 1, 1, 1, 2, 1, 1, 4, 3, 2], "max_startup": [119, 59, 117, 58, 58, 6, 112, 117, 106, 88, 98, 103, 42, 111, 43, 14, 28, 120, 64, 73], "priority": [19, 16, 5, 3, 8, 17, 12, 6, 15, 2, 7, 18, 9, 11, 14, 10, 13, 4, 1, 20], "win_min": [0, 0, 0, 0, 0, 0, 0, 0, 0, 0, 0, 0, 0, 0, 0, 19, 0, 0, 0, 0], "win_max": [125, 125, 125, 125, 125, 125, 125, 125, 125, 125, 125, 125, 125, 125, 125, 116, 125, 125, 125, 125]}