{"subs": 1, "jobs": 13, "T": 125, "power_use": [2.381552704709808, 3.9371636891375914, 0.8610572699169374, 0.5174309521830011, 3.336399662850626, 1.533100335405098, 0.19261839810932563, 0.29280156833589127, 1.8566517663225333, 0.4333178044302782, 2.0737894580124117, 0.21218504770619265, 0.11027643013173706], "power_resource": [7.25569452, 6.905223234, 6.766389198, 7.10100693, 7.384062132, 7.60970592, 7.872290028, 8.238768786, 8.534291346, 8.755933266, 8.902155366, 8.972495892, 8.96803227, 0.0, 0.0, 0.0, 0.0, 0.0, 0.0, 0.0, 0.0, 0.0, 0.0, 0.0, 0.0, 0.0, 0.0, 0.0, 0.0, 0.0, 0.0, 0.0, 0.0, 0.0, 0.0, 0.0, 0.0, 0.0, 0.0, 0.0, 0.0, 0.0, 0.0, 0.0, 0.0, 0.0, 0.0, 0.0, 6.716058012, 6.93246672, 7.284785022, 7.593852366, 7.85212677, 8.053605432, 8.192593386, 8.469030114, 8.742234564, 8.941404456, 9.064077102, 9.109482912, 9.078237558, 8.97188022, 8.793489258, 8.54706654, 8.23769136, 7.871520438, 7.45578792, 6.998189706, 6.507191286, 5.991565986, 5.460856722, 4.924298574, 4.639396356, 4.48132257, 4.244442768, 3.93337449, 3.55319703, 3.110374944, 2.612142378, 2.709264636, 2.90366307, 3.277068138, 3.858108588, 4.431914892, 4.989098052, 5.520115152, 6.01588503, 6.467942196, 6.868282914, 7.209826956, 7.486109766, 7.692205968, 7.82365194, 7.877369322, 7.851665016, 7.746077268, 7.561067832, 7.298637642, 6.961865058, 6.714980586, 7.05867948, 7.35189327, 7.588773072, 7.80210342, 8.18151129, 8.490578634, 8.72638101, 8.886917484, 8.971572384, 8.9811153, 0.0, 0.0, 0.0, 0.0, 0.0, 0.0, 0.0, 0.0, 0.0, 0.0, 0.0, 0.0, 0.0, 0.0, 0.0], "min_cpu_time": [2, 19, 21, 12, 18, 8, 7, 21, 15, 16, 12, 9, 24], "max_cpu_time": [8, 31, 59, 55, 38, 43, 47, 61, 58, 61, 28, 13, 35], "min_job_period": [2, 5, 12, 24, 16, 15, 6, 18, 26, 2, 11, 3, 33], "max_job_period": [101, 76, 64, 31, 22, 83, 73, 113, 73, 118, 108, 47, 124], "min_startup": [25, 2, 2, 4, 2, 6, 7, 2, 3, 3, 4, 5, 2], "max_startup": [25, 9, 56, 55, 10, 55, 34, 48, 100, 124, 73, 31, 63], "priority": [2, 9, 1, 6, 12, 3, 4, 10, 7, 13, 11, 5, 8], "win_min": [0, 0, 0, 0, 0, 0, 0, 0, 0, 0, 0, 0, 22], "win_max": [125, 125, 125, 125, 125, 125, 125, 125, 125, 125, 125, 125, 101]}