{"subs": 1, "jobs": 20, "T": 125, "power_use": [2.4886784029949487, 1.7680259704193098, 2.2922511789630695, 2.611521515221236, 0.25234298317482734, 2.345017397468259, 3.4764423522975676, 1.237889755889982, 0.2357299013978721, 3.966719694241372, 1.5669066625796308, 3.7567811978919674, 0.31862794243546094, 2.397553099536683, 2.1236927163525876, 1.1978906898310178, 2.0205010880271224, 2.352147664760766, 3.7724326800201546, 0.6003574808983245], "power_resource": [0.0, 0.0, 0.0, 6.691123296, 7.065144036, 7.40037744, 7.689435444, 7.925083902, 8.101627848, 8.26924455, 8.585084286, 8.828582562, 8.996661018, 9.087780474, 9.101633094, 9.039450222, 8.902924956, 8.695905246, 8.422700796, 8.088698736, 7.700825376, 7.266007026, 6.792709176, 6.289551234, 5.765306526, 5.229671886, 4.691882394, 4.573827288, 4.383276804, 4.115459484, 3.775300704, 3.368341512, 2.901508218, 2.583821466, 2.827011906, 2.989549314, 3.527338806, 4.10730183, 4.676336676, 5.224900428, 5.743911924, 6.224136084, 6.657569172, 7.036515288, 7.354048122, 7.604164872, 7.782247998, 7.88444955, 7.908152922, 7.851972852, 7.71590934, 7.50119373, 7.209980874, 6.846118722, 6.815950794, 7.141487364, 7.41423006, 7.628329998, 7.940167866, 8.293563594, 8.575233534, 8.782714998, 8.914468806, 8.970648876, 8.952178716, 0.0, 0.0, 0.0, 0.0, 0.0, 0.0, 0.0, 0.0, 0.0, 0.0, 0.0, 0.0, 0.0, 0.0, 0.0, 0.0, 0.0, 0.0, 0.0, 0.0, 0.0, 0.0, 0.0, 0.0, 0.0, 0.0, 0.0, 0.0, 0.0, 0.0, 0.0, 0.0, 0.0, 0.0, 0.0, 6.658030926, 6.999574968, 7.343581698, 7.642644372, 7.88983668, 8.079001902, 8.20459899, 8.52859638, 8.787024702, 8.970648876, 9.077467968, 9.107174142, 9.06038307, 8.938941768, 8.746236432, 8.486115012, 8.164426392, 7.787327292, 7.36189794, 6.89629599, 6.398986932, 5.87889801, 5.345418222, 4.808090484, 4.60830492], "min_cpu_time": [1, 2, 23, 16, 22, 7, 10, 19, 11, 24, 11, 13, 24, 9, 9, 4, 19, 19, 4, 1], "max_cpu_time": [55, 14, 46, 50, 39, 55, 32, 23, 18, 26, 59, 37, 25, 34, 12, 44, 39, 62, 23, 29], "min_job_period": [2, 5, 62, 62, 21, 46, 50, 100, 54, 17, 25, 79, 23, 7, 6, 29, 56, 21, 5, 5], "max_job_period": [39, 107, 108, 113, 100, 116, 115, 117, 99, 55, 111, 97, 52, 48, 100, 52, 110, 84, 27, 89], "min_startup": [16, 8, 1, 1, 1, 2, 2, 1, 2, 1, 2, 1, 1, 2, 2, 4, 1, 1, 4, 16], "max_startup": [59, 20, 100, 54, 7, 57, 26, 11, 80, 70, 38, 22, 120, 3, 64, 54, 75, 28, 19, 55], "priority": [8, 20, 12, 10, 7, 4, 18, 5, 9, 17, 19, 3, 2, 1, 6, 14, 13, 16, 15, 11], "win_min": [0, 0, 0, 0, 0, 0, 0, 0, 0, 0, 0, 0, 0, 0, 0, 0, 0, 0, 14, 0], "win_max": [125, 125, 125, 125, 125, 125, 125, 125, 125, 125, 125, 125, 125, 125, 125, 125, 125, 125, 121, 125]}