{"subs": 1, "jobs": 9, "T": 125, "power_use": [1.4765648120680983, 2.552705454501214, 0.7577803306957702, 2.7342816577555893, 3.5225596525318217, 1.215140932758296, 3.3055299624898007, 1.1224542043540275, 0.07209954422127277], "power_resource": [0.0, 0.0, 0.0, 0.0, 0.0, 0.0, 0.0, 0.0, 0.0, 0.0, 0.0, 0.0, 0.0, 0.0, 0.0, 0.0, 0.0, 0.0, 0.0, 0.0, 0.0, 0.0, 0.0, 0.0, 0.0, 0.0, 0.0, 0.0, 0.0, 0.0, 0.0, 0.0, 0.0, 0.0, 0.0, 6.691123296, 7.065144036, 7.40037744, 7.689435444, 7.925083902, 8.101627848, 8.26924455, 8.585084286, 8.828582562, 8.996661018, 9.087780474, 9.101633094, 9.039450222, 8.902924956, 8.695905246, 8.422700796, 8.088698736, 7.700825376, 7.266007026, 6.792709176, 6.289551234, 5.765306526, 5.229671886, 4.691882394, 4.573827288, 4.383276804, 4.115459484, 3.775300704, 3.368341512, 2.901508218, 2.583821466, 2.827011906, 2.989549314, 3.527338806, 4.10730183, 4.676336676, 5.224900428, 5.743911924, 6.224136084, 6.657569172, 7.036515288, 7.354048122, 7.604164872, 7.782247998, 7.88444955, 7.908152922, 7.851972852, 7.71590934, 7.50119373, 7.209980874, 6.846118722, 6.815950794, 7.141487364, 7.41423006, 7.628329998, 7.940167866, 8.293563594, 8.575233534, 8.782714998, 8.914468806, 8.970648876, 8.952178716, 0.0, 0.0, 0.0, 0.0, 0.0, 0.0, 0.0, 0.0, 0.0, 0.0, 0.0, 0.0, 0.0, 0.0, 0.0, 0.0, 0.0, 0.0, 0.0, 0.0, 0.0, 0.0, 0.0, 0.0, 0.0, 0.0, 0.0, 0.0], "min_cpu_time": [11, 7, 10, 14, 20, 19, 21, 7, 16], "max_cpu_time": [12, 28, 41, 52, 39, 36, 42, 41, 53], "min_job_period": [13, 1, 26, 55, 18, 10, 34, 29, 9], "max_job_period": [88, 96, 108, 118, 80, 22, 112, 56, 103], "min_startup": [3, 4, 3, 2, 2, 2, 1, 4, 2], "max_startup": [13, 45, 74, 88, 77, 85, 6, 112, 3], "priority": [7, 8, 6, 2, 1, 3, 4, 9, 5], "win_min": [0, 0, 18, 0, 0, 0, 0, 0, 0], "win_max": [125, 125, 107, 125, 125, 125, 125, 125, 125]}