{"subs": 1, "jobs": 13, "T": 125, "power_use": [0.8914193263633804, 0.08525779582358727, 0.9998509725540516, 2.2430060104638527, 2.0331909144094342, 2.13379598251532, 3.5618959287643532, 1.9180650736796188, 2.720340517299452, 1.7819484191449637, 2.2895197488297847, 3.1624795023703074, 2.85770688059637], "power_resource": [4.477782456, 5.03696655, 5.57029242, 6.068678904, 6.523506594, 6.926771754, 7.271548074, 7.551370998, 7.761007314, 7.896147318, 7.95371265, 7.931856294, 7.829962578, 7.648801092, 7.390218852, 7.0571403, 6.654029058, 6.954323076, 7.250923062, 7.49118906, 7.744999842, 8.128255662, 8.441478792, 8.681283036, 8.845975296, 8.9349399, 8.948638602, 0.0, 0.0, 0.0, 0.0, 0.0, 0.0, 0.0, 0.0, 0.0, 0.0, 0.0, 0.0, 0.0, 0.0, 0.0, 0.0, 0.0, 0.0, 0.0, 0.0, 0.0, 0.0, 0.0, 0.0, 0.0, 0.0, 0.0, 0.0, 0.0, 0.0, 0.0, 0.0, 0.0, 0.0, 0.0, 6.809794074, 6.832112184, 7.190895042, 7.507966122, 7.775783442, 7.987882446, 8.138722086, 8.40238362, 8.689132854, 8.902155366, 9.03883455, 9.098400816, 9.081008082, 8.987887692, 8.82181017, 8.586777384, 8.287560792, 7.930163196, 7.521356988, 7.068991986, 6.581379762, 6.067293642, 5.535814788, 4.996793952, 4.638165012, 4.495021272, 4.272609762, 3.974470596, 3.606144822, 3.173327406, 2.68356033, 2.720654568, 2.932753572, 3.195029844, 3.777455556, 4.354801974, 4.9176801, 5.4563931, 5.961859812, 6.425460828, 6.839192412, 7.195512582, 7.4881107, 7.711445718, 7.861054014, 7.933549392, 7.926930918, 7.840275084, 7.674043644, 7.429929696, 7.110703764, 6.720521634, 6.909994692, 7.21644543, 7.467793524, 7.67204271, 8.068227642, 8.394841638, 8.648806338, 8.827659054, 8.930938032, 8.958643272, 0.0], "min_cpu_time": [10, 4, 16, 10, 12, 4, 19, 18, 12, 5, 17, 16, 3], "max_cpu_time": [57, 55, 32, 25, 54, 16, 51, 60, 19, 20, 54, 60, 34], "min_job_period": [1, 37, 47, 95, 35, 50, 73, 111, 51, 11, 64, 106, 23], "max_job_period": [113, 72, 86, 109, 120, 64, 73, 116, 122, 87, 68, 120, 35], "min_startup": [1, 2, 1, 1, 1, 2, 1, 1, 1, 1, 1, 1, 2], "max_startup": [20, 22, 28, 66, 72, 8, 62, 97, 76, 78, 95, 12, 74], "priority": [5, 6, 4, 10, 9, 11, 8, 1, 3, 7, 12, 13, 2], "win_min": [19, 0, 0, 0, 0, 0, 0, 0, 0, 0, 0, 0, 0], "win_max": [108, 125, 125, 125, 125, 125, 125, 125, 125, 125, 125, 125, 125]}