{"subs": 1, "jobs": 18, "T": 125, "power_use": [1.6493167059813176, 1.7279378789163065, 2.7201991101382164, 1.0659119157930355, 2.426918159483212, 0.22939276380235069, 0.5595575495627833, 2.72663053574308, 1.605100024510127, 0.9970141292731431, 3.927545566759601, 3.3163262264431514, 3.0294520842691086, 0.43608519589906797, 3.5951584050341627, 1.1306992234639972, 2.3777003925358646, 0.41825446792013377], "power_resource": [4.610305854, 4.450846806, 4.212581742, 3.899666448, 3.517488054, 3.07220328, 2.571354108, 2.784530538, 2.980929906, 3.319857342, 3.902283054, 4.477782456, 5.03696655, 5.57029242, 6.068678904, 6.523506594, 6.926771754, 7.271548074, 7.551370998, 7.761007314, 7.896147318, 7.95371265, 7.931856294, 7.829962578, 7.648801092, 7.390218852, 7.0571403, 6.654029058, 6.954323076, 7.250923062, 7.49118906, 7.744999842, 8.128255662, 8.441478792, 8.681283036, 8.845975296, 8.9349399, 8.948638602, 0.0, 0.0, 0.0, 0.0, 0.0, 0.0, 0.0, 0.0, 0.0, 0.0, 0.0, 0.0, 0.0, 0.0, 0.0, 0.0, 0.0, 0.0, 0.0, 0.0, 0.0, 0.0, 0.0, 0.0, 0.0, 0.0, 0.0, 0.0, 0.0, 0.0, 0.0, 0.0, 0.0, 0.0, 0.0, 6.809794074, 6.832112184, 7.190895042, 7.507966122, 7.775783442, 7.987882446, 8.138722086, 8.40238362, 8.689132854, 8.902155366, 9.03883455, 9.098400816, 9.081008082, 8.987887692, 8.82181017, 8.586777384, 8.287560792, 7.930163196, 7.521356988, 7.068991986, 6.581379762, 6.067293642, 5.535814788, 4.996793952, 4.638165012, 4.495021272, 4.272609762, 3.974470596, 3.606144822, 3.173327406, 2.68356033, 2.720654568, 2.932753572, 3.195029844, 3.777455556, 4.354801974, 4.9176801, 5.4563931, 5.961859812, 6.425460828, 6.839192412, 7.195512582, 7.4881107, 7.711445718, 7.861054014, 7.933549392, 7.926930918, 7.840275084, 7.674043644, 7.429929696, 7.110703764, 6.720521634], "min_cpu_time": [17, 24, 2, 20, 20, 20, 14, 20, 23, 24, 17, 6, 5, 8, 6, 20, 24, 19], "max_cpu_time": [49, 52, 35, 38, 27, 60, 47, 53, 56, 40, 54, 23, 19, 21, 48, 62, 60, 39], "min_job_period": [33, 123, 3, 41, 33, 33, 78, 74, 73, 16, 26, 27, 21, 21, 39, 57, 26, 14], "max_job_period": [82, 123, 72, 50, 116, 41, 89, 93, 82, 68, 104, 97, 106, 56, 45, 73, 70, 85], "min_startup": [1, 1, 9, 1, 1, 1, 1, 1, 1, 1, 1, 3, 4, 2, 3, 1, 1, 1], "max_startup": [3, 36, 21, 103, 40, 123, 84, 124, 41, 43, 24, 12, 21, 9, 24, 33, 42, 96], "priority": [15, 14, 11, 8, 1, 5, 16, 13, 10, 3, 9, 6, 12, 18, 17, 2, 7, 4], "win_min": [0, 0, 0, 0, 0, 0, 0, 0, 0, 0, 0, 9, 0, 0, 0, 0, 0, 0], "win_max": [125, 125, 125, 125, 125, 125, 125, 125, 125, 125, 125, 113, 125, 125, 125, 125, 125, 125]}