{"subs": 1, "jobs": 18, "T": 125, "power_use": [2.388373423481951, 2.6755233273131482, 3.3525442445435436, 2.447289669079075, 0.5900502156819126, 3.990833900477109, 1.220370765068389, 1.1654767138987425, 3.550178060660073, 1.2874521482251928, 3.9648408383071176, 0.07855414148540363, 1.3637700095429053, 1.940456631042038, 1.0779867767510714, 0.8374853996915216, 1.6062751247841205, 3.836461107105208], "power_resource": [6.868282914, 7.209826956, 7.486109766, 7.692205968, 7.82365194, 7.877369322, 7.851665016, 7.746077268, 7.561067832, 7.298637642, 6.961865058, 6.714980586, 7.05867948, 7.35189327, 7.588773072, 7.80210342, 8.18151129, 8.490578634, 8.72638101, 8.886917484, 8.971572384, 8.9811153, 0.0, 0.0, 0.0, 0.0, 0.0, 0.0, 0.0, 0.0, 0.0, 0.0, 0.0, 0.0, 0.0, 0.0, 0.0, 0.0, 0.0, 0.0, 0.0, 0.0, 0.0, 0.0, 0.0, 0.0, 0.0, 0.0, 0.0, 0.0, 0.0, 0.0, 0.0, 0.0, 0.0, 0.0, 0.0, 6.771160656, 6.863665374, 7.22414133, 7.54275159, 7.81210809, 8.025592356, 8.17766334, 8.406385488, 8.694519984, 8.908927758, 9.04730004, 9.108559404, 9.092859768, 9.001740312, 8.83797156, 8.605093626, 8.308339722, 7.95371265, 7.547830884, 7.098544242, 6.614010378, 6.103310454, 5.575525632, 5.040198828, 4.667255514, 4.525497036, 4.304470788, 4.00802472, 3.64169988, 3.211191234, 2.724040764, 2.64585042, 2.856102408, 3.152086722, 3.733127172, 4.30893441, 4.869811602, 5.406215832, 5.909219856, 6.370204266, 6.78085749, 7.133945382, 7.423157304, 7.642952208, 7.788866472, 7.8575139, 7.847201394, 7.75669761, 7.58661822, 7.338656322, 7.015736358, 6.662032794, 7.014351096, 7.317569556, 7.565531454, 7.752541824, 8.121637188, 8.444249316, 8.69405823, 8.86875516, 8.967878352, 8.991427806, 0.0, 0.0, 0.0, 0.0, 0.0, 0.0], "min_cpu_time": [3, 1, 15, 19, 15, 15, 1, 5, 16, 7, 17, 2, 10, 3, 16, 12, 8, 24], "max_cpu_time": [53, 11, 27, 26, 53, 43, 24, 23, 18, 42, 37, 22, 33, 4, 39, 31, 48, 45], "min_job_period": [5, 7, 52, 112, 96, 60, 5, 60, 61, 19, 74, 2, 3, 21, 61, 111, 88, 113], "max_job_period": [98, 73, 75, 120, 113, 114, 105, 91, 82, 91, 104, 23, 47, 84, 104, 111, 117, 119], "min_startup": [3, 9, 1, 1, 1, 1, 9, 2, 1, 2, 1, 4, 1, 3, 1, 1, 1, 1], "max_startup": [116, 29, 122, 70, 76, 57, 78, 24, 1, 7, 102, 44, 85, 30, 84, 102, 87, 91], "priority": [2, 16, 4, 13, 7, 18, 6, 15, 17, 1, 14, 12, 9, 8, 5, 3, 11, 10], "win_min": [0, 0, 0, 16, 0, 0, 0, 0, 0, 0, 0, 0, 0, 0, 0, 0, 0, 0], "win_max": [125, 125, 125, 105, 125, 125, 125, 125, 125, 125, 125, 125, 125, 125, 125, 125, 125, 125]}