{"subs": 1, "jobs": 20, "T": 125, "power_use": [2.0071669950811586, 0.12186523017411519, 1.7855289497076063, 3.219359818940566, 2.6205789980502803, 0.6641523263022472, 0.3242216007531128, 0.8252973159556078, 1.00611515465524, 0.8800960347227327, 2.845401839897688, 2.8298856246528077, 2.716740214720479, 1.871682739583738, 3.4838632268731926, 2.359264946427035, 3.262607171426112, 1.0595939172923645, 0.21646828923682815, 2.8220977007991976], "power_resource": [8.957411928, 8.776866114, 8.527980708, 8.21614284, 7.847355312, 7.428698352, 6.96786786, 6.473637162, 5.954625666, 5.42022237, 4.879816272, 4.610305854, 4.450846806, 4.212581742, 3.899666448, 3.517488054, 3.07220328, 2.571354108, 2.784530538, 2.980929906, 3.319857342, 3.902283054, 4.477782456, 5.03696655, 5.57029242, 6.068678904, 6.523506594, 6.926771754, 7.271548074, 7.551370998, 7.761007314, 7.896147318, 7.95371265, 7.931856294, 7.829962578, 7.648801092, 7.390218852, 7.0571403, 6.654029058, 6.954323076, 7.250923062, 7.49118906, 7.744999842, 8.128255662, 8.441478792, 8.681283036, 8.845975296, 8.9349399, 8.948638602, 0.0, 0.0, 0.0, 0.0, 0.0, 0.0, 0.0, 0.0, 0.0, 0.0, 0.0, 0.0, 0.0, 0.0, 0.0, 0.0, 0.0, 0.0, 0.0, 0.0, 0.0, 0.0, 0.0, 0.0, 0.0, 0.0, 0.0, 0.0, 0.0, 0.0, 0.0, 0.0, 0.0, 0.0, 0.0, 6.809794074, 6.832112184, 7.190895042, 7.507966122, 7.775783442, 7.987882446, 8.138722086, 8.40238362, 8.689132854, 8.902155366, 9.03883455, 9.098400816, 9.081008082, 8.987887692, 8.82181017, 8.586777384, 8.287560792, 7.930163196, 7.521356988, 7.068991986, 6.581379762, 6.067293642, 5.535814788, 4.996793952, 4.638165012, 4.495021272, 4.272609762, 3.974470596, 3.606144822, 3.173327406, 2.68356033, 2.720654568, 2.932753572, 3.195029844, 3.777455556, 4.354801974, 4.9176801, 5.4563931, 5.961859812, 6.425460828, 6.839192412], "min_cpu_time": [17, 20, 4, 7, 2, 20, 13, 7, 16, 16, 21, 3, 9, 7, 5, 19, 10, 3, 10, 12], "max_cpu_time": [47, 49, 25, 24, 3, 56, 29, 32, 36, 41, 29, 28, 13, 45, 43, 29, 54, 20, 53, 14], "min_job_period": [73, 26, 14, 16, 7, 14, 10, 8, 110, 111, 48, 12, 33, 29, 17, 116, 17, 14, 35, 8], "max_job_period": [116, 101, 84, 112, 57, 56, 55, 18, 121, 122, 88, 94, 110, 76, 91, 118, 85, 104, 111, 97], "min_startup": [1, 1, 4, 3, 8, 1, 2, 3, 1, 1, 1, 6, 2, 3, 4, 1, 2, 6, 2, 2], "max_startup": [46, 111, 101, 28, 14, 64, 103, 66, 39, 41, 17, 41, 82, 96, 112, 53, 105, 16, 46, 40], "priority": [8, 18, 9, 19, 10, 1, 12, 11, 7, 4, 6, 2, 13, 14, 20, 3, 16, 17, 5, 15], "win_min": [0, 0, 0, 0, 0, 0, 0, 0, 0, 0, 15, 0, 0, 0, 0, 0, 0, 0, 0, 0], "win_max": [125, 125, 125, 125, 125, 125, 125, 125, 125, 125, 115, 125, 125, 125, 125, 125, 125, 125, 125, 125]}