{"subs": 1, "jobs": 22, "T": 125, "power_use": [2.7314527406228453, 0.8404000885003718, 2.900711151943059, 2.654323674026308, 0.6871705613513983, 3.084589084332955, 0.6887295587508581, 2.3797862589850687, 3.4383690335313353, 3.1807013720826176, 3.68196901645806, 0.44012375534846415, 2.1892436575588547, 0.8936832021548817, 1.7770981501747765, 3.398779841550641, 0.044593822757715645, 2.03341728672902, 3.6677911273137505, 1.1743124272259924, 3.464389114672539, 1.1558842782758671], "power_resource": [7.36189794, 6.89629599, 6.398986932, 5.87889801, 5.345418222, 4.808090484, 4.60830492, 4.433761908, 4.181490306, 3.8556459, 3.462077574, 3.007095966, 2.511018252, 2.769600492, 2.948145372, 3.402203472, 3.982782168, 4.55443362, 5.107460994, 5.63262921, 6.120857106, 6.56383311, 6.953553486, 7.283091924, 7.546445622, 7.738535286, 7.855512966, 7.894146384, 7.853358114, 7.732532484, 7.532593002, 7.25569452, 6.905223234, 6.766389198, 7.10100693, 7.384062132, 7.60970592, 7.872290028, 8.238768786, 8.534291346, 8.755933266, 8.902155366, 8.972495892, 8.96803227, 0.0, 0.0, 0.0, 0.0, 0.0, 0.0, 0.0, 0.0, 0.0, 0.0, 0.0, 0.0, 0.0, 0.0, 0.0, 0.0, 0.0, 0.0, 0.0, 0.0, 0.0, 0.0, 0.0, 0.0, 0.0, 0.0, 0.0, 0.0, 0.0, 0.0, 0.0, 0.0, 0.0, 0.0, 0.0, 6.716058012, 6.93246672, 7.284785022, 7.593852366, 7.85212677, 8.053605432, 8.192593386, 8.469030114, 8.742234564, 8.941404456, 9.064077102, 9.109482912, 9.078237558, 8.97188022, 8.793489258, 8.54706654, 8.23769136, 7.871520438, 7.45578792, 6.998189706, 6.507191286, 5.991565986, 5.460856722, 4.924298574, 4.639396356, 4.48132257, 4.244442768, 3.93337449, 3.55319703, 3.110374944, 2.612142378, 2.709264636, 2.90366307, 3.277068138, 3.858108588, 4.431914892, 4.989098052, 5.520115152, 6.01588503, 6.467942196, 6.868282914, 7.209826956, 7.486109766, 7.692205968, 7.82365194, 7.877369322], "min_cpu_time": [20, 11, 4, 22, 3, 8, 12, 10, 4, 3, 16, 11, 11, 10, 5, 8, 2, 11, 21, 2, 9, 15], "max_cpu_time": [47, 57, 26, 26, 3, 29, 16, 48, 22, 24, 22, 47, 21, 52, 20, 43, 8, 17, 32, 8, 23, 42], "min_job_period": [110, 123, 16, 35, 17, 13, 28, 36, 26, 2, 101, 98, 80, 8, 12, 48, 12, 64, 28, 15, 55, 21], "max_job_period": [120, 124, 65, 66, 110, 105, 107, 108, 49, 44, 105, 111, 99, 26, 112, 56, 70, 68, 101, 114, 56, 71], "min_startup": [1, 1, 3, 1, 4, 2, 1, 2, 3, 4, 1, 1, 1, 2, 3, 2, 6, 1, 1, 6, 2, 1], "max_startup": [117, 55, 57, 14, 102, 110, 42, 28, 114, 40, 103, 7, 79, 88, 8, 51, 122, 64, 66, 91, 117, 100], "priority": [7, 13, 4, 21, 1, 5, 2, 8, 6, 3, 20, 17, 19, 15, 10, 22, 9, 16, 12, 18, 11, 14], "win_min": [0, 0, 0, 0, 0, 0, 15, 0, 0, 0, 0, 0, 0, 0, 0, 0, 0, 0, 0, 0, 0, 0], "win_max": [125, 125, 125, 125, 125, 125, 119, 125, 125, 125, 125, 125, 125, 125, 125, 125, 125, 125, 125, 125, 125, 125]}