{"subs": 1, "jobs": 18, "T": 125, "power_use": [3.3983201270852565, 3.4963408682703694, 1.9832612166737182, 3.8553211315658333, 1.8696743900924604, 1.962825796156071, 0.46882507032602033, 1.4011673293992961, 2.197937040032435, 3.529545128662349, 1.023942919213103, 0.32016851124644174, 3.355850488487573, 3.9329327629747377, 3.528644789928912, 2.378388720432731, 3.6490361687719695, 1.4159549838894854], "power_resource": [8.782714998, 8.914468806, 8.970648876, 8.952178716, 0.0, 0.0, 0.0, 0.0, 0.0, 0.0, 0.0, 0.0, 0.0, 0.0, 0.0, 0.0, 0.0, 0.0, 0.0, 0.0, 0.0, 0.0, 0.0, 0.0, 0.0, 0.0, 0.0, 0.0, 0.0, 0.0, 0.0, 0.0, 0.0, 0.0, 0.0, 0.0, 0.0, 0.0, 0.0, 6.658030926, 6.999574968, 7.343581698, 7.642644372, 7.88983668, 8.079001902, 8.20459899, 8.52859638, 8.787024702, 8.970648876, 9.077467968, 9.107174142, 9.06038307, 8.938941768, 8.746236432, 8.486115012, 8.164426392, 7.787327292, 7.36189794, 6.89629599, 6.398986932, 5.87889801, 5.345418222, 4.808090484, 4.60830492, 4.433761908, 4.181490306, 3.8556459, 3.462077574, 3.007095966, 2.511018252, 2.769600492, 2.948145372, 3.402203472, 3.982782168, 4.55443362, 5.107460994, 5.63262921, 6.120857106, 6.56383311, 6.953553486, 7.283091924, 7.546445622, 7.738535286, 7.855512966, 7.894146384, 7.853358114, 7.732532484, 7.532593002, 7.25569452, 6.905223234, 6.766389198, 7.10100693, 7.384062132, 7.60970592, 7.872290028, 8.238768786, 8.534291346, 8.755933266, 8.902155366, 8.972495892, 8.96803227, 0.0, 0.0, 0.0, 0.0, 0.0, 0.0, 0.0, 0.0, 0.0, 0.0, 0.0, 0.0, 0.0, 0.0, 0.0, 0.0, 0.0, 0.0, 0.0, 0.0, 0.0, 0.0, 0.0, 0.0], "min_cpu_time": [18, 3, 21, 7, 22, 4, 10, 19, 4, 8, 4, 12, 6, 14, 12, 22, 11, 17], "max_cpu_time": [44, 45, 32, 15, 29, 24, 33, 34, 50, 57, 42, 28, 19, 48, 24, 52, 51, 34], "min_job_period": [98, 27, 97, 61, 89, 13, 93, 59, 10, 27, 40, 37, 12, 81, 8, 9, 29, 14], "max_job_period": [101, 36, 111, 64, 112, 50, 109, 69, 102, 39, 89, 119, 109, 94, 57, 111, 36, 44], "min_startup": [1, 4, 1, 2, 1, 3, 1, 1, 3, 2, 3, 1, 2, 1, 1, 1, 1, 1], "max_startup": [12, 96, 3, 122, 75, 41, 106, 102, 74, 120, 42, 124, 87, 17, 120, 81, 112, 104], "priority": [6, 10, 13, 18, 7, 2, 11, 3, 12, 16, 17, 5, 9, 15, 4, 1, 8, 14], "win_min": [0, 0, 0, 0, 0, 0, 0, 0, 0, 0, 0, 0, 0, 14, 0, 0, 0, 0], "win_max": [125, 125, 125, 125, 125, 125, 125, 125, 125, 125, 125, 125, 125, 124, 125, 125, 125, 125]}