{"subs": 1, "jobs": 18, "T": 125, "power_use": [2.8241701344618773, 0.8783791331150965, 2.1854189320050117, 0.9597372511259127, 0.2177346278034742, 1.5549682194088612, 2.5101114621612552, 2.625119642322231, 2.917131538953109, 1.3147310791990885, 3.7758707779301806, 3.511647279491651, 3.3481668178776984, 0.22650124863621307, 1.9445210652429616, 0.9707653401847645, 0.9624804623565366, 1.0753419350127182], "power_resource": [6.998189706, 6.507191286, 5.991565986, 5.460856722, 4.924298574, 4.639396356, 4.48132257, 4.244442768, 3.93337449, 3.55319703, 3.110374944, 2.612142378, 2.709264636, 2.90366307, 3.277068138, 3.858108588, 4.431914892, 4.989098052, 5.520115152, 6.01588503, 6.467942196, 6.868282914, 7.209826956, 7.486109766, 7.692205968, 7.82365194, 7.877369322, 7.851665016, 7.746077268, 7.561067832, 7.298637642, 6.961865058, 6.714980586, 7.05867948, 7.35189327, 7.588773072, 7.80210342, 8.18151129, 8.490578634, 8.72638101, 8.886917484, 8.971572384, 8.9811153, 0.0, 0.0, 0.0, 0.0, 0.0, 0.0, 0.0, 0.0, 0.0, 0.0, 0.0, 0.0, 0.0, 0.0, 0.0, 0.0, 0.0, 0.0, 0.0, 0.0, 0.0, 0.0, 0.0, 0.0, 0.0, 0.0, 0.0, 0.0, 0.0, 0.0, 0.0, 0.0, 0.0, 0.0, 0.0, 6.771160656, 6.863665374, 7.22414133, 7.54275159, 7.81210809, 8.025592356, 8.17766334, 8.406385488, 8.694519984, 8.908927758, 9.04730004, 9.108559404, 9.092859768, 9.001740312, 8.83797156, 8.605093626, 8.308339722, 7.95371265, 7.547830884, 7.098544242, 6.614010378, 6.103310454, 5.575525632, 5.040198828, 4.667255514, 4.525497036, 4.304470788, 4.00802472, 3.64169988, 3.211191234, 2.724040764, 2.64585042, 2.856102408, 3.152086722, 3.733127172, 4.30893441, 4.869811602, 5.406215832, 5.909219856, 6.370204266, 6.78085749, 7.133945382, 7.423157304, 7.642952208, 7.788866472, 7.8575139, 7.847201394], "min_cpu_time": [21, 19, 19, 2, 18, 12, 14, 17, 11, 17, 7, 1, 5, 19, 4, 15, 18, 8], "max_cpu_time": [36, 23, 49, 57, 37, 21, 28, 19, 35, 47, 9, 4, 53, 59, 53, 62, 41, 40], "min_job_period": [74, 119, 11, 44, 107, 42, 116, 66, 74, 52, 48, 28, 20, 20, 5, 71, 19, 116], "max_job_period": [76, 120, 78, 110, 122, 82, 124, 90, 82, 91, 114, 62, 58, 28, 25, 89, 39, 122], "min_startup": [1, 1, 1, 2, 1, 1, 1, 1, 1, 1, 1, 3, 1, 1, 1, 1, 1, 1], "max_startup": [43, 50, 94, 122, 22, 79, 117, 110, 46, 7, 72, 46, 89, 45, 116, 15, 120, 112], "priority": [16, 12, 5, 18, 3, 10, 15, 2, 14, 13, 1, 9, 17, 7, 6, 8, 11, 4], "win_min": [0, 0, 0, 0, 0, 0, 0, 0, 0, 0, 0, 0, 0, 0, 0, 0, 0, 2], "win_max": [125, 125, 125, 125, 125, 125, 125, 125, 125, 125, 125, 125, 125, 125, 125, 125, 125, 117]}