{"subs": 1, "jobs": 22, "T": 125, "power_use": [2.6318675718062337, 3.216930355809148, 3.576479194786043, 2.495142222800548, 1.1171422763531802, 2.6979031437782237, 0.8967997048865969, 0.6900101739494747, 1.2087784191982192, 1.084571786470024, 3.1528528615599187, 0.9232178431586714, 3.769122876207831, 2.2676470449163837, 2.0805667710751146, 3.305285350886182, 0.5169139105750447, 1.3994256164248133, 0.11879074796538167, 2.888244065433012, 0.9463723762026807, 2.9217849588962173], "power_resource": [8.164426392, 7.787327292, 7.36189794, 6.89629599, 6.398986932, 5.87889801, 5.345418222, 4.808090484, 4.60830492, 4.433761908, 4.181490306, 3.8556459, 3.462077574, 3.007095966, 2.511018252, 2.769600492, 2.948145372, 3.402203472, 3.982782168, 4.55443362, 5.107460994, 5.63262921, 6.120857106, 6.56383311, 6.953553486, 7.283091924, 7.546445622, 7.738535286, 7.855512966, 7.894146384, 7.853358114, 7.732532484, 7.532593002, 7.25569452, 6.905223234, 6.766389198, 7.10100693, 7.384062132, 7.60970592, 7.872290028, 8.238768786, 8.534291346, 8.755933266, 8.902155366, 8.972495892, 8.96803227, 0.0, 0.0, 0.0, 0.0, 0.0, 0.0, 0.0, 0.0, 0.0, 0.0, 0.0, 0.0, 0.0, 0.0, 0.0, 0.0, 0.0, 0.0, 0.0, 0.0, 0.0, 0.0, 0.0, 0.0, 0.0, 0.0, 0.0, 0.0, 0.0, 0.0, 0.0, 0.0, 0.0, 0.0, 0.0, 6.716058012, 6.93246672, 7.284785022, 7.593852366, 7.85212677, 8.053605432, 8.192593386, 8.469030114, 8.742234564, 8.941404456, 9.064077102, 9.109482912, 9.078237558, 8.97188022, 8.793489258, 8.54706654, 8.23769136, 7.871520438, 7.45578792, 6.998189706, 6.507191286, 5.991565986, 5.460856722, 4.924298574, 4.639396356, 4.48132257, 4.244442768, 3.93337449, 3.55319703, 3.110374944, 2.612142378, 2.709264636, 2.90366307, 3.277068138, 3.858108588, 4.431914892, 4.989098052, 5.520115152, 6.01588503, 6.467942196, 6.868282914, 7.209826956, 7.486109766, 7.692205968], "min_cpu_time": [4, 12, 9, 11, 4, 16, 18, 18, 2, 2, 6, 16, 1, 12, 10, 1, 24, 18, 3, 9, 11, 23], "max_cpu_time": [34, 18, 61, 57, 45, 26, 28, 48, 58, 42, 16, 60, 23, 60, 21, 43, 25, 56, 48, 49, 28, 50], "min_job_period": [16, 86, 43, 10, 37, 104, 124, 7, 8, 10, 61, 121, 7, 117, 55, 3, 115, 32, 15, 15, 122, 116], "max_job_period": [68, 107, 116, 121, 39, 118, 124, 30, 67, 82, 89, 124, 55, 117, 67, 102, 117, 81, 74, 49, 122, 123], "min_startup": [3, 1, 2, 1, 3, 1, 1, 1, 6, 6, 2, 1, 11, 1, 1, 11, 1, 1, 4, 2, 1, 1], "max_startup": [8, 58, 50, 107, 99, 25, 5, 106, 12, 87, 88, 50, 72, 32, 5, 81, 32, 110, 30, 121, 18, 54], "priority": [17, 21, 7, 20, 1, 19, 15, 12, 18, 3, 10, 9, 22, 4, 8, 14, 2, 11, 16, 5, 13, 6], "win_min": [0, 0, 0, 0, 0, 0, 0, 0, 0, 0, 0, 0, 0, 0, 0, 0, 0, 0, 0, 6, 0, 0], "win_max": [125, 125, 125, 125, 125, 125, 125, 125, 125, 125, 125, 125, 125, 125, 125, 125, 125, 125, 125, 118, 125, 125]}