{"subs": 1, "jobs": 20, "T": 125, "power_use": [3.583418446888345, 3.605764081456677, 0.0750761319765016, 2.757885221153975, 1.6060404533207207, 1.5014013395594203, 0.6111876725902298, 2.2903856217577085, 3.1105432120332086, 3.8037753181433396, 0.39539208930650505, 1.4984813128518355, 3.439913152915886, 1.0356380590538414, 0.39537463885829804, 0.7840814649815036, 3.728838376405416, 1.289979822393803, 1.690278647428395, 0.1510045984516701], "power_resource": [6.178884192, 5.650945452, 5.113309878, 4.662637974, 4.536117378, 4.329405504, 4.04650422, 3.692031066, 3.272142762, 2.7936117, 2.653700238, 2.88134496, 3.070356264, 3.652320222, 4.23120582, 4.797316224, 5.341262436, 5.853655458, 6.325721964, 6.749458218, 7.11716832, 7.422387714, 7.659113598, 7.823036268, 7.910461692, 7.918927182, 7.847663148, 7.696515672, 7.467023934, 7.161650622, 6.784551522, 6.86397321, 7.179966864, 7.442089218, 7.644645306, 8.005429098, 8.34543396, 8.613405198, 8.806572288, 8.92416564, 8.966031336, 0.0, 0.0, 0.0, 0.0, 0.0, 0.0, 0.0, 0.0, 0.0, 0.0, 0.0, 0.0, 0.0, 0.0, 0.0, 0.0, 0.0, 0.0, 0.0, 0.0, 0.0, 0.0, 0.0, 0.0, 0.0, 0.0, 0.0, 0.0, 0.0, 0.0, 0.0, 0.0, 0.0, 0.0, 0.0, 0.0, 6.691123296, 7.065144036, 7.40037744, 7.689435444, 7.925083902, 8.101627848, 8.26924455, 8.585084286, 8.828582562, 8.996661018, 9.087780474, 9.101633094, 9.039450222, 8.902924956, 8.695905246, 8.422700796, 8.088698736, 7.700825376, 7.266007026, 6.792709176, 6.289551234, 5.765306526, 5.229671886, 4.691882394, 4.573827288, 4.383276804, 4.115459484, 3.775300704, 3.368341512, 2.901508218, 2.583821466, 2.827011906, 2.989549314, 3.527338806, 4.10730183, 4.676336676, 5.224900428, 5.743911924, 6.224136084, 6.657569172, 7.036515288, 7.354048122, 7.604164872, 7.782247998, 7.88444955, 7.908152922, 7.851972852, 7.71590934], "min_cpu_time": [24, 17, 8, 7, 8, 5, 18, 24, 5, 24, 12, 4, 23, 20, 15, 13, 1, 18, 2, 8], "max_cpu_time": [38, 47, 45, 36, 55, 42, 36, 41, 36, 34, 57, 11, 40, 21, 39, 36, 12, 50, 50, 44], "min_job_period": [56, 13, 38, 28, 40, 31, 38, 42, 33, 74, 61, 21, 117, 51, 9, 67, 9, 80, 9, 28], "max_job_period": [70, 42, 105, 52, 123, 105, 82, 65, 48, 106, 89, 86, 124, 98, 45, 102, 50, 106, 117, 93], "min_startup": [1, 1, 2, 2, 2, 3, 1, 1, 3, 1, 1, 3, 1, 1, 1, 1, 12, 1, 6, 2], "max_startup": [63, 35, 64, 39, 34, 56, 65, 83, 119, 86, 48, 18, 6, 74, 33, 4, 32, 42, 54, 67], "priority": [20, 5, 12, 16, 7, 9, 14, 8, 6, 2, 10, 18, 17, 3, 19, 1, 13, 15, 4, 11], "win_min": [0, 0, 0, 18, 0, 0, 0, 0, 0, 0, 0, 0, 0, 0, 0, 0, 0, 0, 0, 0], "win_max": [125, 125, 125, 118, 125, 125, 125, 125, 125, 125, 125, 125, 125, 125, 125, 125, 125, 125, 125, 125]}