{"subs": 1, "jobs": 13, "T": 125, "power_use": [0.7048049736558719, 3.142420162879082, 1.420843302845703, 2.764177180929326, 1.9173970947326104, 0.6157243994078236, 2.3486627888666374, 2.4565356055130665, 2.842923287450263, 0.03680502112527541, 1.4137874082951887, 1.4433947185028217, 0.23509571102281726], "power_resource": [7.271548074, 7.551370998, 7.761007314, 7.896147318, 7.95371265, 7.931856294, 7.829962578, 7.648801092, 7.390218852, 7.0571403, 6.654029058, 6.954323076, 7.250923062, 7.49118906, 7.744999842, 8.128255662, 8.441478792, 8.681283036, 8.845975296, 8.9349399, 8.948638602, 0.0, 0.0, 0.0, 0.0, 0.0, 0.0, 0.0, 0.0, 0.0, 0.0, 0.0, 0.0, 0.0, 0.0, 0.0, 0.0, 0.0, 0.0, 0.0, 0.0, 0.0, 0.0, 0.0, 0.0, 0.0, 0.0, 0.0, 0.0, 0.0, 0.0, 0.0, 0.0, 0.0, 0.0, 0.0, 6.809794074, 6.832112184, 7.190895042, 7.507966122, 7.775783442, 7.987882446, 8.138722086, 8.40238362, 8.689132854, 8.902155366, 9.03883455, 9.098400816, 9.081008082, 8.987887692, 8.82181017, 8.586777384, 8.287560792, 7.930163196, 7.521356988, 7.068991986, 6.581379762, 6.067293642, 5.535814788, 4.996793952, 4.638165012, 4.495021272, 4.272609762, 3.974470596, 3.606144822, 3.173327406, 2.68356033, 2.720654568, 2.932753572, 3.195029844, 3.777455556, 4.354801974, 4.9176801, 5.4563931, 5.961859812, 6.425460828, 6.839192412, 7.195512582, 7.4881107, 7.711445718, 7.861054014, 7.933549392, 7.926930918, 7.840275084, 7.674043644, 7.429929696, 7.110703764, 6.720521634, 6.909994692, 7.21644543, 7.467793524, 7.67204271, 8.068227642, 8.394841638, 8.648806338, 8.827659054, 8.930938032, 8.958643272, 0.0, 0.0, 0.0, 0.0, 0.0, 0.0, 0.0], "min_cpu_time": [11, 3, 15, 23, 5, 11, 18, 5, 14, 24, 21, 10, 6], "max_cpu_time": [16, 42, 33, 61, 23, 42, 32, 18, 33, 33, 56, 13, 26], "min_job_period": [25, 2, 57, 69, 3, 40, 97, 20, 6, 60, 82, 23, 23], "max_job_period": [124, 57, 70, 112, 106, 55, 101, 48, 66, 69, 114, 115, 32], "min_startup": [2, 8, 2, 1, 5, 2, 1, 5, 2, 1, 1, 3, 4], "max_startup": [2, 79, 122, 84, 35, 108, 89, 82, 3, 38, 29, 112, 69], "priority": [7, 13, 11, 4, 2, 8, 5, 6, 3, 10, 12, 1, 9], "win_min": [0, 0, 0, 0, 0, 4, 0, 0, 0, 0, 0, 0, 0], "win_max": [125, 125, 125, 125, 125, 124, 125, 125, 125, 125, 125, 125, 125]}