{"subs": 1, "jobs": 22, "T": 125, "power_use": [1.3468311351040736, 1.8039281926990325, 1.5007587824730841, 1.3874233917532244, 3.093101000556371, 3.7705732659388986, 3.099338104644499, 1.255343448097412, 3.444245770651985, 0.11650632600008255, 2.5226986515976715, 0.17269797062191763, 3.652166563381283, 0.15175129758150777, 3.726623237511648, 3.1919430402364415, 0.8134816967413819, 0.11366360573957304, 1.7303378823530247, 2.706987053903637, 3.9901448930208843, 0.4654364394647137], "power_resource": [7.179966864, 7.442089218, 7.644645306, 8.005429098, 8.34543396, 8.613405198, 8.806572288, 8.92416564, 8.966031336, 0.0, 0.0, 0.0, 0.0, 0.0, 0.0, 0.0, 0.0, 0.0, 0.0, 0.0, 0.0, 0.0, 0.0, 0.0, 0.0, 0.0, 0.0, 0.0, 0.0, 0.0, 0.0, 0.0, 0.0, 0.0, 0.0, 0.0, 0.0, 0.0, 0.0, 0.0, 0.0, 0.0, 0.0, 0.0, 0.0, 6.691123296, 7.065144036, 7.40037744, 7.689435444, 7.925083902, 8.101627848, 8.26924455, 8.585084286, 8.828582562, 8.996661018, 9.087780474, 9.101633094, 9.039450222, 8.902924956, 8.695905246, 8.422700796, 8.088698736, 7.700825376, 7.266007026, 6.792709176, 6.289551234, 5.765306526, 5.229671886, 4.691882394, 4.573827288, 4.383276804, 4.115459484, 3.775300704, 3.368341512, 2.901508218, 2.583821466, 2.827011906, 2.989549314, 3.527338806, 4.10730183, 4.676336676, 5.224900428, 5.743911924, 6.224136084, 6.657569172, 7.036515288, 7.354048122, 7.604164872, 7.782247998, 7.88444955, 7.908152922, 7.851972852, 7.71590934, 7.50119373, 7.209980874, 6.846118722, 6.815950794, 7.141487364, 7.41423006, 7.628329998, 7.940167866, 8.293563594, 8.575233534, 8.782714998, 8.914468806, 8.970648876, 8.952178716, 0.0, 0.0, 0.0, 0.0, 0.0, 0.0, 0.0, 0.0, 0.0, 0.0, 0.0, 0.0, 0.0, 0.0, 0.0, 0.0, 0.0, 0.0], "min_cpu_time": [9, 3, 19, 11, 9, 16, 3, 10, 16, 10, 5, 23, 19, 7, 3, 8, 12, 18, 17, 15, 18, 7], "max_cpu_time": [14, 7, 21, 18, 20, 48, 60, 47, 32, 17, 18, 50, 36, 23, 20, 40, 33, 49, 45, 42, 59, 24], "min_job_period": [19, 8, 50, 20, 117, 121, 17, 71, 38, 25, 95, 119, 107, 80, 45, 60, 19, 54, 116, 17, 113, 3], "max_job_period": [58, 102, 102, 109, 122, 121, 50, 116, 51, 100, 124, 120, 107, 80, 81, 112, 46, 81, 123, 19, 122, 35], "min_startup": [1, 2, 1, 1, 1, 1, 2, 1, 1, 1, 1, 1, 1, 1, 2, 1, 1, 1, 1, 1, 1, 1], "max_startup": [105, 108, 48, 72, 116, 33, 37, 62, 77, 119, 17, 4, 5, 93, 78, 83, 12, 104, 112, 119, 94, 72], "priority": [18, 19, 1, 3, 7, 20, 16, 6, 2, 15, 17, 4, 9, 8, 22, 13, 5, 12, 10, 11, 14, 21], "win_min": [0, 0, 0, 0, 0, 0, 0, 0, 0, 0, 0, 0, 0, 4, 0, 0, 0, 0, 0, 0, 0, 0], "win_max": [125, 125, 125, 125, 125, 125, 125, 125, 125, 125, 125, 125, 125, 109, 125, 125, 125, 125, 125, 125, 125, 125]}