{"subs": 1, "jobs": 22, "T": 125, "power_use": [0.8166935315577956, 3.6708963909742174, 3.012585299633234, 2.293392366416382, 1.4890251575400801, 2.098453669191821, 1.8555695920846567, 3.108072563967591, 0.1486797088673419, 2.8273307700134334, 2.6271926525263107, 1.286369786657643, 0.07232490596614786, 3.7228146372192286, 1.9885992726622659, 0.4161226226528296, 0.0148895925116888, 1.467364384259606, 2.813326746057858, 1.8666135883479997, 1.643646618937139, 2.626631250437676], "power_resource": [3.899666448, 3.517488054, 3.07220328, 2.571354108, 2.784530538, 2.980929906, 3.319857342, 3.902283054, 4.477782456, 5.03696655, 5.57029242, 6.068678904, 6.523506594, 6.926771754, 7.271548074, 7.551370998, 7.761007314, 7.896147318, 7.95371265, 7.931856294, 7.829962578, 7.648801092, 7.390218852, 7.0571403, 6.654029058, 6.954323076, 7.250923062, 7.49118906, 7.744999842, 8.128255662, 8.441478792, 8.681283036, 8.845975296, 8.9349399, 8.948638602, 0.0, 0.0, 0.0, 0.0, 0.0, 0.0, 0.0, 0.0, 0.0, 0.0, 0.0, 0.0, 0.0, 0.0, 0.0, 0.0, 0.0, 0.0, 0.0, 0.0, 0.0, 0.0, 0.0, 0.0, 0.0, 0.0, 0.0, 0.0, 0.0, 0.0, 0.0, 0.0, 0.0, 0.0, 0.0, 6.809794074, 6.832112184, 7.190895042, 7.507966122, 7.775783442, 7.987882446, 8.138722086, 8.40238362, 8.689132854, 8.902155366, 9.03883455, 9.098400816, 9.081008082, 8.987887692, 8.82181017, 8.586777384, 8.287560792, 7.930163196, 7.521356988, 7.068991986, 6.581379762, 6.067293642, 5.535814788, 4.996793952, 4.638165012, 4.495021272, 4.272609762, 3.974470596, 3.606144822, 3.173327406, 2.68356033, 2.720654568, 2.932753572, 3.195029844, 3.777455556, 4.354801974, 4.9176801, 5.4563931, 5.961859812, 6.425460828, 6.839192412, 7.195512582, 7.4881107, 7.711445718, 7.861054014, 7.933549392, 7.926930918, 7.840275084, 7.674043644, 7.429929696, 7.110703764, 6.720521634, 6.909994692, 7.21644543, 7.467793524], "min_cpu_time": [13, 1, 4, 13, 6, 15, 1, 14, 9, 3, 11, 19, 18, 17, 20, 2, 5, 9, 2, 23, 8, 24], "max_cpu_time": [18, 45, 34, 55, 17, 55, 27, 55, 36, 50, 35, 30, 48, 20, 25, 20, 6, 42, 13, 47, 11, 46], "min_job_period": [86, 36, 58, 15, 50, 119, 13, 22, 76, 61, 101, 72, 114, 13, 83, 25, 10, 57, 58, 26, 122, 25], "max_job_period": [109, 55, 106, 17, 96, 124, 32, 106, 115, 72, 110, 92, 119, 33, 110, 50, 41, 70, 117, 92, 122, 34], "min_startup": [1, 3, 1, 1, 1, 1, 3, 1, 1, 1, 1, 1, 1, 1, 1, 2, 1, 1, 2, 1, 1, 1], "max_startup": [124, 36, 13, 23, 117, 27, 78, 33, 119, 120, 59, 8, 97, 114, 74, 26, 55, 96, 4, 12, 71, 89], "priority": [5, 3, 10, 8, 2, 11, 17, 19, 12, 6, 9, 13, 4, 20, 21, 1, 16, 14, 7, 15, 22, 18], "win_min": [0, 0, 0, 0, 0, 0, 0, 0, 0, 0, 0, 0, 0, 0, 0, 0, 0, 0, 0, 0, 21, 0], "win_max": [125, 125, 125, 125, 125, 125, 125, 125, 125, 125, 125, 125, 125, 125, 125, 125, 125, 125, 125, 125, 104, 125]}