{"subs": 1, "jobs": 22, "T": 125, "power_use": [1.0903664857150885, 2.5929563411603134, 3.145568243628545, 1.4792713096207033, 2.898965595453964, 3.8419921192795363, 0.6234685361258238, 2.9264478039870436, 0.9601690837543169, 3.651918390835246, 3.0570784676547067, 1.0747850922996574, 1.2069131350188866, 1.2809970272445177, 1.4811015171064146, 2.175143744328378, 1.0271079347484868, 0.9073779798104489, 0.4706550921419776, 3.435654648159631, 3.1072797267188887, 3.9101796351514357], "power_resource": [0.0, 0.0, 0.0, 0.0, 0.0, 0.0, 0.0, 0.0, 0.0, 0.0, 0.0, 0.0, 0.0, 0.0, 0.0, 0.0, 0.0, 0.0, 0.0, 0.0, 0.0, 6.809794074, 6.832112184, 7.190895042, 7.507966122, 7.775783442, 7.987882446, 8.138722086, 8.40238362, 8.689132854, 8.902155366, 9.03883455, 9.098400816, 9.081008082, 8.987887692, 8.82181017, 8.586777384, 8.287560792, 7.930163196, 7.521356988, 7.068991986, 6.581379762, 6.067293642, 5.535814788, 4.996793952, 4.638165012, 4.495021272, 4.272609762, 3.974470596, 3.606144822, 3.173327406, 2.68356033, 2.720654568, 2.932753572, 3.195029844, 3.777455556, 4.354801974, 4.9176801, 5.4563931, 5.961859812, 6.425460828, 6.839192412, 7.195512582, 7.4881107, 7.711445718, 7.861054014, 7.933549392, 7.926930918, 7.840275084, 7.674043644, 7.429929696, 7.110703764, 6.720521634, 6.909994692, 7.21644543, 7.467793524, 7.67204271, 8.068227642, 8.394841638, 8.648806338, 8.827659054, 8.930938032, 8.958643272, 0.0, 0.0, 0.0, 0.0, 0.0, 0.0, 0.0, 0.0, 0.0, 0.0, 0.0, 0.0, 0.0, 0.0, 0.0, 0.0, 0.0, 0.0, 0.0, 0.0, 0.0, 0.0, 0.0, 0.0, 0.0, 0.0, 0.0, 0.0, 0.0, 0.0, 0.0, 0.0, 0.0, 0.0, 0.0, 0.0, 6.76238733, 7.128866088, 7.455172248, 7.733763828, 7.957714518, 8.12148327], "min_cpu_time": [8, 15, 20, 4, 16, 4, 4, 12, 2, 13, 7, 3, 15, 13, 24, 12, 1, 4, 14, 8, 18, 15], "max_cpu_time": [58, 55, 49, 4, 29, 30, 24, 35, 7, 45, 38, 13, 18, 60, 54, 58, 50, 34, 56, 61, 38, 54], "min_job_period": [18, 22, 115, 8, 50, 10, 18, 35, 10, 16, 38, 12, 16, 9, 63, 43, 3, 15, 30, 22, 94, 36], "max_job_period": [56, 93, 119, 94, 109, 53, 91, 88, 49, 72, 110, 45, 68, 33, 94, 66, 25, 101, 93, 81, 124, 62], "min_startup": [3, 2, 1, 6, 2, 6, 6, 2, 11, 2, 3, 7, 2, 2, 1, 2, 22, 6, 2, 3, 1, 2], "max_startup": [93, 81, 87, 106, 72, 14, 117, 38, 33, 75, 20, 45, 71, 121, 1, 111, 109, 120, 63, 86, 14, 91], "priority": [3, 2, 19, 16, 15, 14, 1, 12, 7, 22, 20, 13, 9, 4, 18, 11, 17, 5, 21, 6, 8, 10], "win_min": [0, 0, 0, 0, 0, 0, 0, 0, 0, 0, 0, 0, 0, 0, 0, 0, 0, 0, 0, 0, 0, 10], "win_max": [125, 125, 125, 125, 125, 125, 125, 125, 125, 125, 125, 125, 125, 125, 125, 125, 125, 125, 125, 125, 125, 119]}