{"subs": 1, "jobs": 24, "T": 125, "power_use": [0.17960220835508378, 3.2572952674446425, 2.67421238582869, 1.1876309078191447, 1.743293638528748, 0.38808749013115584, 0.4596759617001832, 1.8682063143971863, 3.4454840074703164, 2.342450748863503, 0.03343341111916561, 2.4200169755261314, 0.24444554059572166, 2.4325462884131532, 2.6170760730170706, 3.8162015888624348, 0.1861970819786818, 1.5239925607764537, 1.2848941395180316, 0.44724898900840965, 2.48770107599534, 2.531507198749524, 0.43596476962077296, 0.17105654952866525], "power_resource": [6.56383311, 6.953553486, 7.283091924, 7.546445622, 7.738535286, 7.855512966, 7.894146384, 7.853358114, 7.732532484, 7.532593002, 7.25569452, 6.905223234, 6.766389198, 7.10100693, 7.384062132, 7.60970592, 7.872290028, 8.238768786, 8.534291346, 8.755933266, 8.902155366, 8.972495892, 8.96803227, 0.0, 0.0, 0.0, 0.0, 0.0, 0.0, 0.0, 0.0, 0.0, 0.0, 0.0, 0.0, 0.0, 0.0, 0.0, 0.0, 0.0, 0.0, 0.0, 0.0, 0.0, 0.0, 0.0, 0.0, 0.0, 0.0, 0.0, 0.0, 0.0, 0.0, 0.0, 0.0, 0.0, 0.0, 0.0, 6.716058012, 6.93246672, 7.284785022, 7.593852366, 7.85212677, 8.053605432, 8.192593386, 8.469030114, 8.742234564, 8.941404456, 9.064077102, 9.109482912, 9.078237558, 8.97188022, 8.793489258, 8.54706654, 8.23769136, 7.871520438, 7.45578792, 6.998189706, 6.507191286, 5.991565986, 5.460856722, 4.924298574, 4.639396356, 4.48132257, 4.244442768, 3.93337449, 3.55319703, 3.110374944, 2.612142378, 2.709264636, 2.90366307, 3.277068138, 3.858108588, 4.431914892, 4.989098052, 5.520115152, 6.01588503, 6.467942196, 6.868282914, 7.209826956, 7.486109766, 7.692205968, 7.82365194, 7.877369322, 7.851665016, 7.746077268, 7.561067832, 7.298637642, 6.961865058, 6.714980586, 7.05867948, 7.35189327, 7.588773072, 7.80210342, 8.18151129, 8.490578634, 8.72638101, 8.886917484, 8.971572384, 8.9811153, 0.0, 0.0, 0.0, 0.0, 0.0], "min_cpu_time": [24, 19, 18, 2, 2, 17, 9, 12, 1, 3, 3, 2, 3, 13, 2, 11, 11, 1, 24, 15, 10, 7, 2, 22], "max_cpu_time": [24, 43, 18, 33, 14, 30, 17, 39, 20, 30, 37, 39, 16, 37, 37, 12, 55, 8, 34, 53, 30, 51, 36, 34], "min_job_period": [68, 8, 81, 30, 2, 47, 109, 34, 17, 51, 12, 24, 13, 17, 38, 61, 121, 3, 73, 123, 48, 105, 26, 42], "max_job_period": [89, 39, 119, 51, 45, 79, 118, 83, 112, 110, 104, 61, 65, 85, 117, 62, 124, 42, 124, 124, 84, 122, 120, 82], "min_startup": [1, 1, 1, 3, 3, 1, 1, 1, 5, 2, 2, 3, 2, 1, 3, 1, 1, 5, 1, 1, 1, 1, 3, 1], "max_startup": [71, 38, 26, 84, 54, 41, 13, 15, 12, 14, 39, 17, 84, 107, 82, 62, 9, 94, 8, 71, 87, 74, 52, 30], "priority": [1, 11, 18, 17, 7, 3, 12, 2, 21, 16, 15, 5, 4, 23, 9, 10, 20, 6, 19, 22, 14, 8, 13, 24], "win_min": [0, 0, 0, 0, 0, 0, 0, 0, 0, 0, 0, 0, 0, 0, 23, 0, 0, 0, 0, 0, 0, 0, 0, 0], "win_max": [125, 125, 125, 125, 125, 125, 125, 125, 125, 125, 125, 125, 125, 125, 118, 125, 125, 125, 125, 125, 125, 125, 125, 125]}