{"subs": 1, "jobs": 20, "T": 125, "power_use": [0.5476156910373151, 2.051434214209864, 0.30513609483024534, 2.6118372979785365, 1.7456392968054524, 1.115421065575135, 1.7714790442951305, 0.7955922298678727, 2.7763682078364833, 0.11751125064547771, 2.98249452560147, 3.9370896276187843, 1.0660077195156281, 3.1712834832365675, 1.623867461122654, 0.09432311016924028, 0.0673286500265336, 3.596409778141786, 0.7763835236685022, 3.201993187948316], "power_resource": [6.784551522, 6.86397321, 7.179966864, 7.442089218, 7.644645306, 8.005429098, 8.34543396, 8.613405198, 8.806572288, 8.92416564, 8.966031336, 0.0, 0.0, 0.0, 0.0, 0.0, 0.0, 0.0, 0.0, 0.0, 0.0, 0.0, 0.0, 0.0, 0.0, 0.0, 0.0, 0.0, 0.0, 0.0, 0.0, 0.0, 0.0, 0.0, 0.0, 0.0, 0.0, 0.0, 0.0, 0.0, 0.0, 0.0, 0.0, 0.0, 0.0, 0.0, 0.0, 6.691123296, 7.065144036, 7.40037744, 7.689435444, 7.925083902, 8.101627848, 8.26924455, 8.585084286, 8.828582562, 8.996661018, 9.087780474, 9.101633094, 9.039450222, 8.902924956, 8.695905246, 8.422700796, 8.088698736, 7.700825376, 7.266007026, 6.792709176, 6.289551234, 5.765306526, 5.229671886, 4.691882394, 4.573827288, 4.383276804, 4.115459484, 3.775300704, 3.368341512, 2.901508218, 2.583821466, 2.827011906, 2.989549314, 3.527338806, 4.10730183, 4.676336676, 5.224900428, 5.743911924, 6.224136084, 6.657569172, 7.036515288, 7.354048122, 7.604164872, 7.782247998, 7.88444955, 7.908152922, 7.851972852, 7.71590934, 7.50119373, 7.209980874, 6.846118722, 6.815950794, 7.141487364, 7.41423006, 7.628329998, 7.940167866, 8.293563594, 8.575233534, 8.782714998, 8.914468806, 8.970648876, 8.952178716, 0.0, 0.0, 0.0, 0.0, 0.0, 0.0, 0.0, 0.0, 0.0, 0.0, 0.0, 0.0, 0.0, 0.0, 0.0, 0.0], "min_cpu_time": [11, 23, 14, 5, 12, 13, 4, 16, 8, 4, 4, 9, 18, 9, 5, 4, 3, 18, 7, 4], "max_cpu_time": [19, 53, 28, 28, 52, 51, 30, 56, 31, 11, 56, 57, 51, 10, 57, 41, 28, 62, 16, 35], "min_job_period": [120, 45, 58, 49, 99, 111, 106, 86, 100, 86, 124, 58, 115, 98, 58, 5, 10, 92, 124, 117], "max_job_period": [123, 66, 113, 112, 117, 123, 122, 109, 110, 86, 124, 117, 115, 122, 106, 47, 77, 120, 124, 117], "min_startup": [1, 1, 1, 1, 1, 1, 1, 1, 1, 1, 1, 1, 1, 1, 1, 1, 1, 1, 1, 1], "max_startup": [113, 103, 120, 101, 36, 29, 114, 86, 47, 87, 94, 46, 102, 45, 12, 83, 40, 35, 88, 99], "priority": [4, 6, 2, 11, 3, 8, 5, 20, 12, 9, 17, 13, 10, 7, 15, 14, 18, 19, 16, 1], "win_min": [0, 0, 0, 0, 0, 0, 0, 0, 0, 0, 0, 0, 0, 0, 0, 0, 0, 8, 0, 0], "win_max": [125, 125, 125, 125, 125, 125, 125, 125, 125, 125, 125, 125, 125, 125, 125, 125, 125, 103, 125, 125]}