{"subs": 1, "jobs": 9, "T": 125, "power_use": [1.029121813469351, 1.1824197308375437, 3.4422343654311955, 1.3120880555034842, 3.9859419645074126, 1.0855100684978551, 3.158937315905123, 2.956745129406532, 3.6912332053502377], "power_resource": [0.0, 0.0, 0.0, 0.0, 0.0, 0.0, 0.0, 0.0, 0.0, 0.0, 0.0, 0.0, 0.0, 0.0, 0.0, 0.0, 0.0, 0.0, 0.0, 0.0, 0.0, 0.0, 6.658030926, 6.999574968, 7.343581698, 7.642644372, 7.88983668, 8.079001902, 8.20459899, 8.52859638, 8.787024702, 8.970648876, 9.077467968, 9.107174142, 9.06038307, 8.938941768, 8.746236432, 8.486115012, 8.164426392, 7.787327292, 7.36189794, 6.89629599, 6.398986932, 5.87889801, 5.345418222, 4.808090484, 4.60830492, 4.433761908, 4.181490306, 3.8556459, 3.462077574, 3.007095966, 2.511018252, 2.769600492, 2.948145372, 3.402203472, 3.982782168, 4.55443362, 5.107460994, 5.63262921, 6.120857106, 6.56383311, 6.953553486, 7.283091924, 7.546445622, 7.738535286, 7.855512966, 7.894146384, 7.853358114, 7.732532484, 7.532593002, 7.25569452, 6.905223234, 6.766389198, 7.10100693, 7.384062132, 7.60970592, 7.872290028, 8.238768786, 8.534291346, 8.755933266, 8.902155366, 8.972495892, 8.96803227, 0.0, 0.0, 0.0, 0.0, 0.0, 0.0, 0.0, 0.0, 0.0, 0.0, 0.0, 0.0, 0.0, 0.0, 0.0, 0.0, 0.0, 0.0, 0.0, 0.0, 0.0, 0.0, 0.0, 0.0, 0.0, 0.0, 0.0, 0.0, 0.0, 0.0, 0.0, 0.0, 0.0, 0.0, 0.0, 6.716058012, 6.93246672, 7.284785022, 7.593852366, 7.85212677, 8.053605432], "min_cpu_time": [13, 21, 16, 2, 17, 18, 7, 5, 15], "max_cpu_time": [35, 21, 44, 39, 47, 38, 58, 5, 42], "min_job_period": [15, 79, 61, 35, 34, 100, 45, 8, 49], "max_job_period": [123, 97, 111, 119, 102, 117, 90, 95, 64], "min_startup": [1, 1, 1, 2, 1, 1, 1, 1, 1], "max_startup": [76, 78, 82, 35, 46, 67, 53, 41, 1], "priority": [5, 6, 1, 2, 3, 7, 4, 8, 9], "win_min": [0, 0, 0, 0, 0, 0, 0, 0, 20], "win_max": [125, 125, 125, 125, 125, 125, 125, 125, 113]}