{"subs": 1, "jobs": 22, "T": 125, "power_use": [2.9285523253087815, 3.683682920275743, 0.707413747815961, 0.6057771728776412, 0.5357005366569259, 2.461822628508743, 1.2973693181312058, 3.1152557380350783, 3.5529750346995703, 2.9821206437255614, 2.2761398489982456, 0.38298843987620024, 0.6169875676431952, 1.4898116697847315, 0.22397474758146793, 2.6164600314390887, 0.4059817085970015, 1.7713930773310236, 0.06559751183156001, 2.256581433666349, 1.3889131246270794, 3.91054329429893], "power_resource": [0.0, 0.0, 0.0, 0.0, 0.0, 0.0, 0.0, 0.0, 0.0, 0.0, 0.0, 0.0, 0.0, 0.0, 0.0, 0.0, 0.0, 0.0, 0.0, 0.0, 0.0, 0.0, 0.0, 0.0, 0.0, 0.0, 0.0, 0.0, 0.0, 0.0, 0.0, 0.0, 0.0, 0.0, 0.0, 6.76238733, 7.128866088, 7.455172248, 7.733763828, 7.957714518, 8.12148327, 8.337276306, 8.63864775, 8.866908144, 9.019286964, 9.094706784, 9.093013686, 9.015285096, 8.863983702, 8.642803536, 8.356362138, 8.01066231, 7.612168608, 7.168423014, 6.6877371, 6.178884192, 5.650945452, 5.113309878, 4.662637974, 4.536117378, 4.329405504, 4.04650422, 3.692031066, 3.272142762, 2.7936117, 2.653700238, 2.88134496, 3.070356264, 3.652320222, 4.23120582, 4.797316224, 5.341262436, 5.853655458, 6.325721964, 6.749458218, 7.11716832, 7.422387714, 7.659113598, 7.823036268, 7.910461692, 7.918927182, 7.847663148, 7.696515672, 7.467023934, 7.161650622, 6.784551522, 6.86397321, 7.179966864, 7.442089218, 7.644645306, 8.005429098, 8.34543396, 8.613405198, 8.806572288, 8.92416564, 8.966031336, 0.0, 0.0, 0.0, 0.0, 0.0, 0.0, 0.0, 0.0, 0.0, 0.0, 0.0, 0.0, 0.0, 0.0, 0.0, 0.0, 0.0, 0.0, 0.0, 0.0, 0.0, 0.0, 0.0, 0.0, 0.0, 0.0, 0.0, 0.0, 0.0], "min_cpu_time": [15, 20, 7, 4, 23, 1, 5, 14, 13, 21, 23, 13, 18, 15, 2, 5, 11, 15, 15, 7, 1, 4], "max_cpu_time": [38, 39, 53, 34, 52, 7, 8, 53, 24, 50, 32, 19, 48, 46, 4, 34, 21, 42, 30, 47, 37, 16], "min_job_period": [67, 75, 111, 8, 94, 10, 93, 7, 78, 120, 9, 29, 81, 4, 13, 75, 24, 24, 53, 105, 21, 58], "max_job_period": [110, 87, 113, 95, 115, 14, 120, 113, 80, 124, 92, 55, 104, 22, 54, 100, 94, 47, 110, 113, 41, 85], "min_startup": [1, 1, 1, 1, 1, 4, 1, 1, 1, 1, 1, 1, 1, 1, 2, 1, 1, 1, 1, 1, 4, 1], "max_startup": [37, 31, 122, 35, 70, 120, 92, 35, 41, 28, 93, 15, 3, 55, 102, 84, 66, 107, 95, 79, 75, 31], "priority": [21, 1, 10, 13, 8, 20, 18, 6, 3, 17, 4, 12, 22, 16, 11, 9, 14, 19, 5, 7, 2, 15], "win_min": [0, 0, 0, 0, 0, 0, 0, 0, 0, 0, 16, 0, 0, 0, 0, 0, 0, 0, 0, 0, 0, 0], "win_max": [125, 125, 125, 125, 125, 125, 125, 125, 125, 125, 106, 125, 125, 125, 125, 125, 125, 125, 125, 125, 125, 125]}