{"subs": 1, "jobs": 13, "T": 125, "power_use": [3.11992424023099, 1.71613482823693, 0.34893057530387117, 2.578186330671927, 1.8508727872454855, 1.9261854544871662, 0.499019629166845, 2.7915942557025644, 0.011214926187683823, 3.075833573361054, 0.2969450793391217, 1.7295704601174506, 1.5645214217680148], "power_resource": [0.0, 0.0, 0.0, 0.0, 0.0, 0.0, 0.0, 0.0, 0.0, 0.0, 0.0, 0.0, 0.0, 0.0, 0.0, 0.0, 0.0, 0.0, 0.0, 0.0, 0.0, 0.0, 0.0, 0.0, 0.0, 0.0, 0.0, 0.0, 6.658030926, 6.999574968, 7.343581698, 7.642644372, 7.88983668, 8.079001902, 8.20459899, 8.52859638, 8.787024702, 8.970648876, 9.077467968, 9.107174142, 9.06038307, 8.938941768, 8.746236432, 8.486115012, 8.164426392, 7.787327292, 7.36189794, 6.89629599, 6.398986932, 5.87889801, 5.345418222, 4.808090484, 4.60830492, 4.433761908, 4.181490306, 3.8556459, 3.462077574, 3.007095966, 2.511018252, 2.769600492, 2.948145372, 3.402203472, 3.982782168, 4.55443362, 5.107460994, 5.63262921, 6.120857106, 6.56383311, 6.953553486, 7.283091924, 7.546445622, 7.738535286, 7.855512966, 7.894146384, 7.853358114, 7.732532484, 7.532593002, 7.25569452, 6.905223234, 6.766389198, 7.10100693, 7.384062132, 7.60970592, 7.872290028, 8.238768786, 8.534291346, 8.755933266, 8.902155366, 8.972495892, 8.96803227, 0.0, 0.0, 0.0, 0.0, 0.0, 0.0, 0.0, 0.0, 0.0, 0.0, 0.0, 0.0, 0.0, 0.0, 0.0, 0.0, 0.0, 0.0, 0.0, 0.0, 0.0, 0.0, 0.0, 0.0, 0.0, 0.0, 0.0, 0.0, 0.0, 0.0, 0.0, 0.0, 0.0, 0.0, 0.0], "min_cpu_time": [23, 7, 17, 21, 16, 20, 1, 22, 14, 18, 12, 6, 1], "max_cpu_time": [29, 40, 39, 25, 44, 41, 39, 38, 33, 37, 18, 39, 40], "min_job_period": [9, 3, 1, 38, 39, 55, 1, 3, 11, 18, 2, 10, 1], "max_job_period": [63, 14, 75, 80, 108, 111, 15, 120, 29, 110, 110, 17, 11], "min_startup": [2, 7, 3, 2, 3, 2, 48, 2, 3, 2, 4, 8, 48], "max_startup": [19, 104, 38, 100, 111, 73, 113, 79, 22, 106, 41, 108, 75], "priority": [8, 4, 3, 2, 10, 12, 13, 7, 11, 6, 1, 5, 9], "win_min": [0, 0, 0, 0, 0, 7, 0, 0, 0, 0, 0, 0, 0], "win_max": [125, 125, 125, 125, 125, 104, 125, 125, 125, 125, 125, 125, 125]}