{"subs": 1, "jobs": 18, "T": 125, "power_use": [0.9951204830839719, 1.3086211424033678, 2.5124275670689085, 3.2715941622513114, 1.9466145737498144, 1.5812067589908094, 1.354479084239897, 1.0019844984310253, 1.3468602497583775, 1.9530402785247853, 0.11240348899087939, 0.4353000641088654, 0.055440362266493466, 2.869914519048095, 2.5453065664648857, 2.900096827741462, 1.5045242110106327, 3.880987485652576], "power_resource": [0.0, 0.0, 0.0, 0.0, 0.0, 0.0, 0.0, 0.0, 0.0, 0.0, 0.0, 0.0, 0.0, 0.0, 0.0, 0.0, 0.0, 0.0, 0.0, 0.0, 0.0, 0.0, 0.0, 0.0, 0.0, 0.0, 0.0, 0.0, 0.0, 0.0, 0.0, 0.0, 0.0, 6.691123296, 7.065144036, 7.40037744, 7.689435444, 7.925083902, 8.101627848, 8.26924455, 8.585084286, 8.828582562, 8.996661018, 9.087780474, 9.101633094, 9.039450222, 8.902924956, 8.695905246, 8.422700796, 8.088698736, 7.700825376, 7.266007026, 6.792709176, 6.289551234, 5.765306526, 5.229671886, 4.691882394, 4.573827288, 4.383276804, 4.115459484, 3.775300704, 3.368341512, 2.901508218, 2.583821466, 2.827011906, 2.989549314, 3.527338806, 4.10730183, 4.676336676, 5.224900428, 5.743911924, 6.224136084, 6.657569172, 7.036515288, 7.354048122, 7.604164872, 7.782247998, 7.88444955, 7.908152922, 7.851972852, 7.71590934, 7.50119373, 7.209980874, 6.846118722, 6.815950794, 7.141487364, 7.41423006, 7.628329998, 7.940167866, 8.293563594, 8.575233534, 8.782714998, 8.914468806, 8.970648876, 8.952178716, 0.0, 0.0, 0.0, 0.0, 0.0, 0.0, 0.0, 0.0, 0.0, 0.0, 0.0, 0.0, 0.0, 0.0, 0.0, 0.0, 0.0, 0.0, 0.0, 0.0, 0.0, 0.0, 0.0, 0.0, 0.0, 0.0, 0.0, 0.0, 0.0, 0.0], "min_cpu_time": [15, 24, 19, 8, 12, 16, 9, 13, 9, 12, 18, 24, 1, 6, 23, 24, 10, 23], "max_cpu_time": [27, 38, 39, 23, 52, 47, 47, 16, 47, 42, 49, 55, 7, 43, 31, 35, 24, 28], "min_job_period": [44, 99, 80, 24, 38, 51, 50, 36, 19, 12, 101, 65, 2, 36, 24, 73, 22, 1], "max_job_period": [113, 110, 112, 29, 55, 86, 63, 81, 67, 61, 116, 106, 6, 97, 60, 101, 71, 117], "min_startup": [2, 1, 1, 3, 2, 1, 2, 2, 2, 2, 1, 1, 20, 3, 1, 1, 2, 1], "max_startup": [110, 97, 24, 95, 73, 29, 36, 112, 114, 5, 115, 20, 80, 18, 82, 71, 61, 96], "priority": [6, 8, 12, 3, 16, 14, 10, 7, 5, 18, 1, 2, 9, 4, 11, 15, 17, 13], "win_min": [0, 0, 0, 0, 0, 0, 0, 0, 0, 0, 0, 0, 0, 24, 0, 0, 0, 0], "win_max": [125, 125, 125, 125, 125, 125, 125, 125, 125, 125, 125, 125, 125, 113, 125, 125, 125, 125]}