{"subs": 1, "jobs": 22, "T": 125, "power_use": [2.1286206211892402, 3.904711436217272, 0.27853013552452105, 0.7773229100076517, 1.9250297016181799, 0.751351320182279, 1.0426302067603983, 0.9227263077375114, 3.1801192677273047, 2.8331068498585297, 1.2933476001972672, 3.917605737207451, 3.09228820886464, 1.225087282741445, 3.0797196642758897, 0.8120352241836473, 1.48682442758539, 0.15763164835076116, 3.0014268564659177, 0.15724535090015246, 1.664867371576207, 3.474835316871099], "power_resource": [2.653700238, 2.88134496, 3.070356264, 3.652320222, 4.23120582, 4.797316224, 5.341262436, 5.853655458, 6.325721964, 6.749458218, 7.11716832, 7.422387714, 7.659113598, 7.823036268, 7.910461692, 7.918927182, 7.847663148, 7.696515672, 7.467023934, 7.161650622, 6.784551522, 6.86397321, 7.179966864, 7.442089218, 7.644645306, 8.005429098, 8.34543396, 8.613405198, 8.806572288, 8.92416564, 8.966031336, 0.0, 0.0, 0.0, 0.0, 0.0, 0.0, 0.0, 0.0, 0.0, 0.0, 0.0, 0.0, 0.0, 0.0, 0.0, 0.0, 0.0, 0.0, 0.0, 0.0, 0.0, 0.0, 0.0, 0.0, 0.0, 0.0, 0.0, 0.0, 0.0, 0.0, 0.0, 0.0, 0.0, 0.0, 0.0, 0.0, 6.691123296, 7.065144036, 7.40037744, 7.689435444, 7.925083902, 8.101627848, 8.26924455, 8.585084286, 8.828582562, 8.996661018, 9.087780474, 9.101633094, 9.039450222, 8.902924956, 8.695905246, 8.422700796, 8.088698736, 7.700825376, 7.266007026, 6.792709176, 6.289551234, 5.765306526, 5.229671886, 4.691882394, 4.573827288, 4.383276804, 4.115459484, 3.775300704, 3.368341512, 2.901508218, 2.583821466, 2.827011906, 2.989549314, 3.527338806, 4.10730183, 4.676336676, 5.224900428, 5.743911924, 6.224136084, 6.657569172, 7.036515288, 7.354048122, 7.604164872, 7.782247998, 7.88444955, 7.908152922, 7.851972852, 7.71590934, 7.50119373, 7.209980874, 6.846118722, 6.815950794, 7.141487364, 7.41423006, 7.628329998, 7.940167866, 8.293563594, 8.575233534], "min_cpu_time": [3, 24, 12, 18, 3, 20, 1, 10, 3, 24, 12, 2, 22, 8, 4, 11, 14, 13, 9, 6, 11, 9], "max_cpu_time": [22, 38, 56, 61, 24, 38, 3, 41, 21, 43, 42, 21, 58, 55, 33, 29, 24, 26, 43, 30, 46, 58], "min_job_period": [50, 51, 114, 94, 12, 71, 6, 7, 58, 50, 54, 26, 5, 116, 34, 22, 124, 124, 84, 65, 42, 42], "max_job_period": [83, 95, 124, 109, 61, 93, 45, 110, 59, 102, 69, 48, 50, 124, 73, 62, 124, 124, 98, 91, 72, 90], "min_startup": [2, 1, 1, 1, 2, 1, 4, 1, 2, 1, 1, 2, 1, 1, 1, 1, 1, 1, 1, 1, 1, 1], "max_startup": [73, 36, 36, 124, 91, 73, 43, 120, 6, 55, 23, 43, 105, 40, 101, 108, 78, 38, 54, 98, 96, 121], "priority": [14, 12, 4, 6, 18, 17, 13, 5, 15, 16, 11, 8, 10, 7, 9, 3, 1, 19, 21, 2, 22, 20], "win_min": [0, 0, 0, 0, 0, 0, 0, 0, 0, 14, 0, 0, 0, 0, 0, 0, 0, 0, 0, 0, 0, 0], "win_max": [125, 125, 125, 125, 125, 125, 125, 125, 125, 105, 125, 125, 125, 125, 125, 125, 125, 125, 125, 125, 125, 125]}