{"subs": 1, "jobs": 13, "T": 125, "power_use": [3.7653044121533745, 2.0292199914737625, 1.0421835051163566, 2.0871547032128013, 3.810104209937826, 0.302904261165873, 1.883261390493753, 0.6692537225542646, 1.0703654219767178, 0.9979217085379591, 3.9496482800235038, 0.5799064102782945, 0.5933599608258354], "power_resource": [8.138722086, 8.40238362, 8.689132854, 8.902155366, 9.03883455, 9.098400816, 9.081008082, 8.987887692, 8.82181017, 8.586777384, 8.287560792, 7.930163196, 7.521356988, 7.068991986, 6.581379762, 6.067293642, 5.535814788, 4.996793952, 4.638165012, 4.495021272, 4.272609762, 3.974470596, 3.606144822, 3.173327406, 2.68356033, 2.720654568, 2.932753572, 3.195029844, 3.777455556, 4.354801974, 4.9176801, 5.4563931, 5.961859812, 6.425460828, 6.839192412, 7.195512582, 7.4881107, 7.711445718, 7.861054014, 7.933549392, 7.926930918, 7.840275084, 7.674043644, 7.429929696, 7.110703764, 6.720521634, 6.909994692, 7.21644543, 7.467793524, 7.67204271, 8.068227642, 8.394841638, 8.648806338, 8.827659054, 8.930938032, 8.958643272, 0.0, 0.0, 0.0, 0.0, 0.0, 0.0, 0.0, 0.0, 0.0, 0.0, 0.0, 0.0, 0.0, 0.0, 0.0, 0.0, 0.0, 0.0, 0.0, 0.0, 0.0, 0.0, 0.0, 0.0, 0.0, 0.0, 0.0, 0.0, 0.0, 0.0, 0.0, 0.0, 0.0, 0.0, 0.0, 0.0, 6.76238733, 7.128866088, 7.455172248, 7.733763828, 7.957714518, 8.12148327, 8.337276306, 8.63864775, 8.866908144, 9.019286964, 9.094706784, 9.093013686, 9.015285096, 8.863983702, 8.642803536, 8.356362138, 8.01066231, 7.612168608, 7.168423014, 6.6877371, 6.178884192, 5.650945452, 5.113309878, 4.662637974, 4.536117378, 4.329405504, 4.04650422, 3.692031066, 3.272142762, 2.7936117, 2.653700238, 2.88134496, 3.070356264], "min_cpu_time": [18, 4, 18, 17, 9, 1, 16, 24, 2, 22, 10, 1, 8], "max_cpu_time": [19, 10, 60, 24, 10, 40, 28, 39, 46, 35, 53, 37, 46], "min_job_period": [36, 8, 40, 11, 24, 1, 13, 35, 1, 59, 24, 1, 17], "max_job_period": [56, 100, 61, 38, 105, 87, 79, 110, 123, 84, 39, 27, 84], "min_startup": [2, 12, 2, 3, 5, 49, 3, 2, 24, 2, 5, 49, 6], "max_startup": [48, 50, 23, 90, 19, 61, 84, 25, 33, 11, 25, 78, 8], "priority": [8, 7, 4, 13, 2, 3, 1, 11, 5, 9, 12, 6, 10], "win_min": [0, 0, 0, 0, 0, 0, 0, 0, 0, 21, 0, 0, 0], "win_max": [125, 125, 125, 125, 125, 125, 125, 125, 125, 122, 125, 125, 125]}