{"subs": 1, "jobs": 22, "T": 125, "power_use": [3.706937069290036, 3.0462124605660272, 1.312979318174425, 2.8294380722873895, 2.286333914044584, 0.2217297019277265, 3.8135323422072194, 0.17160306462542074, 3.561311805151122, 2.856026667792703, 3.621249751982753, 3.7334438802651713, 1.923949891223921, 3.029058365134298, 2.5587163210673722, 0.4460617457094783, 0.35642287914192033, 0.5898062541920162, 0.48348428363573104, 2.7668887416217722, 3.691093768404899, 1.411037055195737], "power_resource": [6.961865058, 6.714980586, 7.05867948, 7.35189327, 7.588773072, 7.80210342, 8.18151129, 8.490578634, 8.72638101, 8.886917484, 8.971572384, 8.9811153, 0.0, 0.0, 0.0, 0.0, 0.0, 0.0, 0.0, 0.0, 0.0, 0.0, 0.0, 0.0, 0.0, 0.0, 0.0, 0.0, 0.0, 0.0, 0.0, 0.0, 0.0, 0.0, 0.0, 0.0, 0.0, 0.0, 0.0, 0.0, 0.0, 0.0, 0.0, 0.0, 0.0, 0.0, 0.0, 6.771160656, 6.863665374, 7.22414133, 7.54275159, 7.81210809, 8.025592356, 8.17766334, 8.406385488, 8.694519984, 8.908927758, 9.04730004, 9.108559404, 9.092859768, 9.001740312, 8.83797156, 8.605093626, 8.308339722, 7.95371265, 7.547830884, 7.098544242, 6.614010378, 6.103310454, 5.575525632, 5.040198828, 4.667255514, 4.525497036, 4.304470788, 4.00802472, 3.64169988, 3.211191234, 2.724040764, 2.64585042, 2.856102408, 3.152086722, 3.733127172, 4.30893441, 4.869811602, 5.406215832, 5.909219856, 6.370204266, 6.78085749, 7.133945382, 7.423157304, 7.642952208, 7.788866472, 7.8575139, 7.847201394, 7.75669761, 7.58661822, 7.338656322, 7.015736358, 6.662032794, 7.014351096, 7.317569556, 7.565531454, 7.752541824, 8.121637188, 8.444249316, 8.69405823, 8.86875516, 8.967878352, 8.991427806, 0.0, 0.0, 0.0, 0.0, 0.0, 0.0, 0.0, 0.0, 0.0, 0.0, 0.0, 0.0, 0.0, 0.0, 0.0, 0.0], "min_cpu_time": [15, 1, 20, 3, 2, 10, 2, 15, 15, 1, 22, 7, 8, 17, 22, 18, 1, 5, 7, 14, 22, 5], "max_cpu_time": [27, 21, 38, 45, 15, 43, 34, 17, 46, 40, 23, 21, 59, 47, 33, 23, 15, 9, 49, 28, 48, 55], "min_job_period": [23, 7, 6, 40, 2, 53, 2, 94, 97, 6, 41, 60, 63, 88, 20, 65, 5, 35, 43, 119, 97, 30], "max_job_period": [38, 82, 85, 114, 93, 81, 115, 97, 108, 106, 121, 117, 72, 113, 88, 110, 90, 37, 116, 122, 105, 98], "min_startup": [1, 8, 1, 3, 4, 1, 4, 1, 1, 8, 1, 2, 1, 1, 1, 1, 8, 2, 2, 1, 1, 2], "max_startup": [76, 41, 45, 79, 25, 99, 101, 55, 98, 12, 20, 19, 15, 101, 92, 79, 123, 104, 103, 116, 63, 2], "priority": [10, 22, 18, 6, 14, 13, 17, 11, 1, 19, 21, 15, 9, 3, 16, 8, 20, 2, 12, 7, 5, 4], "win_min": [0, 0, 0, 0, 0, 0, 0, 0, 0, 0, 0, 0, 0, 0, 0, 0, 0, 0, 0, 5, 0, 0], "win_max": [125, 125, 125, 125, 125, 125, 125, 125, 125, 125, 125, 125, 125, 125, 125, 125, 125, 125, 125, 113, 125, 125]}