{"subs": 1, "jobs": 22, "T": 125, "power_use": [1.1677651195064755, 0.14789747115187873, 1.1783141023880512, 0.5314227909259439, 2.877598791939114, 1.0704256781958885, 3.1322400253642604, 0.05037271437175103, 2.4058199252635997, 1.7875687858418763, 3.0592946371892475, 2.949795277715384, 3.864039211121932, 2.1522434011287745, 1.9338225975321486, 3.2804289918024687, 1.7026537118038652, 2.0229783132927017, 3.6069973953049472, 0.21566613068180557, 2.8269286512844, 1.669101523319293], "power_resource": [7.732532484, 7.532593002, 7.25569452, 6.905223234, 6.766389198, 7.10100693, 7.384062132, 7.60970592, 7.872290028, 8.238768786, 8.534291346, 8.755933266, 8.902155366, 8.972495892, 8.96803227, 0.0, 0.0, 0.0, 0.0, 0.0, 0.0, 0.0, 0.0, 0.0, 0.0, 0.0, 0.0, 0.0, 0.0, 0.0, 0.0, 0.0, 0.0, 0.0, 0.0, 0.0, 0.0, 0.0, 0.0, 0.0, 0.0, 0.0, 0.0, 0.0, 0.0, 0.0, 0.0, 0.0, 0.0, 0.0, 6.716058012, 6.93246672, 7.284785022, 7.593852366, 7.85212677, 8.053605432, 8.192593386, 8.469030114, 8.742234564, 8.941404456, 9.064077102, 9.109482912, 9.078237558, 8.97188022, 8.793489258, 8.54706654, 8.23769136, 7.871520438, 7.45578792, 6.998189706, 6.507191286, 5.991565986, 5.460856722, 4.924298574, 4.639396356, 4.48132257, 4.244442768, 3.93337449, 3.55319703, 3.110374944, 2.612142378, 2.709264636, 2.90366307, 3.277068138, 3.858108588, 4.431914892, 4.989098052, 5.520115152, 6.01588503, 6.467942196, 6.868282914, 7.209826956, 7.486109766, 7.692205968, 7.82365194, 7.877369322, 7.851665016, 7.746077268, 7.561067832, 7.298637642, 6.961865058, 6.714980586, 7.05867948, 7.35189327, 7.588773072, 7.80210342, 8.18151129, 8.490578634, 8.72638101, 8.886917484, 8.971572384, 8.9811153, 0.0, 0.0, 0.0, 0.0, 0.0, 0.0, 0.0, 0.0, 0.0, 0.0, 0.0, 0.0, 0.0], "min_cpu_time": [11, 3, 15, 16, 8, 24, 13, 9, 18, 22, 17, 1, 21, 4, 14, 19, 19, 23, 12, 11, 2, 12], "max_cpu_time": [17, 45, 34, 17, 14, 56, 31, 57, 20, 26, 47, 24, 27, 55, 43, 42, 44, 26, 26, 32, 53, 26], "min_job_period": [15, 19, 6, 27, 76, 45, 41, 89, 110, 6, 22, 6, 44, 19, 11, 8, 19, 15, 12, 90, 13, 121], "max_job_period": [88, 104, 34, 44, 107, 77, 65, 110, 112, 82, 103, 27, 47, 83, 122, 63, 124, 40, 85, 103, 45, 124], "min_startup": [1, 2, 1, 1, 1, 1, 1, 1, 1, 1, 1, 5, 1, 2, 1, 1, 1, 1, 1, 1, 3, 1], "max_startup": [29, 28, 60, 94, 32, 67, 25, 75, 46, 21, 83, 92, 6, 20, 91, 64, 118, 106, 91, 73, 21, 105], "priority": [18, 19, 17, 5, 9, 3, 8, 7, 15, 13, 12, 22, 4, 16, 2, 1, 10, 21, 11, 20, 6, 14], "win_min": [0, 21, 0, 0, 0, 0, 0, 0, 0, 0, 0, 0, 0, 0, 0, 0, 0, 0, 0, 0, 0, 0], "win_max": [125, 117, 125, 125, 125, 125, 125, 125, 125, 125, 125, 125, 125, 125, 125, 125, 125, 125, 125, 125, 125, 125]}