{"subs": 1, "jobs": 9, "T": 125, "power_use": [2.0903365460663412, 2.803691558264544, 0.5141035643706355, 3.8139070275693254, 3.923697029129501, 0.5274313860530542, 1.4550295591999158, 0.6874787565328949, 2.8755594666566506], "power_resource": [2.769600492, 2.948145372, 3.402203472, 3.982782168, 4.55443362, 5.107460994, 5.63262921, 6.120857106, 6.56383311, 6.953553486, 7.283091924, 7.546445622, 7.738535286, 7.855512966, 7.894146384, 7.853358114, 7.732532484, 7.532593002, 7.25569452, 6.905223234, 6.766389198, 7.10100693, 7.384062132, 7.60970592, 7.872290028, 8.238768786, 8.534291346, 8.755933266, 8.902155366, 8.972495892, 8.96803227, 0.0, 0.0, 0.0, 0.0, 0.0, 0.0, 0.0, 0.0, 0.0, 0.0, 0.0, 0.0, 0.0, 0.0, 0.0, 0.0, 0.0, 0.0, 0.0, 0.0, 0.0, 0.0, 0.0, 0.0, 0.0, 0.0, 0.0, 0.0, 0.0, 0.0, 0.0, 0.0, 0.0, 0.0, 0.0, 6.716058012, 6.93246672, 7.284785022, 7.593852366, 7.85212677, 8.053605432, 8.192593386, 8.469030114, 8.742234564, 8.941404456, 9.064077102, 9.109482912, 9.078237558, 8.97188022, 8.793489258, 8.54706654, 8.23769136, 7.871520438, 7.45578792, 6.998189706, 6.507191286, 5.991565986, 5.460856722, 4.924298574, 4.639396356, 4.48132257, 4.244442768, 3.93337449, 3.55319703, 3.110374944, 2.612142378, 2.709264636, 2.90366307, 3.277068138, 3.858108588, 4.431914892, 4.989098052, 5.520115152, 6.01588503, 6.467942196, 6.868282914, 7.209826956, 7.486109766, 7.692205968, 7.82365194, 7.877369322, 7.851665016, 7.746077268, 7.561067832, 7.298637642, 6.961865058, 6.714980586, 7.05867948, 7.35189327, 7.588773072, 7.80210342, 8.18151129, 8.490578634, 8.72638101], "min_cpu_time": [4, 12, 21, 22, 22, 22, 7, 11, 15], "max_cpu_time": [22, 29, 52, 33, 46, 59, 7, 56, 47], "min_job_period": [2, 50, 37, 106, 97, 103, 26, 20, 54], "max_job_period": [51, 115, 107, 122, 108, 120, 76, 29, 100], "min_startup": [7, 2, 1, 1, 1, 1, 4, 3, 2], "max_startup": [53, 117, 24, 22, 49, 85, 115, 108, 48], "priority": [2, 3, 1, 6, 7, 4, 8, 9, 5], "win_min": [0, 0, 22, 0, 0, 0, 0, 0, 0], "win_max": [125, 125, 104, 125, 125, 125, 125, 125, 125]}