{"subs": 1, "jobs": 13, "T": 125, "power_use": [1.2141942492373259, 1.455946191766456, 2.436857564684847, 2.45505572733761, 0.5456262781591704, 0.8284319150833215, 1.4543119113502847, 1.7668581465941098, 0.5083210477601672, 2.0304359851146696, 2.2226837270522393, 0.7994276609442739, 0.10762145431432162], "power_resource": [8.12148327, 8.337276306, 8.63864775, 8.866908144, 9.019286964, 9.094706784, 9.093013686, 9.015285096, 8.863983702, 8.642803536, 8.356362138, 8.01066231, 7.612168608, 7.168423014, 6.6877371, 6.178884192, 5.650945452, 5.113309878, 4.662637974, 4.536117378, 4.329405504, 4.04650422, 3.692031066, 3.272142762, 2.7936117, 2.653700238, 2.88134496, 3.070356264, 3.652320222, 4.23120582, 4.797316224, 5.341262436, 5.853655458, 6.325721964, 6.749458218, 7.11716832, 7.422387714, 7.659113598, 7.823036268, 7.910461692, 7.918927182, 7.847663148, 7.696515672, 7.467023934, 7.161650622, 6.784551522, 6.86397321, 7.179966864, 7.442089218, 7.644645306, 8.005429098, 8.34543396, 8.613405198, 8.806572288, 8.92416564, 8.966031336, 0.0, 0.0, 0.0, 0.0, 0.0, 0.0, 0.0, 0.0, 0.0, 0.0, 0.0, 0.0, 0.0, 0.0, 0.0, 0.0, 0.0, 0.0, 0.0, 0.0, 0.0, 0.0, 0.0, 0.0, 0.0, 0.0, 0.0, 0.0, 0.0, 0.0, 0.0, 0.0, 0.0, 0.0, 0.0, 0.0, 6.691123296, 7.065144036, 7.40037744, 7.689435444, 7.925083902, 8.101627848, 8.26924455, 8.585084286, 8.828582562, 8.996661018, 9.087780474, 9.101633094, 9.039450222, 8.902924956, 8.695905246, 8.422700796, 8.088698736, 7.700825376, 7.266007026, 6.792709176, 6.289551234, 5.765306526, 5.229671886, 4.691882394, 4.573827288, 4.383276804, 4.115459484, 3.775300704, 3.368341512, 2.901508218, 2.583821466, 2.827011906, 2.989549314], "min_cpu_time": [4, 13, 5, 14, 6, 9, 12, 18, 19, 13, 13, 18, 21], "max_cpu_time": [50, 32, 32, 28, 36, 35, 16, 48, 33, 32, 14, 23, 52], "min_job_period": [48, 107, 38, 108, 121, 94, 91, 2, 85, 21, 24, 10, 120], "max_job_period": [103, 108, 63, 109, 124, 122, 94, 100, 113, 88, 114, 36, 124], "min_startup": [2, 1, 2, 1, 1, 1, 1, 1, 1, 1, 1, 1, 1], "max_startup": [101, 3, 70, 124, 49, 81, 47, 114, 79, 118, 106, 67, 121], "priority": [5, 10, 13, 1, 11, 6, 3, 9, 4, 7, 12, 8, 2], "win_min": [0, 0, 0, 0, 21, 0, 0, 0, 0, 0, 0, 0, 0], "win_max": [125, 125, 125, 125, 120, 125, 125, 125, 125, 125, 125, 125, 125]}