{"subs": 1, "jobs": 13, "T": 125, "power_use": [0.8278144646593874, 0.9497559219908399, 3.637295003971701, 0.41960543808055073, 3.684690049084488, 3.951618851094879, 0.888534612517568, 2.043410188531272, 1.7952213017380634, 2.1275941641877427, 1.7497423123073301, 1.8959971892139411, 0.3230035138537634], "power_resource": [6.720521634, 6.909994692, 7.21644543, 7.467793524, 7.67204271, 8.068227642, 8.394841638, 8.648806338, 8.827659054, 8.930938032, 8.958643272, 0.0, 0.0, 0.0, 0.0, 0.0, 0.0, 0.0, 0.0, 0.0, 0.0, 0.0, 0.0, 0.0, 0.0, 0.0, 0.0, 0.0, 0.0, 0.0, 0.0, 0.0, 0.0, 0.0, 0.0, 0.0, 0.0, 0.0, 0.0, 0.0, 0.0, 0.0, 0.0, 0.0, 0.0, 0.0, 0.0, 6.76238733, 7.128866088, 7.455172248, 7.733763828, 7.957714518, 8.12148327, 8.337276306, 8.63864775, 8.866908144, 9.019286964, 9.094706784, 9.093013686, 9.015285096, 8.863983702, 8.642803536, 8.356362138, 8.01066231, 7.612168608, 7.168423014, 6.6877371, 6.178884192, 5.650945452, 5.113309878, 4.662637974, 4.536117378, 4.329405504, 4.04650422, 3.692031066, 3.272142762, 2.7936117, 2.653700238, 2.88134496, 3.070356264, 3.652320222, 4.23120582, 4.797316224, 5.341262436, 5.853655458, 6.325721964, 6.749458218, 7.11716832, 7.422387714, 7.659113598, 7.823036268, 7.910461692, 7.918927182, 7.847663148, 7.696515672, 7.467023934, 7.161650622, 6.784551522, 6.86397321, 7.179966864, 7.442089218, 7.644645306, 8.005429098, 8.34543396, 8.613405198, 8.806572288, 8.92416564, 8.966031336, 0.0, 0.0, 0.0, 0.0, 0.0, 0.0, 0.0, 0.0, 0.0, 0.0, 0.0, 0.0, 0.0, 0.0, 0.0, 0.0, 0.0], "min_cpu_time": [12, 11, 19, 15, 12, 4, 2, 3, 18, 10, 10, 7, 1], "max_cpu_time": [34, 59, 43, 32, 30, 57, 37, 9, 59, 12, 47, 19, 18], "min_job_period": [41, 15, 103, 50, 26, 7, 6, 3, 12, 48, 33, 1, 1], "max_job_period": [96, 45, 114, 112, 43, 105, 12, 80, 124, 109, 103, 112, 12], "min_startup": [2, 2, 1, 2, 2, 6, 11, 7, 1, 2, 2, 3, 22], "max_startup": [78, 85, 48, 40, 105, 66, 26, 12, 123, 121, 84, 115, 98], "priority": [6, 1, 5, 11, 10, 13, 7, 9, 3, 4, 12, 8, 2], "win_min": [0, 0, 0, 0, 0, 0, 0, 0, 0, 0, 3, 0, 0], "win_max": [125, 125, 125, 125, 125, 125, 125, 125, 125, 125, 111, 125, 125]}