{"subs": 1, "jobs": 20, "T": 125, "power_use": [0.9004308272138276, 1.2856159322510905, 1.346784005760888, 3.1004196904062353, 1.0994293051395625, 1.4921482074440267, 0.892032707504888, 2.880581487012063, 3.536292401124264, 0.28235586814641955, 1.4192170161910613, 1.6014879347778745, 2.8784371994137983, 0.12376245426973996, 0.2399389266828204, 1.4948879348173085, 3.6359058188643316, 3.7818531752582887, 1.7118322638549073, 1.5251752246882966], "power_resource": [0.0, 0.0, 0.0, 0.0, 0.0, 0.0, 0.0, 0.0, 0.0, 0.0, 0.0, 0.0, 0.0, 0.0, 0.0, 0.0, 0.0, 0.0, 0.0, 6.716058012, 6.93246672, 7.284785022, 7.593852366, 7.85212677, 8.053605432, 8.192593386, 8.469030114, 8.742234564, 8.941404456, 9.064077102, 9.109482912, 9.078237558, 8.97188022, 8.793489258, 8.54706654, 8.23769136, 7.871520438, 7.45578792, 6.998189706, 6.507191286, 5.991565986, 5.460856722, 4.924298574, 4.639396356, 4.48132257, 4.244442768, 3.93337449, 3.55319703, 3.110374944, 2.612142378, 2.709264636, 2.90366307, 3.277068138, 3.858108588, 4.431914892, 4.989098052, 5.520115152, 6.01588503, 6.467942196, 6.868282914, 7.209826956, 7.486109766, 7.692205968, 7.82365194, 7.877369322, 7.851665016, 7.746077268, 7.561067832, 7.298637642, 6.961865058, 6.714980586, 7.05867948, 7.35189327, 7.588773072, 7.80210342, 8.18151129, 8.490578634, 8.72638101, 8.886917484, 8.971572384, 8.9811153, 0.0, 0.0, 0.0, 0.0, 0.0, 0.0, 0.0, 0.0, 0.0, 0.0, 0.0, 0.0, 0.0, 0.0, 0.0, 0.0, 0.0, 0.0, 0.0, 0.0, 0.0, 0.0, 0.0, 0.0, 0.0, 0.0, 0.0, 0.0, 0.0, 0.0, 0.0, 0.0, 0.0, 0.0, 0.0, 6.771160656, 6.863665374, 7.22414133, 7.54275159, 7.81210809, 8.025592356, 8.17766334, 8.406385488, 8.694519984], "min_cpu_time": [19, 5, 24, 3, 18, 16, 3, 19, 4, 7, 17, 8, 3, 3, 4, 5, 5, 19, 1, 7], "max_cpu_time": [36, 33, 50, 27, 25, 48, 26, 61, 19, 53, 39, 55, 19, 39, 10, 45, 45, 25, 16, 23], "min_job_period": [56, 44, 71, 14, 121, 29, 10, 112, 30, 91, 59, 104, 24, 40, 40, 93, 120, 44, 57, 105], "max_job_period": [94, 50, 72, 34, 121, 39, 14, 124, 70, 102, 76, 122, 42, 62, 97, 117, 120, 90, 94, 113], "min_startup": [1, 1, 1, 1, 1, 1, 1, 1, 1, 1, 1, 1, 1, 1, 1, 1, 1, 1, 1, 1], "max_startup": [95, 69, 8, 79, 36, 48, 63, 70, 41, 76, 87, 70, 2, 65, 97, 50, 42, 70, 106, 37], "priority": [10, 17, 14, 20, 16, 1, 8, 3, 11, 2, 12, 7, 4, 13, 6, 5, 15, 18, 19, 9], "win_min": [0, 0, 0, 0, 0, 0, 2, 0, 0, 0, 0, 0, 0, 0, 0, 0, 0, 0, 0, 0], "win_max": [125, 125, 125, 125, 125, 125, 122, 125, 125, 125, 125, 125, 125, 125, 125, 125, 125, 125, 125, 125]}