{"subs": 1, "jobs": 22, "T": 125, "power_use": [3.3048757881963526, 1.9686397719566735, 3.4987617228795838, 0.18107838430346043, 2.95134614299668, 2.9975407280676594, 3.3272767800915104, 3.2281843365769074, 1.0503455282569631, 0.3291198041941261, 3.621759183707572, 2.784666301377512, 0.20470201543673552, 2.9928572790117496, 1.662283002753408, 1.98607235420661, 0.9998345827433128, 1.879355172579254, 0.11587535248921065, 1.7694658348221135, 3.060852093909266, 3.8248006210756973], "power_resource": [7.700825376, 7.266007026, 6.792709176, 6.289551234, 5.765306526, 5.229671886, 4.691882394, 4.573827288, 4.383276804, 4.115459484, 3.775300704, 3.368341512, 2.901508218, 2.583821466, 2.827011906, 2.989549314, 3.527338806, 4.10730183, 4.676336676, 5.224900428, 5.743911924, 6.224136084, 6.657569172, 7.036515288, 7.354048122, 7.604164872, 7.782247998, 7.88444955, 7.908152922, 7.851972852, 7.71590934, 7.50119373, 7.209980874, 6.846118722, 6.815950794, 7.141487364, 7.41423006, 7.628329998, 7.940167866, 8.293563594, 8.575233534, 8.782714998, 8.914468806, 8.970648876, 8.952178716, 0.0, 0.0, 0.0, 0.0, 0.0, 0.0, 0.0, 0.0, 0.0, 0.0, 0.0, 0.0, 0.0, 0.0, 0.0, 0.0, 0.0, 0.0, 0.0, 0.0, 0.0, 0.0, 0.0, 0.0, 0.0, 0.0, 0.0, 0.0, 0.0, 0.0, 0.0, 0.0, 0.0, 0.0, 0.0, 6.658030926, 6.999574968, 7.343581698, 7.642644372, 7.88983668, 8.079001902, 8.20459899, 8.52859638, 8.787024702, 8.970648876, 9.077467968, 9.107174142, 9.06038307, 8.938941768, 8.746236432, 8.486115012, 8.164426392, 7.787327292, 7.36189794, 6.89629599, 6.398986932, 5.87889801, 5.345418222, 4.808090484, 4.60830492, 4.433761908, 4.181490306, 3.8556459, 3.462077574, 3.007095966, 2.511018252, 2.769600492, 2.948145372, 3.402203472, 3.982782168, 4.55443362, 5.107460994, 5.63262921, 6.120857106, 6.56383311, 6.953553486, 7.283091924, 7.546445622, 7.738535286, 7.855512966], "min_cpu_time": [23, 21, 3, 16, 10, 10, 20, 5, 13, 14, 8, 17, 21, 2, 2, 8, 14, 20, 11, 3, 5, 8], "max_cpu_time": [61, 45, 23, 33, 27, 54, 20, 52, 40, 54, 8, 25, 48, 45, 56, 41, 52, 40, 54, 11, 7, 53], "min_job_period": [49, 19, 12, 5, 26, 117, 79, 31, 103, 81, 79, 8, 95, 2, 23, 58, 91, 71, 15, 13, 26, 84], "max_job_period": [65, 41, 90, 88, 111, 123, 99, 118, 123, 108, 117, 70, 116, 115, 58, 123, 97, 75, 68, 119, 31, 111], "min_startup": [1, 1, 3, 1, 1, 1, 1, 2, 1, 1, 1, 1, 1, 4, 4, 1, 1, 1, 1, 3, 2, 1], "max_startup": [108, 56, 86, 102, 33, 55, 121, 55, 20, 43, 82, 120, 123, 88, 121, 40, 8, 43, 46, 69, 62, 47], "priority": [3, 19, 8, 14, 9, 1, 20, 21, 6, 2, 18, 17, 16, 5, 11, 15, 13, 12, 7, 22, 4, 10], "win_min": [0, 0, 0, 0, 0, 0, 0, 0, 0, 0, 0, 0, 0, 0, 0, 0, 23, 0, 0, 0, 0, 0], "win_max": [125, 125, 125, 125, 125, 125, 125, 125, 125, 125, 125, 125, 125, 125, 125, 125, 101, 125, 125, 125, 125, 125]}