{"subs": 1, "jobs": 24, "T": 125, "power_use": [3.9300446658583015, 1.5632119173402268, 1.0511562580935654, 0.6007121504111708, 3.8114963806629873, 2.8884253685795844, 2.6620083708179747, 0.7956376371699402, 3.0514012489939093, 1.2137061801618028, 1.4912696258758933, 1.4664486813417392, 1.1792843609048094, 0.260089009966602, 2.4292151166985594, 2.981360031712413, 0.32408896203722076, 0.7142717908161856, 2.9198392850544437, 2.456892879816697, 3.27473424224876, 3.8281022449310296, 1.278245407887117, 1.8976960698477223], "power_resource": [3.462077574, 3.007095966, 2.511018252, 2.769600492, 2.948145372, 3.402203472, 3.982782168, 4.55443362, 5.107460994, 5.63262921, 6.120857106, 6.56383311, 6.953553486, 7.283091924, 7.546445622, 7.738535286, 7.855512966, 7.894146384, 7.853358114, 7.732532484, 7.532593002, 7.25569452, 6.905223234, 6.766389198, 7.10100693, 7.384062132, 7.60970592, 7.872290028, 8.238768786, 8.534291346, 8.755933266, 8.902155366, 8.972495892, 8.96803227, 0.0, 0.0, 0.0, 0.0, 0.0, 0.0, 0.0, 0.0, 0.0, 0.0, 0.0, 0.0, 0.0, 0.0, 0.0, 0.0, 0.0, 0.0, 0.0, 0.0, 0.0, 0.0, 0.0, 0.0, 0.0, 0.0, 0.0, 0.0, 0.0, 0.0, 0.0, 0.0, 0.0, 0.0, 0.0, 6.716058012, 6.93246672, 7.284785022, 7.593852366, 7.85212677, 8.053605432, 8.192593386, 8.469030114, 8.742234564, 8.941404456, 9.064077102, 9.109482912, 9.078237558, 8.97188022, 8.793489258, 8.54706654, 8.23769136, 7.871520438, 7.45578792, 6.998189706, 6.507191286, 5.991565986, 5.460856722, 4.924298574, 4.639396356, 4.48132257, 4.244442768, 3.93337449, 3.55319703, 3.110374944, 2.612142378, 2.709264636, 2.90366307, 3.277068138, 3.858108588, 4.431914892, 4.989098052, 5.520115152, 6.01588503, 6.467942196, 6.868282914, 7.209826956, 7.486109766, 7.692205968, 7.82365194, 7.877369322, 7.851665016, 7.746077268, 7.561067832, 7.298637642, 6.961865058, 6.714980586, 7.05867948, 7.35189327, 7.588773072, 7.80210342], "min_cpu_time": [11, 3, 20, 11, 17, 4, 7, 10, 14, 23, 11, 13, 4, 19, 15, 20, 2, 3, 22, 22, 12, 6, 10, 10], "max_cpu_time": [16, 19, 54, 45, 47, 39, 58, 15, 32, 31, 12, 40, 10, 41, 59, 55, 25, 13, 57, 61, 27, 52, 50, 19], "min_job_period": [101, 25, 51, 12, 67, 36, 27, 63, 44, 58, 69, 31, 26, 54, 109, 94, 12, 23, 3, 45, 65, 18, 58, 92], "max_job_period": [114, 84, 100, 42, 117, 83, 46, 102, 52, 88, 118, 107, 45, 124, 112, 108, 75, 43, 46, 72, 72, 100, 79, 117], "min_startup": [1, 4, 1, 1, 1, 3, 2, 1, 1, 1, 1, 1, 3, 1, 1, 1, 6, 4, 1, 1, 1, 2, 1, 1], "max_startup": [6, 44, 100, 33, 25, 123, 26, 26, 109, 78, 58, 57, 40, 63, 121, 12, 53, 46, 68, 62, 83, 68, 81, 95], "priority": [24, 19, 6, 7, 4, 22, 12, 9, 14, 2, 16, 1, 13, 10, 21, 15, 20, 17, 3, 23, 11, 5, 18, 8], "win_min": [0, 0, 0, 0, 0, 0, 0, 0, 0, 0, 0, 0, 0, 0, 0, 0, 0, 0, 0, 0, 0, 0, 2, 0], "win_max": [125, 125, 125, 125, 125, 125, 125, 125, 125, 125, 125, 125, 125, 125, 125, 125, 125, 125, 125, 125, 125, 125, 101, 125]}