{"subs": 1, "jobs": 18, "T": 125, "power_use": [2.4101319365736145, 3.8636187944089007, 3.528906753226905, 1.9776911335185794, 1.4609017478810118, 2.109683427774728, 0.3881061116138122, 3.8241257150744783, 3.9177709551293285, 3.4144486500746156, 1.8570376318364092, 1.8675127880250737, 2.837364040687716, 0.047718705998867975, 2.1487361945934467, 1.1236234949780224, 0.5534238507183209, 2.265878875597361], "power_resource": [8.782714998, 8.914468806, 8.970648876, 8.952178716, 0.0, 0.0, 0.0, 0.0, 0.0, 0.0, 0.0, 0.0, 0.0, 0.0, 0.0, 0.0, 0.0, 0.0, 0.0, 0.0, 0.0, 0.0, 0.0, 0.0, 0.0, 0.0, 0.0, 0.0, 0.0, 0.0, 0.0, 0.0, 0.0, 0.0, 0.0, 0.0, 0.0, 0.0, 0.0, 6.658030926, 6.999574968, 7.343581698, 7.642644372, 7.88983668, 8.079001902, 8.20459899, 8.52859638, 8.787024702, 8.970648876, 9.077467968, 9.107174142, 9.06038307, 8.938941768, 8.746236432, 8.486115012, 8.164426392, 7.787327292, 7.36189794, 6.89629599, 6.398986932, 5.87889801, 5.345418222, 4.808090484, 4.60830492, 4.433761908, 4.181490306, 3.8556459, 3.462077574, 3.007095966, 2.511018252, 2.769600492, 2.948145372, 3.402203472, 3.982782168, 4.55443362, 5.107460994, 5.63262921, 6.120857106, 6.56383311, 6.953553486, 7.283091924, 7.546445622, 7.738535286, 7.855512966, 7.894146384, 7.853358114, 7.732532484, 7.532593002, 7.25569452, 6.905223234, 6.766389198, 7.10100693, 7.384062132, 7.60970592, 7.872290028, 8.238768786, 8.534291346, 8.755933266, 8.902155366, 8.972495892, 8.96803227, 0.0, 0.0, 0.0, 0.0, 0.0, 0.0, 0.0, 0.0, 0.0, 0.0, 0.0, 0.0, 0.0, 0.0, 0.0, 0.0, 0.0, 0.0, 0.0, 0.0, 0.0, 0.0, 0.0, 0.0], "min_cpu_time": [1, 8, 13, 21, 8, 16, 24, 21, 23, 15, 20, 13, 3, 10, 3, 2, 20, 19], "max_cpu_time": [19, 26, 31, 38, 54, 23, 39, 48, 60, 38, 31, 62, 27, 20, 51, 10, 49, 43], "min_job_period": [10, 52, 78, 9, 120, 85, 103, 114, 119, 116, 47, 114, 19, 101, 11, 28, 51, 98], "max_job_period": [44, 108, 117, 73, 124, 109, 103, 124, 124, 117, 66, 124, 79, 113, 97, 64, 52, 116], "min_startup": [9, 1, 1, 1, 1, 1, 1, 1, 1, 1, 1, 1, 3, 1, 3, 4, 1, 1], "max_startup": [101, 52, 93, 74, 59, 105, 57, 23, 14, 39, 82, 103, 95, 32, 110, 18, 51, 49], "priority": [1, 12, 15, 4, 2, 10, 11, 13, 3, 16, 9, 14, 17, 7, 18, 8, 5, 6], "win_min": [0, 0, 0, 0, 0, 0, 0, 7, 0, 0, 0, 0, 0, 0, 0, 0, 0, 0], "win_max": [125, 125, 125, 125, 125, 125, 125, 117, 125, 125, 125, 125, 125, 125, 125, 125, 125, 125]}