{"subs": 1, "jobs": 24, "T": 125, "power_use": [1.2950257684770115, 0.6752352427992727, 0.5169351919532204, 0.1915172621021412, 1.9315537686114765, 3.0003820761043403, 3.905672694901743, 2.4949570170108797, 2.1232953267950636, 1.1429384595126175, 0.17318409480436456, 3.963275690228226, 2.4831066882815853, 0.5780600757884761, 3.2019829233105384, 0.7860112524989774, 3.0026858832242276, 2.635465214308633, 3.7533578812092343, 1.7137594733652175, 1.4301176083779135, 2.6784408587725106, 0.47553057615427846, 1.617165888065926], "power_resource": [7.847355312, 7.428698352, 6.96786786, 6.473637162, 5.954625666, 5.42022237, 4.879816272, 4.610305854, 4.450846806, 4.212581742, 3.899666448, 3.517488054, 3.07220328, 2.571354108, 2.784530538, 2.980929906, 3.319857342, 3.902283054, 4.477782456, 5.03696655, 5.57029242, 6.068678904, 6.523506594, 6.926771754, 7.271548074, 7.551370998, 7.761007314, 7.896147318, 7.95371265, 7.931856294, 7.829962578, 7.648801092, 7.390218852, 7.0571403, 6.654029058, 6.954323076, 7.250923062, 7.49118906, 7.744999842, 8.128255662, 8.441478792, 8.681283036, 8.845975296, 8.9349399, 8.948638602, 0.0, 0.0, 0.0, 0.0, 0.0, 0.0, 0.0, 0.0, 0.0, 0.0, 0.0, 0.0, 0.0, 0.0, 0.0, 0.0, 0.0, 0.0, 0.0, 0.0, 0.0, 0.0, 0.0, 0.0, 0.0, 0.0, 0.0, 0.0, 0.0, 0.0, 0.0, 0.0, 0.0, 0.0, 0.0, 6.809794074, 6.832112184, 7.190895042, 7.507966122, 7.775783442, 7.987882446, 8.138722086, 8.40238362, 8.689132854, 8.902155366, 9.03883455, 9.098400816, 9.081008082, 8.987887692, 8.82181017, 8.586777384, 8.287560792, 7.930163196, 7.521356988, 7.068991986, 6.581379762, 6.067293642, 5.535814788, 4.996793952, 4.638165012, 4.495021272, 4.272609762, 3.974470596, 3.606144822, 3.173327406, 2.68356033, 2.720654568, 2.932753572, 3.195029844, 3.777455556, 4.354801974, 4.9176801, 5.4563931, 5.961859812, 6.425460828, 6.839192412, 7.195512582, 7.4881107, 7.711445718, 7.861054014], "min_cpu_time": [2, 1, 1, 4, 16, 22, 7, 1, 7, 19, 9, 5, 23, 10, 3, 4, 15, 8, 22, 9, 3, 16, 15, 2], "max_cpu_time": [22, 53, 46, 20, 25, 60, 31, 27, 11, 48, 17, 29, 24, 18, 19, 13, 56, 49, 54, 51, 14, 37, 32, 8], "min_job_period": [13, 6, 2, 16, 3, 119, 51, 4, 27, 15, 23, 5, 99, 12, 7, 8, 112, 13, 123, 48, 24, 22, 60, 8], "max_job_period": [51, 31, 44, 85, 90, 122, 106, 92, 68, 96, 38, 80, 102, 48, 123, 24, 119, 95, 123, 96, 89, 56, 60, 68], "min_startup": [7, 14, 14, 4, 1, 1, 2, 14, 2, 1, 2, 3, 1, 2, 5, 4, 1, 2, 1, 2, 5, 1, 1, 7], "max_startup": [90, 38, 83, 116, 124, 71, 75, 81, 26, 115, 9, 123, 54, 37, 106, 38, 4, 74, 83, 74, 104, 34, 59, 59], "priority": [2, 23, 11, 5, 3, 1, 8, 15, 14, 10, 20, 4, 6, 12, 13, 24, 16, 7, 17, 18, 9, 21, 19, 22], "win_min": [0, 3, 0, 0, 0, 0, 0, 0, 0, 0, 0, 0, 0, 0, 0, 0, 0, 0, 0, 0, 0, 0, 0, 0], "win_max": [125, 112, 125, 125, 125, 125, 125, 125, 125, 125, 125, 125, 125, 125, 125, 125, 125, 125, 125, 125, 125, 125, 125, 125]}