{"subs": 1, "jobs": 13, "T": 125, "power_use": [1.4247076926636861, 2.812097563845234, 2.881805370899302, 3.7997995016675734, 3.4885159296122676, 2.937518529785777, 1.0266821509317092, 0.9619541225258069, 1.1417587579498003, 2.775902799678835, 0.7311131038287035, 0.16058256582288033, 1.4479165066320046], "power_resource": [7.40037744, 7.689435444, 7.925083902, 8.101627848, 8.26924455, 8.585084286, 8.828582562, 8.996661018, 9.087780474, 9.101633094, 9.039450222, 8.902924956, 8.695905246, 8.422700796, 8.088698736, 7.700825376, 7.266007026, 6.792709176, 6.289551234, 5.765306526, 5.229671886, 4.691882394, 4.573827288, 4.383276804, 4.115459484, 3.775300704, 3.368341512, 2.901508218, 2.583821466, 2.827011906, 2.989549314, 3.527338806, 4.10730183, 4.676336676, 5.224900428, 5.743911924, 6.224136084, 6.657569172, 7.036515288, 7.354048122, 7.604164872, 7.782247998, 7.88444955, 7.908152922, 7.851972852, 7.71590934, 7.50119373, 7.209980874, 6.846118722, 6.815950794, 7.141487364, 7.41423006, 7.628329998, 7.940167866, 8.293563594, 8.575233534, 8.782714998, 8.914468806, 8.970648876, 8.952178716, 0.0, 0.0, 0.0, 0.0, 0.0, 0.0, 0.0, 0.0, 0.0, 0.0, 0.0, 0.0, 0.0, 0.0, 0.0, 0.0, 0.0, 0.0, 0.0, 0.0, 0.0, 0.0, 0.0, 0.0, 0.0, 0.0, 0.0, 0.0, 0.0, 0.0, 0.0, 0.0, 0.0, 0.0, 0.0, 6.658030926, 6.999574968, 7.343581698, 7.642644372, 7.88983668, 8.079001902, 8.20459899, 8.52859638, 8.787024702, 8.970648876, 9.077467968, 9.107174142, 9.06038307, 8.938941768, 8.746236432, 8.486115012, 8.164426392, 7.787327292, 7.36189794, 6.89629599, 6.398986932, 5.87889801, 5.345418222, 4.808090484, 4.60830492, 4.433761908, 4.181490306, 3.8556459, 3.462077574, 3.007095966], "min_cpu_time": [11, 14, 13, 24, 12, 22, 1, 7, 12, 13, 21, 15, 1], "max_cpu_time": [25, 44, 57, 26, 35, 28, 37, 8, 41, 29, 48, 16, 14], "min_job_period": [1, 6, 2, 13, 25, 27, 1, 16, 23, 11, 33, 31, 1], "max_job_period": [118, 71, 58, 39, 78, 119, 116, 114, 23, 41, 83, 51, 70], "min_startup": [4, 3, 4, 2, 4, 2, 49, 7, 4, 4, 2, 3, 49], "max_startup": [4, 26, 67, 33, 22, 113, 98, 73, 43, 21, 36, 40, 124], "priority": [12, 2, 4, 1, 3, 5, 6, 13, 10, 11, 8, 7, 9], "win_min": [0, 0, 0, 0, 0, 0, 0, 0, 0, 22, 0, 0, 0], "win_max": [125, 125, 125, 125, 125, 125, 125, 125, 125, 111, 125, 125, 125]}