{"subs": 1, "jobs": 20, "T": 125, "power_use": [0.038305031458136685, 2.6856243426569026, 3.352405659571466, 3.2660101867390927, 0.905304929971417, 0.18530000314723546, 3.550426139279144, 1.482277131899941, 3.3805745830939613, 1.055542952805239, 0.16938424272886576, 2.125493388395371, 3.0413577085821917, 1.566863288227542, 2.169657595767353, 2.978052874412212, 3.3718722708005466, 0.23410103054037795, 1.5215933925187843, 3.8071225548224192], "power_resource": [8.776866114, 8.527980708, 8.21614284, 7.847355312, 7.428698352, 6.96786786, 6.473637162, 5.954625666, 5.42022237, 4.879816272, 4.610305854, 4.450846806, 4.212581742, 3.899666448, 3.517488054, 3.07220328, 2.571354108, 2.784530538, 2.980929906, 3.319857342, 3.902283054, 4.477782456, 5.03696655, 5.57029242, 6.068678904, 6.523506594, 6.926771754, 7.271548074, 7.551370998, 7.761007314, 7.896147318, 7.95371265, 7.931856294, 7.829962578, 7.648801092, 7.390218852, 7.0571403, 6.654029058, 6.954323076, 7.250923062, 7.49118906, 7.744999842, 8.128255662, 8.441478792, 8.681283036, 8.845975296, 8.9349399, 8.948638602, 0.0, 0.0, 0.0, 0.0, 0.0, 0.0, 0.0, 0.0, 0.0, 0.0, 0.0, 0.0, 0.0, 0.0, 0.0, 0.0, 0.0, 0.0, 0.0, 0.0, 0.0, 0.0, 0.0, 0.0, 0.0, 0.0, 0.0, 0.0, 0.0, 0.0, 0.0, 0.0, 0.0, 0.0, 0.0, 6.809794074, 6.832112184, 7.190895042, 7.507966122, 7.775783442, 7.987882446, 8.138722086, 8.40238362, 8.689132854, 8.902155366, 9.03883455, 9.098400816, 9.081008082, 8.987887692, 8.82181017, 8.586777384, 8.287560792, 7.930163196, 7.521356988, 7.068991986, 6.581379762, 6.067293642, 5.535814788, 4.996793952, 4.638165012, 4.495021272, 4.272609762, 3.974470596, 3.606144822, 3.173327406, 2.68356033, 2.720654568, 2.932753572, 3.195029844, 3.777455556, 4.354801974, 4.9176801, 5.4563931, 5.961859812, 6.425460828, 6.839192412, 7.195512582], "min_cpu_time": [3, 5, 4, 8, 8, 21, 12, 10, 19, 22, 13, 9, 1, 10, 11, 22, 6, 9, 18, 2], "max_cpu_time": [28, 43, 29, 33, 26, 32, 33, 32, 27, 46, 33, 16, 58, 26, 14, 35, 50, 21, 21, 41], "min_job_period": [60, 59, 29, 23, 36, 39, 94, 88, 28, 55, 57, 75, 7, 17, 104, 37, 5, 103, 118, 32], "max_job_period": [104, 99, 99, 70, 50, 68, 100, 103, 45, 80, 59, 106, 123, 83, 113, 63, 104, 117, 120, 118], "min_startup": [2, 1, 2, 1, 1, 1, 1, 1, 1, 1, 1, 1, 5, 1, 1, 1, 1, 1, 1, 3], "max_startup": [83, 40, 117, 93, 34, 43, 40, 78, 113, 10, 10, 71, 67, 80, 35, 4, 116, 39, 17, 55], "priority": [3, 8, 18, 17, 20, 7, 15, 16, 6, 12, 19, 14, 11, 1, 13, 5, 9, 10, 2, 4], "win_min": [0, 0, 0, 0, 0, 0, 0, 0, 0, 0, 0, 0, 7, 0, 0, 0, 0, 0, 0, 0], "win_max": [125, 125, 125, 125, 125, 125, 125, 125, 125, 125, 125, 125, 106, 125, 125, 125, 125, 125, 125, 125]}