{"subs": 1, "jobs": 22, "T": 125, "power_use": [3.9052295707420743, 3.9387212940684537, 2.2296213219431817, 2.1716039100824314, 2.7725386123859077, 0.2602755535218221, 2.6984930734897765, 1.6345896461788478, 0.6076458402864163, 3.9362743478679985, 3.1359363549522734, 1.0707733216728803, 2.869521852123616, 1.5399090901549701, 1.4103240390802867, 1.5597449524293956, 3.029171705367684, 2.582658580858334, 1.7932887276198601, 0.416570792333779, 3.34650875662531, 0.17256331185804338], "power_resource": [0.0, 0.0, 0.0, 0.0, 6.809794074, 6.832112184, 7.190895042, 7.507966122, 7.775783442, 7.987882446, 8.138722086, 8.40238362, 8.689132854, 8.902155366, 9.03883455, 9.098400816, 9.081008082, 8.987887692, 8.82181017, 8.586777384, 8.287560792, 7.930163196, 7.521356988, 7.068991986, 6.581379762, 6.067293642, 5.535814788, 4.996793952, 4.638165012, 4.495021272, 4.272609762, 3.974470596, 3.606144822, 3.173327406, 2.68356033, 2.720654568, 2.932753572, 3.195029844, 3.777455556, 4.354801974, 4.9176801, 5.4563931, 5.961859812, 6.425460828, 6.839192412, 7.195512582, 7.4881107, 7.711445718, 7.861054014, 7.933549392, 7.926930918, 7.840275084, 7.674043644, 7.429929696, 7.110703764, 6.720521634, 6.909994692, 7.21644543, 7.467793524, 7.67204271, 8.068227642, 8.394841638, 8.648806338, 8.827659054, 8.930938032, 8.958643272, 0.0, 0.0, 0.0, 0.0, 0.0, 0.0, 0.0, 0.0, 0.0, 0.0, 0.0, 0.0, 0.0, 0.0, 0.0, 0.0, 0.0, 0.0, 0.0, 0.0, 0.0, 0.0, 0.0, 0.0, 0.0, 0.0, 0.0, 0.0, 0.0, 0.0, 0.0, 0.0, 0.0, 0.0, 0.0, 0.0, 6.76238733, 7.128866088, 7.455172248, 7.733763828, 7.957714518, 8.12148327, 8.337276306, 8.63864775, 8.866908144, 9.019286964, 9.094706784, 9.093013686, 9.015285096, 8.863983702, 8.642803536, 8.356362138, 8.01066231, 7.612168608, 7.168423014, 6.6877371, 6.178884192, 5.650945452, 5.113309878], "min_cpu_time": [11, 13, 10, 9, 15, 19, 24, 7, 16, 8, 9, 1, 14, 15, 9, 15, 3, 2, 22, 16, 5, 3], "max_cpu_time": [60, 14, 55, 19, 58, 58, 36, 9, 29, 48, 50, 45, 37, 27, 22, 54, 18, 43, 32, 42, 16, 31], "min_job_period": [59, 24, 101, 116, 5, 47, 94, 42, 3, 101, 80, 31, 13, 23, 58, 91, 10, 18, 83, 99, 30, 29], "max_job_period": [104, 77, 112, 124, 63, 52, 98, 117, 86, 109, 104, 37, 41, 25, 103, 98, 88, 73, 92, 99, 79, 73], "min_startup": [1, 1, 1, 1, 1, 1, 1, 1, 1, 1, 1, 1, 1, 1, 1, 1, 1, 1, 1, 1, 1, 1], "max_startup": [82, 123, 4, 105, 48, 70, 89, 81, 117, 11, 24, 107, 13, 82, 112, 113, 93, 11, 71, 122, 65, 92], "priority": [22, 15, 1, 5, 3, 17, 13, 8, 4, 20, 10, 12, 6, 9, 18, 11, 2, 7, 14, 21, 16, 19], "win_min": [0, 0, 0, 0, 0, 0, 0, 0, 0, 10, 0, 0, 0, 0, 0, 0, 0, 0, 0, 0, 0, 0], "win_max": [125, 125, 125, 125, 125, 125, 125, 125, 125, 105, 125, 125, 125, 125, 125, 125, 125, 125, 125, 125, 125, 125]}