{"subs": 1, "jobs": 18, "T": 125, "power_use": [3.2119474145311773, 2.540291985335573, 0.8572209333538845, 3.821294703810016, 0.9822290311658685, 2.293804159795233, 3.1677060610212933, 0.26760245470435956, 0.7994299167577604, 1.2030011897569877, 3.0339304119767547, 0.2602058877187257, 0.05892244217183488, 1.1778016271419298, 3.0248837655816807, 3.2411338260171405, 3.019374616594662, 1.9690783563374776], "power_resource": [0.0, 0.0, 0.0, 0.0, 0.0, 0.0, 6.754383594, 6.900297858, 7.25107698, 7.558451226, 7.815340368, 8.015433768, 8.153190378, 8.464566492, 8.736539598, 8.934016392, 9.055149858, 9.09886257, 9.0657702, 8.957411928, 8.776866114, 8.527980708, 8.21614284, 7.847355312, 7.428698352, 6.96786786, 6.473637162, 5.954625666, 5.42022237, 4.879816272, 4.610305854, 4.450846806, 4.212581742, 3.899666448, 3.517488054, 3.07220328, 2.571354108, 2.784530538, 2.980929906, 3.319857342, 3.902283054, 4.477782456, 5.03696655, 5.57029242, 6.068678904, 6.523506594, 6.926771754, 7.271548074, 7.551370998, 7.761007314, 7.896147318, 7.95371265, 7.931856294, 7.829962578, 7.648801092, 7.390218852, 7.0571403, 6.654029058, 6.954323076, 7.250923062, 7.49118906, 7.744999842, 8.128255662, 8.441478792, 8.681283036, 8.845975296, 8.9349399, 8.948638602, 0.0, 0.0, 0.0, 0.0, 0.0, 0.0, 0.0, 0.0, 0.0, 0.0, 0.0, 0.0, 0.0, 0.0, 0.0, 0.0, 0.0, 0.0, 0.0, 0.0, 0.0, 0.0, 0.0, 0.0, 0.0, 0.0, 0.0, 0.0, 0.0, 0.0, 0.0, 0.0, 0.0, 0.0, 0.0, 6.809794074, 6.832112184, 7.190895042, 7.507966122, 7.775783442, 7.987882446, 8.138722086, 8.40238362, 8.689132854, 8.902155366, 9.03883455, 9.098400816, 9.081008082, 8.987887692, 8.82181017, 8.586777384, 8.287560792, 7.930163196, 7.521356988, 7.068991986, 6.581379762, 6.067293642], "min_cpu_time": [13, 12, 21, 19, 1, 13, 1, 17, 14, 15, 2, 19, 22, 20, 24, 4, 7, 4], "max_cpu_time": [55, 27, 30, 26, 61, 51, 1, 19, 30, 46, 42, 32, 51, 37, 60, 34, 49, 58], "min_job_period": [10, 88, 38, 33, 4, 6, 4, 63, 85, 13, 18, 78, 46, 114, 15, 34, 19, 16], "max_job_period": [86, 123, 70, 49, 52, 118, 107, 63, 102, 54, 39, 124, 99, 115, 119, 57, 68, 21], "min_startup": [1, 1, 1, 1, 12, 1, 12, 1, 1, 1, 6, 1, 1, 1, 1, 3, 2, 3], "max_startup": [70, 123, 123, 66, 90, 123, 53, 10, 11, 105, 111, 124, 87, 94, 58, 79, 52, 95], "priority": [15, 3, 1, 11, 18, 2, 7, 12, 9, 17, 10, 16, 5, 6, 4, 14, 13, 8], "win_min": [0, 0, 0, 6, 0, 0, 0, 0, 0, 0, 0, 0, 0, 0, 0, 0, 0, 0], "win_max": [125, 125, 125, 111, 125, 125, 125, 125, 125, 125, 125, 125, 125, 125, 125, 125, 125, 125]}