{"subs": 1, "jobs": 9, "T": 125, "power_use": [3.5128075634950036, 1.9169255845639843, 0.9789083325512548, 0.49201367541723356, 1.9461549400049651, 3.6631080204198567, 0.11410979089536409, 0.537894058061397, 3.7010346540639927], "power_resource": [0.0, 0.0, 0.0, 0.0, 0.0, 0.0, 0.0, 0.0, 0.0, 0.0, 0.0, 0.0, 0.0, 0.0, 0.0, 0.0, 0.0, 6.716058012, 6.93246672, 7.284785022, 7.593852366, 7.85212677, 8.053605432, 8.192593386, 8.469030114, 8.742234564, 8.941404456, 9.064077102, 9.109482912, 9.078237558, 8.97188022, 8.793489258, 8.54706654, 8.23769136, 7.871520438, 7.45578792, 6.998189706, 6.507191286, 5.991565986, 5.460856722, 4.924298574, 4.639396356, 4.48132257, 4.244442768, 3.93337449, 3.55319703, 3.110374944, 2.612142378, 2.709264636, 2.90366307, 3.277068138, 3.858108588, 4.431914892, 4.989098052, 5.520115152, 6.01588503, 6.467942196, 6.868282914, 7.209826956, 7.486109766, 7.692205968, 7.82365194, 7.877369322, 7.851665016, 7.746077268, 7.561067832, 7.298637642, 6.961865058, 6.714980586, 7.05867948, 7.35189327, 7.588773072, 7.80210342, 8.18151129, 8.490578634, 8.72638101, 8.886917484, 8.971572384, 8.9811153, 0.0, 0.0, 0.0, 0.0, 0.0, 0.0, 0.0, 0.0, 0.0, 0.0, 0.0, 0.0, 0.0, 0.0, 0.0, 0.0, 0.0, 0.0, 0.0, 0.0, 0.0, 0.0, 0.0, 0.0, 0.0, 0.0, 0.0, 0.0, 0.0, 0.0, 0.0, 0.0, 0.0, 0.0, 0.0, 6.771160656, 6.863665374, 7.22414133, 7.54275159, 7.81210809, 8.025592356, 8.17766334, 8.406385488, 8.694519984, 8.908927758, 9.04730004], "min_cpu_time": [6, 15, 24, 12, 15, 18, 20, 13, 23], "max_cpu_time": [17, 52, 58, 28, 43, 53, 43, 14, 56], "min_job_period": [7, 25, 73, 23, 6, 58, 1, 29, 89], "max_job_period": [72, 83, 76, 109, 25, 98, 75, 55, 96], "min_startup": [5, 2, 1, 3, 2, 2, 2, 2, 1], "max_startup": [32, 14, 87, 68, 42, 101, 6, 91, 21], "priority": [2, 1, 8, 9, 6, 7, 3, 4, 5], "win_min": [0, 0, 0, 0, 0, 0, 16, 0, 0], "win_max": [125, 125, 125, 125, 125, 125, 108, 125, 125]}