{"subs": 1, "jobs": 13, "T": 125, "power_use": [1.4179738481204223, 1.9292799308445372, 3.2487854832763072, 0.5297936697002911, 3.2662885490864713, 3.0888234939046657, 0.617048796298359, 0.3203863862008478, 0.026375464467242787, 3.502232095485301, 3.7311584609047945, 0.5070713693394019, 3.2759640172551143], "power_resource": [0.0, 0.0, 0.0, 0.0, 0.0, 0.0, 0.0, 0.0, 0.0, 0.0, 0.0, 0.0, 0.0, 0.0, 0.0, 0.0, 0.0, 0.0, 0.0, 0.0, 0.0, 0.0, 0.0, 0.0, 0.0, 0.0, 0.0, 0.0, 0.0, 0.0, 0.0, 0.0, 6.658030926, 6.999574968, 7.343581698, 7.642644372, 7.88983668, 8.079001902, 8.20459899, 8.52859638, 8.787024702, 8.970648876, 9.077467968, 9.107174142, 9.06038307, 8.938941768, 8.746236432, 8.486115012, 8.164426392, 7.787327292, 7.36189794, 6.89629599, 6.398986932, 5.87889801, 5.345418222, 4.808090484, 4.60830492, 4.433761908, 4.181490306, 3.8556459, 3.462077574, 3.007095966, 2.511018252, 2.769600492, 2.948145372, 3.402203472, 3.982782168, 4.55443362, 5.107460994, 5.63262921, 6.120857106, 6.56383311, 6.953553486, 7.283091924, 7.546445622, 7.738535286, 7.855512966, 7.894146384, 7.853358114, 7.732532484, 7.532593002, 7.25569452, 6.905223234, 6.766389198, 7.10100693, 7.384062132, 7.60970592, 7.872290028, 8.238768786, 8.534291346, 8.755933266, 8.902155366, 8.972495892, 8.96803227, 0.0, 0.0, 0.0, 0.0, 0.0, 0.0, 0.0, 0.0, 0.0, 0.0, 0.0, 0.0, 0.0, 0.0, 0.0, 0.0, 0.0, 0.0, 0.0, 0.0, 0.0, 0.0, 0.0, 0.0, 0.0, 0.0, 0.0, 0.0, 0.0, 0.0, 0.0], "min_cpu_time": [13, 5, 20, 11, 6, 20, 23, 15, 16, 18, 9, 21, 20], "max_cpu_time": [60, 62, 56, 58, 38, 20, 46, 47, 45, 38, 28, 26, 36], "min_job_period": [15, 11, 23, 39, 8, 10, 38, 33, 9, 35, 2, 36, 60], "max_job_period": [108, 72, 92, 50, 83, 100, 49, 121, 42, 94, 61, 47, 116], "min_startup": [3, 7, 2, 3, 6, 2, 2, 2, 2, 2, 4, 2, 2], "max_startup": [38, 60, 42, 103, 85, 26, 90, 118, 108, 10, 43, 76, 47], "priority": [2, 4, 1, 13, 10, 11, 3, 8, 12, 5, 6, 7, 9], "win_min": [0, 0, 18, 0, 0, 0, 0, 0, 0, 0, 0, 0, 0], "win_max": [125, 125, 116, 125, 125, 125, 125, 125, 125, 125, 125, 125, 125]}