{"subs": 1, "jobs": 20, "T": 125, "power_use": [1.5708148162385098, 2.231276461296071, 1.767314017764287, 2.514851848994764, 0.04683543815645546, 0.1598582080952515, 2.8904721185926365, 2.9443938989720984, 3.5814104442022883, 0.509094760522892, 1.5266790148363771, 0.8691368340821708, 0.18776586591789238, 2.71048231090588, 3.667908306928155, 2.0406152716795387, 2.7553929970304747, 0.559128182907274, 1.5157228345429676, 3.621151943554142], "power_resource": [7.11716832, 7.422387714, 7.659113598, 7.823036268, 7.910461692, 7.918927182, 7.847663148, 7.696515672, 7.467023934, 7.161650622, 6.784551522, 6.86397321, 7.179966864, 7.442089218, 7.644645306, 8.005429098, 8.34543396, 8.613405198, 8.806572288, 8.92416564, 8.966031336, 0.0, 0.0, 0.0, 0.0, 0.0, 0.0, 0.0, 0.0, 0.0, 0.0, 0.0, 0.0, 0.0, 0.0, 0.0, 0.0, 0.0, 0.0, 0.0, 0.0, 0.0, 0.0, 0.0, 0.0, 0.0, 0.0, 0.0, 0.0, 0.0, 0.0, 0.0, 0.0, 0.0, 0.0, 0.0, 0.0, 6.691123296, 7.065144036, 7.40037744, 7.689435444, 7.925083902, 8.101627848, 8.26924455, 8.585084286, 8.828582562, 8.996661018, 9.087780474, 9.101633094, 9.039450222, 8.902924956, 8.695905246, 8.422700796, 8.088698736, 7.700825376, 7.266007026, 6.792709176, 6.289551234, 5.765306526, 5.229671886, 4.691882394, 4.573827288, 4.383276804, 4.115459484, 3.775300704, 3.368341512, 2.901508218, 2.583821466, 2.827011906, 2.989549314, 3.527338806, 4.10730183, 4.676336676, 5.224900428, 5.743911924, 6.224136084, 6.657569172, 7.036515288, 7.354048122, 7.604164872, 7.782247998, 7.88444955, 7.908152922, 7.851972852, 7.71590934, 7.50119373, 7.209980874, 6.846118722, 6.815950794, 7.141487364, 7.41423006, 7.628329998, 7.940167866, 8.293563594, 8.575233534, 8.782714998, 8.914468806, 8.970648876, 8.952178716, 0.0, 0.0, 0.0, 0.0, 0.0, 0.0], "min_cpu_time": [5, 10, 8, 12, 5, 18, 14, 13, 1, 22, 9, 2, 24, 14, 3, 7, 15, 9, 19, 9], "max_cpu_time": [22, 50, 52, 19, 44, 56, 58, 22, 54, 36, 35, 4, 34, 17, 53, 20, 28, 53, 48, 59], "min_job_period": [14, 1, 57, 42, 15, 28, 22, 18, 3, 122, 19, 1, 27, 42, 9, 15, 101, 28, 38, 9], "max_job_period": [80, 51, 70, 118, 41, 86, 61, 77, 4, 122, 70, 104, 36, 55, 77, 116, 101, 84, 54, 122], "min_startup": [4, 2, 2, 2, 4, 1, 1, 2, 17, 1, 2, 9, 1, 1, 6, 3, 1, 2, 1, 2], "max_startup": [15, 83, 37, 77, 5, 92, 11, 38, 32, 8, 75, 100, 66, 75, 26, 93, 73, 76, 116, 7], "priority": [20, 12, 10, 11, 1, 14, 17, 13, 9, 15, 7, 8, 18, 3, 19, 6, 5, 4, 16, 2], "win_min": [0, 0, 0, 0, 0, 0, 0, 0, 0, 0, 0, 0, 0, 0, 0, 10, 0, 0, 0, 0], "win_max": [125, 125, 125, 125, 125, 125, 125, 125, 125, 125, 125, 125, 125, 125, 125, 107, 125, 125, 125, 125]}