{"subs": 1, "jobs": 20, "T": 125, "power_use": [2.7112702968588276, 0.8766379676964476, 3.778969637394849, 0.7091246943343485, 3.1063761946488735, 0.5851866695229376, 2.817517338286126, 3.8571846936430085, 2.776456789062288, 1.4613165469417675, 0.6512779423084342, 1.6748193374942442, 2.537547938571245, 2.8417727563734956, 0.6864582531471161, 0.6243025771214714, 1.8401512271242164, 2.449760717661902, 2.4088867211304437, 2.4775017056760276], "power_resource": [9.081008082, 8.987887692, 8.82181017, 8.586777384, 8.287560792, 7.930163196, 7.521356988, 7.068991986, 6.581379762, 6.067293642, 5.535814788, 4.996793952, 4.638165012, 4.495021272, 4.272609762, 3.974470596, 3.606144822, 3.173327406, 2.68356033, 2.720654568, 2.932753572, 3.195029844, 3.777455556, 4.354801974, 4.9176801, 5.4563931, 5.961859812, 6.425460828, 6.839192412, 7.195512582, 7.4881107, 7.711445718, 7.861054014, 7.933549392, 7.926930918, 7.840275084, 7.674043644, 7.429929696, 7.110703764, 6.720521634, 6.909994692, 7.21644543, 7.467793524, 7.67204271, 8.068227642, 8.394841638, 8.648806338, 8.827659054, 8.930938032, 8.958643272, 0.0, 0.0, 0.0, 0.0, 0.0, 0.0, 0.0, 0.0, 0.0, 0.0, 0.0, 0.0, 0.0, 0.0, 0.0, 0.0, 0.0, 0.0, 0.0, 0.0, 0.0, 0.0, 0.0, 0.0, 0.0, 0.0, 0.0, 0.0, 0.0, 0.0, 0.0, 0.0, 0.0, 0.0, 0.0, 0.0, 6.76238733, 7.128866088, 7.455172248, 7.733763828, 7.957714518, 8.12148327, 8.337276306, 8.63864775, 8.866908144, 9.019286964, 9.094706784, 9.093013686, 9.015285096, 8.863983702, 8.642803536, 8.356362138, 8.01066231, 7.612168608, 7.168423014, 6.6877371, 6.178884192, 5.650945452, 5.113309878, 4.662637974, 4.536117378, 4.329405504, 4.04650422, 3.692031066, 3.272142762, 2.7936117, 2.653700238, 2.88134496, 3.070356264, 3.652320222, 4.23120582, 4.797316224, 5.341262436, 5.853655458, 6.325721964], "min_cpu_time": [11, 7, 24, 4, 19, 24, 14, 5, 24, 7, 11, 24, 22, 4, 18, 14, 20, 10, 9, 20], "max_cpu_time": [39, 19, 44, 38, 39, 61, 59, 35, 55, 13, 15, 50, 40, 57, 61, 53, 57, 31, 27, 27], "min_job_period": [98, 56, 121, 15, 79, 65, 55, 20, 36, 52, 45, 62, 102, 23, 70, 23, 22, 38, 25, 36], "max_job_period": [108, 66, 124, 103, 81, 89, 55, 117, 38, 67, 71, 83, 123, 25, 96, 81, 93, 62, 43, 101], "min_startup": [1, 2, 1, 3, 1, 1, 1, 3, 1, 2, 1, 1, 1, 3, 1, 1, 1, 2, 2, 1], "max_startup": [14, 60, 18, 4, 12, 43, 67, 13, 57, 80, 115, 28, 65, 43, 79, 16, 93, 64, 48, 9], "priority": [11, 15, 18, 12, 9, 7, 16, 8, 2, 13, 19, 4, 17, 14, 1, 10, 20, 6, 3, 5], "win_min": [0, 0, 0, 0, 0, 0, 0, 0, 0, 0, 0, 0, 0, 0, 0, 0, 0, 0, 0, 18], "win_max": [125, 125, 125, 125, 125, 125, 125, 125, 125, 125, 125, 125, 125, 125, 125, 125, 125, 125, 125, 100]}