{"subs": 1, "jobs": 13, "T": 125, "power_use": [2.370850590751002, 3.717248645346319, 3.3019952482071067, 3.4732583322395736, 0.023872447788519068, 1.204259448924573, 2.4903210788482855, 2.7350359004207014, 1.583985361371971, 2.8173514327993288, 1.907604070503301, 2.6873984017971178, 3.858350692657787], "power_resource": [6.815950794, 7.141487364, 7.41423006, 7.628329998, 7.940167866, 8.293563594, 8.575233534, 8.782714998, 8.914468806, 8.970648876, 8.952178716, 0.0, 0.0, 0.0, 0.0, 0.0, 0.0, 0.0, 0.0, 0.0, 0.0, 0.0, 0.0, 0.0, 0.0, 0.0, 0.0, 0.0, 0.0, 0.0, 0.0, 0.0, 0.0, 0.0, 0.0, 0.0, 0.0, 0.0, 0.0, 0.0, 0.0, 0.0, 0.0, 0.0, 0.0, 0.0, 6.658030926, 6.999574968, 7.343581698, 7.642644372, 7.88983668, 8.079001902, 8.20459899, 8.52859638, 8.787024702, 8.970648876, 9.077467968, 9.107174142, 9.06038307, 8.938941768, 8.746236432, 8.486115012, 8.164426392, 7.787327292, 7.36189794, 6.89629599, 6.398986932, 5.87889801, 5.345418222, 4.808090484, 4.60830492, 4.433761908, 4.181490306, 3.8556459, 3.462077574, 3.007095966, 2.511018252, 2.769600492, 2.948145372, 3.402203472, 3.982782168, 4.55443362, 5.107460994, 5.63262921, 6.120857106, 6.56383311, 6.953553486, 7.283091924, 7.546445622, 7.738535286, 7.855512966, 7.894146384, 7.853358114, 7.732532484, 7.532593002, 7.25569452, 6.905223234, 6.766389198, 7.10100693, 7.384062132, 7.60970592, 7.872290028, 8.238768786, 8.534291346, 8.755933266, 8.902155366, 8.972495892, 8.96803227, 0.0, 0.0, 0.0, 0.0, 0.0, 0.0, 0.0, 0.0, 0.0, 0.0, 0.0, 0.0, 0.0, 0.0, 0.0, 0.0, 0.0], "min_cpu_time": [3, 22, 16, 12, 2, 2, 4, 4, 19, 21, 1, 22, 11], "max_cpu_time": [56, 62, 51, 60, 13, 39, 61, 62, 28, 44, 15, 47, 43], "min_job_period": [6, 15, 39, 7, 2, 2, 9, 6, 11, 38, 1, 48, 4], "max_job_period": [8, 65, 42, 49, 60, 21, 71, 109, 89, 116, 49, 97, 15], "min_startup": [15, 2, 3, 4, 22, 22, 11, 11, 2, 2, 44, 2, 4], "max_startup": [63, 119, 71, 7, 99, 93, 56, 60, 30, 47, 94, 67, 121], "priority": [5, 10, 9, 11, 7, 12, 13, 2, 3, 6, 4, 1, 8], "win_min": [0, 0, 0, 0, 0, 0, 0, 0, 0, 14, 0, 0, 0], "win_max": [125, 125, 125, 125, 125, 125, 125, 125, 125, 101, 125, 125, 125]}