{"subs": 1, "jobs": 24, "T": 125, "power_use": [2.022825359827533, 2.8873728008975608, 0.37760280884475245, 0.43551514794648916, 0.6553003413890168, 1.4424164978706135, 0.5503599365445307, 1.0241729606715682, 2.0003314427483443, 0.30447767756406924, 0.9494201753609383, 3.7668812084225256, 3.185642196145423, 1.4375479460065976, 1.604519845517308, 0.5350050992657155, 1.828898295708816, 3.4831979367622763, 0.8867344221153555, 0.12385737373828386, 1.6740101509578507, 2.4544824209714045, 2.9313935701776312, 0.1757433246795568], "power_resource": [7.065144036, 7.40037744, 7.689435444, 7.925083902, 8.101627848, 8.26924455, 8.585084286, 8.828582562, 8.996661018, 9.087780474, 9.101633094, 9.039450222, 8.902924956, 8.695905246, 8.422700796, 8.088698736, 7.700825376, 7.266007026, 6.792709176, 6.289551234, 5.765306526, 5.229671886, 4.691882394, 4.573827288, 4.383276804, 4.115459484, 3.775300704, 3.368341512, 2.901508218, 2.583821466, 2.827011906, 2.989549314, 3.527338806, 4.10730183, 4.676336676, 5.224900428, 5.743911924, 6.224136084, 6.657569172, 7.036515288, 7.354048122, 7.604164872, 7.782247998, 7.88444955, 7.908152922, 7.851972852, 7.71590934, 7.50119373, 7.209980874, 6.846118722, 6.815950794, 7.141487364, 7.41423006, 7.628329998, 7.940167866, 8.293563594, 8.575233534, 8.782714998, 8.914468806, 8.970648876, 8.952178716, 0.0, 0.0, 0.0, 0.0, 0.0, 0.0, 0.0, 0.0, 0.0, 0.0, 0.0, 0.0, 0.0, 0.0, 0.0, 0.0, 0.0, 0.0, 0.0, 0.0, 0.0, 0.0, 0.0, 0.0, 0.0, 0.0, 0.0, 0.0, 0.0, 0.0, 0.0, 0.0, 0.0, 0.0, 0.0, 6.658030926, 6.999574968, 7.343581698, 7.642644372, 7.88983668, 8.079001902, 8.20459899, 8.52859638, 8.787024702, 8.970648876, 9.077467968, 9.107174142, 9.06038307, 8.938941768, 8.746236432, 8.486115012, 8.164426392, 7.787327292, 7.36189794, 6.89629599, 6.398986932, 5.87889801, 5.345418222, 4.808090484, 4.60830492, 4.433761908, 4.181490306, 3.8556459, 3.462077574], "min_cpu_time": [4, 6, 1, 12, 19, 3, 3, 24, 18, 4, 21, 15, 2, 1, 1, 17, 19, 18, 1, 9, 20, 3, 20, 6], "max_cpu_time": [41, 46, 56, 49, 27, 15, 51, 36, 59, 5, 60, 30, 35, 17, 55, 49, 22, 39, 17, 54, 38, 40, 61, 25], "min_job_period": [55, 99, 4, 84, 13, 18, 58, 116, 118, 44, 92, 9, 38, 7, 2, 8, 67, 57, 8, 38, 59, 30, 107, 9], "max_job_period": [67, 108, 5, 104, 31, 100, 96, 124, 118, 81, 117, 59, 108, 35, 18, 57, 75, 77, 78, 70, 64, 54, 117, 10], "min_startup": [2, 1, 5, 1, 1, 2, 2, 1, 1, 2, 1, 1, 3, 5, 5, 1, 1, 1, 5, 1, 1, 2, 1, 1], "max_startup": [34, 51, 83, 45, 20, 52, 72, 121, 119, 43, 32, 70, 42, 56, 107, 14, 110, 15, 113, 46, 113, 16, 122, 114], "priority": [1, 23, 5, 19, 12, 13, 18, 2, 11, 7, 17, 14, 10, 22, 15, 20, 8, 16, 21, 4, 6, 9, 3, 24], "win_min": [0, 0, 0, 0, 0, 0, 0, 0, 0, 0, 0, 11, 0, 0, 0, 0, 0, 0, 0, 0, 0, 0, 0, 0], "win_max": [125, 125, 125, 125, 125, 125, 125, 125, 125, 125, 125, 120, 125, 125, 125, 125, 125, 125, 125, 125, 125, 125, 125, 125]}