{"subs": 1, "jobs": 24, "T": 125, "power_use": [2.3124767229781154, 2.8718315837406947, 2.080542157880121, 0.6623294116145803, 3.225423675995501, 1.1150484963947531, 1.6743715814542368, 3.536062606557514, 0.2604491161217565, 0.7971831813129596, 2.262086700654576, 2.9062556484512743, 3.039692062414792, 1.854300833517501, 1.0515667400839221, 1.7361078408226809, 2.291091609913253, 2.8002044676399676, 1.3253098599741457, 0.5492620749577279, 0.01481838903575431, 3.577543843690839, 0.0783539210701392, 2.6294277412423765], "power_resource": [7.60970592, 7.872290028, 8.238768786, 8.534291346, 8.755933266, 8.902155366, 8.972495892, 8.96803227, 0.0, 0.0, 0.0, 0.0, 0.0, 0.0, 0.0, 0.0, 0.0, 0.0, 0.0, 0.0, 0.0, 0.0, 0.0, 0.0, 0.0, 0.0, 0.0, 0.0, 0.0, 0.0, 0.0, 0.0, 0.0, 0.0, 0.0, 0.0, 0.0, 0.0, 0.0, 0.0, 0.0, 0.0, 0.0, 6.716058012, 6.93246672, 7.284785022, 7.593852366, 7.85212677, 8.053605432, 8.192593386, 8.469030114, 8.742234564, 8.941404456, 9.064077102, 9.109482912, 9.078237558, 8.97188022, 8.793489258, 8.54706654, 8.23769136, 7.871520438, 7.45578792, 6.998189706, 6.507191286, 5.991565986, 5.460856722, 4.924298574, 4.639396356, 4.48132257, 4.244442768, 3.93337449, 3.55319703, 3.110374944, 2.612142378, 2.709264636, 2.90366307, 3.277068138, 3.858108588, 4.431914892, 4.989098052, 5.520115152, 6.01588503, 6.467942196, 6.868282914, 7.209826956, 7.486109766, 7.692205968, 7.82365194, 7.877369322, 7.851665016, 7.746077268, 7.561067832, 7.298637642, 6.961865058, 6.714980586, 7.05867948, 7.35189327, 7.588773072, 7.80210342, 8.18151129, 8.490578634, 8.72638101, 8.886917484, 8.971572384, 8.9811153, 0.0, 0.0, 0.0, 0.0, 0.0, 0.0, 0.0, 0.0, 0.0, 0.0, 0.0, 0.0, 0.0, 0.0, 0.0, 0.0, 0.0, 0.0, 0.0, 0.0], "min_cpu_time": [23, 24, 15, 3, 16, 2, 20, 17, 8, 20, 13, 10, 2, 15, 6, 22, 22, 8, 3, 17, 11, 3, 3, 17], "max_cpu_time": [25, 32, 15, 24, 18, 38, 34, 33, 12, 55, 50, 60, 11, 45, 30, 57, 28, 30, 7, 34, 34, 42, 45, 22], "min_job_period": [78, 103, 39, 48, 77, 43, 35, 82, 90, 81, 15, 65, 4, 16, 38, 3, 33, 120, 55, 16, 62, 94, 89, 22], "max_job_period": [105, 110, 65, 73, 84, 66, 106, 115, 98, 85, 108, 110, 41, 61, 123, 38, 67, 121, 65, 66, 118, 96, 109, 117], "min_startup": [1, 1, 1, 1, 1, 2, 1, 1, 1, 1, 1, 1, 2, 1, 1, 1, 1, 1, 1, 1, 1, 1, 1, 1], "max_startup": [104, 63, 49, 116, 69, 8, 60, 67, 21, 113, 74, 102, 117, 21, 115, 54, 7, 73, 32, 86, 51, 124, 22, 77], "priority": [21, 1, 11, 5, 8, 19, 22, 14, 7, 16, 2, 4, 6, 10, 24, 17, 12, 9, 20, 3, 23, 13, 18, 15], "win_min": [0, 0, 0, 3, 0, 0, 0, 0, 0, 0, 0, 0, 0, 0, 0, 0, 0, 0, 0, 0, 0, 0, 0, 0], "win_max": [125, 125, 125, 105, 125, 125, 125, 125, 125, 125, 125, 125, 125, 125, 125, 125, 125, 125, 125, 125, 125, 125, 125, 125]}