{"subs": 1, "jobs": 22, "T": 125, "power_use": [2.881586848255216, 3.234410614884747, 1.8940265540788412, 2.9649604343822524, 0.32337416471810776, 3.5374895570261398, 3.41975076820827, 1.9494389827610001, 3.3161392064441917, 2.588701762990565, 0.10561089428578871, 3.430015131610737, 1.1793582251734374, 0.6231214674614506, 1.77647014815659, 1.717981159166295, 0.7251619499081972, 3.9622579421302193, 1.1086361273533993, 3.0398978086820043, 0.034090803900551414, 3.633293257344374], "power_resource": [0.0, 0.0, 0.0, 0.0, 0.0, 0.0, 0.0, 0.0, 0.0, 0.0, 0.0, 6.809794074, 6.832112184, 7.190895042, 7.507966122, 7.775783442, 7.987882446, 8.138722086, 8.40238362, 8.689132854, 8.902155366, 9.03883455, 9.098400816, 9.081008082, 8.987887692, 8.82181017, 8.586777384, 8.287560792, 7.930163196, 7.521356988, 7.068991986, 6.581379762, 6.067293642, 5.535814788, 4.996793952, 4.638165012, 4.495021272, 4.272609762, 3.974470596, 3.606144822, 3.173327406, 2.68356033, 2.720654568, 2.932753572, 3.195029844, 3.777455556, 4.354801974, 4.9176801, 5.4563931, 5.961859812, 6.425460828, 6.839192412, 7.195512582, 7.4881107, 7.711445718, 7.861054014, 7.933549392, 7.926930918, 7.840275084, 7.674043644, 7.429929696, 7.110703764, 6.720521634, 6.909994692, 7.21644543, 7.467793524, 7.67204271, 8.068227642, 8.394841638, 8.648806338, 8.827659054, 8.930938032, 8.958643272, 0.0, 0.0, 0.0, 0.0, 0.0, 0.0, 0.0, 0.0, 0.0, 0.0, 0.0, 0.0, 0.0, 0.0, 0.0, 0.0, 0.0, 0.0, 0.0, 0.0, 0.0, 0.0, 0.0, 0.0, 0.0, 0.0, 0.0, 0.0, 0.0, 0.0, 0.0, 0.0, 0.0, 0.0, 0.0, 0.0, 6.76238733, 7.128866088, 7.455172248, 7.733763828, 7.957714518, 8.12148327, 8.337276306, 8.63864775, 8.866908144, 9.019286964, 9.094706784, 9.093013686, 9.015285096, 8.863983702, 8.642803536, 8.356362138], "min_cpu_time": [14, 20, 6, 2, 10, 8, 6, 6, 8, 8, 5, 4, 1, 3, 14, 2, 16, 9, 20, 20, 21, 14], "max_cpu_time": [33, 41, 28, 59, 13, 35, 31, 8, 12, 50, 37, 29, 61, 10, 25, 37, 42, 17, 21, 56, 45, 19], "min_job_period": [107, 72, 39, 7, 19, 45, 4, 15, 54, 50, 10, 2, 2, 23, 92, 10, 23, 29, 115, 115, 25, 109], "max_job_period": [112, 109, 49, 30, 77, 106, 113, 22, 67, 67, 89, 67, 96, 82, 100, 20, 99, 122, 123, 123, 43, 109], "min_startup": [1, 1, 3, 8, 2, 2, 3, 3, 2, 2, 3, 4, 16, 5, 1, 8, 1, 2, 1, 1, 1, 1], "max_startup": [56, 29, 100, 18, 53, 78, 58, 95, 70, 67, 6, 119, 109, 54, 121, 22, 66, 11, 61, 112, 109, 88], "priority": [13, 6, 8, 15, 14, 21, 11, 10, 22, 3, 5, 12, 4, 1, 17, 2, 9, 18, 19, 7, 16, 20], "win_min": [0, 0, 21, 0, 0, 0, 0, 0, 0, 0, 0, 0, 0, 0, 0, 0, 0, 0, 0, 0, 0, 0], "win_max": [125, 125, 115, 125, 125, 125, 125, 125, 125, 125, 125, 125, 125, 125, 125, 125, 125, 125, 125, 125, 125, 125]}