{"subs": 1, "jobs": 22, "T": 125, "power_use": [2.1192398120009375, 3.293755572049182, 3.9929265825048406, 2.492167957631062, 2.4848965271836514, 1.3190229043321746, 3.567214063717402, 3.4919097932592265, 3.94740883645546, 2.1244592057836638, 0.9688893574453453, 3.4413695054755324, 0.9141208339024244, 1.9596097351039177, 0.844101741022125, 0.8001835617953509, 1.4936742342755809, 1.2936915017873878, 2.00494466685411, 2.978377857487473, 0.039354107847735936, 0.03644181136223333], "power_resource": [3.272142762, 2.7936117, 2.653700238, 2.88134496, 3.070356264, 3.652320222, 4.23120582, 4.797316224, 5.341262436, 5.853655458, 6.325721964, 6.749458218, 7.11716832, 7.422387714, 7.659113598, 7.823036268, 7.910461692, 7.918927182, 7.847663148, 7.696515672, 7.467023934, 7.161650622, 6.784551522, 6.86397321, 7.179966864, 7.442089218, 7.644645306, 8.005429098, 8.34543396, 8.613405198, 8.806572288, 8.92416564, 8.966031336, 0.0, 0.0, 0.0, 0.0, 0.0, 0.0, 0.0, 0.0, 0.0, 0.0, 0.0, 0.0, 0.0, 0.0, 0.0, 0.0, 0.0, 0.0, 0.0, 0.0, 0.0, 0.0, 0.0, 0.0, 0.0, 0.0, 0.0, 0.0, 0.0, 0.0, 0.0, 0.0, 0.0, 0.0, 0.0, 0.0, 6.691123296, 7.065144036, 7.40037744, 7.689435444, 7.925083902, 8.101627848, 8.26924455, 8.585084286, 8.828582562, 8.996661018, 9.087780474, 9.101633094, 9.039450222, 8.902924956, 8.695905246, 8.422700796, 8.088698736, 7.700825376, 7.266007026, 6.792709176, 6.289551234, 5.765306526, 5.229671886, 4.691882394, 4.573827288, 4.383276804, 4.115459484, 3.775300704, 3.368341512, 2.901508218, 2.583821466, 2.827011906, 2.989549314, 3.527338806, 4.10730183, 4.676336676, 5.224900428, 5.743911924, 6.224136084, 6.657569172, 7.036515288, 7.354048122, 7.604164872, 7.782247998, 7.88444955, 7.908152922, 7.851972852, 7.71590934, 7.50119373, 7.209980874, 6.846118722, 6.815950794, 7.141487364, 7.41423006, 7.628329998, 7.940167866], "min_cpu_time": [23, 4, 1, 7, 18, 8, 21, 24, 23, 2, 3, 23, 11, 16, 2, 13, 9, 11, 23, 9, 3, 22], "max_cpu_time": [56, 18, 34, 9, 19, 35, 45, 34, 34, 62, 40, 56, 35, 52, 28, 40, 38, 53, 62, 38, 37, 60], "min_job_period": [44, 59, 31, 14, 28, 80, 62, 82, 16, 3, 122, 50, 120, 97, 19, 30, 18, 123, 115, 31, 39, 40], "max_job_period": [52, 77, 74, 81, 51, 118, 101, 99, 29, 95, 123, 91, 120, 117, 56, 69, 109, 123, 121, 82, 91, 123], "min_startup": [1, 1, 2, 1, 1, 1, 1, 1, 1, 1, 1, 1, 1, 1, 1, 1, 1, 1, 1, 1, 1, 1], "max_startup": [73, 93, 94, 93, 15, 19, 65, 55, 110, 29, 51, 7, 5, 79, 59, 2, 86, 14, 68, 79, 70, 111], "priority": [9, 3, 15, 8, 5, 18, 11, 21, 2, 16, 17, 6, 12, 14, 7, 13, 4, 1, 22, 20, 10, 19], "win_min": [0, 0, 0, 0, 0, 0, 0, 22, 0, 0, 0, 0, 0, 0, 0, 0, 0, 0, 0, 0, 0, 0], "win_max": [125, 125, 125, 125, 125, 125, 125, 118, 125, 125, 125, 125, 125, 125, 125, 125, 125, 125, 125, 125, 125, 125]}