{"subs": 1, "jobs": 9, "T": 125, "power_use": [3.448622271639911, 1.1217581076247027, 0.24702394762261945, 0.45078775714545427, 0.5834751049053691, 3.224894005885727, 2.600261099597624, 2.1065608409314276, 2.590545065380403], "power_resource": [0.0, 0.0, 0.0, 0.0, 0.0, 0.0, 0.0, 0.0, 0.0, 0.0, 0.0, 6.76238733, 7.128866088, 7.455172248, 7.733763828, 7.957714518, 8.12148327, 8.337276306, 8.63864775, 8.866908144, 9.019286964, 9.094706784, 9.093013686, 9.015285096, 8.863983702, 8.642803536, 8.356362138, 8.01066231, 7.612168608, 7.168423014, 6.6877371, 6.178884192, 5.650945452, 5.113309878, 4.662637974, 4.536117378, 4.329405504, 4.04650422, 3.692031066, 3.272142762, 2.7936117, 2.653700238, 2.88134496, 3.070356264, 3.652320222, 4.23120582, 4.797316224, 5.341262436, 5.853655458, 6.325721964, 6.749458218, 7.11716832, 7.422387714, 7.659113598, 7.823036268, 7.910461692, 7.918927182, 7.847663148, 7.696515672, 7.467023934, 7.161650622, 6.784551522, 6.86397321, 7.179966864, 7.442089218, 7.644645306, 8.005429098, 8.34543396, 8.613405198, 8.806572288, 8.92416564, 8.966031336, 0.0, 0.0, 0.0, 0.0, 0.0, 0.0, 0.0, 0.0, 0.0, 0.0, 0.0, 0.0, 0.0, 0.0, 0.0, 0.0, 0.0, 0.0, 0.0, 0.0, 0.0, 0.0, 0.0, 0.0, 0.0, 0.0, 0.0, 0.0, 0.0, 0.0, 0.0, 0.0, 0.0, 0.0, 0.0, 0.0, 6.691123296, 7.065144036, 7.40037744, 7.689435444, 7.925083902, 8.101627848, 8.26924455, 8.585084286, 8.828582562, 8.996661018, 9.087780474, 9.101633094, 9.039450222, 8.902924956, 8.695905246, 8.422700796, 8.088698736], "min_cpu_time": [23, 18, 10, 4, 13, 20, 18, 4, 7], "max_cpu_time": [51, 25, 56, 55, 13, 33, 50, 41, 21], "min_job_period": [32, 28, 14, 2, 5, 9, 14, 5, 7], "max_job_period": [74, 51, 110, 71, 58, 104, 112, 89, 73], "min_startup": [3, 4, 7, 19, 5, 4, 4, 19, 10], "max_startup": [87, 13, 62, 122, 30, 72, 47, 63, 63], "priority": [1, 7, 5, 2, 9, 3, 8, 6, 4], "win_min": [0, 0, 0, 0, 0, 0, 3, 0, 0], "win_max": [125, 125, 125, 125, 125, 125, 114, 125, 125]}