{"subs": 1, "jobs": 20, "T": 125, "power_use": [0.5489472694069737, 0.43058880928469145, 2.536794247992353, 0.7186652402173462, 3.659960969946763, 1.9716229292022789, 1.7181350616598592, 3.0681400792671782, 2.6819519080682324, 2.424795204861659, 0.3403231054715974, 3.4706675881033173, 0.7649499295661769, 0.16999272076122612, 0.3316190122589057, 1.5971620192822609, 3.1877114210561337, 0.0988767668174525, 0.09612889241716059, 3.9195903699358676], "power_resource": [8.527980708, 8.21614284, 7.847355312, 7.428698352, 6.96786786, 6.473637162, 5.954625666, 5.42022237, 4.879816272, 4.610305854, 4.450846806, 4.212581742, 3.899666448, 3.517488054, 3.07220328, 2.571354108, 2.784530538, 2.980929906, 3.319857342, 3.902283054, 4.477782456, 5.03696655, 5.57029242, 6.068678904, 6.523506594, 6.926771754, 7.271548074, 7.551370998, 7.761007314, 7.896147318, 7.95371265, 7.931856294, 7.829962578, 7.648801092, 7.390218852, 7.0571403, 6.654029058, 6.954323076, 7.250923062, 7.49118906, 7.744999842, 8.128255662, 8.441478792, 8.681283036, 8.845975296, 8.9349399, 8.948638602, 0.0, 0.0, 0.0, 0.0, 0.0, 0.0, 0.0, 0.0, 0.0, 0.0, 0.0, 0.0, 0.0, 0.0, 0.0, 0.0, 0.0, 0.0, 0.0, 0.0, 0.0, 0.0, 0.0, 0.0, 0.0, 0.0, 0.0, 0.0, 0.0, 0.0, 0.0, 0.0, 0.0, 0.0, 0.0, 6.809794074, 6.832112184, 7.190895042, 7.507966122, 7.775783442, 7.987882446, 8.138722086, 8.40238362, 8.689132854, 8.902155366, 9.03883455, 9.098400816, 9.081008082, 8.987887692, 8.82181017, 8.586777384, 8.287560792, 7.930163196, 7.521356988, 7.068991986, 6.581379762, 6.067293642, 5.535814788, 4.996793952, 4.638165012, 4.495021272, 4.272609762, 3.974470596, 3.606144822, 3.173327406, 2.68356033, 2.720654568, 2.932753572, 3.195029844, 3.777455556, 4.354801974, 4.9176801, 5.4563931, 5.961859812, 6.425460828, 6.839192412, 7.195512582, 7.4881107], "min_cpu_time": [14, 16, 10, 10, 23, 17, 21, 6, 23, 6, 4, 6, 11, 14, 10, 12, 4, 5, 5, 6], "max_cpu_time": [43, 52, 20, 48, 35, 23, 56, 7, 54, 12, 32, 9, 61, 21, 37, 52, 57, 59, 31, 56], "min_job_period": [45, 121, 45, 56, 117, 102, 90, 28, 91, 39, 79, 17, 116, 49, 27, 65, 64, 29, 88, 90], "max_job_period": [93, 123, 86, 76, 121, 114, 102, 112, 115, 88, 83, 48, 120, 68, 95, 107, 69, 85, 92, 108], "min_startup": [1, 1, 1, 1, 1, 1, 1, 1, 1, 1, 1, 1, 1, 1, 1, 1, 1, 1, 1, 1], "max_startup": [102, 70, 86, 21, 122, 111, 55, 44, 22, 30, 79, 77, 75, 76, 49, 4, 59, 75, 121, 49], "priority": [16, 14, 5, 13, 15, 20, 9, 6, 11, 12, 1, 17, 10, 7, 18, 4, 2, 3, 8, 19], "win_min": [0, 0, 0, 0, 0, 0, 23, 0, 0, 0, 0, 0, 0, 0, 0, 0, 0, 0, 0, 0], "win_max": [125, 125, 125, 125, 125, 125, 108, 125, 125, 125, 125, 125, 125, 125, 125, 125, 125, 125, 125, 125]}