{"subs": 1, "jobs": 13, "T": 125, "power_use": [1.9168908684366497, 2.861051322038919, 1.0873023687130572, 3.2769706398112683, 3.8344322068826164, 3.371419388205165, 0.9033602046505869, 1.9458059736165039, 3.276213374851379, 1.1473488387730764, 2.747724809798381, 3.4552461022454977, 1.1931183513876527], "power_resource": [7.40037744, 7.689435444, 7.925083902, 8.101627848, 8.26924455, 8.585084286, 8.828582562, 8.996661018, 9.087780474, 9.101633094, 9.039450222, 8.902924956, 8.695905246, 8.422700796, 8.088698736, 7.700825376, 7.266007026, 6.792709176, 6.289551234, 5.765306526, 5.229671886, 4.691882394, 4.573827288, 4.383276804, 4.115459484, 3.775300704, 3.368341512, 2.901508218, 2.583821466, 2.827011906, 2.989549314, 3.527338806, 4.10730183, 4.676336676, 5.224900428, 5.743911924, 6.224136084, 6.657569172, 7.036515288, 7.354048122, 7.604164872, 7.782247998, 7.88444955, 7.908152922, 7.851972852, 7.71590934, 7.50119373, 7.209980874, 6.846118722, 6.815950794, 7.141487364, 7.41423006, 7.628329998, 7.940167866, 8.293563594, 8.575233534, 8.782714998, 8.914468806, 8.970648876, 8.952178716, 0.0, 0.0, 0.0, 0.0, 0.0, 0.0, 0.0, 0.0, 0.0, 0.0, 0.0, 0.0, 0.0, 0.0, 0.0, 0.0, 0.0, 0.0, 0.0, 0.0, 0.0, 0.0, 0.0, 0.0, 0.0, 0.0, 0.0, 0.0, 0.0, 0.0, 0.0, 0.0, 0.0, 0.0, 0.0, 6.658030926, 6.999574968, 7.343581698, 7.642644372, 7.88983668, 8.079001902, 8.20459899, 8.52859638, 8.787024702, 8.970648876, 9.077467968, 9.107174142, 9.06038307, 8.938941768, 8.746236432, 8.486115012, 8.164426392, 7.787327292, 7.36189794, 6.89629599, 6.398986932, 5.87889801, 5.345418222, 4.808090484, 4.60830492, 4.433761908, 4.181490306, 3.8556459, 3.462077574, 3.007095966], "min_cpu_time": [10, 2, 10, 16, 10, 1, 18, 14, 9, 16, 10, 22, 22], "max_cpu_time": [23, 13, 34, 41, 28, 58, 45, 40, 32, 29, 31, 31, 53], "min_job_period": [59, 2, 24, 78, 19, 2, 27, 52, 41, 84, 8, 124, 111], "max_job_period": [59, 6, 94, 98, 121, 43, 84, 66, 90, 93, 43, 124, 116], "min_startup": [2, 10, 2, 1, 2, 20, 1, 2, 2, 1, 2, 1, 1], "max_startup": [21, 113, 26, 70, 114, 92, 109, 79, 80, 62, 97, 109, 117], "priority": [11, 5, 8, 4, 12, 6, 7, 2, 10, 1, 13, 3, 9], "win_min": [0, 0, 0, 0, 0, 0, 0, 16, 0, 0, 0, 0, 0], "win_max": [125, 125, 125, 125, 125, 125, 125, 111, 125, 125, 125, 125, 125]}