{"subs": 1, "jobs": 24, "T": 125, "power_use": [3.06759006037653, 1.1465133587191563, 0.5330077167932347, 3.499471644168384, 2.702975548042607, 0.6765331242367165, 0.5703855312504892, 1.5664995430595883, 1.633435634706354, 0.013457814600831305, 2.7601520093445084, 2.8543476773997662, 0.574312973952274, 1.1303277438978012, 2.5065453747321915, 1.919102922026554, 2.677333707163583, 2.1463627438431336, 3.1451163209627526, 0.8655554887701967, 2.50668864640225, 3.3129752900564235, 1.8288519106711842, 0.9424672527476834], "power_resource": [7.10100693, 7.384062132, 7.60970592, 7.872290028, 8.238768786, 8.534291346, 8.755933266, 8.902155366, 8.972495892, 8.96803227, 0.0, 0.0, 0.0, 0.0, 0.0, 0.0, 0.0, 0.0, 0.0, 0.0, 0.0, 0.0, 0.0, 0.0, 0.0, 0.0, 0.0, 0.0, 0.0, 0.0, 0.0, 0.0, 0.0, 0.0, 0.0, 0.0, 0.0, 0.0, 0.0, 0.0, 0.0, 0.0, 0.0, 0.0, 0.0, 6.716058012, 6.93246672, 7.284785022, 7.593852366, 7.85212677, 8.053605432, 8.192593386, 8.469030114, 8.742234564, 8.941404456, 9.064077102, 9.109482912, 9.078237558, 8.97188022, 8.793489258, 8.54706654, 8.23769136, 7.871520438, 7.45578792, 6.998189706, 6.507191286, 5.991565986, 5.460856722, 4.924298574, 4.639396356, 4.48132257, 4.244442768, 3.93337449, 3.55319703, 3.110374944, 2.612142378, 2.709264636, 2.90366307, 3.277068138, 3.858108588, 4.431914892, 4.989098052, 5.520115152, 6.01588503, 6.467942196, 6.868282914, 7.209826956, 7.486109766, 7.692205968, 7.82365194, 7.877369322, 7.851665016, 7.746077268, 7.561067832, 7.298637642, 6.961865058, 6.714980586, 7.05867948, 7.35189327, 7.588773072, 7.80210342, 8.18151129, 8.490578634, 8.72638101, 8.886917484, 8.971572384, 8.9811153, 0.0, 0.0, 0.0, 0.0, 0.0, 0.0, 0.0, 0.0, 0.0, 0.0, 0.0, 0.0, 0.0, 0.0, 0.0, 0.0, 0.0, 0.0], "min_cpu_time": [7, 1, 2, 7, 19, 8, 7, 12, 23, 6, 6, 22, 18, 1, 4, 2, 17, 7, 3, 22, 16, 19, 1, 3], "max_cpu_time": [12, 15, 22, 53, 25, 39, 44, 15, 23, 46, 28, 42, 44, 1, 9, 16, 28, 9, 14, 50, 20, 43, 24, 42], "min_job_period": [49, 18, 7, 34, 17, 113, 41, 119, 68, 51, 22, 40, 43, 8, 13, 30, 107, 97, 16, 95, 41, 33, 5, 51], "max_job_period": [64, 51, 38, 77, 48, 119, 78, 124, 98, 60, 39, 50, 81, 95, 120, 78, 115, 109, 72, 115, 72, 111, 80, 84], "min_startup": [1, 6, 3, 1, 1, 1, 1, 1, 1, 1, 1, 1, 1, 6, 2, 3, 1, 1, 2, 1, 1, 1, 6, 2], "max_startup": [52, 106, 79, 106, 69, 98, 51, 91, 86, 52, 7, 8, 63, 36, 98, 59, 114, 96, 29, 37, 9, 6, 105, 4], "priority": [18, 2, 12, 10, 5, 23, 16, 6, 19, 17, 20, 7, 4, 11, 14, 24, 8, 15, 3, 1, 13, 9, 22, 21], "win_min": [0, 0, 0, 0, 0, 0, 0, 0, 0, 0, 0, 0, 0, 0, 0, 0, 0, 0, 20, 0, 0, 0, 0, 0], "win_max": [125, 125, 125, 125, 125, 125, 125, 125, 125, 125, 125, 125, 125, 125, 125, 125, 125, 125, 110, 125, 125, 125, 125, 125]}