{"subs": 1, "jobs": 24, "T": 125, "power_use": [2.2940605278428277, 3.9991250686542266, 0.23244356426385754, 1.865174334232907, 0.8416731104511316, 3.8307724544023496, 1.2788115772476178, 3.8114550403213303, 0.2192288060097713, 0.07548587296152874, 0.34148932210984323, 2.2479050172247006, 1.0828725409154192, 3.115143462758165, 0.8573902120440727, 0.6787331534524397, 0.7427648280707779, 1.0521207616934118, 0.45355492364140804, 0.8452010663425171, 1.6781698786004478, 3.1262600650257584, 0.9278422752071293, 2.8420982076007206], "power_resource": [8.866908144, 9.019286964, 9.094706784, 9.093013686, 9.015285096, 8.863983702, 8.642803536, 8.356362138, 8.01066231, 7.612168608, 7.168423014, 6.6877371, 6.178884192, 5.650945452, 5.113309878, 4.662637974, 4.536117378, 4.329405504, 4.04650422, 3.692031066, 3.272142762, 2.7936117, 2.653700238, 2.88134496, 3.070356264, 3.652320222, 4.23120582, 4.797316224, 5.341262436, 5.853655458, 6.325721964, 6.749458218, 7.11716832, 7.422387714, 7.659113598, 7.823036268, 7.910461692, 7.918927182, 7.847663148, 7.696515672, 7.467023934, 7.161650622, 6.784551522, 6.86397321, 7.179966864, 7.442089218, 7.644645306, 8.005429098, 8.34543396, 8.613405198, 8.806572288, 8.92416564, 8.966031336, 0.0, 0.0, 0.0, 0.0, 0.0, 0.0, 0.0, 0.0, 0.0, 0.0, 0.0, 0.0, 0.0, 0.0, 0.0, 0.0, 0.0, 0.0, 0.0, 0.0, 0.0, 0.0, 0.0, 0.0, 0.0, 0.0, 0.0, 0.0, 0.0, 0.0, 0.0, 0.0, 0.0, 0.0, 0.0, 0.0, 6.691123296, 7.065144036, 7.40037744, 7.689435444, 7.925083902, 8.101627848, 8.26924455, 8.585084286, 8.828582562, 8.996661018, 9.087780474, 9.101633094, 9.039450222, 8.902924956, 8.695905246, 8.422700796, 8.088698736, 7.700825376, 7.266007026, 6.792709176, 6.289551234, 5.765306526, 5.229671886, 4.691882394, 4.573827288, 4.383276804, 4.115459484, 3.775300704, 3.368341512, 2.901508218, 2.583821466, 2.827011906, 2.989549314, 3.527338806, 4.10730183, 4.676336676], "min_cpu_time": [8, 1, 18, 20, 1, 20, 9, 23, 6, 20, 18, 22, 6, 17, 24, 4, 4, 17, 2, 6, 2, 16, 10, 9], "max_cpu_time": [22, 26, 41, 47, 26, 44, 10, 51, 31, 47, 19, 32, 24, 55, 33, 24, 57, 36, 5, 23, 32, 59, 24, 15], "min_job_period": [77, 2, 20, 88, 9, 31, 15, 19, 35, 10, 26, 39, 28, 75, 22, 1, 49, 80, 7, 33, 20, 36, 64, 72], "max_job_period": [93, 105, 81, 122, 103, 90, 48, 116, 36, 91, 113, 97, 48, 112, 37, 6, 105, 90, 46, 114, 113, 97, 102, 101], "min_startup": [1, 9, 1, 1, 9, 1, 1, 1, 2, 1, 1, 1, 2, 1, 1, 2, 2, 1, 4, 2, 4, 1, 1, 1], "max_startup": [114, 113, 53, 98, 81, 123, 63, 6, 99, 67, 68, 105, 13, 35, 68, 115, 3, 47, 119, 112, 114, 113, 46, 43], "priority": [22, 1, 14, 17, 13, 7, 23, 19, 6, 5, 3, 2, 12, 20, 4, 18, 9, 21, 10, 16, 8, 24, 11, 15], "win_min": [0, 0, 0, 0, 0, 0, 0, 0, 0, 0, 0, 0, 0, 0, 0, 0, 0, 0, 0, 0, 0, 0, 0, 20], "win_max": [125, 125, 125, 125, 125, 125, 125, 125, 125, 125, 125, 125, 125, 125, 125, 125, 125, 125, 125, 125, 125, 125, 125, 100]}