{"subs": 1, "jobs": 13, "T": 125, "power_use": [0.34663549660169174, 3.401035488088152, 3.257853921109968, 2.751829290854279, 0.1334913862330385, 0.9490922793201741, 1.3306940593420913, 1.6573642098858283, 2.9317914324915044, 1.996219447774203, 0.5377705627208612, 2.0293648201788033, 1.6947984527208002], "power_resource": [6.067293642, 5.535814788, 4.996793952, 4.638165012, 4.495021272, 4.272609762, 3.974470596, 3.606144822, 3.173327406, 2.68356033, 2.720654568, 2.932753572, 3.195029844, 3.777455556, 4.354801974, 4.9176801, 5.4563931, 5.961859812, 6.425460828, 6.839192412, 7.195512582, 7.4881107, 7.711445718, 7.861054014, 7.933549392, 7.926930918, 7.840275084, 7.674043644, 7.429929696, 7.110703764, 6.720521634, 6.909994692, 7.21644543, 7.467793524, 7.67204271, 8.068227642, 8.394841638, 8.648806338, 8.827659054, 8.930938032, 8.958643272, 0.0, 0.0, 0.0, 0.0, 0.0, 0.0, 0.0, 0.0, 0.0, 0.0, 0.0, 0.0, 0.0, 0.0, 0.0, 0.0, 0.0, 0.0, 0.0, 0.0, 0.0, 0.0, 0.0, 0.0, 0.0, 0.0, 0.0, 0.0, 0.0, 0.0, 0.0, 0.0, 0.0, 0.0, 0.0, 0.0, 6.76238733, 7.128866088, 7.455172248, 7.733763828, 7.957714518, 8.12148327, 8.337276306, 8.63864775, 8.866908144, 9.019286964, 9.094706784, 9.093013686, 9.015285096, 8.863983702, 8.642803536, 8.356362138, 8.01066231, 7.612168608, 7.168423014, 6.6877371, 6.178884192, 5.650945452, 5.113309878, 4.662637974, 4.536117378, 4.329405504, 4.04650422, 3.692031066, 3.272142762, 2.7936117, 2.653700238, 2.88134496, 3.070356264, 3.652320222, 4.23120582, 4.797316224, 5.341262436, 5.853655458, 6.325721964, 6.749458218, 7.11716832, 7.422387714, 7.659113598, 7.823036268, 7.910461692, 7.918927182, 7.847663148, 7.696515672], "min_cpu_time": [18, 13, 3, 4, 15, 3, 7, 14, 16, 11, 16, 24, 1], "max_cpu_time": [57, 28, 23, 53, 31, 33, 59, 40, 34, 54, 60, 61, 8], "min_job_period": [7, 7, 6, 7, 7, 4, 12, 21, 40, 13, 32, 17, 1], "max_job_period": [119, 51, 54, 76, 86, 33, 66, 45, 48, 110, 97, 100, 7], "min_startup": [2, 3, 14, 11, 3, 14, 6, 3, 3, 4, 3, 2, 43], "max_startup": [47, 107, 95, 65, 91, 31, 12, 100, 79, 12, 51, 98, 122], "priority": [1, 8, 13, 12, 6, 11, 4, 3, 2, 5, 10, 7, 9], "win_min": [0, 0, 0, 0, 9, 0, 0, 0, 0, 0, 0, 0, 0], "win_max": [125, 125, 125, 125, 102, 125, 125, 125, 125, 125, 125, 125, 125]}