{"subs": 1, "jobs": 24, "T": 125, "power_use": [0.7704035094431172, 0.1270224080678493, 0.5765197311897754, 3.962957661408461, 3.0257121759945313, 2.142183088655812, 1.7806038428292321, 3.473774036868997, 1.0948619755587217, 3.1178001791890413, 0.5190914832550325, 0.5447625616849477, 0.8981250941732346, 0.8051631188706659, 2.4679244246350733, 3.9395399570149956, 2.856208187585059, 3.8801566028533196, 0.5004091041615877, 3.9246599341125634, 1.9875986056052228, 2.0461363882348063, 3.314655972894415, 1.09820610510066], "power_resource": [9.019286964, 9.094706784, 9.093013686, 9.015285096, 8.863983702, 8.642803536, 8.356362138, 8.01066231, 7.612168608, 7.168423014, 6.6877371, 6.178884192, 5.650945452, 5.113309878, 4.662637974, 4.536117378, 4.329405504, 4.04650422, 3.692031066, 3.272142762, 2.7936117, 2.653700238, 2.88134496, 3.070356264, 3.652320222, 4.23120582, 4.797316224, 5.341262436, 5.853655458, 6.325721964, 6.749458218, 7.11716832, 7.422387714, 7.659113598, 7.823036268, 7.910461692, 7.918927182, 7.847663148, 7.696515672, 7.467023934, 7.161650622, 6.784551522, 6.86397321, 7.179966864, 7.442089218, 7.644645306, 8.005429098, 8.34543396, 8.613405198, 8.806572288, 8.92416564, 8.966031336, 0.0, 0.0, 0.0, 0.0, 0.0, 0.0, 0.0, 0.0, 0.0, 0.0, 0.0, 0.0, 0.0, 0.0, 0.0, 0.0, 0.0, 0.0, 0.0, 0.0, 0.0, 0.0, 0.0, 0.0, 0.0, 0.0, 0.0, 0.0, 0.0, 0.0, 0.0, 0.0, 0.0, 0.0, 0.0, 0.0, 6.691123296, 7.065144036, 7.40037744, 7.689435444, 7.925083902, 8.101627848, 8.26924455, 8.585084286, 8.828582562, 8.996661018, 9.087780474, 9.101633094, 9.039450222, 8.902924956, 8.695905246, 8.422700796, 8.088698736, 7.700825376, 7.266007026, 6.792709176, 6.289551234, 5.765306526, 5.229671886, 4.691882394, 4.573827288, 4.383276804, 4.115459484, 3.775300704, 3.368341512, 2.901508218, 2.583821466, 2.827011906, 2.989549314, 3.527338806, 4.10730183, 4.676336676, 5.224900428], "min_cpu_time": [1, 16, 4, 20, 7, 24, 4, 11, 8, 14, 21, 2, 4, 15, 17, 14, 3, 4, 22, 8, 10, 20, 8, 3], "max_cpu_time": [28, 46, 37, 50, 16, 26, 32, 18, 34, 15, 59, 12, 39, 44, 42, 56, 28, 9, 34, 22, 61, 38, 58, 27], "min_job_period": [14, 70, 12, 93, 21, 93, 5, 28, 110, 83, 17, 22, 32, 33, 8, 40, 14, 19, 50, 124, 37, 21, 13, 8], "max_job_period": [53, 111, 41, 105, 120, 99, 36, 101, 121, 84, 45, 46, 61, 63, 30, 111, 114, 41, 122, 124, 99, 52, 74, 37], "min_startup": [8, 1, 2, 1, 2, 1, 2, 1, 1, 1, 1, 4, 2, 1, 1, 1, 3, 2, 1, 1, 1, 1, 1, 3], "max_startup": [116, 113, 36, 25, 7, 46, 49, 34, 69, 82, 85, 57, 84, 8, 19, 105, 18, 79, 61, 80, 70, 100, 110, 33], "priority": [3, 5, 2, 7, 4, 6, 13, 21, 20, 8, 24, 19, 9, 22, 18, 15, 10, 16, 17, 1, 23, 14, 12, 11], "win_min": [0, 0, 0, 0, 0, 0, 0, 0, 0, 0, 0, 0, 0, 8, 0, 0, 0, 0, 0, 0, 0, 0, 0, 0], "win_max": [125, 125, 125, 125, 125, 125, 125, 125, 125, 125, 125, 125, 125, 123, 125, 125, 125, 125, 125, 125, 125, 125, 125, 125]}