{"subs": 1, "jobs": 24, "T": 125, "power_use": [1.7405757456122615, 0.6577303255020843, 0.8548600352546459, 2.856022933164161, 1.527387060660911, 0.21191185400642015, 1.80873374213049, 3.7426000099444763, 1.167163486159192, 1.2295560476207306, 2.4090501278964718, 2.5958552965975232, 2.4855135319857413, 0.932367312278881, 0.35580475090780234, 3.606689773875003, 3.8667687836037246, 0.42915135797217574, 1.0219656802159416, 3.4452724774463124, 3.4911661234055167, 3.3235277419369056, 3.184461764390882, 3.8453835591716374], "power_resource": [7.604164872, 7.782247998, 7.88444955, 7.908152922, 7.851972852, 7.71590934, 7.50119373, 7.209980874, 6.846118722, 6.815950794, 7.141487364, 7.41423006, 7.628329998, 7.940167866, 8.293563594, 8.575233534, 8.782714998, 8.914468806, 8.970648876, 8.952178716, 0.0, 0.0, 0.0, 0.0, 0.0, 0.0, 0.0, 0.0, 0.0, 0.0, 0.0, 0.0, 0.0, 0.0, 0.0, 0.0, 0.0, 0.0, 0.0, 0.0, 0.0, 0.0, 0.0, 0.0, 0.0, 0.0, 0.0, 0.0, 0.0, 0.0, 0.0, 0.0, 0.0, 0.0, 0.0, 6.658030926, 6.999574968, 7.343581698, 7.642644372, 7.88983668, 8.079001902, 8.20459899, 8.52859638, 8.787024702, 8.970648876, 9.077467968, 9.107174142, 9.06038307, 8.938941768, 8.746236432, 8.486115012, 8.164426392, 7.787327292, 7.36189794, 6.89629599, 6.398986932, 5.87889801, 5.345418222, 4.808090484, 4.60830492, 4.433761908, 4.181490306, 3.8556459, 3.462077574, 3.007095966, 2.511018252, 2.769600492, 2.948145372, 3.402203472, 3.982782168, 4.55443362, 5.107460994, 5.63262921, 6.120857106, 6.56383311, 6.953553486, 7.283091924, 7.546445622, 7.738535286, 7.855512966, 7.894146384, 7.853358114, 7.732532484, 7.532593002, 7.25569452, 6.905223234, 6.766389198, 7.10100693, 7.384062132, 7.60970592, 7.872290028, 8.238768786, 8.534291346, 8.755933266, 8.902155366, 8.972495892, 8.96803227, 0.0, 0.0, 0.0, 0.0, 0.0, 0.0, 0.0, 0.0], "min_cpu_time": [15, 4, 21, 18, 24, 20, 4, 22, 21, 19, 9, 4, 2, 16, 24, 7, 3, 4, 20, 18, 7, 15, 22, 12], "max_cpu_time": [55, 7, 55, 36, 58, 24, 31, 51, 22, 47, 13, 36, 37, 43, 56, 30, 52, 42, 47, 59, 40, 23, 58, 59], "min_job_period": [3, 35, 74, 15, 93, 9, 4, 118, 76, 50, 86, 47, 21, 53, 104, 9, 9, 14, 99, 16, 42, 113, 12, 4], "max_job_period": [119, 101, 79, 40, 118, 37, 32, 123, 83, 86, 93, 67, 50, 108, 119, 47, 89, 16, 118, 74, 109, 124, 48, 82], "min_startup": [1, 2, 1, 1, 1, 1, 2, 1, 1, 1, 1, 2, 4, 1, 1, 2, 3, 2, 1, 1, 2, 1, 1, 1], "max_startup": [57, 35, 67, 112, 102, 71, 106, 1, 18, 103, 59, 106, 112, 118, 83, 16, 39, 118, 123, 20, 48, 88, 27, 18], "priority": [17, 18, 7, 15, 3, 19, 20, 2, 12, 23, 6, 1, 10, 16, 22, 5, 24, 8, 21, 4, 14, 9, 11, 13], "win_min": [0, 0, 0, 0, 0, 0, 0, 0, 0, 0, 0, 0, 0, 0, 23, 0, 0, 0, 0, 0, 0, 0, 0, 0], "win_max": [125, 125, 125, 125, 125, 125, 125, 125, 125, 125, 125, 125, 125, 125, 110, 125, 125, 125, 125, 125, 125, 125, 125, 125]}