{"subs": 1, "jobs": 18, "T": 125, "power_use": [1.7092682960410337, 1.150873185162406, 0.27963085351939926, 2.586844430287335, 2.346708718038351, 0.46281838347311577, 1.3657415533331718, 0.20781251868877487, 2.753503008356905, 0.8235727346795122, 2.2609674563023496, 2.7496818798582234, 2.519058734109556, 3.519341308766732, 3.933672604433697, 3.396948092310262, 3.897092823822644, 0.7645325393440779], "power_resource": [0.0, 0.0, 0.0, 0.0, 0.0, 0.0, 0.0, 0.0, 0.0, 0.0, 0.0, 0.0, 0.0, 0.0, 0.0, 0.0, 0.0, 0.0, 0.0, 0.0, 0.0, 0.0, 0.0, 0.0, 0.0, 0.0, 0.0, 0.0, 0.0, 0.0, 0.0, 0.0, 0.0, 0.0, 6.771160656, 6.863665374, 7.22414133, 7.54275159, 7.81210809, 8.025592356, 8.17766334, 8.406385488, 8.694519984, 8.908927758, 9.04730004, 9.108559404, 9.092859768, 9.001740312, 8.83797156, 8.605093626, 8.308339722, 7.95371265, 7.547830884, 7.098544242, 6.614010378, 6.103310454, 5.575525632, 5.040198828, 4.667255514, 4.525497036, 4.304470788, 4.00802472, 3.64169988, 3.211191234, 2.724040764, 2.64585042, 2.856102408, 3.152086722, 3.733127172, 4.30893441, 4.869811602, 5.406215832, 5.909219856, 6.370204266, 6.78085749, 7.133945382, 7.423157304, 7.642952208, 7.788866472, 7.8575139, 7.847201394, 7.75669761, 7.58661822, 7.338656322, 7.015736358, 6.662032794, 7.014351096, 7.317569556, 7.565531454, 7.752541824, 8.121637188, 8.444249316, 8.69405823, 8.86875516, 8.967878352, 8.991427806, 0.0, 0.0, 0.0, 0.0, 0.0, 0.0, 0.0, 0.0, 0.0, 0.0, 0.0, 0.0, 0.0, 0.0, 0.0, 0.0, 0.0, 0.0, 0.0, 0.0, 0.0, 0.0, 0.0, 0.0, 0.0, 0.0, 0.0, 0.0, 0.0], "min_cpu_time": [17, 15, 6, 20, 22, 17, 19, 5, 10, 16, 4, 22, 18, 5, 11, 8, 18, 1], "max_cpu_time": [59, 59, 22, 43, 43, 21, 38, 24, 10, 18, 49, 24, 32, 10, 19, 25, 22, 50], "min_job_period": [72, 22, 8, 46, 67, 115, 5, 64, 114, 80, 117, 43, 22, 17, 112, 61, 97, 32], "max_job_period": [84, 43, 34, 94, 92, 120, 118, 81, 115, 121, 120, 76, 109, 108, 119, 73, 119, 86], "min_startup": [1, 1, 1, 1, 1, 1, 1, 1, 1, 1, 1, 1, 1, 1, 1, 1, 1, 3], "max_startup": [76, 23, 4, 8, 27, 42, 39, 101, 121, 76, 102, 111, 77, 23, 124, 98, 121, 77], "priority": [16, 10, 12, 15, 3, 5, 13, 4, 6, 2, 17, 1, 8, 14, 18, 9, 7, 11], "win_min": [0, 0, 0, 0, 0, 0, 0, 0, 0, 0, 0, 0, 0, 0, 20, 0, 0, 0], "win_max": [125, 125, 125, 125, 125, 125, 125, 125, 125, 125, 125, 125, 125, 125, 107, 125, 125, 125]}