{"subs": 1, "jobs": 18, "T": 125, "power_use": [3.1071275725239813, 0.6930053336458916, 2.1639828951579356, 3.3125017378958472, 1.708275842646174, 0.42128314640354403, 3.188807114600298, 3.0286854071885796, 2.500363759030899, 1.9642515518016264, 1.8248468860446427, 1.9362999788014137, 2.230746815786089, 1.25189269655015, 0.5183207734260646, 2.2026109098231417, 2.845552858742463, 2.4552960526114433], "power_resource": [0.0, 0.0, 0.0, 0.0, 0.0, 0.0, 0.0, 0.0, 0.0, 0.0, 0.0, 0.0, 0.0, 6.691123296, 7.065144036, 7.40037744, 7.689435444, 7.925083902, 8.101627848, 8.26924455, 8.585084286, 8.828582562, 8.996661018, 9.087780474, 9.101633094, 9.039450222, 8.902924956, 8.695905246, 8.422700796, 8.088698736, 7.700825376, 7.266007026, 6.792709176, 6.289551234, 5.765306526, 5.229671886, 4.691882394, 4.573827288, 4.383276804, 4.115459484, 3.775300704, 3.368341512, 2.901508218, 2.583821466, 2.827011906, 2.989549314, 3.527338806, 4.10730183, 4.676336676, 5.224900428, 5.743911924, 6.224136084, 6.657569172, 7.036515288, 7.354048122, 7.604164872, 7.782247998, 7.88444955, 7.908152922, 7.851972852, 7.71590934, 7.50119373, 7.209980874, 6.846118722, 6.815950794, 7.141487364, 7.41423006, 7.628329998, 7.940167866, 8.293563594, 8.575233534, 8.782714998, 8.914468806, 8.970648876, 8.952178716, 0.0, 0.0, 0.0, 0.0, 0.0, 0.0, 0.0, 0.0, 0.0, 0.0, 0.0, 0.0, 0.0, 0.0, 0.0, 0.0, 0.0, 0.0, 0.0, 0.0, 0.0, 0.0, 0.0, 0.0, 0.0, 0.0, 0.0, 0.0, 0.0, 0.0, 0.0, 0.0, 0.0, 0.0, 0.0, 6.658030926, 6.999574968, 7.343581698, 7.642644372, 7.88983668, 8.079001902, 8.20459899, 8.52859638, 8.787024702, 8.970648876, 9.077467968, 9.107174142, 9.06038307, 8.938941768, 8.746236432], "min_cpu_time": [18, 2, 1, 8, 21, 5, 6, 7, 3, 17, 11, 5, 11, 10, 6, 12, 20, 4], "max_cpu_time": [49, 18, 5, 21, 58, 29, 40, 27, 3, 47, 12, 25, 26, 59, 56, 58, 42, 32], "min_job_period": [122, 11, 8, 15, 50, 37, 54, 26, 38, 116, 45, 1, 63, 123, 40, 124, 101, 24], "max_job_period": [122, 68, 95, 74, 73, 56, 81, 60, 87, 116, 123, 28, 78, 123, 73, 124, 108, 39], "min_startup": [1, 5, 9, 2, 1, 2, 2, 2, 3, 1, 1, 2, 1, 1, 2, 1, 1, 3], "max_startup": [82, 83, 37, 76, 68, 16, 78, 76, 84, 38, 25, 51, 55, 90, 26, 75, 27, 40], "priority": [10, 17, 4, 15, 12, 6, 18, 14, 13, 16, 9, 2, 8, 7, 11, 3, 5, 1], "win_min": [0, 0, 0, 10, 0, 0, 0, 0, 0, 0, 0, 0, 0, 0, 0, 0, 0, 0], "win_max": [125, 125, 125, 102, 125, 125, 125, 125, 125, 125, 125, 125, 125, 125, 125, 125, 125, 125]}