{"subs": 1, "jobs": 20, "T": 125, "power_use": [2.2669341879305667, 3.8562842338374628, 3.041141003361606, 0.7339332987419025, 0.15605420458453859, 3.7154510052819427, 1.4012247043808639, 1.5196938678425824, 1.8473738850610146, 2.2107681941516, 2.524372822761237, 0.510760725444851, 2.5093906689517946, 0.9748516988325568, 2.3031140812128807, 0.7784772596102231, 0.8259594840984738, 1.2448985441224931, 2.21496042711264, 3.9038763668308967], "power_resource": [0.0, 0.0, 0.0, 0.0, 0.0, 0.0, 0.0, 0.0, 0.0, 0.0, 0.0, 0.0, 0.0, 0.0, 0.0, 0.0, 0.0, 0.0, 0.0, 0.0, 0.0, 0.0, 0.0, 0.0, 0.0, 6.716058012, 6.93246672, 7.284785022, 7.593852366, 7.85212677, 8.053605432, 8.192593386, 8.469030114, 8.742234564, 8.941404456, 9.064077102, 9.109482912, 9.078237558, 8.97188022, 8.793489258, 8.54706654, 8.23769136, 7.871520438, 7.45578792, 6.998189706, 6.507191286, 5.991565986, 5.460856722, 4.924298574, 4.639396356, 4.48132257, 4.244442768, 3.93337449, 3.55319703, 3.110374944, 2.612142378, 2.709264636, 2.90366307, 3.277068138, 3.858108588, 4.431914892, 4.989098052, 5.520115152, 6.01588503, 6.467942196, 6.868282914, 7.209826956, 7.486109766, 7.692205968, 7.82365194, 7.877369322, 7.851665016, 7.746077268, 7.561067832, 7.298637642, 6.961865058, 6.714980586, 7.05867948, 7.35189327, 7.588773072, 7.80210342, 8.18151129, 8.490578634, 8.72638101, 8.886917484, 8.971572384, 8.9811153, 0.0, 0.0, 0.0, 0.0, 0.0, 0.0, 0.0, 0.0, 0.0, 0.0, 0.0, 0.0, 0.0, 0.0, 0.0, 0.0, 0.0, 0.0, 0.0, 0.0, 0.0, 0.0, 0.0, 0.0, 0.0, 0.0, 0.0, 0.0, 0.0, 0.0, 0.0, 0.0, 0.0, 0.0, 0.0, 6.771160656, 6.863665374, 7.22414133], "min_cpu_time": [24, 21, 8, 12, 11, 14, 19, 24, 12, 2, 20, 21, 10, 15, 5, 14, 2, 19, 15, 7], "max_cpu_time": [42, 55, 17, 50, 51, 59, 19, 41, 14, 48, 52, 43, 53, 53, 10, 59, 7, 19, 38, 35], "min_job_period": [69, 123, 10, 14, 60, 104, 2, 53, 46, 19, 45, 20, 62, 46, 109, 89, 123, 25, 60, 56], "max_job_period": [100, 124, 104, 66, 89, 113, 87, 73, 93, 84, 72, 26, 72, 110, 123, 119, 123, 51, 61, 73], "min_startup": [1, 1, 1, 1, 1, 1, 1, 1, 1, 1, 1, 1, 1, 1, 1, 1, 1, 1, 1, 1], "max_startup": [46, 14, 123, 86, 104, 44, 124, 55, 26, 45, 72, 58, 14, 41, 61, 105, 35, 64, 98, 5], "priority": [2, 4, 16, 12, 6, 5, 15, 1, 19, 20, 7, 3, 18, 11, 8, 14, 10, 13, 17, 9], "win_min": [0, 0, 0, 0, 0, 0, 0, 0, 0, 0, 0, 0, 6, 0, 0, 0, 0, 0, 0, 0], "win_max": [125, 125, 125, 125, 125, 125, 125, 125, 125, 125, 125, 125, 116, 125, 125, 125, 125, 125, 125, 125]}