{"subs": 1, "jobs": 9, "T": 125, "power_use": [2.9499790414322593, 2.3120256113870417, 3.0003989665937967, 1.8146348917238881, 2.31012018534005, 0.788888920849423, 2.584761772316437, 1.864715707322515, 1.6496019064237022], "power_resource": [0.0, 0.0, 0.0, 0.0, 0.0, 0.0, 0.0, 0.0, 0.0, 0.0, 0.0, 0.0, 0.0, 0.0, 0.0, 0.0, 6.691123296, 7.065144036, 7.40037744, 7.689435444, 7.925083902, 8.101627848, 8.26924455, 8.585084286, 8.828582562, 8.996661018, 9.087780474, 9.101633094, 9.039450222, 8.902924956, 8.695905246, 8.422700796, 8.088698736, 7.700825376, 7.266007026, 6.792709176, 6.289551234, 5.765306526, 5.229671886, 4.691882394, 4.573827288, 4.383276804, 4.115459484, 3.775300704, 3.368341512, 2.901508218, 2.583821466, 2.827011906, 2.989549314, 3.527338806, 4.10730183, 4.676336676, 5.224900428, 5.743911924, 6.224136084, 6.657569172, 7.036515288, 7.354048122, 7.604164872, 7.782247998, 7.88444955, 7.908152922, 7.851972852, 7.71590934, 7.50119373, 7.209980874, 6.846118722, 6.815950794, 7.141487364, 7.41423006, 7.628329998, 7.940167866, 8.293563594, 8.575233534, 8.782714998, 8.914468806, 8.970648876, 8.952178716, 0.0, 0.0, 0.0, 0.0, 0.0, 0.0, 0.0, 0.0, 0.0, 0.0, 0.0, 0.0, 0.0, 0.0, 0.0, 0.0, 0.0, 0.0, 0.0, 0.0, 0.0, 0.0, 0.0, 0.0, 0.0, 0.0, 0.0, 0.0, 0.0, 0.0, 0.0, 0.0, 0.0, 0.0, 0.0, 6.658030926, 6.999574968, 7.343581698, 7.642644372, 7.88983668, 8.079001902, 8.20459899, 8.52859638, 8.787024702, 8.970648876, 9.077467968, 9.107174142], "min_cpu_time": [13, 16, 14, 20, 12, 14, 24, 17, 10], "max_cpu_time": [59, 19, 55, 43, 59, 17, 40, 37, 40], "min_job_period": [38, 13, 33, 7, 34, 23, 26, 48, 9], "max_job_period": [111, 109, 106, 96, 60, 43, 103, 105, 86], "min_startup": [3, 2, 3, 2, 3, 3, 2, 2, 4], "max_startup": [94, 77, 92, 39, 115, 93, 56, 28, 56], "priority": [9, 1, 6, 4, 7, 2, 5, 8, 3], "win_min": [0, 0, 0, 0, 0, 0, 0, 6, 0], "win_max": [125, 125, 125, 125, 125, 125, 125, 102, 125]}