{"subs": 1, "jobs": 22, "T": 125, "power_use": [3.5274428570472414, 0.663532225753633, 3.7061763165051587, 0.9292157096407689, 3.201326531124067, 1.2939724785685067, 2.254136980910516, 2.4240857732907495, 2.2985807727848764, 0.35364298651380316, 3.20956150675928, 0.7045091085839136, 1.2082544684566054, 0.3873471553113445, 2.472478282577392, 0.6884697477158547, 0.1430875598149657, 1.8613342947850517, 3.128574876964737, 2.6961200664296405, 2.4652442993786883, 1.2537408252237265], "power_resource": [3.517488054, 3.07220328, 2.571354108, 2.784530538, 2.980929906, 3.319857342, 3.902283054, 4.477782456, 5.03696655, 5.57029242, 6.068678904, 6.523506594, 6.926771754, 7.271548074, 7.551370998, 7.761007314, 7.896147318, 7.95371265, 7.931856294, 7.829962578, 7.648801092, 7.390218852, 7.0571403, 6.654029058, 6.954323076, 7.250923062, 7.49118906, 7.744999842, 8.128255662, 8.441478792, 8.681283036, 8.845975296, 8.9349399, 8.948638602, 0.0, 0.0, 0.0, 0.0, 0.0, 0.0, 0.0, 0.0, 0.0, 0.0, 0.0, 0.0, 0.0, 0.0, 0.0, 0.0, 0.0, 0.0, 0.0, 0.0, 0.0, 0.0, 0.0, 0.0, 0.0, 0.0, 0.0, 0.0, 0.0, 0.0, 0.0, 0.0, 0.0, 0.0, 0.0, 6.809794074, 6.832112184, 7.190895042, 7.507966122, 7.775783442, 7.987882446, 8.138722086, 8.40238362, 8.689132854, 8.902155366, 9.03883455, 9.098400816, 9.081008082, 8.987887692, 8.82181017, 8.586777384, 8.287560792, 7.930163196, 7.521356988, 7.068991986, 6.581379762, 6.067293642, 5.535814788, 4.996793952, 4.638165012, 4.495021272, 4.272609762, 3.974470596, 3.606144822, 3.173327406, 2.68356033, 2.720654568, 2.932753572, 3.195029844, 3.777455556, 4.354801974, 4.9176801, 5.4563931, 5.961859812, 6.425460828, 6.839192412, 7.195512582, 7.4881107, 7.711445718, 7.861054014, 7.933549392, 7.926930918, 7.840275084, 7.674043644, 7.429929696, 7.110703764, 6.720521634, 6.909994692, 7.21644543, 7.467793524, 7.67204271], "min_cpu_time": [12, 15, 14, 4, 8, 2, 5, 2, 9, 18, 10, 21, 12, 12, 5, 5, 2, 4, 4, 17, 4, 19], "max_cpu_time": [21, 41, 18, 48, 49, 28, 29, 31, 48, 20, 30, 41, 55, 12, 52, 62, 17, 27, 25, 53, 57, 26], "min_job_period": [40, 43, 51, 14, 12, 6, 3, 8, 23, 10, 32, 8, 54, 31, 21, 18, 4, 20, 2, 58, 6, 50], "max_job_period": [106, 83, 100, 63, 91, 62, 118, 113, 110, 31, 38, 97, 87, 119, 63, 29, 93, 41, 10, 109, 61, 110], "min_startup": [2, 2, 2, 5, 3, 10, 4, 10, 2, 1, 2, 1, 2, 2, 4, 4, 10, 5, 5, 1, 5, 1], "max_startup": [109, 87, 59, 58, 70, 118, 74, 110, 103, 72, 95, 82, 30, 30, 58, 56, 98, 109, 22, 18, 96, 54], "priority": [2, 19, 20, 7, 21, 18, 9, 12, 13, 11, 15, 6, 22, 10, 17, 5, 3, 14, 16, 4, 1, 8], "win_min": [0, 0, 0, 0, 0, 0, 0, 0, 0, 0, 0, 0, 0, 0, 0, 0, 0, 0, 0, 0, 0, 7], "win_max": [125, 125, 125, 125, 125, 125, 125, 125, 125, 125, 125, 125, 125, 125, 125, 125, 125, 125, 125, 125, 125, 116]}