{"subs": 1, "jobs": 18, "T": 125, "power_use": [2.6404122107359767, 1.7316515054294275, 1.9712848543785575, 3.870871730890714, 3.7573530614602664, 0.718279851604679, 0.14947035184661767, 1.8142802106323805, 3.114742963279646, 3.5560303523382113, 1.8467386559209078, 1.9787633085066223, 2.7676409827683557, 0.9020481617621973, 1.2173976299728855, 1.2368200231302626, 0.9759253167293226, 2.1093343786824943], "power_resource": [8.23769136, 7.871520438, 7.45578792, 6.998189706, 6.507191286, 5.991565986, 5.460856722, 4.924298574, 4.639396356, 4.48132257, 4.244442768, 3.93337449, 3.55319703, 3.110374944, 2.612142378, 2.709264636, 2.90366307, 3.277068138, 3.858108588, 4.431914892, 4.989098052, 5.520115152, 6.01588503, 6.467942196, 6.868282914, 7.209826956, 7.486109766, 7.692205968, 7.82365194, 7.877369322, 7.851665016, 7.746077268, 7.561067832, 7.298637642, 6.961865058, 6.714980586, 7.05867948, 7.35189327, 7.588773072, 7.80210342, 8.18151129, 8.490578634, 8.72638101, 8.886917484, 8.971572384, 8.9811153, 0.0, 0.0, 0.0, 0.0, 0.0, 0.0, 0.0, 0.0, 0.0, 0.0, 0.0, 0.0, 0.0, 0.0, 0.0, 0.0, 0.0, 0.0, 0.0, 0.0, 0.0, 0.0, 0.0, 0.0, 0.0, 0.0, 0.0, 0.0, 0.0, 0.0, 0.0, 0.0, 0.0, 0.0, 0.0, 6.771160656, 6.863665374, 7.22414133, 7.54275159, 7.81210809, 8.025592356, 8.17766334, 8.406385488, 8.694519984, 8.908927758, 9.04730004, 9.108559404, 9.092859768, 9.001740312, 8.83797156, 8.605093626, 8.308339722, 7.95371265, 7.547830884, 7.098544242, 6.614010378, 6.103310454, 5.575525632, 5.040198828, 4.667255514, 4.525497036, 4.304470788, 4.00802472, 3.64169988, 3.211191234, 2.724040764, 2.64585042, 2.856102408, 3.152086722, 3.733127172, 4.30893441, 4.869811602, 5.406215832, 5.909219856, 6.370204266, 6.78085749, 7.133945382, 7.423157304, 7.642952208], "min_cpu_time": [12, 3, 2, 18, 10, 2, 7, 7, 2, 14, 3, 19, 11, 16, 24, 20, 24, 4], "max_cpu_time": [41, 32, 18, 21, 51, 8, 15, 22, 28, 28, 61, 26, 52, 62, 38, 61, 52, 23], "min_job_period": [22, 12, 7, 42, 60, 2, 24, 36, 10, 2, 7, 110, 8, 109, 72, 79, 35, 11], "max_job_period": [96, 41, 63, 76, 93, 94, 109, 57, 27, 89, 63, 116, 63, 116, 102, 102, 77, 120], "min_startup": [2, 7, 10, 1, 2, 10, 3, 3, 10, 2, 7, 1, 2, 1, 1, 1, 1, 5], "max_startup": [18, 76, 11, 87, 2, 107, 79, 91, 122, 119, 98, 29, 4, 42, 26, 101, 121, 92], "priority": [18, 1, 14, 12, 11, 9, 5, 16, 17, 2, 10, 7, 6, 15, 13, 3, 8, 4], "win_min": [0, 0, 0, 0, 0, 0, 0, 0, 0, 0, 0, 0, 0, 19, 0, 0, 0, 0], "win_max": [125, 125, 125, 125, 125, 125, 125, 125, 125, 125, 125, 125, 125, 120, 125, 125, 125, 125]}