{"subs": 1, "jobs": 18, "T": 125, "power_use": [1.0207899977423731, 0.9929483842012055, 3.6921866599685056, 0.39774784347817954, 3.1222529209023, 1.2360321051645697, 3.4750237945255846, 1.1554276486484085, 0.5298573294939524, 1.0937815407439533, 1.5190870112434651, 1.46888765324036, 2.6269999605047647, 2.4264994829358866, 0.11076582146002087, 2.6886388947516355, 3.6691238239029946, 3.1129121674752795], "power_resource": [7.11716832, 7.422387714, 7.659113598, 7.823036268, 7.910461692, 7.918927182, 7.847663148, 7.696515672, 7.467023934, 7.161650622, 6.784551522, 6.86397321, 7.179966864, 7.442089218, 7.644645306, 8.005429098, 8.34543396, 8.613405198, 8.806572288, 8.92416564, 8.966031336, 0.0, 0.0, 0.0, 0.0, 0.0, 0.0, 0.0, 0.0, 0.0, 0.0, 0.0, 0.0, 0.0, 0.0, 0.0, 0.0, 0.0, 0.0, 0.0, 0.0, 0.0, 0.0, 0.0, 0.0, 0.0, 0.0, 0.0, 0.0, 0.0, 0.0, 0.0, 0.0, 0.0, 0.0, 0.0, 0.0, 6.691123296, 7.065144036, 7.40037744, 7.689435444, 7.925083902, 8.101627848, 8.26924455, 8.585084286, 8.828582562, 8.996661018, 9.087780474, 9.101633094, 9.039450222, 8.902924956, 8.695905246, 8.422700796, 8.088698736, 7.700825376, 7.266007026, 6.792709176, 6.289551234, 5.765306526, 5.229671886, 4.691882394, 4.573827288, 4.383276804, 4.115459484, 3.775300704, 3.368341512, 2.901508218, 2.583821466, 2.827011906, 2.989549314, 3.527338806, 4.10730183, 4.676336676, 5.224900428, 5.743911924, 6.224136084, 6.657569172, 7.036515288, 7.354048122, 7.604164872, 7.782247998, 7.88444955, 7.908152922, 7.851972852, 7.71590934, 7.50119373, 7.209980874, 6.846118722, 6.815950794, 7.141487364, 7.41423006, 7.628329998, 7.940167866, 8.293563594, 8.575233534, 8.782714998, 8.914468806, 8.970648876, 8.952178716, 0.0, 0.0, 0.0, 0.0, 0.0, 0.0], "min_cpu_time": [17, 14, 2, 15, 19, 17, 23, 6, 11, 15, 12, 9, 23, 12, 17, 9, 1, 9], "max_cpu_time": [42, 19, 62, 47, 50, 42, 56, 42, 28, 15, 32, 19, 62, 57, 43, 32, 48, 49], "min_job_period": [25, 94, 7, 60, 73, 72, 114, 23, 60, 121, 32, 5, 114, 7, 57, 29, 3, 26], "max_job_period": [74, 94, 66, 103, 89, 79, 122, 124, 84, 124, 63, 118, 121, 63, 107, 123, 18, 115], "min_startup": [1, 1, 8, 1, 1, 1, 1, 3, 2, 1, 2, 2, 1, 2, 1, 2, 16, 2], "max_startup": [87, 51, 86, 101, 120, 108, 16, 43, 38, 52, 73, 54, 96, 14, 2, 12, 113, 83], "priority": [3, 17, 14, 11, 18, 16, 10, 2, 6, 12, 8, 13, 4, 9, 15, 5, 7, 1], "win_min": [0, 0, 0, 0, 22, 0, 0, 0, 0, 0, 0, 0, 0, 0, 0, 0, 0, 0], "win_max": [125, 125, 125, 125, 111, 125, 125, 125, 125, 125, 125, 125, 125, 125, 125, 125, 125, 125]}