{"subs": 1, "jobs": 20, "T": 125, "power_use": [2.467626223293772, 3.833298490840671, 1.0883410033028065, 1.5100846864748683, 1.7012593281943373, 0.2797293976015487, 2.414856790912528, 1.5121035758190038, 2.1852122721605483, 3.007418012158959, 3.111553544381141, 3.5372719884338686, 3.110292310648966, 3.24767504233158, 1.7282763333616498, 2.9824883222842162, 0.040768022136034525, 2.428106060707986, 2.6597597988859105, 0.7298568525245567], "power_resource": [9.055149858, 9.09886257, 9.0657702, 8.957411928, 8.776866114, 8.527980708, 8.21614284, 7.847355312, 7.428698352, 6.96786786, 6.473637162, 5.954625666, 5.42022237, 4.879816272, 4.610305854, 4.450846806, 4.212581742, 3.899666448, 3.517488054, 3.07220328, 2.571354108, 2.784530538, 2.980929906, 3.319857342, 3.902283054, 4.477782456, 5.03696655, 5.57029242, 6.068678904, 6.523506594, 6.926771754, 7.271548074, 7.551370998, 7.761007314, 7.896147318, 7.95371265, 7.931856294, 7.829962578, 7.648801092, 7.390218852, 7.0571403, 6.654029058, 6.954323076, 7.250923062, 7.49118906, 7.744999842, 8.128255662, 8.441478792, 8.681283036, 8.845975296, 8.9349399, 8.948638602, 0.0, 0.0, 0.0, 0.0, 0.0, 0.0, 0.0, 0.0, 0.0, 0.0, 0.0, 0.0, 0.0, 0.0, 0.0, 0.0, 0.0, 0.0, 0.0, 0.0, 0.0, 0.0, 0.0, 0.0, 0.0, 0.0, 0.0, 0.0, 0.0, 0.0, 0.0, 0.0, 0.0, 0.0, 0.0, 6.809794074, 6.832112184, 7.190895042, 7.507966122, 7.775783442, 7.987882446, 8.138722086, 8.40238362, 8.689132854, 8.902155366, 9.03883455, 9.098400816, 9.081008082, 8.987887692, 8.82181017, 8.586777384, 8.287560792, 7.930163196, 7.521356988, 7.068991986, 6.581379762, 6.067293642, 5.535814788, 4.996793952, 4.638165012, 4.495021272, 4.272609762, 3.974470596, 3.606144822, 3.173327406, 2.68356033, 2.720654568, 2.932753572, 3.195029844, 3.777455556, 4.354801974, 4.9176801, 5.4563931], "min_cpu_time": [5, 3, 3, 22, 11, 12, 18, 4, 3, 3, 19, 6, 20, 1, 6, 10, 14, 18, 11, 15], "max_cpu_time": [34, 19, 35, 44, 11, 61, 36, 60, 15, 55, 23, 6, 30, 54, 61, 37, 27, 52, 60, 53], "min_job_period": [44, 40, 23, 79, 2, 31, 70, 43, 24, 18, 86, 58, 55, 7, 6, 68, 116, 84, 79, 62], "max_job_period": [122, 56, 46, 120, 102, 33, 96, 64, 69, 55, 89, 74, 100, 34, 107, 76, 124, 96, 81, 78], "min_startup": [2, 3, 3, 1, 1, 1, 1, 2, 3, 3, 1, 2, 1, 8, 2, 1, 1, 1, 1, 1], "max_startup": [117, 119, 115, 97, 22, 69, 106, 64, 90, 94, 85, 124, 39, 40, 21, 66, 44, 50, 105, 52], "priority": [16, 1, 17, 14, 12, 10, 3, 15, 19, 8, 18, 6, 20, 11, 7, 13, 2, 4, 9, 5], "win_min": [0, 0, 0, 0, 0, 0, 0, 3, 0, 0, 0, 0, 0, 0, 0, 0, 0, 0, 0, 0], "win_max": [125, 125, 125, 125, 125, 125, 125, 113, 125, 125, 125, 125, 125, 125, 125, 125, 125, 125, 125, 125]}