{"subs": 1, "jobs": 18, "T": 125, "power_use": [0.07622202262549657, 1.352205298480184, 0.39351683582767816, 1.1077500886562546, 2.8563273892827246, 2.3727861049567323, 0.872768457841071, 1.952177132439317, 3.846412215252083, 2.704621974528427, 3.932254190690338, 1.865600965242629, 2.468939057815048, 1.6199946588490994, 2.3702892431828815, 2.35127860833893, 1.486439618084748, 1.035724438577771], "power_resource": [7.25569452, 6.905223234, 6.766389198, 7.10100693, 7.384062132, 7.60970592, 7.872290028, 8.238768786, 8.534291346, 8.755933266, 8.902155366, 8.972495892, 8.96803227, 0.0, 0.0, 0.0, 0.0, 0.0, 0.0, 0.0, 0.0, 0.0, 0.0, 0.0, 0.0, 0.0, 0.0, 0.0, 0.0, 0.0, 0.0, 0.0, 0.0, 0.0, 0.0, 0.0, 0.0, 0.0, 0.0, 0.0, 0.0, 0.0, 0.0, 0.0, 0.0, 0.0, 0.0, 0.0, 6.716058012, 6.93246672, 7.284785022, 7.593852366, 7.85212677, 8.053605432, 8.192593386, 8.469030114, 8.742234564, 8.941404456, 9.064077102, 9.109482912, 9.078237558, 8.97188022, 8.793489258, 8.54706654, 8.23769136, 7.871520438, 7.45578792, 6.998189706, 6.507191286, 5.991565986, 5.460856722, 4.924298574, 4.639396356, 4.48132257, 4.244442768, 3.93337449, 3.55319703, 3.110374944, 2.612142378, 2.709264636, 2.90366307, 3.277068138, 3.858108588, 4.431914892, 4.989098052, 5.520115152, 6.01588503, 6.467942196, 6.868282914, 7.209826956, 7.486109766, 7.692205968, 7.82365194, 7.877369322, 7.851665016, 7.746077268, 7.561067832, 7.298637642, 6.961865058, 6.714980586, 7.05867948, 7.35189327, 7.588773072, 7.80210342, 8.18151129, 8.490578634, 8.72638101, 8.886917484, 8.971572384, 8.9811153, 0.0, 0.0, 0.0, 0.0, 0.0, 0.0, 0.0, 0.0, 0.0, 0.0, 0.0, 0.0, 0.0, 0.0, 0.0], "min_cpu_time": [19, 14, 4, 24, 10, 7, 7, 13, 11, 8, 17, 18, 11, 5, 18, 11, 14, 14], "max_cpu_time": [45, 25, 19, 56, 23, 48, 46, 24, 44, 12, 26, 32, 47, 33, 36, 55, 43, 28], "min_job_period": [47, 52, 2, 55, 47, 11, 29, 24, 24, 40, 37, 97, 18, 13, 81, 61, 60, 43], "max_job_period": [72, 75, 104, 60, 53, 73, 68, 108, 56, 87, 55, 97, 54, 115, 87, 92, 71, 47], "min_startup": [1, 2, 6, 1, 2, 3, 3, 2, 2, 3, 2, 1, 2, 5, 1, 2, 2, 2], "max_startup": [59, 59, 50, 124, 20, 105, 38, 80, 12, 40, 39, 69, 22, 91, 55, 114, 99, 49], "priority": [14, 6, 5, 7, 12, 17, 2, 10, 1, 11, 13, 15, 18, 16, 9, 4, 3, 8], "win_min": [0, 0, 0, 0, 0, 0, 0, 0, 0, 12, 0, 0, 0, 0, 0, 0, 0, 0], "win_max": [125, 125, 125, 125, 125, 125, 125, 125, 125, 108, 125, 125, 125, 125, 125, 125, 125, 125]}