{"subs": 1, "jobs": 9, "T": 154, "power_use": [1.7138019868391445, 3.5852583526328163, 0.2090474548593743, 2.70229249977556, 1.7799270205410185, 1.453325995353938, 1.9277857794071918, 2.9768563650619266, 1.3120111819026425], "power_resource": [6.954323076, 7.250923062, 7.49118906, 7.744999842, 8.128255662, 8.441478792, 8.681283036, 8.845975296, 8.9349399, 8.948638602, 0.0, 0.0, 0.0, 0.0, 0.0, 0.0, 0.0, 0.0, 0.0, 0.0, 0.0, 0.0, 0.0, 0.0, 0.0, 0.0, 0.0, 0.0, 0.0, 0.0, 0.0, 0.0, 0.0, 0.0, 0.0, 0.0, 0.0, 0.0, 0.0, 0.0, 0.0, 0.0, 0.0, 0.0, 0.0, 6.809794074, 6.832112184, 7.190895042, 7.507966122, 7.775783442, 7.987882446, 8.138722086, 8.40238362, 8.689132854, 8.902155366, 9.03883455, 9.098400816, 9.081008082, 8.987887692, 8.82181017, 8.586777384, 8.287560792, 7.930163196, 7.521356988, 7.068991986, 6.581379762, 6.067293642, 5.535814788, 4.996793952, 4.638165012, 4.495021272, 4.272609762, 3.974470596, 3.606144822, 3.173327406, 2.68356033, 2.720654568, 2.932753572, 3.195029844, 3.777455556, 4.354801974, 4.9176801, 5.4563931, 5.961859812, 6.425460828, 6.839192412, 7.195512582, 7.4881107, 7.711445718, 7.861054014, 7.933549392, 7.926930918, 7.840275084, 7.674043644, 7.429929696, 7.110703764, 6.720521634, 6.909994692, 7.21644543, 7.467793524, 7.67204271, 8.068227642, 8.394841638, 8.648806338, 8.827659054, 8.930938032, 8.958643272, 0.0, 0.0, 0.0, 0.0, 0.0, 0.0, 0.0, 0.0, 0.0, 0.0, 0.0, 0.0, 0.0, 0.0, 0.0, 0.0, 0.0, 0.0, 0.0, 0.0, 0.0, 0.0, 0.0, 0.0, 0.0, 0.0, 0.0, 0.0, 0.0, 0.0, 0.0, 0.0, 0.0, 0.0, 0.0, 0.0, 6.76238733, 7.128866088, 7.455172248, 7.733763828, 7.957714518, 8.12148327, 8.337276306, 8.63864775, 8.866908144, 9.019286964, 9.094706784], "min_cpu_time": [20, 9, 17, 19, 24, 18, 14, 11, 19], "max_cpu_time": [56, 32, 73, 27, 39, 60, 14, 12, 30], "min_job_period": [70, 1, 19, 66, 22, 4, 23, 15, 50], "max_job_period": [116, 72, 97, 142, 86, 31, 57, 67, 75], "min_startup": [2, 4, 2, 2, 2, 2, 3, 4, 2], "max_startup": [106, 118, 5, 10, 126, 57, 13, 102, 152], "priority": [8, 4, 6, 7, 5, 3, 2, 9, 1], "win_min": [0, 0, 0, 0, 0, 0, 0, 13, 0], "win_max": [154, 154, 154, 154, 154, 154, 154, 144, 154]}