{"subs": 1, "jobs": 13, "T": 154, "power_use": [0.023630550943994414, 2.5595948845388388, 1.0636745846620117, 3.2146659647612763, 1.693366754282177, 0.9114192709266803, 3.76169460125341, 2.97810580525263, 1.0360958661758004, 2.2205138853007553, 3.6161030620332792, 1.679538058999878, 3.900198209387555], "power_resource": [0.0, 0.0, 0.0, 0.0, 0.0, 0.0, 0.0, 0.0, 0.0, 0.0, 0.0, 0.0, 0.0, 0.0, 6.76238733, 7.128866088, 7.455172248, 7.733763828, 7.957714518, 8.12148327, 8.337276306, 8.63864775, 8.866908144, 9.019286964, 9.094706784, 9.093013686, 9.015285096, 8.863983702, 8.642803536, 8.356362138, 8.01066231, 7.612168608, 7.168423014, 6.6877371, 6.178884192, 5.650945452, 5.113309878, 4.662637974, 4.536117378, 4.329405504, 4.04650422, 3.692031066, 3.272142762, 2.7936117, 2.653700238, 2.88134496, 3.070356264, 3.652320222, 4.23120582, 4.797316224, 5.341262436, 5.853655458, 6.325721964, 6.749458218, 7.11716832, 7.422387714, 7.659113598, 7.823036268, 7.910461692, 7.918927182, 7.847663148, 7.696515672, 7.467023934, 7.161650622, 6.784551522, 6.86397321, 7.179966864, 7.442089218, 7.644645306, 8.005429098, 8.34543396, 8.613405198, 8.806572288, 8.92416564, 8.966031336, 0.0, 0.0, 0.0, 0.0, 0.0, 0.0, 0.0, 0.0, 0.0, 0.0, 0.0, 0.0, 0.0, 0.0, 0.0, 0.0, 0.0, 0.0, 0.0, 0.0, 0.0, 0.0, 0.0, 0.0, 0.0, 0.0, 0.0, 0.0, 0.0, 0.0, 0.0, 0.0, 0.0, 0.0, 0.0, 0.0, 6.691123296, 7.065144036, 7.40037744, 7.689435444, 7.925083902, 8.101627848, 8.26924455, 8.585084286, 8.828582562, 8.996661018, 9.087780474, 9.101633094, 9.039450222, 8.902924956, 8.695905246, 8.422700796, 8.088698736, 7.700825376, 7.266007026, 6.792709176, 6.289551234, 5.765306526, 5.229671886, 4.691882394, 4.573827288, 4.383276804, 4.115459484, 3.775300704, 3.368341512, 2.901508218, 2.583821466, 2.827011906, 2.989549314, 3.527338806, 4.10730183, 4.676336676, 5.224900428, 5.743911924, 6.224136084, 6.657569172, 7.036515288, 7.354048122, 7.604164872], "min_cpu_time": [28, 1, 4, 25, 10, 21, 10, 26, 29, 8, 6, 27, 9], "max_cpu_time": [46, 4, 75, 36, 26, 52, 16, 39, 57, 13, 16, 46, 64], "min_job_period": [136, 8, 15, 26, 37, 67, 29, 37, 57, 64, 13, 151, 32], "max_job_period": [144, 60, 33, 48, 79, 72, 145, 91, 147, 82, 32, 153, 115], "min_startup": [1, 16, 4, 1, 2, 1, 2, 1, 1, 2, 3, 1, 2], "max_startup": [108, 89, 62, 15, 15, 109, 117, 102, 118, 135, 66, 142, 115], "priority": [11, 6, 10, 7, 12, 3, 13, 5, 8, 1, 9, 2, 4], "win_min": [0, 0, 16, 0, 0, 0, 0, 0, 0, 0, 0, 0, 0], "win_max": [154, 154, 143, 154, 154, 154, 154, 154, 154, 154, 154, 154, 154]}