{"subs": 1, "jobs": 13, "T": 154, "power_use": [2.957853961785207, 0.8367002047546732, 1.419751929356744, 3.077165113208211, 1.8262812218451057, 1.6799539060442055, 2.392010185343592, 2.4562859517656745, 1.5087737310796887, 2.456009157157055, 0.6343505922966268, 3.3912075422118897, 3.763696006358563], "power_resource": [8.746236432, 8.486115012, 8.164426392, 7.787327292, 7.36189794, 6.89629599, 6.398986932, 5.87889801, 5.345418222, 4.808090484, 4.60830492, 4.433761908, 4.181490306, 3.8556459, 3.462077574, 3.007095966, 2.511018252, 2.769600492, 2.948145372, 3.402203472, 3.982782168, 4.55443362, 5.107460994, 5.63262921, 6.120857106, 6.56383311, 6.953553486, 7.283091924, 7.546445622, 7.738535286, 7.855512966, 7.894146384, 7.853358114, 7.732532484, 7.532593002, 7.25569452, 6.905223234, 6.766389198, 7.10100693, 7.384062132, 7.60970592, 7.872290028, 8.238768786, 8.534291346, 8.755933266, 8.902155366, 8.972495892, 8.96803227, 0.0, 0.0, 0.0, 0.0, 0.0, 0.0, 0.0, 0.0, 0.0, 0.0, 0.0, 0.0, 0.0, 0.0, 0.0, 0.0, 0.0, 0.0, 0.0, 0.0, 0.0, 0.0, 0.0, 0.0, 0.0, 0.0, 0.0, 0.0, 0.0, 0.0, 0.0, 0.0, 0.0, 0.0, 0.0, 6.716058012, 6.93246672, 7.284785022, 7.593852366, 7.85212677, 8.053605432, 8.192593386, 8.469030114, 8.742234564, 8.941404456, 9.064077102, 9.109482912, 9.078237558, 8.97188022, 8.793489258, 8.54706654, 8.23769136, 7.871520438, 7.45578792, 6.998189706, 6.507191286, 5.991565986, 5.460856722, 4.924298574, 4.639396356, 4.48132257, 4.244442768, 3.93337449, 3.55319703, 3.110374944, 2.612142378, 2.709264636, 2.90366307, 3.277068138, 3.858108588, 4.431914892, 4.989098052, 5.520115152, 6.01588503, 6.467942196, 6.868282914, 7.209826956, 7.486109766, 7.692205968, 7.82365194, 7.877369322, 7.851665016, 7.746077268, 7.561067832, 7.298637642, 6.961865058, 6.714980586, 7.05867948, 7.35189327, 7.588773072, 7.80210342, 8.18151129, 8.490578634, 8.72638101, 8.886917484, 8.971572384, 8.9811153, 0.0, 0.0, 0.0, 0.0, 0.0, 0.0, 0.0, 0.0, 0.0], "min_cpu_time": [19, 12, 28, 7, 23, 26, 11, 8, 29, 17, 2, 10, 7], "max_cpu_time": [40, 72, 75, 35, 48, 48, 27, 37, 59, 43, 15, 37, 39], "min_job_period": [48, 67, 2, 72, 46, 105, 35, 56, 153, 97, 15, 16, 21], "max_job_period": [119, 76, 95, 112, 138, 123, 93, 118, 153, 128, 149, 109, 140], "min_startup": [1, 1, 1, 2, 1, 1, 2, 2, 1, 1, 6, 2, 2], "max_startup": [34, 26, 5, 13, 1, 79, 129, 37, 43, 28, 125, 106, 74], "priority": [2, 13, 11, 6, 1, 12, 7, 10, 5, 8, 9, 4, 3], "win_min": [0, 0, 0, 0, 0, 0, 0, 0, 0, 0, 0, 0, 2], "win_max": [154, 154, 154, 154, 154, 154, 154, 154, 154, 154, 154, 154, 138]}