{"subs": 1, "jobs": 18, "T": 154, "power_use": [3.230725715724514, 1.7898033067257513, 0.8567454868114003, 0.9592798728195022, 0.6949908867082938, 0.4600667078037243, 0.4664483294959294, 1.615757759850481, 0.04101928294092901, 2.133318921740087, 2.0487500256588564, 1.1100342043867542, 0.4437092817202805, 0.35582464292457877, 2.2080658798906008, 3.6161969788120922, 3.8975003798409147, 3.982607527313957], "power_resource": [6.999574968, 7.343581698, 7.642644372, 7.88983668, 8.079001902, 8.20459899, 8.52859638, 8.787024702, 8.970648876, 9.077467968, 9.107174142, 9.06038307, 8.938941768, 8.746236432, 8.486115012, 8.164426392, 7.787327292, 7.36189794, 6.89629599, 6.398986932, 5.87889801, 5.345418222, 4.808090484, 4.60830492, 4.433761908, 4.181490306, 3.8556459, 3.462077574, 3.007095966, 2.511018252, 2.769600492, 2.948145372, 3.402203472, 3.982782168, 4.55443362, 5.107460994, 5.63262921, 6.120857106, 6.56383311, 6.953553486, 7.283091924, 7.546445622, 7.738535286, 7.855512966, 7.894146384, 7.853358114, 7.732532484, 7.532593002, 7.25569452, 6.905223234, 6.766389198, 7.10100693, 7.384062132, 7.60970592, 7.872290028, 8.238768786, 8.534291346, 8.755933266, 8.902155366, 8.972495892, 8.96803227, 0.0, 0.0, 0.0, 0.0, 0.0, 0.0, 0.0, 0.0, 0.0, 0.0, 0.0, 0.0, 0.0, 0.0, 0.0, 0.0, 0.0, 0.0, 0.0, 0.0, 0.0, 0.0, 0.0, 0.0, 0.0, 0.0, 0.0, 0.0, 0.0, 0.0, 0.0, 0.0, 0.0, 0.0, 0.0, 6.716058012, 6.93246672, 7.284785022, 7.593852366, 7.85212677, 8.053605432, 8.192593386, 8.469030114, 8.742234564, 8.941404456, 9.064077102, 9.109482912, 9.078237558, 8.97188022, 8.793489258, 8.54706654, 8.23769136, 7.871520438, 7.45578792, 6.998189706, 6.507191286, 5.991565986, 5.460856722, 4.924298574, 4.639396356, 4.48132257, 4.244442768, 3.93337449, 3.55319703, 3.110374944, 2.612142378, 2.709264636, 2.90366307, 3.277068138, 3.858108588, 4.431914892, 4.989098052, 5.520115152, 6.01588503, 6.467942196, 6.868282914, 7.209826956, 7.486109766, 7.692205968, 7.82365194, 7.877369322, 7.851665016, 7.746077268, 7.561067832, 7.298637642, 6.961865058, 6.714980586, 7.05867948, 7.35189327, 7.588773072, 7.80210342, 8.18151129, 8.490578634], "min_cpu_time": [16, 5, 21, 25, 19, 19, 8, 26, 20, 1, 13, 25, 23, 14, 8, 3, 25, 8], "max_cpu_time": [44, 7, 31, 38, 53, 73, 27, 36, 35, 1, 67, 44, 48, 19, 29, 42, 67, 54], "min_job_period": [153, 77, 49, 71, 20, 88, 117, 46, 134, 16, 123, 127, 25, 111, 54, 9, 22, 62], "max_job_period": [153, 102, 150, 109, 106, 113, 153, 150, 135, 67, 134, 135, 101, 141, 153, 91, 128, 147], "min_startup": [1, 1, 1, 1, 1, 1, 1, 1, 1, 5, 1, 1, 1, 1, 1, 2, 1, 1], "max_startup": [2, 134, 57, 35, 52, 56, 65, 120, 46, 25, 103, 8, 130, 86, 28, 122, 152, 7], "priority": [16, 18, 12, 17, 2, 11, 4, 14, 6, 9, 7, 5, 13, 3, 10, 8, 1, 15], "win_min": [0, 0, 0, 0, 0, 0, 0, 0, 0, 0, 0, 0, 0, 0, 27, 0, 0, 0], "win_max": [154, 154, 154, 154, 154, 154, 154, 154, 154, 154, 154, 154, 154, 154, 153, 154, 154, 154]}