{"subs": 1, "jobs": 18, "T": 154, "power_use": [0.5935719392006807, 3.7310719889415163, 3.4607241898005907, 2.2705151081656565, 0.17607301486511556, 0.5874591196371685, 1.8030018495508608, 2.9425432903906255, 3.0886288574501592, 2.5267725100040814, 1.4864434039947387, 0.5415051224632783, 0.8297853214936798, 2.53306386298272, 0.34587374112584596, 0.21186957722960587, 1.465603650563461, 1.747816763734064], "power_resource": [8.938941768, 8.746236432, 8.486115012, 8.164426392, 7.787327292, 7.36189794, 6.89629599, 6.398986932, 5.87889801, 5.345418222, 4.808090484, 4.60830492, 4.433761908, 4.181490306, 3.8556459, 3.462077574, 3.007095966, 2.511018252, 2.769600492, 2.948145372, 3.402203472, 3.982782168, 4.55443362, 5.107460994, 5.63262921, 6.120857106, 6.56383311, 6.953553486, 7.283091924, 7.546445622, 7.738535286, 7.855512966, 7.894146384, 7.853358114, 7.732532484, 7.532593002, 7.25569452, 6.905223234, 6.766389198, 7.10100693, 7.384062132, 7.60970592, 7.872290028, 8.238768786, 8.534291346, 8.755933266, 8.902155366, 8.972495892, 8.96803227, 0.0, 0.0, 0.0, 0.0, 0.0, 0.0, 0.0, 0.0, 0.0, 0.0, 0.0, 0.0, 0.0, 0.0, 0.0, 0.0, 0.0, 0.0, 0.0, 0.0, 0.0, 0.0, 0.0, 0.0, 0.0, 0.0, 0.0, 0.0, 0.0, 0.0, 0.0, 0.0, 0.0, 0.0, 0.0, 6.716058012, 6.93246672, 7.284785022, 7.593852366, 7.85212677, 8.053605432, 8.192593386, 8.469030114, 8.742234564, 8.941404456, 9.064077102, 9.109482912, 9.078237558, 8.97188022, 8.793489258, 8.54706654, 8.23769136, 7.871520438, 7.45578792, 6.998189706, 6.507191286, 5.991565986, 5.460856722, 4.924298574, 4.639396356, 4.48132257, 4.244442768, 3.93337449, 3.55319703, 3.110374944, 2.612142378, 2.709264636, 2.90366307, 3.277068138, 3.858108588, 4.431914892, 4.989098052, 5.520115152, 6.01588503, 6.467942196, 6.868282914, 7.209826956, 7.486109766, 7.692205968, 7.82365194, 7.877369322, 7.851665016, 7.746077268, 7.561067832, 7.298637642, 6.961865058, 6.714980586, 7.05867948, 7.35189327, 7.588773072, 7.80210342, 8.18151129, 8.490578634, 8.72638101, 8.886917484, 8.971572384, 8.9811153, 0.0, 0.0, 0.0, 0.0, 0.0, 0.0, 0.0, 0.0], "min_cpu_time": [21, 19, 15, 8, 26, 5, 25, 17, 21, 3, 6, 22, 6, 16, 8, 4, 11, 15], "max_cpu_time": [57, 19, 47, 60, 75, 55, 46, 68, 69, 25, 46, 29, 15, 67, 58, 57, 14, 68], "min_job_period": [11, 147, 100, 115, 83, 28, 115, 111, 126, 66, 21, 85, 121, 55, 59, 49, 60, 22], "max_job_period": [106, 149, 103, 139, 94, 91, 141, 120, 131, 115, 71, 124, 141, 123, 112, 83, 104, 97], "min_startup": [1, 1, 1, 1, 1, 1, 1, 1, 1, 2, 1, 1, 1, 1, 1, 2, 1, 1], "max_startup": [80, 81, 152, 120, 108, 105, 149, 125, 131, 114, 3, 68, 93, 38, 50, 48, 97, 143], "priority": [16, 4, 15, 2, 12, 13, 9, 1, 11, 17, 7, 8, 5, 6, 14, 3, 18, 10], "win_min": [0, 0, 0, 0, 0, 0, 0, 0, 0, 0, 0, 0, 0, 0, 0, 0, 0, 10], "win_max": [154, 154, 154, 154, 154, 154, 154, 154, 154, 154, 154, 154, 154, 154, 154, 154, 154, 139]}