{"subs": 1, "jobs": 13, "T": 154, "power_use": [1.7247793320538092, 3.131134965068511, 2.5213359568777927, 3.9359474632389944, 0.520165295754158, 2.4865536328935884, 0.420085098900861, 2.5474096279891683, 2.8373584425016736, 0.518982613698176, 1.6749974740009534, 1.1851179556270512, 0.5969947525930718], "power_resource": [8.72638101, 8.886917484, 8.971572384, 8.9811153, 0.0, 0.0, 0.0, 0.0, 0.0, 0.0, 0.0, 0.0, 0.0, 0.0, 0.0, 0.0, 0.0, 0.0, 0.0, 0.0, 0.0, 0.0, 0.0, 0.0, 0.0, 0.0, 0.0, 0.0, 0.0, 0.0, 0.0, 0.0, 0.0, 0.0, 0.0, 0.0, 0.0, 0.0, 0.0, 6.771160656, 6.863665374, 7.22414133, 7.54275159, 7.81210809, 8.025592356, 8.17766334, 8.406385488, 8.694519984, 8.908927758, 9.04730004, 9.108559404, 9.092859768, 9.001740312, 8.83797156, 8.605093626, 8.308339722, 7.95371265, 7.547830884, 7.098544242, 6.614010378, 6.103310454, 5.575525632, 5.040198828, 4.667255514, 4.525497036, 4.304470788, 4.00802472, 3.64169988, 3.211191234, 2.724040764, 2.64585042, 2.856102408, 3.152086722, 3.733127172, 4.30893441, 4.869811602, 5.406215832, 5.909219856, 6.370204266, 6.78085749, 7.133945382, 7.423157304, 7.642952208, 7.788866472, 7.8575139, 7.847201394, 7.75669761, 7.58661822, 7.338656322, 7.015736358, 6.662032794, 7.014351096, 7.317569556, 7.565531454, 7.752541824, 8.121637188, 8.444249316, 8.69405823, 8.86875516, 8.967878352, 8.991427806, 0.0, 0.0, 0.0, 0.0, 0.0, 0.0, 0.0, 0.0, 0.0, 0.0, 0.0, 0.0, 0.0, 0.0, 0.0, 0.0, 0.0, 0.0, 0.0, 0.0, 0.0, 0.0, 0.0, 0.0, 0.0, 0.0, 0.0, 0.0, 0.0, 0.0, 0.0, 0.0, 0.0, 0.0, 0.0, 0.0, 6.793324848, 7.161650622, 7.489495962, 7.769472804, 7.994962674, 8.160116688, 8.34081642, 8.643573126, 8.873218782, 9.0272907, 9.1042497, 9.1042497, 9.028522044, 8.879375502, 8.660504106, 8.376525396, 8.033442174], "min_cpu_time": [13, 20, 28, 7, 18, 28, 18, 17, 24, 15, 9, 1, 7], "max_cpu_time": [52, 57, 60, 42, 29, 57, 69, 56, 62, 59, 55, 60, 46], "min_job_period": [42, 92, 34, 106, 127, 38, 116, 57, 28, 11, 53, 2, 42], "max_job_period": [141, 143, 140, 124, 152, 78, 141, 122, 144, 68, 111, 24, 52], "min_startup": [1, 1, 1, 1, 1, 1, 1, 1, 1, 1, 1, 7, 1], "max_startup": [62, 59, 44, 128, 17, 53, 40, 101, 20, 84, 18, 74, 123], "priority": [1, 7, 13, 9, 6, 10, 11, 5, 8, 3, 2, 4, 12], "win_min": [0, 23, 0, 0, 0, 0, 0, 0, 0, 0, 0, 0, 0], "win_max": [154, 152, 154, 154, 154, 154, 154, 154, 154, 154, 154, 154, 154]}