{"subs": 1, "jobs": 18, "T": 154, "power_use": [1.0629419118929475, 2.5069818967602253, 2.861112081133822, 3.0906977066294994, 0.7661335287495707, 2.2994069643593753, 1.3650389708815414, 2.464906792576148, 3.994089670560635, 0.9335871039662934, 3.7849128225633955, 0.3184344193105379, 1.5313948177845031, 3.5223835710325506, 1.1791629836882724, 3.053934827649962, 3.219600266827767, 0.9598457108557438], "power_resource": [8.101627848, 8.26924455, 8.585084286, 8.828582562, 8.996661018, 9.087780474, 9.101633094, 9.039450222, 8.902924956, 8.695905246, 8.422700796, 8.088698736, 7.700825376, 7.266007026, 6.792709176, 6.289551234, 5.765306526, 5.229671886, 4.691882394, 4.573827288, 4.383276804, 4.115459484, 3.775300704, 3.368341512, 2.901508218, 2.583821466, 2.827011906, 2.989549314, 3.527338806, 4.10730183, 4.676336676, 5.224900428, 5.743911924, 6.224136084, 6.657569172, 7.036515288, 7.354048122, 7.604164872, 7.782247998, 7.88444955, 7.908152922, 7.851972852, 7.71590934, 7.50119373, 7.209980874, 6.846118722, 6.815950794, 7.141487364, 7.41423006, 7.628329998, 7.940167866, 8.293563594, 8.575233534, 8.782714998, 8.914468806, 8.970648876, 8.952178716, 0.0, 0.0, 0.0, 0.0, 0.0, 0.0, 0.0, 0.0, 0.0, 0.0, 0.0, 0.0, 0.0, 0.0, 0.0, 0.0, 0.0, 0.0, 0.0, 0.0, 0.0, 0.0, 0.0, 0.0, 0.0, 0.0, 0.0, 0.0, 0.0, 0.0, 0.0, 0.0, 0.0, 0.0, 0.0, 6.658030926, 6.999574968, 7.343581698, 7.642644372, 7.88983668, 8.079001902, 8.20459899, 8.52859638, 8.787024702, 8.970648876, 9.077467968, 9.107174142, 9.06038307, 8.938941768, 8.746236432, 8.486115012, 8.164426392, 7.787327292, 7.36189794, 6.89629599, 6.398986932, 5.87889801, 5.345418222, 4.808090484, 4.60830492, 4.433761908, 4.181490306, 3.8556459, 3.462077574, 3.007095966, 2.511018252, 2.769600492, 2.948145372, 3.402203472, 3.982782168, 4.55443362, 5.107460994, 5.63262921, 6.120857106, 6.56383311, 6.953553486, 7.283091924, 7.546445622, 7.738535286, 7.855512966, 7.894146384, 7.853358114, 7.732532484, 7.532593002, 7.25569452, 6.905223234, 6.766389198, 7.10100693, 7.384062132, 7.60970592, 7.872290028, 8.238768786, 8.534291346, 8.755933266, 8.902155366, 8.972495892, 8.96803227], "min_cpu_time": [14, 20, 26, 4, 12, 6, 4, 6, 13, 17, 2, 24, 2, 23, 1, 20, 10, 9], "max_cpu_time": [47, 72, 64, 25, 31, 54, 24, 34, 30, 41, 21, 25, 26, 28, 13, 57, 68, 52], "min_job_period": [58, 75, 41, 6, 152, 23, 43, 33, 27, 109, 10, 144, 12, 127, 11, 145, 6, 63], "max_job_period": [80, 138, 116, 44, 153, 152, 45, 102, 78, 111, 122, 149, 35, 153, 106, 145, 132, 109], "min_startup": [1, 1, 1, 3, 1, 2, 3, 2, 1, 1, 6, 1, 6, 1, 12, 1, 2, 2], "max_startup": [21, 89, 100, 26, 124, 75, 105, 74, 28, 60, 92, 37, 57, 25, 26, 81, 13, 56], "priority": [7, 18, 15, 17, 5, 6, 12, 9, 10, 3, 13, 14, 8, 2, 1, 16, 4, 11], "win_min": [0, 0, 0, 12, 0, 0, 0, 0, 0, 0, 0, 0, 0, 0, 0, 0, 0, 0], "win_max": [154, 154, 154, 139, 154, 154, 154, 154, 154, 154, 154, 154, 154, 154, 154, 154, 154, 154]}