{"subs": 1, "jobs": 13, "T": 154, "power_use": [0.2932492845103041, 1.807905188575493, 2.53651698042356, 0.30933725360858, 0.3112045257409755, 1.946594748396124, 3.9975330866907335, 3.1697053082224333, 0.17854876028705496, 0.552111666687341, 3.6716158708528894, 1.8876290024107731, 3.312066488191651], "power_resource": [0.0, 0.0, 0.0, 0.0, 0.0, 0.0, 0.0, 6.754383594, 6.900297858, 7.25107698, 7.558451226, 7.815340368, 8.015433768, 8.153190378, 8.464566492, 8.736539598, 8.934016392, 9.055149858, 9.09886257, 9.0657702, 8.957411928, 8.776866114, 8.527980708, 8.21614284, 7.847355312, 7.428698352, 6.96786786, 6.473637162, 5.954625666, 5.42022237, 4.879816272, 4.610305854, 4.450846806, 4.212581742, 3.899666448, 3.517488054, 3.07220328, 2.571354108, 2.784530538, 2.980929906, 3.319857342, 3.902283054, 4.477782456, 5.03696655, 5.57029242, 6.068678904, 6.523506594, 6.926771754, 7.271548074, 7.551370998, 7.761007314, 7.896147318, 7.95371265, 7.931856294, 7.829962578, 7.648801092, 7.390218852, 7.0571403, 6.654029058, 6.954323076, 7.250923062, 7.49118906, 7.744999842, 8.128255662, 8.441478792, 8.681283036, 8.845975296, 8.9349399, 8.948638602, 0.0, 0.0, 0.0, 0.0, 0.0, 0.0, 0.0, 0.0, 0.0, 0.0, 0.0, 0.0, 0.0, 0.0, 0.0, 0.0, 0.0, 0.0, 0.0, 0.0, 0.0, 0.0, 0.0, 0.0, 0.0, 0.0, 0.0, 0.0, 0.0, 0.0, 0.0, 0.0, 0.0, 0.0, 0.0, 6.809794074, 6.832112184, 7.190895042, 7.507966122, 7.775783442, 7.987882446, 8.138722086, 8.40238362, 8.689132854, 8.902155366, 9.03883455, 9.098400816, 9.081008082, 8.987887692, 8.82181017, 8.586777384, 8.287560792, 7.930163196, 7.521356988, 7.068991986, 6.581379762, 6.067293642, 5.535814788, 4.996793952, 4.638165012, 4.495021272, 4.272609762, 3.974470596, 3.606144822, 3.173327406, 2.68356033, 2.720654568, 2.932753572, 3.195029844, 3.777455556, 4.354801974, 4.9176801, 5.4563931, 5.961859812, 6.425460828, 6.839192412, 7.195512582, 7.4881107, 7.711445718, 7.861054014, 7.933549392, 7.926930918, 7.840275084, 7.674043644, 7.429929696], "min_cpu_time": [14, 2, 4, 12, 27, 20, 29, 1, 17, 4, 26, 7, 12], "max_cpu_time": [32, 24, 25, 74, 58, 35, 61, 36, 65, 16, 66, 39, 60], "min_job_period": [4, 10, 10, 12, 122, 4, 21, 2, 38, 1, 81, 16, 57], "max_job_period": [57, 126, 153, 22, 129, 136, 51, 50, 66, 140, 128, 81, 110], "min_startup": [2, 13, 6, 2, 1, 1, 1, 25, 2, 6, 1, 4, 2], "max_startup": [116, 56, 125, 96, 58, 97, 119, 37, 31, 63, 144, 150, 23], "priority": [4, 2, 6, 3, 7, 13, 10, 8, 1, 5, 12, 9, 11], "win_min": [0, 0, 0, 0, 0, 0, 0, 0, 0, 0, 0, 19, 0], "win_max": [154, 154, 154, 154, 154, 154, 154, 154, 154, 154, 154, 136, 154]}