{"subs": 1, "jobs": 20, "T": 154, "power_use": [0.6429541554878074, 0.09232446855911153, 1.529072028047508, 1.1553112262828964, 2.1378359851106623, 2.2175964335728366, 3.1345622392593353, 2.870754719422761, 1.1055334330523885, 0.8050158865523357, 2.212315447685048, 1.235818606214454, 2.9876297668868728, 1.9094791825435828, 1.0047343263694395, 0.5746709308204659, 1.0164896003721793, 1.5845017282159506, 2.1721983138611254, 2.9412645640746784], "power_resource": [7.925083902, 8.101627848, 8.26924455, 8.585084286, 8.828582562, 8.996661018, 9.087780474, 9.101633094, 9.039450222, 8.902924956, 8.695905246, 8.422700796, 8.088698736, 7.700825376, 7.266007026, 6.792709176, 6.289551234, 5.765306526, 5.229671886, 4.691882394, 4.573827288, 4.383276804, 4.115459484, 3.775300704, 3.368341512, 2.901508218, 2.583821466, 2.827011906, 2.989549314, 3.527338806, 4.10730183, 4.676336676, 5.224900428, 5.743911924, 6.224136084, 6.657569172, 7.036515288, 7.354048122, 7.604164872, 7.782247998, 7.88444955, 7.908152922, 7.851972852, 7.71590934, 7.50119373, 7.209980874, 6.846118722, 6.815950794, 7.141487364, 7.41423006, 7.628329998, 7.940167866, 8.293563594, 8.575233534, 8.782714998, 8.914468806, 8.970648876, 8.952178716, 0.0, 0.0, 0.0, 0.0, 0.0, 0.0, 0.0, 0.0, 0.0, 0.0, 0.0, 0.0, 0.0, 0.0, 0.0, 0.0, 0.0, 0.0, 0.0, 0.0, 0.0, 0.0, 0.0, 0.0, 0.0, 0.0, 0.0, 0.0, 0.0, 0.0, 0.0, 0.0, 0.0, 0.0, 0.0, 6.658030926, 6.999574968, 7.343581698, 7.642644372, 7.88983668, 8.079001902, 8.20459899, 8.52859638, 8.787024702, 8.970648876, 9.077467968, 9.107174142, 9.06038307, 8.938941768, 8.746236432, 8.486115012, 8.164426392, 7.787327292, 7.36189794, 6.89629599, 6.398986932, 5.87889801, 5.345418222, 4.808090484, 4.60830492, 4.433761908, 4.181490306, 3.8556459, 3.462077574, 3.007095966, 2.511018252, 2.769600492, 2.948145372, 3.402203472, 3.982782168, 4.55443362, 5.107460994, 5.63262921, 6.120857106, 6.56383311, 6.953553486, 7.283091924, 7.546445622, 7.738535286, 7.855512966, 7.894146384, 7.853358114, 7.732532484, 7.532593002, 7.25569452, 6.905223234, 6.766389198, 7.10100693, 7.384062132, 7.60970592, 7.872290028, 8.238768786, 8.534291346, 8.755933266, 8.902155366, 8.972495892], "min_cpu_time": [18, 6, 9, 15, 21, 23, 18, 23, 17, 3, 22, 26, 1, 25, 17, 17, 9, 21, 6, 21], "max_cpu_time": [28, 39, 65, 53, 32, 55, 70, 30, 17, 70, 69, 30, 47, 72, 58, 42, 52, 25, 47, 55], "min_job_period": [46, 24, 31, 5, 80, 33, 39, 119, 32, 33, 115, 137, 9, 10, 123, 127, 32, 119, 131, 133], "max_job_period": [60, 114, 145, 49, 119, 133, 113, 128, 108, 97, 117, 148, 110, 87, 148, 149, 92, 138, 135, 145], "min_startup": [1, 1, 1, 1, 1, 1, 1, 1, 1, 2, 1, 1, 5, 1, 1, 1, 1, 1, 1, 1], "max_startup": [3, 12, 109, 150, 8, 23, 10, 25, 37, 35, 17, 111, 141, 130, 9, 100, 84, 8, 75, 140], "priority": [20, 11, 14, 9, 13, 4, 16, 2, 8, 19, 12, 6, 15, 5, 3, 17, 1, 18, 7, 10], "win_min": [0, 0, 0, 0, 0, 0, 0, 0, 0, 0, 27, 0, 0, 0, 0, 0, 0, 0, 0, 0], "win_max": [154, 154, 154, 154, 154, 154, 154, 154, 154, 154, 150, 154, 154, 154, 154, 154, 154, 154, 154, 154]}