{"subs": 1, "jobs": 18, "T": 154, "power_use": [3.485888113427663, 3.028964697476673, 0.6424939486193492, 0.9947425839338523, 1.5966218141820199, 0.5641536616512678, 2.2030365356428003, 2.7491644777387125, 2.1972245201337066, 0.13290040115641996, 1.4545266802459171, 3.1768974752520367, 2.6113850595117767, 2.4925670733195147, 1.0007140053206212, 3.0761623674845713, 1.3922663520235947, 2.097298476374322], "power_resource": [6.473637162, 5.954625666, 5.42022237, 4.879816272, 4.610305854, 4.450846806, 4.212581742, 3.899666448, 3.517488054, 3.07220328, 2.571354108, 2.784530538, 2.980929906, 3.319857342, 3.902283054, 4.477782456, 5.03696655, 5.57029242, 6.068678904, 6.523506594, 6.926771754, 7.271548074, 7.551370998, 7.761007314, 7.896147318, 7.95371265, 7.931856294, 7.829962578, 7.648801092, 7.390218852, 7.0571403, 6.654029058, 6.954323076, 7.250923062, 7.49118906, 7.744999842, 8.128255662, 8.441478792, 8.681283036, 8.845975296, 8.9349399, 8.948638602, 0.0, 0.0, 0.0, 0.0, 0.0, 0.0, 0.0, 0.0, 0.0, 0.0, 0.0, 0.0, 0.0, 0.0, 0.0, 0.0, 0.0, 0.0, 0.0, 0.0, 0.0, 0.0, 0.0, 0.0, 0.0, 0.0, 0.0, 0.0, 0.0, 0.0, 0.0, 0.0, 0.0, 0.0, 0.0, 6.809794074, 6.832112184, 7.190895042, 7.507966122, 7.775783442, 7.987882446, 8.138722086, 8.40238362, 8.689132854, 8.902155366, 9.03883455, 9.098400816, 9.081008082, 8.987887692, 8.82181017, 8.586777384, 8.287560792, 7.930163196, 7.521356988, 7.068991986, 6.581379762, 6.067293642, 5.535814788, 4.996793952, 4.638165012, 4.495021272, 4.272609762, 3.974470596, 3.606144822, 3.173327406, 2.68356033, 2.720654568, 2.932753572, 3.195029844, 3.777455556, 4.354801974, 4.9176801, 5.4563931, 5.961859812, 6.425460828, 6.839192412, 7.195512582, 7.4881107, 7.711445718, 7.861054014, 7.933549392, 7.926930918, 7.840275084, 7.674043644, 7.429929696, 7.110703764, 6.720521634, 6.909994692, 7.21644543, 7.467793524, 7.67204271, 8.068227642, 8.394841638, 8.648806338, 8.827659054, 8.930938032, 8.958643272, 0.0, 0.0, 0.0, 0.0, 0.0, 0.0, 0.0, 0.0, 0.0, 0.0, 0.0, 0.0, 0.0, 0.0, 0.0], "min_cpu_time": [1, 14, 14, 12, 10, 12, 2, 15, 6, 25, 21, 22, 2, 23, 27, 7, 4, 14], "max_cpu_time": [53, 30, 15, 27, 76, 39, 43, 33, 25, 70, 75, 60, 20, 69, 31, 9, 42, 23], "min_job_period": [4, 113, 147, 43, 109, 4, 17, 123, 45, 108, 2, 101, 133, 125, 146, 128, 124, 10], "max_job_period": [152, 137, 149, 110, 131, 73, 56, 141, 112, 116, 137, 145, 147, 128, 150, 130, 136, 146], "min_startup": [2, 1, 1, 1, 1, 1, 1, 1, 1, 1, 1, 1, 1, 1, 1, 1, 1, 1], "max_startup": [140, 134, 118, 5, 137, 116, 32, 56, 112, 103, 119, 53, 122, 149, 31, 68, 102, 78], "priority": [17, 12, 10, 4, 18, 5, 16, 1, 8, 2, 14, 7, 9, 11, 13, 3, 6, 15], "win_min": [0, 0, 0, 0, 0, 0, 0, 0, 0, 0, 0, 0, 0, 0, 0, 0, 0, 20], "win_max": [154, 154, 154, 154, 154, 154, 154, 154, 154, 154, 154, 154, 154, 154, 154, 154, 154, 143]}