{"subs": 1, "jobs": 18, "T": 154, "power_use": [3.5468551127698764, 3.6522208949056947, 0.3091943441768908, 2.0891953103319265, 0.31369753775334863, 3.833871593869052, 1.9179342326845403, 2.9965672671219385, 0.6519240422874609, 2.4495647215732084, 0.35014478106327185, 3.5770702995925268, 1.3811637436651554, 0.1983643206774506, 2.9534092837140444, 3.6968720478251096, 3.2101570828988346, 1.3093432121183741], "power_resource": [7.877369322, 7.851665016, 7.746077268, 7.561067832, 7.298637642, 6.961865058, 6.714980586, 7.05867948, 7.35189327, 7.588773072, 7.80210342, 8.18151129, 8.490578634, 8.72638101, 8.886917484, 8.971572384, 8.9811153, 0.0, 0.0, 0.0, 0.0, 0.0, 0.0, 0.0, 0.0, 0.0, 0.0, 0.0, 0.0, 0.0, 0.0, 0.0, 0.0, 0.0, 0.0, 0.0, 0.0, 0.0, 0.0, 0.0, 0.0, 0.0, 0.0, 0.0, 0.0, 0.0, 0.0, 0.0, 0.0, 0.0, 0.0, 0.0, 6.771160656, 6.863665374, 7.22414133, 7.54275159, 7.81210809, 8.025592356, 8.17766334, 8.406385488, 8.694519984, 8.908927758, 9.04730004, 9.108559404, 9.092859768, 9.001740312, 8.83797156, 8.605093626, 8.308339722, 7.95371265, 7.547830884, 7.098544242, 6.614010378, 6.103310454, 5.575525632, 5.040198828, 4.667255514, 4.525497036, 4.304470788, 4.00802472, 3.64169988, 3.211191234, 2.724040764, 2.64585042, 2.856102408, 3.152086722, 3.733127172, 4.30893441, 4.869811602, 5.406215832, 5.909219856, 6.370204266, 6.78085749, 7.133945382, 7.423157304, 7.642952208, 7.788866472, 7.8575139, 7.847201394, 7.75669761, 7.58661822, 7.338656322, 7.015736358, 6.662032794, 7.014351096, 7.317569556, 7.565531454, 7.752541824, 8.121637188, 8.444249316, 8.69405823, 8.86875516, 8.967878352, 8.991427806, 0.0, 0.0, 0.0, 0.0, 0.0, 0.0, 0.0, 0.0, 0.0, 0.0, 0.0, 0.0, 0.0, 0.0, 0.0, 0.0, 0.0, 0.0, 0.0, 0.0, 0.0, 0.0, 0.0, 0.0, 0.0, 0.0, 0.0, 0.0, 0.0, 0.0, 0.0, 0.0, 0.0, 0.0, 0.0, 0.0, 6.793324848, 7.161650622, 7.489495962, 7.769472804], "min_cpu_time": [11, 18, 18, 18, 12, 13, 2, 4, 3, 29, 2, 7, 12, 11, 1, 10, 10, 13], "max_cpu_time": [17, 34, 47, 27, 31, 36, 71, 39, 27, 48, 68, 27, 29, 20, 35, 11, 18, 58], "min_job_period": [81, 97, 22, 120, 3, 50, 10, 19, 9, 127, 10, 38, 2, 112, 1, 75, 96, 114], "max_job_period": [123, 128, 92, 143, 17, 67, 147, 73, 111, 146, 22, 148, 114, 127, 10, 98, 100, 123], "min_startup": [1, 1, 1, 1, 1, 1, 5, 3, 3, 1, 5, 2, 1, 1, 9, 1, 1, 1], "max_startup": [152, 88, 76, 76, 11, 82, 125, 85, 102, 130, 90, 34, 10, 89, 84, 71, 137, 120], "priority": [6, 16, 14, 2, 7, 1, 3, 4, 8, 13, 15, 5, 12, 18, 9, 11, 17, 10], "win_min": [0, 0, 0, 0, 0, 0, 0, 0, 0, 0, 0, 0, 0, 0, 0, 5, 0, 0], "win_max": [154, 154, 154, 154, 154, 154, 154, 154, 154, 154, 154, 154, 154, 154, 154, 144, 154, 154]}