{"subs": 1, "jobs": 18, "T": 154, "power_use": [1.0578440382293575, 1.9790703892411858, 1.2627734379559425, 2.729419162029786, 3.2925827664259875, 2.179046498994872, 1.3824389109064528, 0.61777463585039, 0.4417663488689796, 2.3143143035609093, 0.04353434040074084, 0.9258804956167279, 3.9039237583682636, 0.29779410590222216, 3.2293658836168104, 2.493430128008971, 2.178330043537241, 1.4646210076945192], "power_resource": [7.343581698, 7.642644372, 7.88983668, 8.079001902, 8.20459899, 8.52859638, 8.787024702, 8.970648876, 9.077467968, 9.107174142, 9.06038307, 8.938941768, 8.746236432, 8.486115012, 8.164426392, 7.787327292, 7.36189794, 6.89629599, 6.398986932, 5.87889801, 5.345418222, 4.808090484, 4.60830492, 4.433761908, 4.181490306, 3.8556459, 3.462077574, 3.007095966, 2.511018252, 2.769600492, 2.948145372, 3.402203472, 3.982782168, 4.55443362, 5.107460994, 5.63262921, 6.120857106, 6.56383311, 6.953553486, 7.283091924, 7.546445622, 7.738535286, 7.855512966, 7.894146384, 7.853358114, 7.732532484, 7.532593002, 7.25569452, 6.905223234, 6.766389198, 7.10100693, 7.384062132, 7.60970592, 7.872290028, 8.238768786, 8.534291346, 8.755933266, 8.902155366, 8.972495892, 8.96803227, 0.0, 0.0, 0.0, 0.0, 0.0, 0.0, 0.0, 0.0, 0.0, 0.0, 0.0, 0.0, 0.0, 0.0, 0.0, 0.0, 0.0, 0.0, 0.0, 0.0, 0.0, 0.0, 0.0, 0.0, 0.0, 0.0, 0.0, 0.0, 0.0, 0.0, 0.0, 0.0, 0.0, 0.0, 0.0, 6.716058012, 6.93246672, 7.284785022, 7.593852366, 7.85212677, 8.053605432, 8.192593386, 8.469030114, 8.742234564, 8.941404456, 9.064077102, 9.109482912, 9.078237558, 8.97188022, 8.793489258, 8.54706654, 8.23769136, 7.871520438, 7.45578792, 6.998189706, 6.507191286, 5.991565986, 5.460856722, 4.924298574, 4.639396356, 4.48132257, 4.244442768, 3.93337449, 3.55319703, 3.110374944, 2.612142378, 2.709264636, 2.90366307, 3.277068138, 3.858108588, 4.431914892, 4.989098052, 5.520115152, 6.01588503, 6.467942196, 6.868282914, 7.209826956, 7.486109766, 7.692205968, 7.82365194, 7.877369322, 7.851665016, 7.746077268, 7.561067832, 7.298637642, 6.961865058, 6.714980586, 7.05867948, 7.35189327, 7.588773072, 7.80210342, 8.18151129, 8.490578634, 8.72638101], "min_cpu_time": [28, 9, 10, 3, 11, 24, 18, 8, 8, 21, 24, 28, 5, 9, 14, 4, 11, 29], "max_cpu_time": [39, 66, 12, 24, 30, 24, 63, 56, 43, 67, 53, 29, 16, 15, 14, 10, 44, 70], "min_job_period": [107, 145, 123, 23, 62, 152, 86, 140, 17, 123, 69, 62, 103, 97, 96, 44, 131, 21], "max_job_period": [146, 153, 148, 148, 112, 153, 135, 149, 80, 126, 112, 130, 128, 131, 147, 131, 147, 96], "min_startup": [1, 1, 1, 1, 1, 1, 1, 1, 1, 1, 1, 1, 1, 1, 1, 1, 1, 1], "max_startup": [21, 58, 122, 91, 136, 99, 81, 135, 16, 110, 54, 65, 21, 68, 2, 99, 51, 146], "priority": [4, 6, 18, 10, 1, 17, 13, 5, 2, 3, 16, 15, 8, 11, 14, 12, 7, 9], "win_min": [0, 0, 0, 24, 0, 0, 0, 0, 0, 0, 0, 0, 0, 0, 0, 0, 0, 0], "win_max": [154, 154, 154, 136, 154, 154, 154, 154, 154, 154, 154, 154, 154, 154, 154, 154, 154, 154]}