{"subs": 1, "jobs": 18, "T": 154, "power_use": [0.9055776125652886, 0.6737856018329381, 0.039490285623432674, 2.5542337601177967, 2.7762089049716323, 1.833504370114705, 3.224723117694725, 3.4612381279066766, 2.301359624714017, 1.1865467554098292, 0.7320650844611607, 2.42908416684713, 3.419189565134341, 0.7960459522345813, 3.0064436878432694, 0.5071632459793135, 3.257126585527947, 3.071372232856005], "power_resource": [8.486115012, 8.164426392, 7.787327292, 7.36189794, 6.89629599, 6.398986932, 5.87889801, 5.345418222, 4.808090484, 4.60830492, 4.433761908, 4.181490306, 3.8556459, 3.462077574, 3.007095966, 2.511018252, 2.769600492, 2.948145372, 3.402203472, 3.982782168, 4.55443362, 5.107460994, 5.63262921, 6.120857106, 6.56383311, 6.953553486, 7.283091924, 7.546445622, 7.738535286, 7.855512966, 7.894146384, 7.853358114, 7.732532484, 7.532593002, 7.25569452, 6.905223234, 6.766389198, 7.10100693, 7.384062132, 7.60970592, 7.872290028, 8.238768786, 8.534291346, 8.755933266, 8.902155366, 8.972495892, 8.96803227, 0.0, 0.0, 0.0, 0.0, 0.0, 0.0, 0.0, 0.0, 0.0, 0.0, 0.0, 0.0, 0.0, 0.0, 0.0, 0.0, 0.0, 0.0, 0.0, 0.0, 0.0, 0.0, 0.0, 0.0, 0.0, 0.0, 0.0, 0.0, 0.0, 0.0, 0.0, 0.0, 0.0, 0.0, 0.0, 6.716058012, 6.93246672, 7.284785022, 7.593852366, 7.85212677, 8.053605432, 8.192593386, 8.469030114, 8.742234564, 8.941404456, 9.064077102, 9.109482912, 9.078237558, 8.97188022, 8.793489258, 8.54706654, 8.23769136, 7.871520438, 7.45578792, 6.998189706, 6.507191286, 5.991565986, 5.460856722, 4.924298574, 4.639396356, 4.48132257, 4.244442768, 3.93337449, 3.55319703, 3.110374944, 2.612142378, 2.709264636, 2.90366307, 3.277068138, 3.858108588, 4.431914892, 4.989098052, 5.520115152, 6.01588503, 6.467942196, 6.868282914, 7.209826956, 7.486109766, 7.692205968, 7.82365194, 7.877369322, 7.851665016, 7.746077268, 7.561067832, 7.298637642, 6.961865058, 6.714980586, 7.05867948, 7.35189327, 7.588773072, 7.80210342, 8.18151129, 8.490578634, 8.72638101, 8.886917484, 8.971572384, 8.9811153, 0.0, 0.0, 0.0, 0.0, 0.0, 0.0, 0.0, 0.0, 0.0, 0.0], "min_cpu_time": [29, 2, 28, 3, 15, 4, 11, 24, 26, 29, 7, 3, 3, 8, 21, 15, 16, 4], "max_cpu_time": [31, 8, 43, 7, 71, 7, 55, 29, 62, 34, 13, 61, 32, 15, 27, 15, 75, 76], "min_job_period": [146, 12, 29, 23, 48, 1, 26, 32, 37, 131, 65, 10, 20, 67, 18, 56, 62, 40], "max_job_period": [152, 98, 112, 91, 118, 137, 34, 43, 104, 133, 142, 59, 59, 130, 46, 69, 144, 106], "min_startup": [1, 5, 1, 3, 1, 3, 1, 1, 1, 1, 2, 3, 3, 2, 1, 1, 1, 3], "max_startup": [91, 142, 42, 13, 35, 14, 101, 142, 78, 116, 76, 11, 130, 50, 77, 132, 146, 36], "priority": [3, 9, 17, 12, 6, 10, 13, 5, 8, 4, 2, 14, 18, 15, 16, 11, 1, 7], "win_min": [0, 0, 0, 0, 0, 0, 0, 0, 0, 0, 0, 0, 0, 0, 17, 0, 0, 0], "win_max": [154, 154, 154, 154, 154, 154, 154, 154, 154, 154, 154, 154, 154, 154, 150, 154, 154, 154]}