{"subs": 1, "jobs": 13, "T": 154, "power_use": [1.7450824114417418, 1.5622073884084935, 0.2663028974285471, 2.307051737576323, 0.8469895949329905, 0.7595957100555439, 2.152894633848046, 1.357267426585566, 2.8673855941847384, 3.2248747645728058, 2.250774077297344, 2.832128035712788, 3.033222940934446], "power_resource": [6.658030926, 6.999574968, 7.343581698, 7.642644372, 7.88983668, 8.079001902, 8.20459899, 8.52859638, 8.787024702, 8.970648876, 9.077467968, 9.107174142, 9.06038307, 8.938941768, 8.746236432, 8.486115012, 8.164426392, 7.787327292, 7.36189794, 6.89629599, 6.398986932, 5.87889801, 5.345418222, 4.808090484, 4.60830492, 4.433761908, 4.181490306, 3.8556459, 3.462077574, 3.007095966, 2.511018252, 2.769600492, 2.948145372, 3.402203472, 3.982782168, 4.55443362, 5.107460994, 5.63262921, 6.120857106, 6.56383311, 6.953553486, 7.283091924, 7.546445622, 7.738535286, 7.855512966, 7.894146384, 7.853358114, 7.732532484, 7.532593002, 7.25569452, 6.905223234, 6.766389198, 7.10100693, 7.384062132, 7.60970592, 7.872290028, 8.238768786, 8.534291346, 8.755933266, 8.902155366, 8.972495892, 8.96803227, 0.0, 0.0, 0.0, 0.0, 0.0, 0.0, 0.0, 0.0, 0.0, 0.0, 0.0, 0.0, 0.0, 0.0, 0.0, 0.0, 0.0, 0.0, 0.0, 0.0, 0.0, 0.0, 0.0, 0.0, 0.0, 0.0, 0.0, 0.0, 0.0, 0.0, 0.0, 0.0, 0.0, 0.0, 0.0, 6.716058012, 6.93246672, 7.284785022, 7.593852366, 7.85212677, 8.053605432, 8.192593386, 8.469030114, 8.742234564, 8.941404456, 9.064077102, 9.109482912, 9.078237558, 8.97188022, 8.793489258, 8.54706654, 8.23769136, 7.871520438, 7.45578792, 6.998189706, 6.507191286, 5.991565986, 5.460856722, 4.924298574, 4.639396356, 4.48132257, 4.244442768, 3.93337449, 3.55319703, 3.110374944, 2.612142378, 2.709264636, 2.90366307, 3.277068138, 3.858108588, 4.431914892, 4.989098052, 5.520115152, 6.01588503, 6.467942196, 6.868282914, 7.209826956, 7.486109766, 7.692205968, 7.82365194, 7.877369322, 7.851665016, 7.746077268, 7.561067832, 7.298637642, 6.961865058, 6.714980586, 7.05867948, 7.35189327, 7.588773072, 7.80210342, 8.18151129], "min_cpu_time": [7, 28, 11, 14, 26, 6, 17, 3, 2, 5, 23, 3, 1], "max_cpu_time": [14, 54, 35, 18, 73, 21, 69, 58, 18, 23, 35, 33, 68], "min_job_period": [33, 16, 14, 8, 1, 47, 53, 34, 62, 66, 21, 12, 75], "max_job_period": [129, 78, 61, 112, 122, 137, 65, 118, 72, 116, 136, 99, 103], "min_startup": [1, 1, 1, 1, 1, 1, 1, 1, 1, 1, 1, 1, 2], "max_startup": [55, 101, 29, 24, 35, 150, 76, 15, 40, 81, 119, 139, 129], "priority": [4, 13, 10, 11, 9, 6, 2, 3, 7, 1, 5, 8, 12], "win_min": [0, 0, 0, 0, 23, 0, 0, 0, 0, 0, 0, 0, 0], "win_max": [154, 154, 154, 154, 142, 154, 154, 154, 154, 154, 154, 154, 154]}