{"subs": 1, "jobs": 18, "T": 154, "power_use": [2.096912300927987, 3.444736958587293, 1.1986820534184122, 2.1012005697576033, 2.4575573853718535, 0.5148389898305041, 0.1624169203405982, 3.9179270419998087, 0.33021598157443166, 3.3338122940911195, 3.5582603067933287, 1.008911255477294, 1.403599180124099, 0.6171703432418255, 1.8508745497731571, 3.882960371921425, 3.53708362379029, 2.022050413069617], "power_resource": [9.078237558, 8.97188022, 8.793489258, 8.54706654, 8.23769136, 7.871520438, 7.45578792, 6.998189706, 6.507191286, 5.991565986, 5.460856722, 4.924298574, 4.639396356, 4.48132257, 4.244442768, 3.93337449, 3.55319703, 3.110374944, 2.612142378, 2.709264636, 2.90366307, 3.277068138, 3.858108588, 4.431914892, 4.989098052, 5.520115152, 6.01588503, 6.467942196, 6.868282914, 7.209826956, 7.486109766, 7.692205968, 7.82365194, 7.877369322, 7.851665016, 7.746077268, 7.561067832, 7.298637642, 6.961865058, 6.714980586, 7.05867948, 7.35189327, 7.588773072, 7.80210342, 8.18151129, 8.490578634, 8.72638101, 8.886917484, 8.971572384, 8.9811153, 0.0, 0.0, 0.0, 0.0, 0.0, 0.0, 0.0, 0.0, 0.0, 0.0, 0.0, 0.0, 0.0, 0.0, 0.0, 0.0, 0.0, 0.0, 0.0, 0.0, 0.0, 0.0, 0.0, 0.0, 0.0, 0.0, 0.0, 0.0, 0.0, 0.0, 0.0, 0.0, 0.0, 0.0, 0.0, 6.771160656, 6.863665374, 7.22414133, 7.54275159, 7.81210809, 8.025592356, 8.17766334, 8.406385488, 8.694519984, 8.908927758, 9.04730004, 9.108559404, 9.092859768, 9.001740312, 8.83797156, 8.605093626, 8.308339722, 7.95371265, 7.547830884, 7.098544242, 6.614010378, 6.103310454, 5.575525632, 5.040198828, 4.667255514, 4.525497036, 4.304470788, 4.00802472, 3.64169988, 3.211191234, 2.724040764, 2.64585042, 2.856102408, 3.152086722, 3.733127172, 4.30893441, 4.869811602, 5.406215832, 5.909219856, 6.370204266, 6.78085749, 7.133945382, 7.423157304, 7.642952208, 7.788866472, 7.8575139, 7.847201394, 7.75669761, 7.58661822, 7.338656322, 7.015736358, 6.662032794, 7.014351096, 7.317569556, 7.565531454, 7.752541824, 8.121637188, 8.444249316, 8.69405823, 8.86875516, 8.967878352, 8.991427806, 0.0, 0.0, 0.0, 0.0, 0.0, 0.0, 0.0], "min_cpu_time": [13, 13, 25, 10, 3, 26, 12, 12, 17, 1, 14, 6, 23, 1, 3, 4, 4, 28], "max_cpu_time": [43, 27, 33, 67, 15, 31, 20, 73, 67, 62, 31, 63, 35, 13, 28, 60, 13, 57], "min_job_period": [116, 3, 47, 139, 69, 98, 37, 15, 151, 8, 55, 123, 117, 10, 4, 31, 60, 135], "max_job_period": [146, 50, 51, 145, 145, 103, 152, 142, 152, 75, 153, 147, 153, 115, 55, 152, 139, 139], "min_startup": [1, 1, 1, 1, 2, 1, 1, 1, 1, 5, 1, 1, 1, 5, 2, 2, 2, 1], "max_startup": [67, 38, 75, 18, 65, 146, 56, 113, 146, 79, 18, 118, 110, 93, 130, 62, 109, 29], "priority": [15, 18, 10, 1, 4, 17, 16, 2, 9, 3, 7, 5, 14, 13, 6, 12, 11, 8], "win_min": [0, 0, 0, 0, 0, 0, 0, 0, 0, 0, 0, 0, 0, 19, 0, 0, 0, 0], "win_max": [154, 154, 154, 154, 154, 154, 154, 154, 154, 154, 154, 154, 154, 153, 154, 154, 154, 154]}