{"subs": 1, "jobs": 18, "T": 154, "power_use": [1.4140084312683525, 1.937758239242284, 1.265269685319656, 2.1618730312051895, 0.3841069676667327, 0.31922923235535655, 2.7921891370341285, 1.228783427577474, 0.7439337196705725, 3.0071286269918898, 1.7249809257864426, 0.4878521866144663, 0.2972105022317846, 0.9428409613426357, 2.0282354144830883, 3.43099688356952, 0.5578693258717519, 2.3813580545434667], "power_resource": [8.21614284, 7.847355312, 7.428698352, 6.96786786, 6.473637162, 5.954625666, 5.42022237, 4.879816272, 4.610305854, 4.450846806, 4.212581742, 3.899666448, 3.517488054, 3.07220328, 2.571354108, 2.784530538, 2.980929906, 3.319857342, 3.902283054, 4.477782456, 5.03696655, 5.57029242, 6.068678904, 6.523506594, 6.926771754, 7.271548074, 7.551370998, 7.761007314, 7.896147318, 7.95371265, 7.931856294, 7.829962578, 7.648801092, 7.390218852, 7.0571403, 6.654029058, 6.954323076, 7.250923062, 7.49118906, 7.744999842, 8.128255662, 8.441478792, 8.681283036, 8.845975296, 8.9349399, 8.948638602, 0.0, 0.0, 0.0, 0.0, 0.0, 0.0, 0.0, 0.0, 0.0, 0.0, 0.0, 0.0, 0.0, 0.0, 0.0, 0.0, 0.0, 0.0, 0.0, 0.0, 0.0, 0.0, 0.0, 0.0, 0.0, 0.0, 0.0, 0.0, 0.0, 0.0, 0.0, 0.0, 0.0, 0.0, 0.0, 6.809794074, 6.832112184, 7.190895042, 7.507966122, 7.775783442, 7.987882446, 8.138722086, 8.40238362, 8.689132854, 8.902155366, 9.03883455, 9.098400816, 9.081008082, 8.987887692, 8.82181017, 8.586777384, 8.287560792, 7.930163196, 7.521356988, 7.068991986, 6.581379762, 6.067293642, 5.535814788, 4.996793952, 4.638165012, 4.495021272, 4.272609762, 3.974470596, 3.606144822, 3.173327406, 2.68356033, 2.720654568, 2.932753572, 3.195029844, 3.777455556, 4.354801974, 4.9176801, 5.4563931, 5.961859812, 6.425460828, 6.839192412, 7.195512582, 7.4881107, 7.711445718, 7.861054014, 7.933549392, 7.926930918, 7.840275084, 7.674043644, 7.429929696, 7.110703764, 6.720521634, 6.909994692, 7.21644543, 7.467793524, 7.67204271, 8.068227642, 8.394841638, 8.648806338, 8.827659054, 8.930938032, 8.958643272, 0.0, 0.0, 0.0, 0.0, 0.0, 0.0, 0.0, 0.0, 0.0, 0.0, 0.0], "min_cpu_time": [9, 24, 21, 9, 1, 1, 13, 15, 16, 2, 16, 27, 17, 24, 19, 8, 11, 9], "max_cpu_time": [56, 33, 37, 66, 44, 28, 14, 70, 24, 75, 21, 74, 28, 68, 57, 45, 12, 32], "min_job_period": [7, 91, 37, 55, 8, 4, 30, 28, 110, 10, 33, 95, 52, 107, 151, 65, 75, 61], "max_job_period": [83, 98, 139, 107, 34, 134, 152, 72, 152, 150, 145, 138, 150, 149, 152, 116, 117, 135], "min_startup": [2, 1, 1, 2, 16, 16, 1, 1, 1, 8, 1, 1, 1, 1, 1, 2, 2, 2], "max_startup": [135, 44, 95, 127, 40, 143, 86, 19, 6, 47, 107, 128, 124, 132, 47, 54, 129, 18], "priority": [1, 12, 8, 10, 17, 2, 14, 7, 13, 11, 16, 4, 9, 6, 3, 15, 18, 5], "win_min": [0, 0, 0, 0, 0, 0, 0, 0, 28, 0, 0, 0, 0, 0, 0, 0, 0, 0], "win_max": [154, 154, 154, 154, 154, 154, 154, 154, 134, 154, 154, 154, 154, 154, 154, 154, 154, 154]}