{"subs": 1, "jobs": 9, "T": 154, "power_use": [1.4236672547623899, 0.3516227583504634, 2.664157303353838, 1.7204618450683569, 1.340299878159272, 0.05831421230200715, 0.5060778654012104, 2.657008345481952, 2.4148993403984296], "power_resource": [7.283091924, 7.546445622, 7.738535286, 7.855512966, 7.894146384, 7.853358114, 7.732532484, 7.532593002, 7.25569452, 6.905223234, 6.766389198, 7.10100693, 7.384062132, 7.60970592, 7.872290028, 8.238768786, 8.534291346, 8.755933266, 8.902155366, 8.972495892, 8.96803227, 0.0, 0.0, 0.0, 0.0, 0.0, 0.0, 0.0, 0.0, 0.0, 0.0, 0.0, 0.0, 0.0, 0.0, 0.0, 0.0, 0.0, 0.0, 0.0, 0.0, 0.0, 0.0, 0.0, 0.0, 0.0, 0.0, 0.0, 0.0, 0.0, 0.0, 0.0, 0.0, 0.0, 0.0, 0.0, 6.716058012, 6.93246672, 7.284785022, 7.593852366, 7.85212677, 8.053605432, 8.192593386, 8.469030114, 8.742234564, 8.941404456, 9.064077102, 9.109482912, 9.078237558, 8.97188022, 8.793489258, 8.54706654, 8.23769136, 7.871520438, 7.45578792, 6.998189706, 6.507191286, 5.991565986, 5.460856722, 4.924298574, 4.639396356, 4.48132257, 4.244442768, 3.93337449, 3.55319703, 3.110374944, 2.612142378, 2.709264636, 2.90366307, 3.277068138, 3.858108588, 4.431914892, 4.989098052, 5.520115152, 6.01588503, 6.467942196, 6.868282914, 7.209826956, 7.486109766, 7.692205968, 7.82365194, 7.877369322, 7.851665016, 7.746077268, 7.561067832, 7.298637642, 6.961865058, 6.714980586, 7.05867948, 7.35189327, 7.588773072, 7.80210342, 8.18151129, 8.490578634, 8.72638101, 8.886917484, 8.971572384, 8.9811153, 0.0, 0.0, 0.0, 0.0, 0.0, 0.0, 0.0, 0.0, 0.0, 0.0, 0.0, 0.0, 0.0, 0.0, 0.0, 0.0, 0.0, 0.0, 0.0, 0.0, 0.0, 0.0, 0.0, 0.0, 0.0, 0.0, 0.0, 0.0, 0.0, 0.0, 0.0, 0.0, 0.0, 0.0, 0.0, 6.771160656], "min_cpu_time": [15, 21, 21, 6, 18, 15, 11, 9, 23], "max_cpu_time": [29, 54, 66, 41, 46, 45, 36, 54, 61], "min_job_period": [39, 75, 2, 15, 16, 9, 35, 34, 25], "max_job_period": [42, 123, 119, 91, 92, 24, 123, 77, 98], "min_startup": [3, 2, 2, 6, 2, 3, 4, 4, 2], "max_startup": [121, 81, 122, 143, 129, 90, 102, 30, 51], "priority": [2, 6, 1, 8, 5, 7, 4, 9, 3], "win_min": [0, 0, 0, 0, 7, 0, 0, 0, 0], "win_max": [154, 154, 154, 154, 128, 154, 154, 154, 154]}