{"subs": 1, "jobs": 13, "T": 154, "power_use": [2.351308647935301, 1.4538128236095866, 0.6904515538438453, 2.589144413786161, 1.4128394341672459, 0.7525329025741855, 3.2531827810806058, 1.8035330999836636, 3.008880904775242, 2.1642970807042072, 1.0644632691267306, 1.3807757504414349, 2.3783040851822856], "power_resource": [2.583821466, 2.827011906, 2.989549314, 3.527338806, 4.10730183, 4.676336676, 5.224900428, 5.743911924, 6.224136084, 6.657569172, 7.036515288, 7.354048122, 7.604164872, 7.782247998, 7.88444955, 7.908152922, 7.851972852, 7.71590934, 7.50119373, 7.209980874, 6.846118722, 6.815950794, 7.141487364, 7.41423006, 7.628329998, 7.940167866, 8.293563594, 8.575233534, 8.782714998, 8.914468806, 8.970648876, 8.952178716, 0.0, 0.0, 0.0, 0.0, 0.0, 0.0, 0.0, 0.0, 0.0, 0.0, 0.0, 0.0, 0.0, 0.0, 0.0, 0.0, 0.0, 0.0, 0.0, 0.0, 0.0, 0.0, 0.0, 0.0, 0.0, 0.0, 0.0, 0.0, 0.0, 0.0, 0.0, 0.0, 0.0, 0.0, 0.0, 6.658030926, 6.999574968, 7.343581698, 7.642644372, 7.88983668, 8.079001902, 8.20459899, 8.52859638, 8.787024702, 8.970648876, 9.077467968, 9.107174142, 9.06038307, 8.938941768, 8.746236432, 8.486115012, 8.164426392, 7.787327292, 7.36189794, 6.89629599, 6.398986932, 5.87889801, 5.345418222, 4.808090484, 4.60830492, 4.433761908, 4.181490306, 3.8556459, 3.462077574, 3.007095966, 2.511018252, 2.769600492, 2.948145372, 3.402203472, 3.982782168, 4.55443362, 5.107460994, 5.63262921, 6.120857106, 6.56383311, 6.953553486, 7.283091924, 7.546445622, 7.738535286, 7.855512966, 7.894146384, 7.853358114, 7.732532484, 7.532593002, 7.25569452, 6.905223234, 6.766389198, 7.10100693, 7.384062132, 7.60970592, 7.872290028, 8.238768786, 8.534291346, 8.755933266, 8.902155366, 8.972495892, 8.96803227, 0.0, 0.0, 0.0, 0.0, 0.0, 0.0, 0.0, 0.0, 0.0, 0.0, 0.0, 0.0, 0.0, 0.0, 0.0, 0.0, 0.0, 0.0, 0.0, 0.0, 0.0, 0.0, 0.0, 0.0, 0.0], "min_cpu_time": [21, 22, 18, 13, 6, 28, 12, 10, 21, 5, 24, 15, 23], "max_cpu_time": [60, 25, 42, 24, 16, 71, 36, 14, 47, 14, 38, 34, 61], "min_job_period": [139, 5, 38, 139, 36, 81, 30, 63, 146, 13, 107, 137, 96], "max_job_period": [153, 25, 127, 151, 152, 98, 41, 94, 150, 153, 152, 145, 127], "min_startup": [1, 1, 1, 1, 2, 1, 1, 1, 1, 2, 1, 1, 1], "max_startup": [49, 81, 34, 108, 7, 67, 134, 139, 46, 131, 42, 88, 131], "priority": [9, 7, 12, 11, 10, 6, 13, 1, 2, 5, 8, 4, 3], "win_min": [0, 0, 0, 0, 19, 0, 0, 0, 0, 0, 0, 0, 0], "win_max": [154, 154, 154, 154, 142, 154, 154, 154, 154, 154, 154, 154, 154]}