{"subs": 1, "jobs": 13, "T": 154, "power_use": [2.6853138448050724, 0.3138438164899626, 1.2540449712484976, 1.6561982707277538, 1.9177074666892646, 3.6800989791350176, 0.6498352245884822, 1.1377554500529445, 2.6980908758791986, 3.6182390637518997, 1.8047473440935098, 3.2268734113438096, 3.145943899225477], "power_resource": [0.0, 0.0, 0.0, 0.0, 0.0, 0.0, 0.0, 0.0, 0.0, 0.0, 0.0, 0.0, 0.0, 0.0, 0.0, 0.0, 0.0, 0.0, 0.0, 0.0, 0.0, 0.0, 0.0, 0.0, 0.0, 0.0, 0.0, 0.0, 0.0, 0.0, 0.0, 6.691123296, 7.065144036, 7.40037744, 7.689435444, 7.925083902, 8.101627848, 8.26924455, 8.585084286, 8.828582562, 8.996661018, 9.087780474, 9.101633094, 9.039450222, 8.902924956, 8.695905246, 8.422700796, 8.088698736, 7.700825376, 7.266007026, 6.792709176, 6.289551234, 5.765306526, 5.229671886, 4.691882394, 4.573827288, 4.383276804, 4.115459484, 3.775300704, 3.368341512, 2.901508218, 2.583821466, 2.827011906, 2.989549314, 3.527338806, 4.10730183, 4.676336676, 5.224900428, 5.743911924, 6.224136084, 6.657569172, 7.036515288, 7.354048122, 7.604164872, 7.782247998, 7.88444955, 7.908152922, 7.851972852, 7.71590934, 7.50119373, 7.209980874, 6.846118722, 6.815950794, 7.141487364, 7.41423006, 7.628329998, 7.940167866, 8.293563594, 8.575233534, 8.782714998, 8.914468806, 8.970648876, 8.952178716, 0.0, 0.0, 0.0, 0.0, 0.0, 0.0, 0.0, 0.0, 0.0, 0.0, 0.0, 0.0, 0.0, 0.0, 0.0, 0.0, 0.0, 0.0, 0.0, 0.0, 0.0, 0.0, 0.0, 0.0, 0.0, 0.0, 0.0, 0.0, 0.0, 0.0, 0.0, 0.0, 0.0, 0.0, 0.0, 6.658030926, 6.999574968, 7.343581698, 7.642644372, 7.88983668, 8.079001902, 8.20459899, 8.52859638, 8.787024702, 8.970648876, 9.077467968, 9.107174142, 9.06038307, 8.938941768, 8.746236432, 8.486115012, 8.164426392, 7.787327292, 7.36189794, 6.89629599, 6.398986932, 5.87889801, 5.345418222, 4.808090484, 4.60830492, 4.433761908], "min_cpu_time": [22, 11, 19, 25, 7, 5, 23, 26, 16, 20, 2, 21, 9], "max_cpu_time": [72, 66, 47, 59, 66, 38, 35, 49, 63, 43, 66, 48, 25], "min_job_period": [27, 56, 31, 85, 47, 13, 59, 113, 63, 85, 5, 147, 19], "max_job_period": [29, 120, 134, 126, 102, 93, 74, 152, 113, 108, 151, 148, 45], "min_startup": [1, 2, 1, 1, 3, 4, 1, 1, 1, 1, 9, 1, 2], "max_startup": [128, 126, 114, 100, 4, 117, 3, 20, 141, 57, 84, 108, 132], "priority": [3, 10, 1, 13, 12, 5, 11, 2, 4, 6, 7, 9, 8], "win_min": [0, 0, 0, 0, 0, 0, 0, 0, 0, 0, 0, 0, 27], "win_max": [154, 154, 154, 154, 154, 154, 154, 154, 154, 154, 154, 154, 148]}