{"subs": 1, "jobs": 18, "T": 154, "power_use": [0.8477861043881725, 1.4385875160119892, 2.7304063033772796, 2.011283473999975, 3.2486270452416943, 3.83795637057873, 3.206037061270577, 0.0386859465145386, 3.96520854735465, 0.0818743603715571, 3.349337712451231, 1.9394800667689394, 1.4834878411483159, 3.3062631961784152, 1.4968144152568892, 2.611845593741391, 2.702054006554606, 1.7770730746580994], "power_resource": [8.34543396, 8.613405198, 8.806572288, 8.92416564, 8.966031336, 0.0, 0.0, 0.0, 0.0, 0.0, 0.0, 0.0, 0.0, 0.0, 0.0, 0.0, 0.0, 0.0, 0.0, 0.0, 0.0, 0.0, 0.0, 0.0, 0.0, 0.0, 0.0, 0.0, 0.0, 0.0, 0.0, 0.0, 0.0, 0.0, 0.0, 0.0, 0.0, 0.0, 0.0, 0.0, 0.0, 6.691123296, 7.065144036, 7.40037744, 7.689435444, 7.925083902, 8.101627848, 8.26924455, 8.585084286, 8.828582562, 8.996661018, 9.087780474, 9.101633094, 9.039450222, 8.902924956, 8.695905246, 8.422700796, 8.088698736, 7.700825376, 7.266007026, 6.792709176, 6.289551234, 5.765306526, 5.229671886, 4.691882394, 4.573827288, 4.383276804, 4.115459484, 3.775300704, 3.368341512, 2.901508218, 2.583821466, 2.827011906, 2.989549314, 3.527338806, 4.10730183, 4.676336676, 5.224900428, 5.743911924, 6.224136084, 6.657569172, 7.036515288, 7.354048122, 7.604164872, 7.782247998, 7.88444955, 7.908152922, 7.851972852, 7.71590934, 7.50119373, 7.209980874, 6.846118722, 6.815950794, 7.141487364, 7.41423006, 7.628329998, 7.940167866, 8.293563594, 8.575233534, 8.782714998, 8.914468806, 8.970648876, 8.952178716, 0.0, 0.0, 0.0, 0.0, 0.0, 0.0, 0.0, 0.0, 0.0, 0.0, 0.0, 0.0, 0.0, 0.0, 0.0, 0.0, 0.0, 0.0, 0.0, 0.0, 0.0, 0.0, 0.0, 0.0, 0.0, 0.0, 0.0, 0.0, 0.0, 0.0, 0.0, 0.0, 0.0, 0.0, 0.0, 6.658030926, 6.999574968, 7.343581698, 7.642644372, 7.88983668, 8.079001902, 8.20459899, 8.52859638, 8.787024702, 8.970648876, 9.077467968, 9.107174142, 9.06038307, 8.938941768, 8.746236432, 8.486115012], "min_cpu_time": [3, 19, 22, 24, 13, 3, 1, 15, 9, 16, 15, 10, 18, 23, 4, 7, 3, 16], "max_cpu_time": [9, 22, 23, 56, 22, 45, 29, 28, 54, 31, 60, 20, 38, 63, 56, 41, 4, 23], "min_job_period": [23, 121, 7, 63, 128, 32, 10, 141, 30, 115, 113, 22, 142, 71, 33, 15, 23, 22], "max_job_period": [123, 139, 85, 65, 141, 137, 26, 148, 143, 121, 134, 50, 149, 93, 43, 109, 91, 56], "min_startup": [4, 1, 1, 1, 1, 4, 12, 1, 2, 1, 1, 2, 1, 1, 3, 2, 4, 1], "max_startup": [60, 11, 68, 69, 55, 46, 48, 46, 5, 28, 126, 116, 129, 101, 134, 127, 11, 53], "priority": [17, 16, 7, 11, 3, 14, 1, 18, 8, 6, 10, 15, 2, 4, 9, 13, 5, 12], "win_min": [0, 0, 0, 22, 0, 0, 0, 0, 0, 0, 0, 0, 0, 0, 0, 0, 0, 0], "win_max": [154, 154, 154, 150, 154, 154, 154, 154, 154, 154, 154, 154, 154, 154, 154, 154, 154, 154]}