{"subs": 1, "jobs": 9, "T": 154, "power_use": [0.9499500702555189, 0.5655528798262613, 0.9100406828346111, 0.7443315954183339, 1.9538024141852641, 1.3821962268254289, 2.710689093701373, 2.9574612999835446, 2.1202120265024553], "power_resource": [7.80210342, 8.18151129, 8.490578634, 8.72638101, 8.886917484, 8.971572384, 8.9811153, 0.0, 0.0, 0.0, 0.0, 0.0, 0.0, 0.0, 0.0, 0.0, 0.0, 0.0, 0.0, 0.0, 0.0, 0.0, 0.0, 0.0, 0.0, 0.0, 0.0, 0.0, 0.0, 0.0, 0.0, 0.0, 0.0, 0.0, 0.0, 0.0, 0.0, 0.0, 0.0, 0.0, 0.0, 0.0, 6.771160656, 6.863665374, 7.22414133, 7.54275159, 7.81210809, 8.025592356, 8.17766334, 8.406385488, 8.694519984, 8.908927758, 9.04730004, 9.108559404, 9.092859768, 9.001740312, 8.83797156, 8.605093626, 8.308339722, 7.95371265, 7.547830884, 7.098544242, 6.614010378, 6.103310454, 5.575525632, 5.040198828, 4.667255514, 4.525497036, 4.304470788, 4.00802472, 3.64169988, 3.211191234, 2.724040764, 2.64585042, 2.856102408, 3.152086722, 3.733127172, 4.30893441, 4.869811602, 5.406215832, 5.909219856, 6.370204266, 6.78085749, 7.133945382, 7.423157304, 7.642952208, 7.788866472, 7.8575139, 7.847201394, 7.75669761, 7.58661822, 7.338656322, 7.015736358, 6.662032794, 7.014351096, 7.317569556, 7.565531454, 7.752541824, 8.121637188, 8.444249316, 8.69405823, 8.86875516, 8.967878352, 8.991427806, 0.0, 0.0, 0.0, 0.0, 0.0, 0.0, 0.0, 0.0, 0.0, 0.0, 0.0, 0.0, 0.0, 0.0, 0.0, 0.0, 0.0, 0.0, 0.0, 0.0, 0.0, 0.0, 0.0, 0.0, 0.0, 0.0, 0.0, 0.0, 0.0, 0.0, 0.0, 0.0, 0.0, 0.0, 0.0, 0.0, 6.793324848, 7.161650622, 7.489495962, 7.769472804, 7.994962674, 8.160116688, 8.34081642, 8.643573126, 8.873218782, 9.0272907, 9.1042497, 9.1042497, 9.028522044, 8.879375502], "min_cpu_time": [13, 13, 26, 22, 26, 17, 12, 9, 3], "max_cpu_time": [14, 23, 32, 34, 39, 57, 47, 43, 19], "min_job_period": [1, 24, 3, 74, 81, 15, 40, 38, 4], "max_job_period": [115, 141, 36, 125, 104, 121, 81, 63, 57], "min_startup": [2, 2, 1, 1, 1, 2, 2, 3, 7], "max_startup": [19, 117, 80, 127, 130, 101, 129, 44, 54], "priority": [4, 5, 9, 8, 2, 1, 7, 6, 3], "win_min": [0, 0, 0, 27, 0, 0, 0, 0, 0], "win_max": [154, 154, 154, 149, 154, 154, 154, 154, 154]}