{"subs": 1, "jobs": 13, "T": 154, "power_use": [0.574272894317784, 3.7577323297017085, 2.0239879124278137, 3.714200104434668, 2.3717311695542147, 1.5496943603693154, 3.2295066137781334, 2.7767125299654993, 2.5574412246362233, 0.06285093748691029, 1.248268695631031, 2.4437897258107086, 0.2747007109708568], "power_resource": [0.0, 0.0, 0.0, 0.0, 0.0, 0.0, 0.0, 0.0, 0.0, 0.0, 0.0, 0.0, 0.0, 0.0, 0.0, 0.0, 0.0, 0.0, 0.0, 0.0, 0.0, 0.0, 0.0, 0.0, 0.0, 0.0, 0.0, 0.0, 0.0, 0.0, 0.0, 0.0, 6.771160656, 6.863665374, 7.22414133, 7.54275159, 7.81210809, 8.025592356, 8.17766334, 8.406385488, 8.694519984, 8.908927758, 9.04730004, 9.108559404, 9.092859768, 9.001740312, 8.83797156, 8.605093626, 8.308339722, 7.95371265, 7.547830884, 7.098544242, 6.614010378, 6.103310454, 5.575525632, 5.040198828, 4.667255514, 4.525497036, 4.304470788, 4.00802472, 3.64169988, 3.211191234, 2.724040764, 2.64585042, 2.856102408, 3.152086722, 3.733127172, 4.30893441, 4.869811602, 5.406215832, 5.909219856, 6.370204266, 6.78085749, 7.133945382, 7.423157304, 7.642952208, 7.788866472, 7.8575139, 7.847201394, 7.75669761, 7.58661822, 7.338656322, 7.015736358, 6.662032794, 7.014351096, 7.317569556, 7.565531454, 7.752541824, 8.121637188, 8.444249316, 8.69405823, 8.86875516, 8.967878352, 8.991427806, 0.0, 0.0, 0.0, 0.0, 0.0, 0.0, 0.0, 0.0, 0.0, 0.0, 0.0, 0.0, 0.0, 0.0, 0.0, 0.0, 0.0, 0.0, 0.0, 0.0, 0.0, 0.0, 0.0, 0.0, 0.0, 0.0, 0.0, 0.0, 0.0, 0.0, 0.0, 0.0, 0.0, 0.0, 0.0, 0.0, 6.793324848, 7.161650622, 7.489495962, 7.769472804, 7.994962674, 8.160116688, 8.34081642, 8.643573126, 8.873218782, 9.0272907, 9.1042497, 9.1042497, 9.028522044, 8.879375502, 8.660504106, 8.376525396, 8.033442174, 7.637718996, 7.197051762, 6.719598126, 6.214131414, 5.689732788, 5.155791246, 4.691882394], "min_cpu_time": [18, 10, 3, 11, 3, 1, 25, 4, 7, 5, 17, 4, 28], "max_cpu_time": [74, 23, 55, 58, 14, 7, 67, 9, 47, 39, 33, 40, 37], "min_job_period": [67, 39, 7, 26, 6, 3, 19, 9, 24, 13, 38, 15, 22], "max_job_period": [130, 113, 111, 82, 112, 132, 103, 66, 45, 86, 57, 122, 65], "min_startup": [2, 3, 10, 3, 10, 29, 1, 7, 4, 6, 2, 7, 1], "max_startup": [24, 50, 122, 128, 148, 89, 143, 26, 151, 11, 86, 68, 40], "priority": [3, 9, 4, 12, 10, 5, 7, 6, 8, 1, 2, 11, 13], "win_min": [0, 0, 0, 0, 0, 16, 0, 0, 0, 0, 0, 0, 0], "win_max": [154, 154, 154, 154, 154, 125, 154, 154, 154, 154, 154, 154, 154]}