{"subs": 1, "jobs": 18, "T": 154, "power_use": [0.5326688152260802, 1.9391869759605658, 3.474095093538232, 0.9646410767708674, 1.7502124435556263, 2.528716985551972, 0.7918036469178936, 3.93068816393016, 3.378985314048102, 0.18069320116521023, 2.0328442642985336, 2.7695373965222654, 2.3862012582738377, 0.9954849221815908, 2.1844862004464543, 3.8401539107130667, 0.3478610262897066, 2.7032010253032346], "power_resource": [8.12148327, 8.337276306, 8.63864775, 8.866908144, 9.019286964, 9.094706784, 9.093013686, 9.015285096, 8.863983702, 8.642803536, 8.356362138, 8.01066231, 7.612168608, 7.168423014, 6.6877371, 6.178884192, 5.650945452, 5.113309878, 4.662637974, 4.536117378, 4.329405504, 4.04650422, 3.692031066, 3.272142762, 2.7936117, 2.653700238, 2.88134496, 3.070356264, 3.652320222, 4.23120582, 4.797316224, 5.341262436, 5.853655458, 6.325721964, 6.749458218, 7.11716832, 7.422387714, 7.659113598, 7.823036268, 7.910461692, 7.918927182, 7.847663148, 7.696515672, 7.467023934, 7.161650622, 6.784551522, 6.86397321, 7.179966864, 7.442089218, 7.644645306, 8.005429098, 8.34543396, 8.613405198, 8.806572288, 8.92416564, 8.966031336, 0.0, 0.0, 0.0, 0.0, 0.0, 0.0, 0.0, 0.0, 0.0, 0.0, 0.0, 0.0, 0.0, 0.0, 0.0, 0.0, 0.0, 0.0, 0.0, 0.0, 0.0, 0.0, 0.0, 0.0, 0.0, 0.0, 0.0, 0.0, 0.0, 0.0, 0.0, 0.0, 0.0, 0.0, 0.0, 0.0, 6.691123296, 7.065144036, 7.40037744, 7.689435444, 7.925083902, 8.101627848, 8.26924455, 8.585084286, 8.828582562, 8.996661018, 9.087780474, 9.101633094, 9.039450222, 8.902924956, 8.695905246, 8.422700796, 8.088698736, 7.700825376, 7.266007026, 6.792709176, 6.289551234, 5.765306526, 5.229671886, 4.691882394, 4.573827288, 4.383276804, 4.115459484, 3.775300704, 3.368341512, 2.901508218, 2.583821466, 2.827011906, 2.989549314, 3.527338806, 4.10730183, 4.676336676, 5.224900428, 5.743911924, 6.224136084, 6.657569172, 7.036515288, 7.354048122, 7.604164872, 7.782247998, 7.88444955, 7.908152922, 7.851972852, 7.71590934, 7.50119373, 7.209980874, 6.846118722, 6.815950794, 7.141487364, 7.41423006, 7.628329998, 7.940167866, 8.293563594, 8.575233534, 8.782714998, 8.914468806, 8.970648876, 8.952178716], "min_cpu_time": [26, 12, 17, 5, 18, 12, 13, 1, 9, 14, 26, 23, 4, 24, 23, 9, 2, 24], "max_cpu_time": [44, 27, 50, 47, 53, 52, 55, 70, 49, 51, 59, 49, 56, 68, 42, 46, 64, 42], "min_job_period": [73, 119, 7, 123, 35, 35, 43, 100, 137, 41, 139, 94, 135, 84, 150, 69, 123, 75], "max_job_period": [103, 122, 150, 141, 96, 77, 121, 132, 137, 84, 149, 149, 143, 118, 151, 100, 130, 84], "min_startup": [1, 1, 1, 1, 1, 1, 1, 1, 1, 1, 1, 1, 1, 1, 1, 1, 1, 1], "max_startup": [99, 66, 97, 120, 32, 153, 22, 98, 58, 98, 49, 118, 17, 114, 43, 118, 19, 89], "priority": [10, 18, 3, 8, 17, 16, 6, 13, 1, 2, 12, 9, 5, 15, 11, 4, 7, 14], "win_min": [0, 0, 0, 0, 0, 0, 0, 0, 0, 0, 0, 0, 0, 0, 0, 5, 0, 0], "win_max": [154, 154, 154, 154, 154, 154, 154, 154, 154, 154, 154, 154, 154, 154, 154, 136, 154, 154]}