{"subs": 1, "jobs": 9, "T": 154, "power_use": [0.5145335896941757, 2.7030743803322785, 2.9734010008082588, 0.7963653456077948, 2.573012498439019, 3.1434725005734308, 0.23148712794222792, 0.9204188956656446, 1.0537249646063678], "power_resource": [7.692205968, 7.82365194, 7.877369322, 7.851665016, 7.746077268, 7.561067832, 7.298637642, 6.961865058, 6.714980586, 7.05867948, 7.35189327, 7.588773072, 7.80210342, 8.18151129, 8.490578634, 8.72638101, 8.886917484, 8.971572384, 8.9811153, 0.0, 0.0, 0.0, 0.0, 0.0, 0.0, 0.0, 0.0, 0.0, 0.0, 0.0, 0.0, 0.0, 0.0, 0.0, 0.0, 0.0, 0.0, 0.0, 0.0, 0.0, 0.0, 0.0, 0.0, 0.0, 0.0, 0.0, 0.0, 0.0, 0.0, 0.0, 0.0, 0.0, 0.0, 0.0, 6.771160656, 6.863665374, 7.22414133, 7.54275159, 7.81210809, 8.025592356, 8.17766334, 8.406385488, 8.694519984, 8.908927758, 9.04730004, 9.108559404, 9.092859768, 9.001740312, 8.83797156, 8.605093626, 8.308339722, 7.95371265, 7.547830884, 7.098544242, 6.614010378, 6.103310454, 5.575525632, 5.040198828, 4.667255514, 4.525497036, 4.304470788, 4.00802472, 3.64169988, 3.211191234, 2.724040764, 2.64585042, 2.856102408, 3.152086722, 3.733127172, 4.30893441, 4.869811602, 5.406215832, 5.909219856, 6.370204266, 6.78085749, 7.133945382, 7.423157304, 7.642952208, 7.788866472, 7.8575139, 7.847201394, 7.75669761, 7.58661822, 7.338656322, 7.015736358, 6.662032794, 7.014351096, 7.317569556, 7.565531454, 7.752541824, 8.121637188, 8.444249316, 8.69405823, 8.86875516, 8.967878352, 8.991427806, 0.0, 0.0, 0.0, 0.0, 0.0, 0.0, 0.0, 0.0, 0.0, 0.0, 0.0, 0.0, 0.0, 0.0, 0.0, 0.0, 0.0, 0.0, 0.0, 0.0, 0.0, 0.0, 0.0, 0.0, 0.0, 0.0, 0.0, 0.0, 0.0, 0.0, 0.0, 0.0, 0.0, 0.0, 0.0, 0.0, 6.793324848, 7.161650622], "min_cpu_time": [24, 10, 24, 22, 18, 20, 15, 5, 2], "max_cpu_time": [42, 21, 33, 62, 67, 57, 64, 73, 9], "min_job_period": [133, 39, 73, 117, 42, 121, 48, 17, 7], "max_job_period": [135, 102, 147, 145, 107, 121, 123, 36, 70], "min_startup": [1, 2, 1, 1, 1, 1, 2, 4, 11], "max_startup": [130, 144, 93, 127, 15, 58, 119, 63, 68], "priority": [8, 6, 4, 2, 7, 1, 5, 9, 3], "win_min": [2, 0, 0, 0, 0, 0, 0, 0, 0], "win_max": [128, 154, 154, 154, 154, 154, 154, 154, 154]}