{"subs": 1, "jobs": 18, "T": 154, "power_use": [1.7890746246278888, 1.5175907581632075, 3.057134410127457, 1.692567367088259, 3.8579461108392312, 2.820732373574675, 2.620971256837072, 3.384026624771638, 1.8352375367893334, 0.12603640464932087, 3.735760143793158, 1.1210384976100014, 1.224846646801787, 1.4546615242669985, 3.6227707456369496, 1.0526257559269854, 3.379378835584302, 2.2500706376390456], "power_resource": [0.0, 0.0, 0.0, 0.0, 0.0, 0.0, 0.0, 0.0, 0.0, 0.0, 0.0, 0.0, 0.0, 0.0, 0.0, 0.0, 0.0, 0.0, 0.0, 0.0, 0.0, 0.0, 0.0, 0.0, 0.0, 0.0, 0.0, 0.0, 0.0, 6.658030926, 6.999574968, 7.343581698, 7.642644372, 7.88983668, 8.079001902, 8.20459899, 8.52859638, 8.787024702, 8.970648876, 9.077467968, 9.107174142, 9.06038307, 8.938941768, 8.746236432, 8.486115012, 8.164426392, 7.787327292, 7.36189794, 6.89629599, 6.398986932, 5.87889801, 5.345418222, 4.808090484, 4.60830492, 4.433761908, 4.181490306, 3.8556459, 3.462077574, 3.007095966, 2.511018252, 2.769600492, 2.948145372, 3.402203472, 3.982782168, 4.55443362, 5.107460994, 5.63262921, 6.120857106, 6.56383311, 6.953553486, 7.283091924, 7.546445622, 7.738535286, 7.855512966, 7.894146384, 7.853358114, 7.732532484, 7.532593002, 7.25569452, 6.905223234, 6.766389198, 7.10100693, 7.384062132, 7.60970592, 7.872290028, 8.238768786, 8.534291346, 8.755933266, 8.902155366, 8.972495892, 8.96803227, 0.0, 0.0, 0.0, 0.0, 0.0, 0.0, 0.0, 0.0, 0.0, 0.0, 0.0, 0.0, 0.0, 0.0, 0.0, 0.0, 0.0, 0.0, 0.0, 0.0, 0.0, 0.0, 0.0, 0.0, 0.0, 0.0, 0.0, 0.0, 0.0, 0.0, 0.0, 0.0, 0.0, 0.0, 0.0, 6.716058012, 6.93246672, 7.284785022, 7.593852366, 7.85212677, 8.053605432, 8.192593386, 8.469030114, 8.742234564, 8.941404456, 9.064077102, 9.109482912, 9.078237558, 8.97188022, 8.793489258, 8.54706654, 8.23769136, 7.871520438, 7.45578792, 6.998189706, 6.507191286, 5.991565986, 5.460856722, 4.924298574, 4.639396356, 4.48132257, 4.244442768, 3.93337449], "min_cpu_time": [4, 12, 9, 15, 11, 20, 27, 2, 13, 27, 8, 10, 22, 4, 1, 14, 17, 3], "max_cpu_time": [48, 47, 44, 30, 32, 36, 31, 54, 67, 43, 17, 67, 24, 21, 3, 61, 54, 57], "min_job_period": [31, 22, 113, 139, 24, 15, 12, 21, 105, 13, 77, 8, 133, 3, 7, 122, 150, 16], "max_job_period": [128, 34, 122, 150, 33, 25, 150, 45, 115, 150, 137, 120, 147, 55, 40, 139, 151, 129], "min_startup": [2, 1, 1, 1, 1, 1, 1, 5, 1, 1, 1, 1, 1, 2, 9, 1, 1, 3], "max_startup": [4, 130, 95, 86, 75, 24, 7, 36, 84, 151, 113, 28, 32, 10, 47, 5, 65, 33], "priority": [17, 12, 13, 15, 16, 8, 2, 14, 10, 9, 11, 18, 1, 5, 6, 3, 4, 7], "win_min": [0, 0, 0, 0, 0, 0, 0, 0, 0, 11, 0, 0, 0, 0, 0, 0, 0, 0], "win_max": [154, 154, 154, 154, 154, 154, 154, 154, 154, 126, 154, 154, 154, 154, 154, 154, 154, 154]}