{"subs": 1, "jobs": 20, "T": 154, "power_use": [3.506270488652213, 0.3855767133155709, 2.0642970228205577, 2.905825694267491, 0.9225694027911839, 2.2606929446835067, 1.5491003371091254, 2.647765386191507, 1.5655297182636831, 3.2953581372945484, 1.607297259165873, 3.0331026151946667, 3.0714839192243186, 1.9634306484376565, 1.8618428549539938, 1.110120263007236, 0.6699718691793224, 0.9217421173026799, 1.6873085571244546, 0.15623812388642472], "power_resource": [7.065144036, 7.40037744, 7.689435444, 7.925083902, 8.101627848, 8.26924455, 8.585084286, 8.828582562, 8.996661018, 9.087780474, 9.101633094, 9.039450222, 8.902924956, 8.695905246, 8.422700796, 8.088698736, 7.700825376, 7.266007026, 6.792709176, 6.289551234, 5.765306526, 5.229671886, 4.691882394, 4.573827288, 4.383276804, 4.115459484, 3.775300704, 3.368341512, 2.901508218, 2.583821466, 2.827011906, 2.989549314, 3.527338806, 4.10730183, 4.676336676, 5.224900428, 5.743911924, 6.224136084, 6.657569172, 7.036515288, 7.354048122, 7.604164872, 7.782247998, 7.88444955, 7.908152922, 7.851972852, 7.71590934, 7.50119373, 7.209980874, 6.846118722, 6.815950794, 7.141487364, 7.41423006, 7.628329998, 7.940167866, 8.293563594, 8.575233534, 8.782714998, 8.914468806, 8.970648876, 8.952178716, 0.0, 0.0, 0.0, 0.0, 0.0, 0.0, 0.0, 0.0, 0.0, 0.0, 0.0, 0.0, 0.0, 0.0, 0.0, 0.0, 0.0, 0.0, 0.0, 0.0, 0.0, 0.0, 0.0, 0.0, 0.0, 0.0, 0.0, 0.0, 0.0, 0.0, 0.0, 0.0, 0.0, 0.0, 0.0, 6.658030926, 6.999574968, 7.343581698, 7.642644372, 7.88983668, 8.079001902, 8.20459899, 8.52859638, 8.787024702, 8.970648876, 9.077467968, 9.107174142, 9.06038307, 8.938941768, 8.746236432, 8.486115012, 8.164426392, 7.787327292, 7.36189794, 6.89629599, 6.398986932, 5.87889801, 5.345418222, 4.808090484, 4.60830492, 4.433761908, 4.181490306, 3.8556459, 3.462077574, 3.007095966, 2.511018252, 2.769600492, 2.948145372, 3.402203472, 3.982782168, 4.55443362, 5.107460994, 5.63262921, 6.120857106, 6.56383311, 6.953553486, 7.283091924, 7.546445622, 7.738535286, 7.855512966, 7.894146384, 7.853358114, 7.732532484, 7.532593002, 7.25569452, 6.905223234, 6.766389198, 7.10100693, 7.384062132, 7.60970592, 7.872290028, 8.238768786, 8.534291346], "min_cpu_time": [4, 25, 23, 5, 7, 26, 20, 24, 12, 29, 12, 3, 13, 17, 11, 12, 1, 3, 11, 29], "max_cpu_time": [37, 60, 37, 14, 46, 50, 37, 29, 57, 48, 42, 54, 30, 25, 60, 27, 23, 74, 13, 68], "min_job_period": [117, 76, 77, 94, 12, 153, 16, 95, 70, 26, 43, 68, 101, 84, 67, 128, 30, 60, 32, 64], "max_job_period": [140, 130, 115, 145, 107, 153, 129, 140, 121, 151, 102, 134, 137, 140, 131, 153, 103, 125, 61, 84], "min_startup": [1, 1, 1, 1, 1, 1, 1, 1, 1, 1, 1, 2, 1, 1, 1, 1, 4, 2, 1, 1], "max_startup": [133, 142, 32, 97, 150, 150, 40, 126, 95, 44, 53, 63, 21, 107, 38, 33, 92, 37, 22, 63], "priority": [5, 16, 12, 10, 20, 17, 1, 8, 9, 7, 18, 4, 3, 13, 15, 6, 11, 2, 19, 14], "win_min": [0, 0, 19, 0, 0, 0, 0, 0, 0, 0, 0, 0, 0, 0, 0, 0, 0, 0, 0, 0], "win_max": [154, 154, 147, 154, 154, 154, 154, 154, 154, 154, 154, 154, 154, 154, 154, 154, 154, 154, 154, 154]}