{"subs": 1, "jobs": 13, "T": 154, "power_use": [3.284689928851919, 2.013752526028276, 2.08552685968402, 1.0075957492244387, 3.6435468290358473, 2.962751395785366, 2.0130295941846694, 2.4892157061072915, 1.47511652810391, 1.6515334966090627, 0.8530811166497686, 0.6037085596733863, 3.9944669200838594], "power_resource": [7.561067832, 7.298637642, 6.961865058, 6.714980586, 7.05867948, 7.35189327, 7.588773072, 7.80210342, 8.18151129, 8.490578634, 8.72638101, 8.886917484, 8.971572384, 8.9811153, 0.0, 0.0, 0.0, 0.0, 0.0, 0.0, 0.0, 0.0, 0.0, 0.0, 0.0, 0.0, 0.0, 0.0, 0.0, 0.0, 0.0, 0.0, 0.0, 0.0, 0.0, 0.0, 0.0, 0.0, 0.0, 0.0, 0.0, 0.0, 0.0, 0.0, 0.0, 0.0, 0.0, 0.0, 0.0, 6.771160656, 6.863665374, 7.22414133, 7.54275159, 7.81210809, 8.025592356, 8.17766334, 8.406385488, 8.694519984, 8.908927758, 9.04730004, 9.108559404, 9.092859768, 9.001740312, 8.83797156, 8.605093626, 8.308339722, 7.95371265, 7.547830884, 7.098544242, 6.614010378, 6.103310454, 5.575525632, 5.040198828, 4.667255514, 4.525497036, 4.304470788, 4.00802472, 3.64169988, 3.211191234, 2.724040764, 2.64585042, 2.856102408, 3.152086722, 3.733127172, 4.30893441, 4.869811602, 5.406215832, 5.909219856, 6.370204266, 6.78085749, 7.133945382, 7.423157304, 7.642952208, 7.788866472, 7.8575139, 7.847201394, 7.75669761, 7.58661822, 7.338656322, 7.015736358, 6.662032794, 7.014351096, 7.317569556, 7.565531454, 7.752541824, 8.121637188, 8.444249316, 8.69405823, 8.86875516, 8.967878352, 8.991427806, 0.0, 0.0, 0.0, 0.0, 0.0, 0.0, 0.0, 0.0, 0.0, 0.0, 0.0, 0.0, 0.0, 0.0, 0.0, 0.0, 0.0, 0.0, 0.0, 0.0, 0.0, 0.0, 0.0, 0.0, 0.0, 0.0, 0.0, 0.0, 0.0, 0.0, 0.0, 0.0, 0.0, 0.0, 0.0, 0.0, 6.793324848, 7.161650622, 7.489495962, 7.769472804, 7.994962674, 8.160116688, 8.34081642], "min_cpu_time": [19, 24, 13, 29, 22, 5, 23, 10, 4, 14, 12, 1, 27], "max_cpu_time": [68, 64, 20, 46, 55, 13, 29, 46, 43, 50, 29, 61, 60], "min_job_period": [133, 46, 134, 148, 108, 71, 128, 100, 73, 116, 108, 28, 141], "max_job_period": [148, 143, 139, 148, 136, 106, 146, 151, 121, 141, 119, 152, 143], "min_startup": [1, 1, 1, 1, 1, 1, 1, 1, 1, 1, 1, 2, 1], "max_startup": [93, 93, 97, 46, 151, 104, 51, 70, 5, 139, 34, 113, 149], "priority": [5, 10, 6, 13, 1, 4, 7, 9, 2, 8, 12, 3, 11], "win_min": [0, 0, 0, 0, 0, 0, 0, 0, 0, 0, 0, 23, 0], "win_max": [154, 154, 154, 154, 154, 154, 154, 154, 154, 154, 154, 136, 154]}