{"subs": 1, "jobs": 18, "T": 154, "power_use": [0.07012140392710615, 2.4026331948809188, 0.3640948763154084, 1.5747614174757365, 2.989925794301864, 3.965476618771806, 0.6577738318086223, 1.1945513911530328, 1.5517634466807586, 0.5681053569753268, 0.9748519931581463, 3.482561116655459, 2.7081371341689957, 3.1759266655137433, 0.5152276767599915, 0.43283751282183525, 1.6525687828353464, 2.3353195059342693], "power_resource": [0.0, 0.0, 0.0, 0.0, 0.0, 0.0, 0.0, 0.0, 0.0, 0.0, 0.0, 0.0, 0.0, 0.0, 0.0, 0.0, 0.0, 0.0, 0.0, 0.0, 0.0, 0.0, 0.0, 0.0, 0.0, 0.0, 0.0, 0.0, 0.0, 0.0, 0.0, 6.658030926, 6.999574968, 7.343581698, 7.642644372, 7.88983668, 8.079001902, 8.20459899, 8.52859638, 8.787024702, 8.970648876, 9.077467968, 9.107174142, 9.06038307, 8.938941768, 8.746236432, 8.486115012, 8.164426392, 7.787327292, 7.36189794, 6.89629599, 6.398986932, 5.87889801, 5.345418222, 4.808090484, 4.60830492, 4.433761908, 4.181490306, 3.8556459, 3.462077574, 3.007095966, 2.511018252, 2.769600492, 2.948145372, 3.402203472, 3.982782168, 4.55443362, 5.107460994, 5.63262921, 6.120857106, 6.56383311, 6.953553486, 7.283091924, 7.546445622, 7.738535286, 7.855512966, 7.894146384, 7.853358114, 7.732532484, 7.532593002, 7.25569452, 6.905223234, 6.766389198, 7.10100693, 7.384062132, 7.60970592, 7.872290028, 8.238768786, 8.534291346, 8.755933266, 8.902155366, 8.972495892, 8.96803227, 0.0, 0.0, 0.0, 0.0, 0.0, 0.0, 0.0, 0.0, 0.0, 0.0, 0.0, 0.0, 0.0, 0.0, 0.0, 0.0, 0.0, 0.0, 0.0, 0.0, 0.0, 0.0, 0.0, 0.0, 0.0, 0.0, 0.0, 0.0, 0.0, 0.0, 0.0, 0.0, 0.0, 0.0, 0.0, 6.716058012, 6.93246672, 7.284785022, 7.593852366, 7.85212677, 8.053605432, 8.192593386, 8.469030114, 8.742234564, 8.941404456, 9.064077102, 9.109482912, 9.078237558, 8.97188022, 8.793489258, 8.54706654, 8.23769136, 7.871520438, 7.45578792, 6.998189706, 6.507191286, 5.991565986, 5.460856722, 4.924298574, 4.639396356, 4.48132257], "min_cpu_time": [8, 27, 3, 10, 7, 11, 10, 14, 13, 27, 6, 16, 4, 2, 1, 14, 12, 8], "max_cpu_time": [22, 60, 67, 44, 75, 19, 26, 60, 13, 73, 62, 69, 22, 4, 21, 55, 16, 59], "min_job_period": [92, 110, 40, 152, 50, 125, 33, 94, 145, 101, 20, 92, 15, 30, 9, 4, 81, 137], "max_job_period": [135, 145, 114, 153, 107, 131, 74, 153, 151, 117, 21, 148, 143, 65, 151, 54, 135, 148], "min_startup": [1, 1, 3, 1, 2, 1, 1, 1, 1, 1, 2, 1, 2, 4, 8, 1, 1, 1], "max_startup": [141, 21, 12, 118, 6, 20, 59, 60, 11, 86, 35, 99, 101, 6, 30, 134, 103, 135], "priority": [7, 15, 3, 14, 9, 13, 16, 6, 2, 12, 4, 11, 18, 1, 10, 17, 5, 8], "win_min": [0, 7, 0, 0, 0, 0, 0, 0, 0, 0, 0, 0, 0, 0, 0, 0, 0, 0], "win_max": [154, 145, 154, 154, 154, 154, 154, 154, 154, 154, 154, 154, 154, 154, 154, 154, 154, 154]}