{"subs": 1, "jobs": 20, "T": 154, "power_use": [2.44077740274497, 3.4688914282696124, 3.715755085310816, 0.9838936458526094, 1.6126918949439415, 3.264794460706615, 3.851282220947162, 0.05159867879163527, 3.542301730698679, 2.5035348827182977, 3.3922985466129005, 0.39777758198921, 2.431287180014305, 2.0899589287125835, 1.5784241334412528, 3.5148007292677415, 0.7706680309419892, 3.3410262410615665, 2.7782480732914907, 3.8996442519612855], "power_resource": [3.110374944, 2.612142378, 2.709264636, 2.90366307, 3.277068138, 3.858108588, 4.431914892, 4.989098052, 5.520115152, 6.01588503, 6.467942196, 6.868282914, 7.209826956, 7.486109766, 7.692205968, 7.82365194, 7.877369322, 7.851665016, 7.746077268, 7.561067832, 7.298637642, 6.961865058, 6.714980586, 7.05867948, 7.35189327, 7.588773072, 7.80210342, 8.18151129, 8.490578634, 8.72638101, 8.886917484, 8.971572384, 8.9811153, 0.0, 0.0, 0.0, 0.0, 0.0, 0.0, 0.0, 0.0, 0.0, 0.0, 0.0, 0.0, 0.0, 0.0, 0.0, 0.0, 0.0, 0.0, 0.0, 0.0, 0.0, 0.0, 0.0, 0.0, 0.0, 0.0, 0.0, 0.0, 0.0, 0.0, 0.0, 0.0, 0.0, 0.0, 0.0, 6.771160656, 6.863665374, 7.22414133, 7.54275159, 7.81210809, 8.025592356, 8.17766334, 8.406385488, 8.694519984, 8.908927758, 9.04730004, 9.108559404, 9.092859768, 9.001740312, 8.83797156, 8.605093626, 8.308339722, 7.95371265, 7.547830884, 7.098544242, 6.614010378, 6.103310454, 5.575525632, 5.040198828, 4.667255514, 4.525497036, 4.304470788, 4.00802472, 3.64169988, 3.211191234, 2.724040764, 2.64585042, 2.856102408, 3.152086722, 3.733127172, 4.30893441, 4.869811602, 5.406215832, 5.909219856, 6.370204266, 6.78085749, 7.133945382, 7.423157304, 7.642952208, 7.788866472, 7.8575139, 7.847201394, 7.75669761, 7.58661822, 7.338656322, 7.015736358, 6.662032794, 7.014351096, 7.317569556, 7.565531454, 7.752541824, 8.121637188, 8.444249316, 8.69405823, 8.86875516, 8.967878352, 8.991427806, 0.0, 0.0, 0.0, 0.0, 0.0, 0.0, 0.0, 0.0, 0.0, 0.0, 0.0, 0.0, 0.0, 0.0, 0.0, 0.0, 0.0, 0.0, 0.0, 0.0, 0.0, 0.0, 0.0, 0.0], "min_cpu_time": [3, 2, 15, 23, 3, 22, 10, 14, 23, 3, 6, 10, 11, 6, 9, 13, 7, 13, 1, 18], "max_cpu_time": [34, 4, 68, 74, 11, 73, 48, 14, 38, 34, 32, 46, 21, 13, 38, 25, 75, 41, 5, 67], "min_job_period": [2, 18, 34, 127, 5, 68, 39, 13, 94, 2, 41, 60, 39, 16, 60, 128, 19, 93, 5, 3], "max_job_period": [121, 24, 103, 138, 54, 136, 135, 150, 131, 149, 60, 90, 129, 36, 64, 150, 46, 108, 28, 111], "min_startup": [5, 8, 1, 1, 5, 1, 2, 1, 1, 5, 3, 2, 2, 3, 2, 1, 3, 1, 15, 1], "max_startup": [103, 8, 128, 57, 82, 76, 13, 53, 12, 40, 4, 83, 111, 81, 115, 94, 73, 62, 133, 127], "priority": [10, 16, 14, 12, 5, 15, 19, 6, 7, 13, 20, 1, 11, 4, 3, 9, 17, 8, 18, 2], "win_min": [0, 0, 0, 0, 0, 0, 19, 0, 0, 0, 0, 0, 0, 0, 0, 0, 0, 0, 0, 0], "win_max": [154, 154, 154, 154, 154, 154, 124, 154, 154, 154, 154, 154, 154, 154, 154, 154, 154, 154, 154, 154]}