{"subs": 1, "jobs": 18, "T": 154, "power_use": [3.6535310742035336, 3.730863055593827, 3.6594625689357603, 2.4049044777466495, 2.2151259433406145, 1.7768205366745675, 1.8692602601003119, 3.406721320282395, 0.24252407911148552, 3.462318539112705, 0.8327866253925915, 0.5898882600780831, 0.23297810222602902, 1.0113088004554471, 3.2413288370772864, 0.7610299981005081, 0.77311997552495, 0.6301800284901092], "power_resource": [0.0, 6.76238733, 7.128866088, 7.455172248, 7.733763828, 7.957714518, 8.12148327, 8.337276306, 8.63864775, 8.866908144, 9.019286964, 9.094706784, 9.093013686, 9.015285096, 8.863983702, 8.642803536, 8.356362138, 8.01066231, 7.612168608, 7.168423014, 6.6877371, 6.178884192, 5.650945452, 5.113309878, 4.662637974, 4.536117378, 4.329405504, 4.04650422, 3.692031066, 3.272142762, 2.7936117, 2.653700238, 2.88134496, 3.070356264, 3.652320222, 4.23120582, 4.797316224, 5.341262436, 5.853655458, 6.325721964, 6.749458218, 7.11716832, 7.422387714, 7.659113598, 7.823036268, 7.910461692, 7.918927182, 7.847663148, 7.696515672, 7.467023934, 7.161650622, 6.784551522, 6.86397321, 7.179966864, 7.442089218, 7.644645306, 8.005429098, 8.34543396, 8.613405198, 8.806572288, 8.92416564, 8.966031336, 0.0, 0.0, 0.0, 0.0, 0.0, 0.0, 0.0, 0.0, 0.0, 0.0, 0.0, 0.0, 0.0, 0.0, 0.0, 0.0, 0.0, 0.0, 0.0, 0.0, 0.0, 0.0, 0.0, 0.0, 0.0, 0.0, 0.0, 0.0, 0.0, 0.0, 0.0, 0.0, 0.0, 0.0, 0.0, 0.0, 6.691123296, 7.065144036, 7.40037744, 7.689435444, 7.925083902, 8.101627848, 8.26924455, 8.585084286, 8.828582562, 8.996661018, 9.087780474, 9.101633094, 9.039450222, 8.902924956, 8.695905246, 8.422700796, 8.088698736, 7.700825376, 7.266007026, 6.792709176, 6.289551234, 5.765306526, 5.229671886, 4.691882394, 4.573827288, 4.383276804, 4.115459484, 3.775300704, 3.368341512, 2.901508218, 2.583821466, 2.827011906, 2.989549314, 3.527338806, 4.10730183, 4.676336676, 5.224900428, 5.743911924, 6.224136084, 6.657569172, 7.036515288, 7.354048122, 7.604164872, 7.782247998, 7.88444955, 7.908152922, 7.851972852, 7.71590934, 7.50119373, 7.209980874, 6.846118722, 6.815950794, 7.141487364, 7.41423006, 7.628329998, 7.940167866], "min_cpu_time": [8, 8, 7, 13, 11, 17, 10, 23, 13, 14, 6, 6, 9, 4, 1, 11, 23, 26], "max_cpu_time": [39, 52, 29, 36, 30, 57, 50, 33, 27, 22, 6, 9, 19, 29, 14, 44, 35, 59], "min_job_period": [21, 13, 23, 2, 3, 21, 11, 49, 54, 29, 15, 15, 38, 13, 3, 75, 54, 28], "max_job_period": [142, 57, 82, 71, 73, 29, 86, 73, 118, 37, 49, 69, 138, 72, 59, 108, 118, 50], "min_startup": [3, 3, 3, 2, 2, 1, 2, 1, 2, 2, 3, 3, 2, 5, 19, 2, 1, 1], "max_startup": [21, 84, 117, 62, 31, 132, 102, 145, 58, 77, 119, 92, 80, 94, 82, 112, 151, 39], "priority": [5, 16, 18, 17, 9, 4, 1, 8, 14, 6, 13, 3, 12, 11, 10, 2, 7, 15], "win_min": [0, 0, 0, 24, 0, 0, 0, 0, 0, 0, 0, 0, 0, 0, 0, 0, 0, 0], "win_max": [154, 154, 154, 125, 154, 154, 154, 154, 154, 154, 154, 154, 154, 154, 154, 154, 154, 154]}