{"subs": 1, "jobs": 18, "T": 154, "power_use": [2.926165544566426, 2.170916102097263, 1.5467371934881742, 1.239400664312903, 2.6543932046787493, 1.762804863741658, 1.3789082326450768, 0.19975316614397345, 2.6027155163489413, 0.5609143350491326, 3.730933017647752, 2.0963007630578976, 0.1903597411606949, 3.617302411101396, 0.8308931658781342, 0.07044707376580325, 1.596032526676816, 1.6076819952081796], "power_resource": [7.787327292, 7.36189794, 6.89629599, 6.398986932, 5.87889801, 5.345418222, 4.808090484, 4.60830492, 4.433761908, 4.181490306, 3.8556459, 3.462077574, 3.007095966, 2.511018252, 2.769600492, 2.948145372, 3.402203472, 3.982782168, 4.55443362, 5.107460994, 5.63262921, 6.120857106, 6.56383311, 6.953553486, 7.283091924, 7.546445622, 7.738535286, 7.855512966, 7.894146384, 7.853358114, 7.732532484, 7.532593002, 7.25569452, 6.905223234, 6.766389198, 7.10100693, 7.384062132, 7.60970592, 7.872290028, 8.238768786, 8.534291346, 8.755933266, 8.902155366, 8.972495892, 8.96803227, 0.0, 0.0, 0.0, 0.0, 0.0, 0.0, 0.0, 0.0, 0.0, 0.0, 0.0, 0.0, 0.0, 0.0, 0.0, 0.0, 0.0, 0.0, 0.0, 0.0, 0.0, 0.0, 0.0, 0.0, 0.0, 0.0, 0.0, 0.0, 0.0, 0.0, 0.0, 0.0, 0.0, 0.0, 0.0, 6.716058012, 6.93246672, 7.284785022, 7.593852366, 7.85212677, 8.053605432, 8.192593386, 8.469030114, 8.742234564, 8.941404456, 9.064077102, 9.109482912, 9.078237558, 8.97188022, 8.793489258, 8.54706654, 8.23769136, 7.871520438, 7.45578792, 6.998189706, 6.507191286, 5.991565986, 5.460856722, 4.924298574, 4.639396356, 4.48132257, 4.244442768, 3.93337449, 3.55319703, 3.110374944, 2.612142378, 2.709264636, 2.90366307, 3.277068138, 3.858108588, 4.431914892, 4.989098052, 5.520115152, 6.01588503, 6.467942196, 6.868282914, 7.209826956, 7.486109766, 7.692205968, 7.82365194, 7.877369322, 7.851665016, 7.746077268, 7.561067832, 7.298637642, 6.961865058, 6.714980586, 7.05867948, 7.35189327, 7.588773072, 7.80210342, 8.18151129, 8.490578634, 8.72638101, 8.886917484, 8.971572384, 8.9811153, 0.0, 0.0, 0.0, 0.0, 0.0, 0.0, 0.0, 0.0, 0.0, 0.0, 0.0, 0.0], "min_cpu_time": [15, 27, 8, 27, 11, 13, 10, 21, 13, 5, 22, 17, 4, 11, 14, 4, 20, 17], "max_cpu_time": [34, 56, 12, 67, 16, 20, 43, 74, 63, 28, 76, 50, 75, 62, 29, 15, 48, 58], "min_job_period": [95, 117, 43, 32, 143, 106, 50, 105, 1, 62, 131, 151, 9, 3, 54, 2, 45, 113], "max_job_period": [151, 136, 68, 89, 151, 126, 97, 112, 72, 84, 148, 152, 94, 100, 114, 131, 137, 148], "min_startup": [1, 1, 2, 1, 1, 1, 1, 1, 1, 2, 1, 1, 3, 1, 1, 3, 1, 1], "max_startup": [44, 79, 54, 103, 5, 128, 145, 8, 57, 130, 24, 114, 76, 47, 12, 153, 60, 107], "priority": [8, 9, 15, 10, 7, 18, 4, 3, 16, 12, 14, 17, 13, 2, 5, 6, 11, 1], "win_min": [0, 0, 0, 0, 0, 0, 0, 0, 0, 0, 0, 0, 11, 0, 0, 0, 0, 0], "win_max": [154, 154, 154, 154, 154, 154, 154, 154, 154, 154, 154, 154, 128, 154, 154, 154, 154, 154]}