{"subs": 1, "jobs": 13, "T": 154, "power_use": [2.55282554500005, 1.1738600982619734, 1.4612248451942138, 0.9870870624338901, 3.248518218260977, 2.593123749082582, 0.8559626115472089, 3.2761876529768172, 3.2366364471478, 0.7793198200766617, 1.6298273421074398, 3.9875375654279903, 3.388903953301715], "power_resource": [5.113309878, 4.662637974, 4.536117378, 4.329405504, 4.04650422, 3.692031066, 3.272142762, 2.7936117, 2.653700238, 2.88134496, 3.070356264, 3.652320222, 4.23120582, 4.797316224, 5.341262436, 5.853655458, 6.325721964, 6.749458218, 7.11716832, 7.422387714, 7.659113598, 7.823036268, 7.910461692, 7.918927182, 7.847663148, 7.696515672, 7.467023934, 7.161650622, 6.784551522, 6.86397321, 7.179966864, 7.442089218, 7.644645306, 8.005429098, 8.34543396, 8.613405198, 8.806572288, 8.92416564, 8.966031336, 0.0, 0.0, 0.0, 0.0, 0.0, 0.0, 0.0, 0.0, 0.0, 0.0, 0.0, 0.0, 0.0, 0.0, 0.0, 0.0, 0.0, 0.0, 0.0, 0.0, 0.0, 0.0, 0.0, 0.0, 0.0, 0.0, 0.0, 0.0, 0.0, 0.0, 0.0, 0.0, 0.0, 0.0, 0.0, 0.0, 6.691123296, 7.065144036, 7.40037744, 7.689435444, 7.925083902, 8.101627848, 8.26924455, 8.585084286, 8.828582562, 8.996661018, 9.087780474, 9.101633094, 9.039450222, 8.902924956, 8.695905246, 8.422700796, 8.088698736, 7.700825376, 7.266007026, 6.792709176, 6.289551234, 5.765306526, 5.229671886, 4.691882394, 4.573827288, 4.383276804, 4.115459484, 3.775300704, 3.368341512, 2.901508218, 2.583821466, 2.827011906, 2.989549314, 3.527338806, 4.10730183, 4.676336676, 5.224900428, 5.743911924, 6.224136084, 6.657569172, 7.036515288, 7.354048122, 7.604164872, 7.782247998, 7.88444955, 7.908152922, 7.851972852, 7.71590934, 7.50119373, 7.209980874, 6.846118722, 6.815950794, 7.141487364, 7.41423006, 7.628329998, 7.940167866, 8.293563594, 8.575233534, 8.782714998, 8.914468806, 8.970648876, 8.952178716, 0.0, 0.0, 0.0, 0.0, 0.0, 0.0, 0.0, 0.0, 0.0, 0.0, 0.0, 0.0, 0.0, 0.0, 0.0, 0.0, 0.0], "min_cpu_time": [15, 6, 18, 7, 21, 19, 2, 2, 7, 24, 16, 13, 11], "max_cpu_time": [31, 66, 51, 35, 21, 48, 11, 35, 15, 32, 70, 61, 26], "min_job_period": [106, 59, 72, 103, 80, 54, 75, 27, 149, 64, 29, 84, 136], "max_job_period": [110, 146, 126, 153, 132, 79, 134, 70, 152, 90, 136, 97, 142], "min_startup": [1, 1, 1, 1, 1, 1, 2, 2, 1, 1, 1, 1, 1], "max_startup": [134, 131, 69, 146, 90, 141, 5, 15, 92, 152, 23, 52, 83], "priority": [1, 12, 5, 3, 2, 10, 4, 6, 13, 7, 9, 8, 11], "win_min": [0, 0, 0, 0, 0, 0, 0, 0, 24, 0, 0, 0, 0], "win_max": [154, 154, 154, 154, 154, 154, 154, 154, 137, 154, 154, 154, 154]}