{"subs": 1, "jobs": 18, "T": 154, "power_use": [0.035415195233198075, 0.23433318955423033, 2.8910540603596044, 1.7941034736043462, 0.3979570855715198, 2.0924695230017467, 1.5383195320874603, 3.402051465913506, 0.4907351017119613, 1.7154575563508163, 1.844916022717422, 3.8070005348914284, 1.6556326897899332, 2.123697314201705, 3.723864443436256, 0.18824555582342103, 2.397915960230012, 0.10404861088194856], "power_resource": [7.455172248, 7.733763828, 7.957714518, 8.12148327, 8.337276306, 8.63864775, 8.866908144, 9.019286964, 9.094706784, 9.093013686, 9.015285096, 8.863983702, 8.642803536, 8.356362138, 8.01066231, 7.612168608, 7.168423014, 6.6877371, 6.178884192, 5.650945452, 5.113309878, 4.662637974, 4.536117378, 4.329405504, 4.04650422, 3.692031066, 3.272142762, 2.7936117, 2.653700238, 2.88134496, 3.070356264, 3.652320222, 4.23120582, 4.797316224, 5.341262436, 5.853655458, 6.325721964, 6.749458218, 7.11716832, 7.422387714, 7.659113598, 7.823036268, 7.910461692, 7.918927182, 7.847663148, 7.696515672, 7.467023934, 7.161650622, 6.784551522, 6.86397321, 7.179966864, 7.442089218, 7.644645306, 8.005429098, 8.34543396, 8.613405198, 8.806572288, 8.92416564, 8.966031336, 0.0, 0.0, 0.0, 0.0, 0.0, 0.0, 0.0, 0.0, 0.0, 0.0, 0.0, 0.0, 0.0, 0.0, 0.0, 0.0, 0.0, 0.0, 0.0, 0.0, 0.0, 0.0, 0.0, 0.0, 0.0, 0.0, 0.0, 0.0, 0.0, 0.0, 0.0, 0.0, 0.0, 0.0, 0.0, 0.0, 6.691123296, 7.065144036, 7.40037744, 7.689435444, 7.925083902, 8.101627848, 8.26924455, 8.585084286, 8.828582562, 8.996661018, 9.087780474, 9.101633094, 9.039450222, 8.902924956, 8.695905246, 8.422700796, 8.088698736, 7.700825376, 7.266007026, 6.792709176, 6.289551234, 5.765306526, 5.229671886, 4.691882394, 4.573827288, 4.383276804, 4.115459484, 3.775300704, 3.368341512, 2.901508218, 2.583821466, 2.827011906, 2.989549314, 3.527338806, 4.10730183, 4.676336676, 5.224900428, 5.743911924, 6.224136084, 6.657569172, 7.036515288, 7.354048122, 7.604164872, 7.782247998, 7.88444955, 7.908152922, 7.851972852, 7.71590934, 7.50119373, 7.209980874, 6.846118722, 6.815950794, 7.141487364, 7.41423006, 7.628329998, 7.940167866, 8.293563594, 8.575233534, 8.782714998], "min_cpu_time": [2, 22, 5, 6, 15, 25, 18, 9, 27, 27, 3, 25, 27, 12, 15, 14, 25, 2], "max_cpu_time": [24, 59, 29, 13, 19, 46, 40, 34, 32, 74, 58, 55, 38, 21, 35, 16, 72, 17], "min_job_period": [3, 50, 61, 62, 90, 32, 146, 51, 102, 95, 22, 81, 105, 87, 95, 88, 153, 27], "max_job_period": [80, 86, 64, 75, 99, 135, 152, 116, 147, 96, 132, 117, 140, 107, 128, 124, 153, 133], "min_startup": [5, 1, 2, 2, 1, 1, 1, 1, 1, 1, 3, 1, 1, 1, 1, 1, 1, 5], "max_startup": [74, 15, 59, 89, 115, 108, 76, 147, 41, 37, 72, 49, 82, 139, 137, 11, 18, 20], "priority": [3, 5, 2, 8, 17, 14, 6, 11, 16, 12, 1, 7, 18, 4, 9, 10, 15, 13], "win_min": [0, 5, 0, 0, 0, 0, 0, 0, 0, 0, 0, 0, 0, 0, 0, 0, 0, 0], "win_max": [154, 142, 154, 154, 154, 154, 154, 154, 154, 154, 154, 154, 154, 154, 154, 154, 154, 154]}