{"subs": 1, "jobs": 13, "T": 154, "power_use": [0.22327030958947455, 1.868746130568836, 2.0700720340993843, 0.5450442107648467, 3.1374063834043464, 0.44185527378821887, 2.3462187903551457, 1.3528423598757822, 1.5148606268515417, 1.1188620545772636, 1.268000897925734, 0.8585180867315165, 0.9189177023725972], "power_resource": [8.101627848, 8.26924455, 8.585084286, 8.828582562, 8.996661018, 9.087780474, 9.101633094, 9.039450222, 8.902924956, 8.695905246, 8.422700796, 8.088698736, 7.700825376, 7.266007026, 6.792709176, 6.289551234, 5.765306526, 5.229671886, 4.691882394, 4.573827288, 4.383276804, 4.115459484, 3.775300704, 3.368341512, 2.901508218, 2.583821466, 2.827011906, 2.989549314, 3.527338806, 4.10730183, 4.676336676, 5.224900428, 5.743911924, 6.224136084, 6.657569172, 7.036515288, 7.354048122, 7.604164872, 7.782247998, 7.88444955, 7.908152922, 7.851972852, 7.71590934, 7.50119373, 7.209980874, 6.846118722, 6.815950794, 7.141487364, 7.41423006, 7.628329998, 7.940167866, 8.293563594, 8.575233534, 8.782714998, 8.914468806, 8.970648876, 8.952178716, 0.0, 0.0, 0.0, 0.0, 0.0, 0.0, 0.0, 0.0, 0.0, 0.0, 0.0, 0.0, 0.0, 0.0, 0.0, 0.0, 0.0, 0.0, 0.0, 0.0, 0.0, 0.0, 0.0, 0.0, 0.0, 0.0, 0.0, 0.0, 0.0, 0.0, 0.0, 0.0, 0.0, 0.0, 0.0, 6.658030926, 6.999574968, 7.343581698, 7.642644372, 7.88983668, 8.079001902, 8.20459899, 8.52859638, 8.787024702, 8.970648876, 9.077467968, 9.107174142, 9.06038307, 8.938941768, 8.746236432, 8.486115012, 8.164426392, 7.787327292, 7.36189794, 6.89629599, 6.398986932, 5.87889801, 5.345418222, 4.808090484, 4.60830492, 4.433761908, 4.181490306, 3.8556459, 3.462077574, 3.007095966, 2.511018252, 2.769600492, 2.948145372, 3.402203472, 3.982782168, 4.55443362, 5.107460994, 5.63262921, 6.120857106, 6.56383311, 6.953553486, 7.283091924, 7.546445622, 7.738535286, 7.855512966, 7.894146384, 7.853358114, 7.732532484, 7.532593002, 7.25569452, 6.905223234, 6.766389198, 7.10100693, 7.384062132, 7.60970592, 7.872290028, 8.238768786, 8.534291346, 8.755933266, 8.902155366, 8.972495892, 8.96803227], "min_cpu_time": [9, 26, 2, 25, 9, 8, 16, 6, 16, 9, 13, 26, 22], "max_cpu_time": [69, 49, 26, 47, 62, 64, 61, 16, 51, 57, 67, 37, 66], "min_job_period": [18, 137, 2, 108, 113, 54, 32, 52, 119, 144, 67, 65, 144], "max_job_period": [140, 138, 134, 132, 128, 127, 115, 82, 124, 148, 79, 122, 146], "min_startup": [1, 1, 4, 1, 1, 1, 1, 2, 1, 1, 1, 1, 1], "max_startup": [28, 20, 36, 140, 122, 58, 66, 91, 18, 137, 117, 97, 78], "priority": [11, 1, 8, 7, 3, 2, 6, 13, 10, 5, 9, 4, 12], "win_min": [0, 0, 17, 0, 0, 0, 0, 0, 0, 0, 0, 0, 0], "win_max": [154, 154, 143, 154, 154, 154, 154, 154, 154, 154, 154, 154, 154]}