{"subs": 1, "jobs": 18, "T": 154, "power_use": [1.5034111176903675, 1.9318692607392824, 2.068867210014227, 0.6394088759536477, 0.8921228596672527, 1.9061244346116788, 0.424320555246647, 3.062872922675073, 2.4464244545514062, 3.171492534475093, 3.476801889850571, 0.1804389649963049, 1.4651619305909644, 3.106828308744196, 3.9166458369141077, 0.1982703212872757, 1.485678785827911, 1.2704863439826541], "power_resource": [8.902924956, 8.695905246, 8.422700796, 8.088698736, 7.700825376, 7.266007026, 6.792709176, 6.289551234, 5.765306526, 5.229671886, 4.691882394, 4.573827288, 4.383276804, 4.115459484, 3.775300704, 3.368341512, 2.901508218, 2.583821466, 2.827011906, 2.989549314, 3.527338806, 4.10730183, 4.676336676, 5.224900428, 5.743911924, 6.224136084, 6.657569172, 7.036515288, 7.354048122, 7.604164872, 7.782247998, 7.88444955, 7.908152922, 7.851972852, 7.71590934, 7.50119373, 7.209980874, 6.846118722, 6.815950794, 7.141487364, 7.41423006, 7.628329998, 7.940167866, 8.293563594, 8.575233534, 8.782714998, 8.914468806, 8.970648876, 8.952178716, 0.0, 0.0, 0.0, 0.0, 0.0, 0.0, 0.0, 0.0, 0.0, 0.0, 0.0, 0.0, 0.0, 0.0, 0.0, 0.0, 0.0, 0.0, 0.0, 0.0, 0.0, 0.0, 0.0, 0.0, 0.0, 0.0, 0.0, 0.0, 0.0, 0.0, 0.0, 0.0, 0.0, 0.0, 0.0, 6.658030926, 6.999574968, 7.343581698, 7.642644372, 7.88983668, 8.079001902, 8.20459899, 8.52859638, 8.787024702, 8.970648876, 9.077467968, 9.107174142, 9.06038307, 8.938941768, 8.746236432, 8.486115012, 8.164426392, 7.787327292, 7.36189794, 6.89629599, 6.398986932, 5.87889801, 5.345418222, 4.808090484, 4.60830492, 4.433761908, 4.181490306, 3.8556459, 3.462077574, 3.007095966, 2.511018252, 2.769600492, 2.948145372, 3.402203472, 3.982782168, 4.55443362, 5.107460994, 5.63262921, 6.120857106, 6.56383311, 6.953553486, 7.283091924, 7.546445622, 7.738535286, 7.855512966, 7.894146384, 7.853358114, 7.732532484, 7.532593002, 7.25569452, 6.905223234, 6.766389198, 7.10100693, 7.384062132, 7.60970592, 7.872290028, 8.238768786, 8.534291346, 8.755933266, 8.902155366, 8.972495892, 8.96803227, 0.0, 0.0, 0.0, 0.0, 0.0, 0.0, 0.0, 0.0], "min_cpu_time": [6, 19, 15, 9, 2, 19, 12, 11, 18, 22, 4, 18, 19, 13, 27, 22, 26, 24], "max_cpu_time": [7, 60, 72, 60, 60, 32, 27, 51, 37, 32, 10, 21, 48, 52, 28, 52, 74, 76], "min_job_period": [114, 36, 131, 54, 118, 78, 114, 34, 90, 67, 24, 147, 53, 57, 41, 151, 120, 124], "max_job_period": [144, 133, 142, 73, 120, 89, 122, 122, 131, 92, 63, 147, 142, 125, 104, 151, 150, 144], "min_startup": [1, 1, 1, 1, 1, 1, 1, 1, 1, 1, 1, 1, 1, 1, 1, 1, 1, 1], "max_startup": [64, 92, 46, 65, 69, 64, 109, 74, 49, 1, 118, 83, 27, 35, 45, 18, 61, 30], "priority": [16, 8, 14, 10, 3, 6, 11, 15, 5, 12, 7, 9, 18, 17, 1, 2, 4, 13], "win_min": [0, 0, 0, 0, 0, 0, 0, 0, 0, 0, 0, 0, 0, 0, 0, 3, 0, 0], "win_max": [154, 154, 154, 154, 154, 154, 154, 154, 154, 154, 154, 154, 154, 154, 154, 142, 154, 154]}