{"subs": 1, "jobs": 13, "T": 154, "power_use": [0.23377186342375164, 0.5146570276203013, 1.377540858695596, 0.6150047227713226, 2.476802420043727, 0.36697547023146054, 2.597691661101504, 2.228038992901036, 0.7852160774879527, 3.2216139864374025, 3.6501623991039893, 1.413722137308978, 2.8227270366820245], "power_resource": [6.6877371, 6.178884192, 5.650945452, 5.113309878, 4.662637974, 4.536117378, 4.329405504, 4.04650422, 3.692031066, 3.272142762, 2.7936117, 2.653700238, 2.88134496, 3.070356264, 3.652320222, 4.23120582, 4.797316224, 5.341262436, 5.853655458, 6.325721964, 6.749458218, 7.11716832, 7.422387714, 7.659113598, 7.823036268, 7.910461692, 7.918927182, 7.847663148, 7.696515672, 7.467023934, 7.161650622, 6.784551522, 6.86397321, 7.179966864, 7.442089218, 7.644645306, 8.005429098, 8.34543396, 8.613405198, 8.806572288, 8.92416564, 8.966031336, 0.0, 0.0, 0.0, 0.0, 0.0, 0.0, 0.0, 0.0, 0.0, 0.0, 0.0, 0.0, 0.0, 0.0, 0.0, 0.0, 0.0, 0.0, 0.0, 0.0, 0.0, 0.0, 0.0, 0.0, 0.0, 0.0, 0.0, 0.0, 0.0, 0.0, 0.0, 0.0, 0.0, 0.0, 0.0, 0.0, 6.691123296, 7.065144036, 7.40037744, 7.689435444, 7.925083902, 8.101627848, 8.26924455, 8.585084286, 8.828582562, 8.996661018, 9.087780474, 9.101633094, 9.039450222, 8.902924956, 8.695905246, 8.422700796, 8.088698736, 7.700825376, 7.266007026, 6.792709176, 6.289551234, 5.765306526, 5.229671886, 4.691882394, 4.573827288, 4.383276804, 4.115459484, 3.775300704, 3.368341512, 2.901508218, 2.583821466, 2.827011906, 2.989549314, 3.527338806, 4.10730183, 4.676336676, 5.224900428, 5.743911924, 6.224136084, 6.657569172, 7.036515288, 7.354048122, 7.604164872, 7.782247998, 7.88444955, 7.908152922, 7.851972852, 7.71590934, 7.50119373, 7.209980874, 6.846118722, 6.815950794, 7.141487364, 7.41423006, 7.628329998, 7.940167866, 8.293563594, 8.575233534, 8.782714998, 8.914468806, 8.970648876, 8.952178716, 0.0, 0.0, 0.0, 0.0, 0.0, 0.0, 0.0, 0.0, 0.0, 0.0, 0.0, 0.0, 0.0, 0.0], "min_cpu_time": [17, 20, 20, 1, 21, 11, 7, 12, 27, 8, 4, 5, 11], "max_cpu_time": [48, 51, 29, 5, 58, 27, 74, 44, 32, 25, 12, 9, 33], "min_job_period": [12, 48, 27, 1, 50, 40, 14, 36, 135, 4, 6, 18, 7], "max_job_period": [83, 114, 125, 151, 130, 108, 24, 37, 143, 107, 47, 35, 54], "min_startup": [2, 2, 2, 33, 2, 3, 5, 3, 1, 4, 8, 7, 3], "max_startup": [18, 68, 45, 74, 75, 38, 20, 23, 51, 91, 101, 79, 7], "priority": [13, 10, 7, 12, 1, 5, 8, 3, 9, 4, 2, 6, 11], "win_min": [0, 0, 0, 0, 0, 0, 0, 0, 16, 0, 0, 0, 0], "win_max": [154, 154, 154, 154, 154, 154, 154, 154, 125, 154, 154, 154, 154]}