{"subs": 1, "jobs": 18, "T": 154, "power_use": [0.7124219332273222, 1.5211857610048478, 3.250128255094368, 0.9631373198717947, 3.129813005078539, 3.227679484853816, 0.8118921469714124, 0.8594042150715293, 1.1603692293175034, 0.9049174297204381, 2.042908062636405, 3.3567917882322904, 2.877583493198819, 3.0531037384736095, 3.084800565570226, 1.472437049921516, 1.0195812454016762, 1.6502913480165227], "power_resource": [9.078237558, 8.97188022, 8.793489258, 8.54706654, 8.23769136, 7.871520438, 7.45578792, 6.998189706, 6.507191286, 5.991565986, 5.460856722, 4.924298574, 4.639396356, 4.48132257, 4.244442768, 3.93337449, 3.55319703, 3.110374944, 2.612142378, 2.709264636, 2.90366307, 3.277068138, 3.858108588, 4.431914892, 4.989098052, 5.520115152, 6.01588503, 6.467942196, 6.868282914, 7.209826956, 7.486109766, 7.692205968, 7.82365194, 7.877369322, 7.851665016, 7.746077268, 7.561067832, 7.298637642, 6.961865058, 6.714980586, 7.05867948, 7.35189327, 7.588773072, 7.80210342, 8.18151129, 8.490578634, 8.72638101, 8.886917484, 8.971572384, 8.9811153, 0.0, 0.0, 0.0, 0.0, 0.0, 0.0, 0.0, 0.0, 0.0, 0.0, 0.0, 0.0, 0.0, 0.0, 0.0, 0.0, 0.0, 0.0, 0.0, 0.0, 0.0, 0.0, 0.0, 0.0, 0.0, 0.0, 0.0, 0.0, 0.0, 0.0, 0.0, 0.0, 0.0, 0.0, 0.0, 6.771160656, 6.863665374, 7.22414133, 7.54275159, 7.81210809, 8.025592356, 8.17766334, 8.406385488, 8.694519984, 8.908927758, 9.04730004, 9.108559404, 9.092859768, 9.001740312, 8.83797156, 8.605093626, 8.308339722, 7.95371265, 7.547830884, 7.098544242, 6.614010378, 6.103310454, 5.575525632, 5.040198828, 4.667255514, 4.525497036, 4.304470788, 4.00802472, 3.64169988, 3.211191234, 2.724040764, 2.64585042, 2.856102408, 3.152086722, 3.733127172, 4.30893441, 4.869811602, 5.406215832, 5.909219856, 6.370204266, 6.78085749, 7.133945382, 7.423157304, 7.642952208, 7.788866472, 7.8575139, 7.847201394, 7.75669761, 7.58661822, 7.338656322, 7.015736358, 6.662032794, 7.014351096, 7.317569556, 7.565531454, 7.752541824, 8.121637188, 8.444249316, 8.69405823, 8.86875516, 8.967878352, 8.991427806, 0.0, 0.0, 0.0, 0.0, 0.0, 0.0, 0.0], "min_cpu_time": [15, 2, 19, 6, 12, 14, 2, 29, 26, 1, 23, 16, 16, 20, 25, 2, 1, 3], "max_cpu_time": [20, 2, 23, 37, 59, 54, 12, 73, 70, 70, 25, 20, 45, 57, 68, 69, 28, 48], "min_job_period": [60, 2, 42, 13, 98, 21, 47, 72, 138, 35, 26, 39, 62, 136, 101, 57, 48, 3], "max_job_period": [121, 84, 66, 112, 106, 25, 79, 129, 144, 56, 33, 130, 87, 137, 127, 136, 103, 95], "min_startup": [1, 2, 1, 1, 1, 1, 2, 1, 1, 3, 1, 1, 1, 1, 1, 2, 3, 1], "max_startup": [114, 33, 83, 12, 48, 21, 105, 64, 39, 135, 97, 28, 146, 6, 11, 48, 89, 140], "priority": [12, 17, 1, 10, 11, 15, 13, 6, 16, 3, 7, 4, 18, 8, 14, 5, 9, 2], "win_min": [0, 0, 0, 0, 0, 0, 0, 26, 0, 0, 0, 0, 0, 0, 0, 0, 0, 0], "win_max": [154, 154, 154, 154, 154, 154, 154, 125, 154, 154, 154, 154, 154, 154, 154, 154, 154, 154]}