{"subs": 1, "jobs": 18, "T": 154, "power_use": [2.7731267622993485, 2.9749213371852776, 1.8379939719521947, 1.8628474998420708, 1.9441613868566994, 0.733671152750723, 3.7558869706599003, 2.712858610014446, 0.08831633514349911, 3.349558128255823, 1.3876662734046348, 1.1150932782083893, 3.6264325780477056, 0.39929712185915806, 1.8948037925060657, 0.9638870373425618, 2.015159846016251, 2.8765800030276787], "power_resource": [6.999574968, 7.343581698, 7.642644372, 7.88983668, 8.079001902, 8.20459899, 8.52859638, 8.787024702, 8.970648876, 9.077467968, 9.107174142, 9.06038307, 8.938941768, 8.746236432, 8.486115012, 8.164426392, 7.787327292, 7.36189794, 6.89629599, 6.398986932, 5.87889801, 5.345418222, 4.808090484, 4.60830492, 4.433761908, 4.181490306, 3.8556459, 3.462077574, 3.007095966, 2.511018252, 2.769600492, 2.948145372, 3.402203472, 3.982782168, 4.55443362, 5.107460994, 5.63262921, 6.120857106, 6.56383311, 6.953553486, 7.283091924, 7.546445622, 7.738535286, 7.855512966, 7.894146384, 7.853358114, 7.732532484, 7.532593002, 7.25569452, 6.905223234, 6.766389198, 7.10100693, 7.384062132, 7.60970592, 7.872290028, 8.238768786, 8.534291346, 8.755933266, 8.902155366, 8.972495892, 8.96803227, 0.0, 0.0, 0.0, 0.0, 0.0, 0.0, 0.0, 0.0, 0.0, 0.0, 0.0, 0.0, 0.0, 0.0, 0.0, 0.0, 0.0, 0.0, 0.0, 0.0, 0.0, 0.0, 0.0, 0.0, 0.0, 0.0, 0.0, 0.0, 0.0, 0.0, 0.0, 0.0, 0.0, 0.0, 0.0, 6.716058012, 6.93246672, 7.284785022, 7.593852366, 7.85212677, 8.053605432, 8.192593386, 8.469030114, 8.742234564, 8.941404456, 9.064077102, 9.109482912, 9.078237558, 8.97188022, 8.793489258, 8.54706654, 8.23769136, 7.871520438, 7.45578792, 6.998189706, 6.507191286, 5.991565986, 5.460856722, 4.924298574, 4.639396356, 4.48132257, 4.244442768, 3.93337449, 3.55319703, 3.110374944, 2.612142378, 2.709264636, 2.90366307, 3.277068138, 3.858108588, 4.431914892, 4.989098052, 5.520115152, 6.01588503, 6.467942196, 6.868282914, 7.209826956, 7.486109766, 7.692205968, 7.82365194, 7.877369322, 7.851665016, 7.746077268, 7.561067832, 7.298637642, 6.961865058, 6.714980586, 7.05867948, 7.35189327, 7.588773072, 7.80210342, 8.18151129, 8.490578634], "min_cpu_time": [13, 17, 28, 1, 13, 10, 10, 6, 28, 6, 24, 9, 16, 3, 9, 12, 14, 14], "max_cpu_time": [63, 20, 73, 31, 43, 17, 67, 47, 61, 14, 33, 21, 73, 10, 58, 47, 23, 22], "min_job_period": [8, 126, 101, 4, 2, 28, 52, 3, 153, 18, 98, 35, 130, 18, 55, 17, 50, 46], "max_job_period": [133, 145, 113, 33, 20, 149, 106, 44, 153, 151, 147, 96, 132, 60, 83, 100, 143, 109], "min_startup": [2, 1, 1, 18, 2, 2, 2, 3, 1, 3, 1, 2, 1, 6, 2, 2, 2, 2], "max_startup": [10, 30, 80, 152, 117, 29, 78, 140, 97, 107, 46, 69, 55, 20, 10, 93, 117, 74], "priority": [5, 2, 10, 18, 1, 6, 11, 3, 14, 12, 13, 4, 16, 7, 17, 9, 8, 15], "win_min": [0, 0, 0, 0, 0, 0, 0, 0, 7, 0, 0, 0, 0, 0, 0, 0, 0, 0], "win_max": [154, 154, 154, 154, 154, 154, 154, 154, 138, 154, 154, 154, 154, 154, 154, 154, 154, 154]}