{"subs": 1, "jobs": 18, "T": 154, "power_use": [0.7513887666626896, 2.783531683402874, 3.693736230139549, 2.727001444270258, 0.053621112936463156, 2.5058636373114287, 0.3348302083380616, 3.942127918825062, 2.8449586702992518, 2.5959446498350824, 0.9488957227212639, 1.9124493320676468, 3.2496455888970446, 1.9176622325447064, 0.6424084505943757, 3.7212779864504135, 3.604206187687253, 2.014142656026099], "power_resource": [0.0, 0.0, 0.0, 0.0, 0.0, 0.0, 0.0, 0.0, 0.0, 0.0, 0.0, 0.0, 0.0, 0.0, 0.0, 0.0, 0.0, 0.0, 0.0, 0.0, 0.0, 0.0, 0.0, 6.76238733, 7.128866088, 7.455172248, 7.733763828, 7.957714518, 8.12148327, 8.337276306, 8.63864775, 8.866908144, 9.019286964, 9.094706784, 9.093013686, 9.015285096, 8.863983702, 8.642803536, 8.356362138, 8.01066231, 7.612168608, 7.168423014, 6.6877371, 6.178884192, 5.650945452, 5.113309878, 4.662637974, 4.536117378, 4.329405504, 4.04650422, 3.692031066, 3.272142762, 2.7936117, 2.653700238, 2.88134496, 3.070356264, 3.652320222, 4.23120582, 4.797316224, 5.341262436, 5.853655458, 6.325721964, 6.749458218, 7.11716832, 7.422387714, 7.659113598, 7.823036268, 7.910461692, 7.918927182, 7.847663148, 7.696515672, 7.467023934, 7.161650622, 6.784551522, 6.86397321, 7.179966864, 7.442089218, 7.644645306, 8.005429098, 8.34543396, 8.613405198, 8.806572288, 8.92416564, 8.966031336, 0.0, 0.0, 0.0, 0.0, 0.0, 0.0, 0.0, 0.0, 0.0, 0.0, 0.0, 0.0, 0.0, 0.0, 0.0, 0.0, 0.0, 0.0, 0.0, 0.0, 0.0, 0.0, 0.0, 0.0, 0.0, 0.0, 0.0, 0.0, 0.0, 0.0, 0.0, 0.0, 0.0, 0.0, 0.0, 0.0, 6.691123296, 7.065144036, 7.40037744, 7.689435444, 7.925083902, 8.101627848, 8.26924455, 8.585084286, 8.828582562, 8.996661018, 9.087780474, 9.101633094, 9.039450222, 8.902924956, 8.695905246, 8.422700796, 8.088698736, 7.700825376, 7.266007026, 6.792709176, 6.289551234, 5.765306526, 5.229671886, 4.691882394, 4.573827288, 4.383276804, 4.115459484, 3.775300704, 3.368341512, 2.901508218, 2.583821466, 2.827011906, 2.989549314, 3.527338806], "min_cpu_time": [4, 27, 18, 19, 16, 8, 10, 17, 6, 2, 3, 2, 3, 3, 16, 20, 18, 12], "max_cpu_time": [14, 75, 46, 46, 23, 66, 56, 28, 57, 12, 4, 60, 24, 30, 69, 22, 20, 19], "min_job_period": [2, 82, 133, 125, 35, 52, 72, 33, 27, 11, 15, 6, 11, 15, 56, 25, 150, 63], "max_job_period": [151, 150, 134, 146, 124, 116, 129, 94, 133, 18, 97, 66, 68, 70, 63, 51, 151, 72], "min_startup": [5, 1, 1, 1, 1, 2, 2, 1, 3, 9, 6, 9, 6, 6, 1, 1, 1, 2], "max_startup": [145, 125, 7, 89, 145, 122, 122, 20, 151, 150, 152, 126, 26, 115, 57, 46, 145, 75], "priority": [18, 14, 8, 7, 6, 5, 10, 4, 15, 3, 13, 11, 9, 1, 16, 17, 2, 12], "win_min": [0, 0, 0, 0, 0, 0, 0, 0, 0, 0, 0, 0, 0, 0, 0, 0, 26, 0], "win_max": [154, 154, 154, 154, 154, 154, 154, 154, 154, 154, 154, 154, 154, 154, 154, 154, 127, 154]}