{"subs": 1, "jobs": 18, "T": 154, "power_use": [3.3768196664437258, 2.1278135932505466, 1.5442627940591505, 1.3381309345571628, 2.063265388717804, 2.761699115763653, 0.7438255605740621, 0.1550718366264904, 1.4396914789304278, 2.6464651747607255, 0.11411712442901498, 2.110237626278389, 3.8080591427701815, 3.5999176238073645, 0.8479192475731921, 0.7365865584902941, 0.1154645424368398, 3.400357621226363], "power_resource": [8.40238362, 8.689132854, 8.902155366, 9.03883455, 9.098400816, 9.081008082, 8.987887692, 8.82181017, 8.586777384, 8.287560792, 7.930163196, 7.521356988, 7.068991986, 6.581379762, 6.067293642, 5.535814788, 4.996793952, 4.638165012, 4.495021272, 4.272609762, 3.974470596, 3.606144822, 3.173327406, 2.68356033, 2.720654568, 2.932753572, 3.195029844, 3.777455556, 4.354801974, 4.9176801, 5.4563931, 5.961859812, 6.425460828, 6.839192412, 7.195512582, 7.4881107, 7.711445718, 7.861054014, 7.933549392, 7.926930918, 7.840275084, 7.674043644, 7.429929696, 7.110703764, 6.720521634, 6.909994692, 7.21644543, 7.467793524, 7.67204271, 8.068227642, 8.394841638, 8.648806338, 8.827659054, 8.930938032, 8.958643272, 0.0, 0.0, 0.0, 0.0, 0.0, 0.0, 0.0, 0.0, 0.0, 0.0, 0.0, 0.0, 0.0, 0.0, 0.0, 0.0, 0.0, 0.0, 0.0, 0.0, 0.0, 0.0, 0.0, 0.0, 0.0, 0.0, 0.0, 0.0, 0.0, 0.0, 0.0, 0.0, 0.0, 0.0, 0.0, 0.0, 6.76238733, 7.128866088, 7.455172248, 7.733763828, 7.957714518, 8.12148327, 8.337276306, 8.63864775, 8.866908144, 9.019286964, 9.094706784, 9.093013686, 9.015285096, 8.863983702, 8.642803536, 8.356362138, 8.01066231, 7.612168608, 7.168423014, 6.6877371, 6.178884192, 5.650945452, 5.113309878, 4.662637974, 4.536117378, 4.329405504, 4.04650422, 3.692031066, 3.272142762, 2.7936117, 2.653700238, 2.88134496, 3.070356264, 3.652320222, 4.23120582, 4.797316224, 5.341262436, 5.853655458, 6.325721964, 6.749458218, 7.11716832, 7.422387714, 7.659113598, 7.823036268, 7.910461692, 7.918927182, 7.847663148, 7.696515672, 7.467023934, 7.161650622, 6.784551522, 6.86397321, 7.179966864, 7.442089218, 7.644645306, 8.005429098, 8.34543396, 8.613405198, 8.806572288, 8.92416564, 8.966031336, 0.0, 0.0], "min_cpu_time": [21, 15, 18, 22, 22, 2, 23, 1, 19, 7, 16, 20, 22, 21, 11, 8, 5, 3], "max_cpu_time": [35, 24, 34, 53, 73, 15, 60, 38, 63, 18, 37, 63, 49, 49, 35, 29, 14, 40], "min_job_period": [89, 6, 69, 39, 145, 12, 147, 4, 130, 22, 81, 153, 133, 43, 16, 49, 5, 8], "max_job_period": [99, 81, 125, 120, 147, 130, 150, 104, 135, 72, 128, 153, 143, 110, 137, 111, 111, 152], "min_startup": [1, 1, 1, 1, 1, 8, 1, 16, 1, 3, 1, 1, 1, 1, 2, 2, 4, 6], "max_startup": [129, 150, 60, 88, 73, 65, 149, 66, 86, 83, 75, 84, 151, 82, 97, 136, 92, 12], "priority": [18, 15, 7, 12, 16, 13, 3, 1, 17, 14, 9, 8, 4, 10, 5, 2, 11, 6], "win_min": [0, 0, 0, 0, 0, 0, 0, 0, 4, 0, 0, 0, 0, 0, 0, 0, 0, 0], "win_max": [154, 154, 154, 154, 154, 154, 154, 154, 131, 154, 154, 154, 154, 154, 154, 154, 154, 154]}