{"subs": 1, "jobs": 13, "T": 154, "power_use": [1.3121556749082073, 1.0639451425743538, 1.315513829130143, 0.15902230433475423, 2.3102342166716108, 3.901011447535439, 2.957383997332785, 1.5873035106085918, 3.927036331891614, 0.5876658537028988, 2.4253587009738906, 1.056955794252261, 3.414687852942516], "power_resource": [6.999574968, 7.343581698, 7.642644372, 7.88983668, 8.079001902, 8.20459899, 8.52859638, 8.787024702, 8.970648876, 9.077467968, 9.107174142, 9.06038307, 8.938941768, 8.746236432, 8.486115012, 8.164426392, 7.787327292, 7.36189794, 6.89629599, 6.398986932, 5.87889801, 5.345418222, 4.808090484, 4.60830492, 4.433761908, 4.181490306, 3.8556459, 3.462077574, 3.007095966, 2.511018252, 2.769600492, 2.948145372, 3.402203472, 3.982782168, 4.55443362, 5.107460994, 5.63262921, 6.120857106, 6.56383311, 6.953553486, 7.283091924, 7.546445622, 7.738535286, 7.855512966, 7.894146384, 7.853358114, 7.732532484, 7.532593002, 7.25569452, 6.905223234, 6.766389198, 7.10100693, 7.384062132, 7.60970592, 7.872290028, 8.238768786, 8.534291346, 8.755933266, 8.902155366, 8.972495892, 8.96803227, 0.0, 0.0, 0.0, 0.0, 0.0, 0.0, 0.0, 0.0, 0.0, 0.0, 0.0, 0.0, 0.0, 0.0, 0.0, 0.0, 0.0, 0.0, 0.0, 0.0, 0.0, 0.0, 0.0, 0.0, 0.0, 0.0, 0.0, 0.0, 0.0, 0.0, 0.0, 0.0, 0.0, 0.0, 0.0, 6.716058012, 6.93246672, 7.284785022, 7.593852366, 7.85212677, 8.053605432, 8.192593386, 8.469030114, 8.742234564, 8.941404456, 9.064077102, 9.109482912, 9.078237558, 8.97188022, 8.793489258, 8.54706654, 8.23769136, 7.871520438, 7.45578792, 6.998189706, 6.507191286, 5.991565986, 5.460856722, 4.924298574, 4.639396356, 4.48132257, 4.244442768, 3.93337449, 3.55319703, 3.110374944, 2.612142378, 2.709264636, 2.90366307, 3.277068138, 3.858108588, 4.431914892, 4.989098052, 5.520115152, 6.01588503, 6.467942196, 6.868282914, 7.209826956, 7.486109766, 7.692205968, 7.82365194, 7.877369322, 7.851665016, 7.746077268, 7.561067832, 7.298637642, 6.961865058, 6.714980586, 7.05867948, 7.35189327, 7.588773072, 7.80210342, 8.18151129, 8.490578634], "min_cpu_time": [3, 4, 21, 19, 2, 29, 14, 3, 9, 2, 10, 15, 15], "max_cpu_time": [18, 35, 62, 68, 47, 37, 19, 63, 48, 47, 51, 19, 54], "min_job_period": [11, 51, 113, 116, 38, 76, 71, 50, 153, 35, 27, 137, 27], "max_job_period": [23, 78, 123, 134, 42, 123, 139, 152, 153, 95, 61, 147, 126], "min_startup": [2, 2, 1, 1, 3, 1, 1, 2, 1, 3, 1, 1, 1], "max_startup": [54, 73, 32, 99, 73, 150, 139, 61, 123, 148, 128, 104, 13], "priority": [5, 11, 6, 12, 9, 13, 4, 1, 7, 10, 3, 8, 2], "win_min": [0, 0, 0, 0, 0, 0, 0, 0, 0, 0, 0, 28, 0], "win_max": [154, 154, 154, 154, 154, 154, 154, 154, 154, 154, 154, 152, 154]}