{"subs": 1, "jobs": 18, "T": 154, "power_use": [1.6048356434705742, 3.7669714217714736, 1.9060482517809665, 1.2011057610472597, 1.601755100937851, 3.656886113081494, 2.1674669886995055, 2.6335070777688956, 1.9112580373836674, 3.272823634746534, 0.5281092962959465, 0.41559844787171263, 1.9901983236336718, 0.5606841002746539, 2.7769240625251324, 2.1695045314248214, 2.8532931189861914, 3.8858709349913227], "power_resource": [0.0, 0.0, 0.0, 0.0, 0.0, 0.0, 0.0, 0.0, 6.658030926, 6.999574968, 7.343581698, 7.642644372, 7.88983668, 8.079001902, 8.20459899, 8.52859638, 8.787024702, 8.970648876, 9.077467968, 9.107174142, 9.06038307, 8.938941768, 8.746236432, 8.486115012, 8.164426392, 7.787327292, 7.36189794, 6.89629599, 6.398986932, 5.87889801, 5.345418222, 4.808090484, 4.60830492, 4.433761908, 4.181490306, 3.8556459, 3.462077574, 3.007095966, 2.511018252, 2.769600492, 2.948145372, 3.402203472, 3.982782168, 4.55443362, 5.107460994, 5.63262921, 6.120857106, 6.56383311, 6.953553486, 7.283091924, 7.546445622, 7.738535286, 7.855512966, 7.894146384, 7.853358114, 7.732532484, 7.532593002, 7.25569452, 6.905223234, 6.766389198, 7.10100693, 7.384062132, 7.60970592, 7.872290028, 8.238768786, 8.534291346, 8.755933266, 8.902155366, 8.972495892, 8.96803227, 0.0, 0.0, 0.0, 0.0, 0.0, 0.0, 0.0, 0.0, 0.0, 0.0, 0.0, 0.0, 0.0, 0.0, 0.0, 0.0, 0.0, 0.0, 0.0, 0.0, 0.0, 0.0, 0.0, 0.0, 0.0, 0.0, 0.0, 0.0, 0.0, 0.0, 0.0, 0.0, 0.0, 0.0, 0.0, 6.716058012, 6.93246672, 7.284785022, 7.593852366, 7.85212677, 8.053605432, 8.192593386, 8.469030114, 8.742234564, 8.941404456, 9.064077102, 9.109482912, 9.078237558, 8.97188022, 8.793489258, 8.54706654, 8.23769136, 7.871520438, 7.45578792, 6.998189706, 6.507191286, 5.991565986, 5.460856722, 4.924298574, 4.639396356, 4.48132257, 4.244442768, 3.93337449, 3.55319703, 3.110374944, 2.612142378, 2.709264636, 2.90366307, 3.277068138, 3.858108588, 4.431914892, 4.989098052, 5.520115152, 6.01588503, 6.467942196, 6.868282914, 7.209826956, 7.486109766, 7.692205968, 7.82365194, 7.877369322, 7.851665016, 7.746077268, 7.561067832], "min_cpu_time": [1, 16, 12, 7, 26, 19, 3, 4, 2, 3, 13, 9, 9, 17, 25, 8, 2, 16], "max_cpu_time": [69, 34, 45, 32, 57, 70, 22, 12, 40, 48, 28, 18, 33, 21, 61, 68, 29, 32], "min_job_period": [20, 135, 105, 33, 2, 100, 42, 10, 6, 67, 7, 95, 149, 67, 7, 109, 7, 46], "max_job_period": [123, 150, 137, 121, 58, 110, 129, 40, 27, 71, 89, 136, 149, 152, 54, 125, 143, 108], "min_startup": [4, 1, 1, 1, 1, 1, 2, 1, 2, 2, 1, 1, 1, 1, 1, 1, 2, 1], "max_startup": [82, 123, 133, 128, 66, 108, 83, 55, 47, 2, 2, 48, 54, 57, 41, 55, 12, 123], "priority": [13, 17, 14, 8, 10, 18, 11, 6, 5, 9, 15, 4, 2, 12, 7, 16, 3, 1], "win_min": [0, 0, 0, 0, 0, 0, 0, 0, 0, 0, 0, 0, 0, 0, 0, 0, 0, 6], "win_max": [154, 154, 154, 154, 154, 154, 154, 154, 154, 154, 154, 154, 154, 154, 154, 154, 154, 137]}