{"subs": 1, "jobs": 13, "T": 154, "power_use": [3.798795648761208, 0.28244122434648267, 2.973188190524696, 0.9212400721444277, 1.4440974543866756, 0.27647837126514513, 2.130281490773244, 1.4200405870753636, 3.441100787453358, 3.6677073626663583, 2.532626436035714, 3.182795071719237, 3.362465149946434], "power_resource": [6.716058012, 6.93246672, 7.284785022, 7.593852366, 7.85212677, 8.053605432, 8.192593386, 8.469030114, 8.742234564, 8.941404456, 9.064077102, 9.109482912, 9.078237558, 8.97188022, 8.793489258, 8.54706654, 8.23769136, 7.871520438, 7.45578792, 6.998189706, 6.507191286, 5.991565986, 5.460856722, 4.924298574, 4.639396356, 4.48132257, 4.244442768, 3.93337449, 3.55319703, 3.110374944, 2.612142378, 2.709264636, 2.90366307, 3.277068138, 3.858108588, 4.431914892, 4.989098052, 5.520115152, 6.01588503, 6.467942196, 6.868282914, 7.209826956, 7.486109766, 7.692205968, 7.82365194, 7.877369322, 7.851665016, 7.746077268, 7.561067832, 7.298637642, 6.961865058, 6.714980586, 7.05867948, 7.35189327, 7.588773072, 7.80210342, 8.18151129, 8.490578634, 8.72638101, 8.886917484, 8.971572384, 8.9811153, 0.0, 0.0, 0.0, 0.0, 0.0, 0.0, 0.0, 0.0, 0.0, 0.0, 0.0, 0.0, 0.0, 0.0, 0.0, 0.0, 0.0, 0.0, 0.0, 0.0, 0.0, 0.0, 0.0, 0.0, 0.0, 0.0, 0.0, 0.0, 0.0, 0.0, 0.0, 0.0, 0.0, 0.0, 0.0, 6.771160656, 6.863665374, 7.22414133, 7.54275159, 7.81210809, 8.025592356, 8.17766334, 8.406385488, 8.694519984, 8.908927758, 9.04730004, 9.108559404, 9.092859768, 9.001740312, 8.83797156, 8.605093626, 8.308339722, 7.95371265, 7.547830884, 7.098544242, 6.614010378, 6.103310454, 5.575525632, 5.040198828, 4.667255514, 4.525497036, 4.304470788, 4.00802472, 3.64169988, 3.211191234, 2.724040764, 2.64585042, 2.856102408, 3.152086722, 3.733127172, 4.30893441, 4.869811602, 5.406215832, 5.909219856, 6.370204266, 6.78085749, 7.133945382, 7.423157304, 7.642952208, 7.788866472, 7.8575139, 7.847201394, 7.75669761, 7.58661822, 7.338656322, 7.015736358, 6.662032794, 7.014351096, 7.317569556, 7.565531454, 7.752541824, 8.121637188], "min_cpu_time": [2, 22, 2, 22, 12, 12, 28, 18, 28, 8, 10, 27, 20], "max_cpu_time": [44, 71, 37, 72, 17, 38, 30, 62, 40, 40, 47, 62, 49], "min_job_period": [2, 72, 3, 30, 12, 18, 142, 52, 68, 8, 4, 75, 26], "max_job_period": [77, 132, 96, 137, 131, 90, 149, 150, 95, 103, 153, 118, 122], "min_startup": [18, 2, 18, 2, 3, 3, 1, 2, 1, 5, 4, 1, 2], "max_startup": [134, 52, 21, 73, 146, 80, 128, 90, 67, 91, 122, 98, 108], "priority": [2, 5, 4, 1, 9, 3, 6, 12, 11, 10, 13, 8, 7], "win_min": [18, 0, 0, 0, 0, 0, 0, 0, 0, 0, 0, 0, 0], "win_max": [135, 154, 154, 154, 154, 154, 154, 154, 154, 154, 154, 154, 154]}