{"subs": 1, "jobs": 18, "T": 154, "power_use": [3.4883365719255384, 3.5792232728552182, 0.40755553865129507, 0.5165867949775096, 1.4970247713692924, 1.5145069963903788, 0.33484056715244187, 0.8535367884360604, 0.71701806267974, 2.597420867023039, 0.7660766993569484, 2.377307500861857, 0.9662518349693123, 3.981829542110519, 0.13438999898519124, 0.7721759635676061, 3.9326301621658377, 3.745488788790721], "power_resource": [0.0, 6.716058012, 6.93246672, 7.284785022, 7.593852366, 7.85212677, 8.053605432, 8.192593386, 8.469030114, 8.742234564, 8.941404456, 9.064077102, 9.109482912, 9.078237558, 8.97188022, 8.793489258, 8.54706654, 8.23769136, 7.871520438, 7.45578792, 6.998189706, 6.507191286, 5.991565986, 5.460856722, 4.924298574, 4.639396356, 4.48132257, 4.244442768, 3.93337449, 3.55319703, 3.110374944, 2.612142378, 2.709264636, 2.90366307, 3.277068138, 3.858108588, 4.431914892, 4.989098052, 5.520115152, 6.01588503, 6.467942196, 6.868282914, 7.209826956, 7.486109766, 7.692205968, 7.82365194, 7.877369322, 7.851665016, 7.746077268, 7.561067832, 7.298637642, 6.961865058, 6.714980586, 7.05867948, 7.35189327, 7.588773072, 7.80210342, 8.18151129, 8.490578634, 8.72638101, 8.886917484, 8.971572384, 8.9811153, 0.0, 0.0, 0.0, 0.0, 0.0, 0.0, 0.0, 0.0, 0.0, 0.0, 0.0, 0.0, 0.0, 0.0, 0.0, 0.0, 0.0, 0.0, 0.0, 0.0, 0.0, 0.0, 0.0, 0.0, 0.0, 0.0, 0.0, 0.0, 0.0, 0.0, 0.0, 0.0, 0.0, 0.0, 0.0, 6.771160656, 6.863665374, 7.22414133, 7.54275159, 7.81210809, 8.025592356, 8.17766334, 8.406385488, 8.694519984, 8.908927758, 9.04730004, 9.108559404, 9.092859768, 9.001740312, 8.83797156, 8.605093626, 8.308339722, 7.95371265, 7.547830884, 7.098544242, 6.614010378, 6.103310454, 5.575525632, 5.040198828, 4.667255514, 4.525497036, 4.304470788, 4.00802472, 3.64169988, 3.211191234, 2.724040764, 2.64585042, 2.856102408, 3.152086722, 3.733127172, 4.30893441, 4.869811602, 5.406215832, 5.909219856, 6.370204266, 6.78085749, 7.133945382, 7.423157304, 7.642952208, 7.788866472, 7.8575139, 7.847201394, 7.75669761, 7.58661822, 7.338656322, 7.015736358, 6.662032794, 7.014351096, 7.317569556, 7.565531454, 7.752541824], "min_cpu_time": [7, 3, 7, 23, 20, 19, 2, 13, 4, 4, 25, 12, 24, 15, 29, 24, 7, 1], "max_cpu_time": [23, 15, 55, 39, 68, 51, 73, 14, 29, 45, 26, 17, 24, 58, 40, 58, 19, 15], "min_job_period": [94, 37, 58, 76, 92, 46, 45, 138, 76, 136, 112, 51, 52, 54, 26, 43, 21, 9], "max_job_period": [112, 149, 113, 102, 147, 125, 89, 141, 153, 136, 115, 103, 123, 107, 153, 124, 119, 41], "min_startup": [1, 2, 1, 1, 1, 1, 2, 1, 1, 1, 1, 1, 1, 1, 1, 1, 1, 4], "max_startup": [8, 92, 84, 142, 100, 1, 27, 97, 109, 56, 12, 25, 129, 126, 1, 93, 15, 19], "priority": [16, 15, 2, 8, 10, 7, 17, 6, 14, 4, 12, 9, 11, 1, 5, 13, 3, 18], "win_min": [0, 0, 0, 0, 0, 0, 0, 0, 26, 0, 0, 0, 0, 0, 0, 0, 0, 0], "win_max": [154, 154, 154, 154, 154, 154, 154, 154, 136, 154, 154, 154, 154, 154, 154, 154, 154, 154]}