{"subs": 1, "jobs": 18, "T": 154, "power_use": [3.7747379279280366, 1.2916615921646182, 0.565120529988139, 3.4209704503244374, 0.7876035766582026, 1.3938728245880778, 2.020116494748917, 3.5125384345042523, 2.1981135419097124, 3.858213495863612, 0.5655503365644226, 1.6882191422707722, 2.935514997876104, 0.7878264539130857, 2.8743483019441345, 2.40671960904005, 0.7864670887275699, 3.600189401473775], "power_resource": [8.970648876, 9.077467968, 9.107174142, 9.06038307, 8.938941768, 8.746236432, 8.486115012, 8.164426392, 7.787327292, 7.36189794, 6.89629599, 6.398986932, 5.87889801, 5.345418222, 4.808090484, 4.60830492, 4.433761908, 4.181490306, 3.8556459, 3.462077574, 3.007095966, 2.511018252, 2.769600492, 2.948145372, 3.402203472, 3.982782168, 4.55443362, 5.107460994, 5.63262921, 6.120857106, 6.56383311, 6.953553486, 7.283091924, 7.546445622, 7.738535286, 7.855512966, 7.894146384, 7.853358114, 7.732532484, 7.532593002, 7.25569452, 6.905223234, 6.766389198, 7.10100693, 7.384062132, 7.60970592, 7.872290028, 8.238768786, 8.534291346, 8.755933266, 8.902155366, 8.972495892, 8.96803227, 0.0, 0.0, 0.0, 0.0, 0.0, 0.0, 0.0, 0.0, 0.0, 0.0, 0.0, 0.0, 0.0, 0.0, 0.0, 0.0, 0.0, 0.0, 0.0, 0.0, 0.0, 0.0, 0.0, 0.0, 0.0, 0.0, 0.0, 0.0, 0.0, 0.0, 0.0, 0.0, 0.0, 0.0, 0.0, 6.716058012, 6.93246672, 7.284785022, 7.593852366, 7.85212677, 8.053605432, 8.192593386, 8.469030114, 8.742234564, 8.941404456, 9.064077102, 9.109482912, 9.078237558, 8.97188022, 8.793489258, 8.54706654, 8.23769136, 7.871520438, 7.45578792, 6.998189706, 6.507191286, 5.991565986, 5.460856722, 4.924298574, 4.639396356, 4.48132257, 4.244442768, 3.93337449, 3.55319703, 3.110374944, 2.612142378, 2.709264636, 2.90366307, 3.277068138, 3.858108588, 4.431914892, 4.989098052, 5.520115152, 6.01588503, 6.467942196, 6.868282914, 7.209826956, 7.486109766, 7.692205968, 7.82365194, 7.877369322, 7.851665016, 7.746077268, 7.561067832, 7.298637642, 6.961865058, 6.714980586, 7.05867948, 7.35189327, 7.588773072, 7.80210342, 8.18151129, 8.490578634, 8.72638101, 8.886917484, 8.971572384, 8.9811153, 0.0, 0.0, 0.0, 0.0], "min_cpu_time": [4, 27, 29, 1, 10, 20, 10, 2, 22, 18, 17, 17, 5, 22, 17, 6, 7, 6], "max_cpu_time": [76, 59, 29, 60, 25, 38, 48, 48, 72, 25, 21, 48, 49, 51, 75, 28, 53, 18], "min_job_period": [114, 28, 145, 146, 54, 146, 80, 62, 129, 34, 57, 126, 88, 30, 127, 128, 141, 20], "max_job_period": [138, 131, 145, 148, 139, 147, 118, 111, 145, 85, 107, 146, 124, 63, 152, 133, 150, 149], "min_startup": [1, 1, 1, 1, 1, 1, 1, 1, 1, 1, 1, 1, 1, 1, 1, 1, 1, 1], "max_startup": [73, 55, 18, 28, 138, 84, 107, 45, 65, 114, 18, 76, 119, 74, 101, 17, 80, 130], "priority": [18, 11, 10, 6, 2, 7, 15, 8, 13, 4, 12, 17, 14, 3, 1, 5, 9, 16], "win_min": [0, 0, 0, 0, 0, 0, 7, 0, 0, 0, 0, 0, 0, 0, 0, 0, 0, 0], "win_max": [154, 154, 154, 154, 154, 154, 127, 154, 154, 154, 154, 154, 154, 154, 154, 154, 154, 154]}