{"subs": 1, "jobs": 13, "T": 154, "power_use": [2.204970063825027, 0.4003200082067543, 3.0244057220766587, 2.8361793367103894, 2.051384573921078, 3.619851626472633, 3.231363796643747, 1.7679255371584492, 0.6362923963732069, 0.3848715256156472, 1.7683380910801114, 1.7256306216142698, 2.701758542474452], "power_resource": [8.966031336, 0.0, 0.0, 0.0, 0.0, 0.0, 0.0, 0.0, 0.0, 0.0, 0.0, 0.0, 0.0, 0.0, 0.0, 0.0, 0.0, 0.0, 0.0, 0.0, 0.0, 0.0, 0.0, 0.0, 0.0, 0.0, 0.0, 0.0, 0.0, 0.0, 0.0, 0.0, 0.0, 0.0, 0.0, 0.0, 0.0, 6.691123296, 7.065144036, 7.40037744, 7.689435444, 7.925083902, 8.101627848, 8.26924455, 8.585084286, 8.828582562, 8.996661018, 9.087780474, 9.101633094, 9.039450222, 8.902924956, 8.695905246, 8.422700796, 8.088698736, 7.700825376, 7.266007026, 6.792709176, 6.289551234, 5.765306526, 5.229671886, 4.691882394, 4.573827288, 4.383276804, 4.115459484, 3.775300704, 3.368341512, 2.901508218, 2.583821466, 2.827011906, 2.989549314, 3.527338806, 4.10730183, 4.676336676, 5.224900428, 5.743911924, 6.224136084, 6.657569172, 7.036515288, 7.354048122, 7.604164872, 7.782247998, 7.88444955, 7.908152922, 7.851972852, 7.71590934, 7.50119373, 7.209980874, 6.846118722, 6.815950794, 7.141487364, 7.41423006, 7.628329998, 7.940167866, 8.293563594, 8.575233534, 8.782714998, 8.914468806, 8.970648876, 8.952178716, 0.0, 0.0, 0.0, 0.0, 0.0, 0.0, 0.0, 0.0, 0.0, 0.0, 0.0, 0.0, 0.0, 0.0, 0.0, 0.0, 0.0, 0.0, 0.0, 0.0, 0.0, 0.0, 0.0, 0.0, 0.0, 0.0, 0.0, 0.0, 0.0, 0.0, 0.0, 0.0, 0.0, 0.0, 0.0, 6.658030926, 6.999574968, 7.343581698, 7.642644372, 7.88983668, 8.079001902, 8.20459899, 8.52859638, 8.787024702, 8.970648876, 9.077467968, 9.107174142, 9.06038307, 8.938941768, 8.746236432, 8.486115012, 8.164426392, 7.787327292, 7.36189794, 6.89629599], "min_cpu_time": [15, 12, 17, 24, 12, 12, 13, 5, 26, 19, 28, 16, 10], "max_cpu_time": [16, 54, 61, 66, 72, 50, 37, 28, 46, 37, 36, 53, 21], "min_job_period": [12, 80, 53, 50, 132, 128, 83, 130, 48, 75, 16, 74, 133], "max_job_period": [90, 117, 140, 80, 151, 148, 86, 146, 86, 125, 114, 152, 150], "min_startup": [1, 1, 1, 1, 1, 1, 1, 1, 1, 1, 1, 1, 1], "max_startup": [83, 122, 105, 70, 5, 135, 13, 128, 55, 88, 16, 151, 83], "priority": [9, 13, 4, 1, 10, 2, 12, 6, 5, 7, 8, 11, 3], "win_min": [0, 17, 0, 0, 0, 0, 0, 0, 0, 0, 0, 0, 0], "win_max": [154, 131, 154, 154, 154, 154, 154, 154, 154, 154, 154, 154, 154]}