{"subs": 1, "jobs": 13, "T": 154, "power_use": [2.201067541686573, 0.2665540009834873, 0.6570924240599846, 0.3219230366727797, 3.038453634147369, 3.874609329308803, 3.069193101037329, 1.995176886963809, 1.8720633035995344, 0.5436158545340852, 3.8488651826301368, 1.3977193520965834, 1.346444457199181], "power_resource": [7.41423006, 7.628329998, 7.940167866, 8.293563594, 8.575233534, 8.782714998, 8.914468806, 8.970648876, 8.952178716, 0.0, 0.0, 0.0, 0.0, 0.0, 0.0, 0.0, 0.0, 0.0, 0.0, 0.0, 0.0, 0.0, 0.0, 0.0, 0.0, 0.0, 0.0, 0.0, 0.0, 0.0, 0.0, 0.0, 0.0, 0.0, 0.0, 0.0, 0.0, 0.0, 0.0, 0.0, 0.0, 0.0, 0.0, 0.0, 6.658030926, 6.999574968, 7.343581698, 7.642644372, 7.88983668, 8.079001902, 8.20459899, 8.52859638, 8.787024702, 8.970648876, 9.077467968, 9.107174142, 9.06038307, 8.938941768, 8.746236432, 8.486115012, 8.164426392, 7.787327292, 7.36189794, 6.89629599, 6.398986932, 5.87889801, 5.345418222, 4.808090484, 4.60830492, 4.433761908, 4.181490306, 3.8556459, 3.462077574, 3.007095966, 2.511018252, 2.769600492, 2.948145372, 3.402203472, 3.982782168, 4.55443362, 5.107460994, 5.63262921, 6.120857106, 6.56383311, 6.953553486, 7.283091924, 7.546445622, 7.738535286, 7.855512966, 7.894146384, 7.853358114, 7.732532484, 7.532593002, 7.25569452, 6.905223234, 6.766389198, 7.10100693, 7.384062132, 7.60970592, 7.872290028, 8.238768786, 8.534291346, 8.755933266, 8.902155366, 8.972495892, 8.96803227, 0.0, 0.0, 0.0, 0.0, 0.0, 0.0, 0.0, 0.0, 0.0, 0.0, 0.0, 0.0, 0.0, 0.0, 0.0, 0.0, 0.0, 0.0, 0.0, 0.0, 0.0, 0.0, 0.0, 0.0, 0.0, 0.0, 0.0, 0.0, 0.0, 0.0, 0.0, 0.0, 0.0, 0.0, 0.0, 6.716058012, 6.93246672, 7.284785022, 7.593852366, 7.85212677, 8.053605432, 8.192593386, 8.469030114, 8.742234564, 8.941404456, 9.064077102, 9.109482912, 9.078237558], "min_cpu_time": [7, 2, 28, 14, 18, 20, 3, 3, 21, 24, 7, 2, 19], "max_cpu_time": [42, 20, 47, 52, 22, 33, 69, 74, 66, 66, 74, 9, 48], "min_job_period": [22, 62, 4, 150, 117, 136, 113, 38, 48, 30, 72, 28, 124], "max_job_period": [81, 138, 41, 153, 148, 138, 143, 117, 61, 108, 91, 88, 133], "min_startup": [1, 1, 1, 1, 1, 1, 1, 1, 1, 1, 1, 1, 1], "max_startup": [63, 55, 58, 37, 129, 145, 66, 48, 83, 124, 115, 107, 136], "priority": [8, 7, 11, 10, 13, 6, 12, 1, 4, 9, 3, 2, 5], "win_min": [0, 25, 0, 0, 0, 0, 0, 0, 0, 0, 0, 0, 0], "win_max": [154, 135, 154, 154, 154, 154, 154, 154, 154, 154, 154, 154, 154]}