{"subs": 1, "jobs": 9, "T": 154, "power_use": [1.3676189680514963, 2.950910999088472, 2.6137512305213257, 2.849375807250748, 3.365842252997897, 0.21967420281592553, 1.3179840978145787, 2.5797502640803427, 2.8042824807833644], "power_resource": [0.0, 0.0, 0.0, 0.0, 0.0, 0.0, 0.0, 0.0, 0.0, 0.0, 0.0, 0.0, 0.0, 0.0, 0.0, 0.0, 0.0, 0.0, 0.0, 0.0, 0.0, 0.0, 0.0, 0.0, 0.0, 0.0, 0.0, 0.0, 0.0, 0.0, 0.0, 6.658030926, 6.999574968, 7.343581698, 7.642644372, 7.88983668, 8.079001902, 8.20459899, 8.52859638, 8.787024702, 8.970648876, 9.077467968, 9.107174142, 9.06038307, 8.938941768, 8.746236432, 8.486115012, 8.164426392, 7.787327292, 7.36189794, 6.89629599, 6.398986932, 5.87889801, 5.345418222, 4.808090484, 4.60830492, 4.433761908, 4.181490306, 3.8556459, 3.462077574, 3.007095966, 2.511018252, 2.769600492, 2.948145372, 3.402203472, 3.982782168, 4.55443362, 5.107460994, 5.63262921, 6.120857106, 6.56383311, 6.953553486, 7.283091924, 7.546445622, 7.738535286, 7.855512966, 7.894146384, 7.853358114, 7.732532484, 7.532593002, 7.25569452, 6.905223234, 6.766389198, 7.10100693, 7.384062132, 7.60970592, 7.872290028, 8.238768786, 8.534291346, 8.755933266, 8.902155366, 8.972495892, 8.96803227, 0.0, 0.0, 0.0, 0.0, 0.0, 0.0, 0.0, 0.0, 0.0, 0.0, 0.0, 0.0, 0.0, 0.0, 0.0, 0.0, 0.0, 0.0, 0.0, 0.0, 0.0, 0.0, 0.0, 0.0, 0.0, 0.0, 0.0, 0.0, 0.0, 0.0, 0.0, 0.0, 0.0, 0.0, 0.0, 6.716058012, 6.93246672, 7.284785022, 7.593852366, 7.85212677, 8.053605432, 8.192593386, 8.469030114, 8.742234564, 8.941404456, 9.064077102, 9.109482912, 9.078237558, 8.97188022, 8.793489258, 8.54706654, 8.23769136, 7.871520438, 7.45578792, 6.998189706, 6.507191286, 5.991565986, 5.460856722, 4.924298574, 4.639396356, 4.48132257], "min_cpu_time": [15, 9, 24, 16, 11, 14, 13, 14, 3], "max_cpu_time": [16, 65, 37, 27, 47, 40, 49, 29, 42], "min_job_period": [2, 1, 50, 26, 17, 22, 15, 5, 1], "max_job_period": [67, 87, 127, 28, 103, 66, 92, 82, 55], "min_startup": [5, 8, 3, 4, 6, 5, 5, 5, 23], "max_startup": [136, 151, 92, 103, 42, 139, 42, 19, 107], "priority": [8, 9, 5, 3, 2, 6, 1, 4, 7], "win_min": [16, 0, 0, 0, 0, 0, 0, 0, 0], "win_max": [149, 154, 154, 154, 154, 154, 154, 154, 154]}