{"subs": 1, "jobs": 18, "T": 154, "power_use": [0.7143012843270843, 2.120720541331677, 1.6371614968435266, 1.4296751420455371, 2.888132615745737, 3.6223009075417085, 3.3600340752210514, 2.1131601069452066, 1.3873501926680225, 0.8343454550959805, 2.283495914230492, 2.041017536466053, 1.1667287666550015, 2.3953018976504836, 0.9004139286175337, 3.4149592456559916, 1.048348966555303, 1.7817658851791405], "power_resource": [7.271548074, 7.551370998, 7.761007314, 7.896147318, 7.95371265, 7.931856294, 7.829962578, 7.648801092, 7.390218852, 7.0571403, 6.654029058, 6.954323076, 7.250923062, 7.49118906, 7.744999842, 8.128255662, 8.441478792, 8.681283036, 8.845975296, 8.9349399, 8.948638602, 0.0, 0.0, 0.0, 0.0, 0.0, 0.0, 0.0, 0.0, 0.0, 0.0, 0.0, 0.0, 0.0, 0.0, 0.0, 0.0, 0.0, 0.0, 0.0, 0.0, 0.0, 0.0, 0.0, 0.0, 0.0, 0.0, 0.0, 0.0, 0.0, 0.0, 0.0, 0.0, 0.0, 0.0, 0.0, 6.809794074, 6.832112184, 7.190895042, 7.507966122, 7.775783442, 7.987882446, 8.138722086, 8.40238362, 8.689132854, 8.902155366, 9.03883455, 9.098400816, 9.081008082, 8.987887692, 8.82181017, 8.586777384, 8.287560792, 7.930163196, 7.521356988, 7.068991986, 6.581379762, 6.067293642, 5.535814788, 4.996793952, 4.638165012, 4.495021272, 4.272609762, 3.974470596, 3.606144822, 3.173327406, 2.68356033, 2.720654568, 2.932753572, 3.195029844, 3.777455556, 4.354801974, 4.9176801, 5.4563931, 5.961859812, 6.425460828, 6.839192412, 7.195512582, 7.4881107, 7.711445718, 7.861054014, 7.933549392, 7.926930918, 7.840275084, 7.674043644, 7.429929696, 7.110703764, 6.720521634, 6.909994692, 7.21644543, 7.467793524, 7.67204271, 8.068227642, 8.394841638, 8.648806338, 8.827659054, 8.930938032, 8.958643272, 0.0, 0.0, 0.0, 0.0, 0.0, 0.0, 0.0, 0.0, 0.0, 0.0, 0.0, 0.0, 0.0, 0.0, 0.0, 0.0, 0.0, 0.0, 0.0, 0.0, 0.0, 0.0, 0.0, 0.0, 0.0, 0.0, 0.0, 0.0, 0.0, 0.0, 0.0, 0.0, 0.0, 0.0, 0.0, 0.0], "min_cpu_time": [8, 13, 16, 4, 2, 4, 20, 9, 1, 20, 19, 7, 16, 13, 13, 26, 24, 6], "max_cpu_time": [14, 72, 23, 31, 22, 68, 41, 10, 14, 76, 48, 18, 33, 45, 51, 66, 28, 53], "min_job_period": [9, 57, 27, 15, 2, 36, 87, 73, 2, 23, 76, 55, 135, 84, 78, 128, 143, 9], "max_job_period": [96, 70, 45, 61, 71, 65, 116, 148, 100, 123, 145, 111, 151, 86, 129, 146, 145, 153], "min_startup": [2, 1, 1, 4, 7, 4, 1, 2, 14, 1, 1, 2, 1, 1, 1, 1, 1, 3], "max_startup": [49, 140, 40, 97, 78, 107, 46, 148, 124, 141, 112, 90, 25, 25, 83, 84, 143, 81], "priority": [4, 18, 16, 9, 14, 11, 1, 2, 17, 6, 5, 8, 15, 13, 10, 7, 3, 12], "win_min": [0, 0, 0, 0, 0, 0, 0, 0, 28, 0, 0, 0, 0, 0, 0, 0, 0, 0], "win_max": [154, 154, 154, 154, 154, 154, 154, 154, 146, 154, 154, 154, 154, 154, 154, 154, 154, 154]}