{"subs": 1, "jobs": 13, "T": 154, "power_use": [3.363821793119674, 1.7950973182364636, 1.5565547526941839, 0.7127064674998097, 2.2792269504747513, 1.6782124527010711, 2.8571354231224992, 2.85513852752123, 1.5117151769287958, 0.8550936042297844, 3.8654756316800367, 3.17618590633783, 1.3299603453588031], "power_resource": [7.910461692, 7.918927182, 7.847663148, 7.696515672, 7.467023934, 7.161650622, 6.784551522, 6.86397321, 7.179966864, 7.442089218, 7.644645306, 8.005429098, 8.34543396, 8.613405198, 8.806572288, 8.92416564, 8.966031336, 0.0, 0.0, 0.0, 0.0, 0.0, 0.0, 0.0, 0.0, 0.0, 0.0, 0.0, 0.0, 0.0, 0.0, 0.0, 0.0, 0.0, 0.0, 0.0, 0.0, 0.0, 0.0, 0.0, 0.0, 0.0, 0.0, 0.0, 0.0, 0.0, 0.0, 0.0, 0.0, 0.0, 0.0, 0.0, 0.0, 6.691123296, 7.065144036, 7.40037744, 7.689435444, 7.925083902, 8.101627848, 8.26924455, 8.585084286, 8.828582562, 8.996661018, 9.087780474, 9.101633094, 9.039450222, 8.902924956, 8.695905246, 8.422700796, 8.088698736, 7.700825376, 7.266007026, 6.792709176, 6.289551234, 5.765306526, 5.229671886, 4.691882394, 4.573827288, 4.383276804, 4.115459484, 3.775300704, 3.368341512, 2.901508218, 2.583821466, 2.827011906, 2.989549314, 3.527338806, 4.10730183, 4.676336676, 5.224900428, 5.743911924, 6.224136084, 6.657569172, 7.036515288, 7.354048122, 7.604164872, 7.782247998, 7.88444955, 7.908152922, 7.851972852, 7.71590934, 7.50119373, 7.209980874, 6.846118722, 6.815950794, 7.141487364, 7.41423006, 7.628329998, 7.940167866, 8.293563594, 8.575233534, 8.782714998, 8.914468806, 8.970648876, 8.952178716, 0.0, 0.0, 0.0, 0.0, 0.0, 0.0, 0.0, 0.0, 0.0, 0.0, 0.0, 0.0, 0.0, 0.0, 0.0, 0.0, 0.0, 0.0, 0.0, 0.0, 0.0, 0.0, 0.0, 0.0, 0.0, 0.0, 0.0, 0.0, 0.0, 0.0, 0.0, 0.0, 0.0, 0.0, 0.0, 6.658030926, 6.999574968, 7.343581698, 7.642644372], "min_cpu_time": [3, 8, 13, 28, 25, 8, 22, 15, 26, 29, 29, 18, 3], "max_cpu_time": [51, 45, 17, 42, 72, 51, 47, 26, 37, 67, 59, 56, 70], "min_job_period": [4, 11, 5, 148, 85, 2, 47, 60, 126, 31, 84, 14, 6], "max_job_period": [66, 95, 85, 150, 145, 51, 153, 106, 131, 54, 93, 105, 128], "min_startup": [10, 4, 2, 1, 1, 4, 2, 2, 1, 1, 1, 2, 10], "max_startup": [16, 54, 19, 59, 125, 57, 93, 28, 153, 50, 38, 46, 143], "priority": [1, 4, 9, 10, 3, 6, 5, 11, 13, 8, 12, 7, 2], "win_min": [26, 0, 0, 0, 0, 0, 0, 0, 0, 0, 0, 0, 0], "win_max": [124, 154, 154, 154, 154, 154, 154, 154, 154, 154, 154, 154, 154]}