{"subs": 1, "jobs": 18, "T": 154, "power_use": [3.4217083502983368, 2.0729115532476885, 2.664864876351352, 3.9933905316914005, 0.7385029993660728, 0.3617095700052574, 1.2127870246956949, 1.4237793572403177, 1.3123162273047038, 0.6423200114754671, 0.7104348306449468, 1.1151779821188665, 2.48758151328809, 2.727736071306089, 1.5544322975331453, 3.676954298740691, 1.675343495027871, 0.48089236744136643], "power_resource": [0.0, 0.0, 0.0, 0.0, 0.0, 0.0, 6.691123296, 7.065144036, 7.40037744, 7.689435444, 7.925083902, 8.101627848, 8.26924455, 8.585084286, 8.828582562, 8.996661018, 9.087780474, 9.101633094, 9.039450222, 8.902924956, 8.695905246, 8.422700796, 8.088698736, 7.700825376, 7.266007026, 6.792709176, 6.289551234, 5.765306526, 5.229671886, 4.691882394, 4.573827288, 4.383276804, 4.115459484, 3.775300704, 3.368341512, 2.901508218, 2.583821466, 2.827011906, 2.989549314, 3.527338806, 4.10730183, 4.676336676, 5.224900428, 5.743911924, 6.224136084, 6.657569172, 7.036515288, 7.354048122, 7.604164872, 7.782247998, 7.88444955, 7.908152922, 7.851972852, 7.71590934, 7.50119373, 7.209980874, 6.846118722, 6.815950794, 7.141487364, 7.41423006, 7.628329998, 7.940167866, 8.293563594, 8.575233534, 8.782714998, 8.914468806, 8.970648876, 8.952178716, 0.0, 0.0, 0.0, 0.0, 0.0, 0.0, 0.0, 0.0, 0.0, 0.0, 0.0, 0.0, 0.0, 0.0, 0.0, 0.0, 0.0, 0.0, 0.0, 0.0, 0.0, 0.0, 0.0, 0.0, 0.0, 0.0, 0.0, 0.0, 0.0, 0.0, 0.0, 0.0, 0.0, 0.0, 0.0, 6.658030926, 6.999574968, 7.343581698, 7.642644372, 7.88983668, 8.079001902, 8.20459899, 8.52859638, 8.787024702, 8.970648876, 9.077467968, 9.107174142, 9.06038307, 8.938941768, 8.746236432, 8.486115012, 8.164426392, 7.787327292, 7.36189794, 6.89629599, 6.398986932, 5.87889801, 5.345418222, 4.808090484, 4.60830492, 4.433761908, 4.181490306, 3.8556459, 3.462077574, 3.007095966, 2.511018252, 2.769600492, 2.948145372, 3.402203472, 3.982782168, 4.55443362, 5.107460994, 5.63262921, 6.120857106, 6.56383311, 6.953553486, 7.283091924, 7.546445622, 7.738535286, 7.855512966, 7.894146384, 7.853358114, 7.732532484, 7.532593002, 7.25569452, 6.905223234], "min_cpu_time": [28, 9, 4, 26, 27, 8, 26, 9, 21, 3, 23, 20, 14, 9, 4, 20, 19, 7], "max_cpu_time": [52, 46, 53, 53, 68, 75, 42, 39, 37, 28, 23, 28, 25, 74, 53, 71, 48, 72], "min_job_period": [139, 77, 96, 89, 116, 62, 150, 89, 46, 65, 41, 86, 13, 23, 100, 66, 100, 82], "max_job_period": [140, 112, 140, 148, 140, 145, 151, 136, 96, 84, 124, 120, 128, 65, 136, 153, 110, 112], "min_startup": [1, 1, 1, 1, 1, 1, 1, 1, 1, 1, 1, 1, 1, 1, 1, 1, 1, 1], "max_startup": [72, 20, 57, 151, 118, 132, 114, 19, 2, 53, 138, 148, 128, 17, 81, 125, 80, 150], "priority": [7, 10, 14, 4, 2, 17, 3, 5, 8, 6, 15, 11, 12, 9, 16, 13, 18, 1], "win_min": [28, 0, 0, 0, 0, 0, 0, 0, 0, 0, 0, 0, 0, 0, 0, 0, 0, 0], "win_max": [129, 154, 154, 154, 154, 154, 154, 154, 154, 154, 154, 154, 154, 154, 154, 154, 154, 154]}