{"subs": 1, "jobs": 13, "T": 154, "power_use": [2.201132372656709, 3.991561407575757, 0.2552529385421456, 0.7433346039176083, 3.1770189263374244, 2.0750001391278414, 0.8833365014357227, 0.032327494523637465, 3.6424935486368164, 3.657104125205853, 0.97600498012148, 0.2424205396382818, 3.2600488877104588], "power_resource": [0.0, 0.0, 0.0, 0.0, 0.0, 0.0, 0.0, 0.0, 0.0, 0.0, 0.0, 0.0, 0.0, 0.0, 6.809794074, 6.832112184, 7.190895042, 7.507966122, 7.775783442, 7.987882446, 8.138722086, 8.40238362, 8.689132854, 8.902155366, 9.03883455, 9.098400816, 9.081008082, 8.987887692, 8.82181017, 8.586777384, 8.287560792, 7.930163196, 7.521356988, 7.068991986, 6.581379762, 6.067293642, 5.535814788, 4.996793952, 4.638165012, 4.495021272, 4.272609762, 3.974470596, 3.606144822, 3.173327406, 2.68356033, 2.720654568, 2.932753572, 3.195029844, 3.777455556, 4.354801974, 4.9176801, 5.4563931, 5.961859812, 6.425460828, 6.839192412, 7.195512582, 7.4881107, 7.711445718, 7.861054014, 7.933549392, 7.926930918, 7.840275084, 7.674043644, 7.429929696, 7.110703764, 6.720521634, 6.909994692, 7.21644543, 7.467793524, 7.67204271, 8.068227642, 8.394841638, 8.648806338, 8.827659054, 8.930938032, 8.958643272, 0.0, 0.0, 0.0, 0.0, 0.0, 0.0, 0.0, 0.0, 0.0, 0.0, 0.0, 0.0, 0.0, 0.0, 0.0, 0.0, 0.0, 0.0, 0.0, 0.0, 0.0, 0.0, 0.0, 0.0, 0.0, 0.0, 0.0, 0.0, 0.0, 0.0, 0.0, 0.0, 0.0, 0.0, 0.0, 0.0, 6.76238733, 7.128866088, 7.455172248, 7.733763828, 7.957714518, 8.12148327, 8.337276306, 8.63864775, 8.866908144, 9.019286964, 9.094706784, 9.093013686, 9.015285096, 8.863983702, 8.642803536, 8.356362138, 8.01066231, 7.612168608, 7.168423014, 6.6877371, 6.178884192, 5.650945452, 5.113309878, 4.662637974, 4.536117378, 4.329405504, 4.04650422, 3.692031066, 3.272142762, 2.7936117, 2.653700238, 2.88134496, 3.070356264, 3.652320222, 4.23120582, 4.797316224, 5.341262436, 5.853655458, 6.325721964, 6.749458218, 7.11716832, 7.422387714], "min_cpu_time": [22, 25, 27, 16, 29, 17, 11, 8, 3, 16, 10, 28, 2], "max_cpu_time": [27, 43, 51, 57, 67, 17, 23, 75, 7, 25, 72, 39, 19], "min_job_period": [28, 89, 77, 60, 89, 61, 31, 27, 16, 67, 50, 149, 3], "max_job_period": [137, 116, 96, 138, 126, 152, 147, 142, 94, 93, 147, 151, 17], "min_startup": [1, 1, 1, 2, 1, 2, 3, 3, 9, 2, 3, 1, 13], "max_startup": [151, 62, 144, 86, 76, 112, 46, 112, 124, 125, 30, 3, 28], "priority": [10, 2, 8, 7, 6, 12, 4, 13, 3, 9, 5, 11, 1], "win_min": [0, 0, 0, 0, 0, 9, 0, 0, 0, 0, 0, 0, 0], "win_max": [154, 154, 154, 154, 154, 142, 154, 154, 154, 154, 154, 154, 154]}