{"subs": 1, "jobs": 13, "T": 154, "power_use": [0.7541008724794004, 0.7735050155131555, 2.1109049343500286, 3.3617458117758474, 3.228612296068405, 1.5604575037082817, 2.4263349699388734, 0.6702563366364184, 0.09608134444797363, 3.457620582262312, 3.9363798487116983, 0.07921719052334815, 0.9411315611499272], "power_resource": [8.97188022, 8.793489258, 8.54706654, 8.23769136, 7.871520438, 7.45578792, 6.998189706, 6.507191286, 5.991565986, 5.460856722, 4.924298574, 4.639396356, 4.48132257, 4.244442768, 3.93337449, 3.55319703, 3.110374944, 2.612142378, 2.709264636, 2.90366307, 3.277068138, 3.858108588, 4.431914892, 4.989098052, 5.520115152, 6.01588503, 6.467942196, 6.868282914, 7.209826956, 7.486109766, 7.692205968, 7.82365194, 7.877369322, 7.851665016, 7.746077268, 7.561067832, 7.298637642, 6.961865058, 6.714980586, 7.05867948, 7.35189327, 7.588773072, 7.80210342, 8.18151129, 8.490578634, 8.72638101, 8.886917484, 8.971572384, 8.9811153, 0.0, 0.0, 0.0, 0.0, 0.0, 0.0, 0.0, 0.0, 0.0, 0.0, 0.0, 0.0, 0.0, 0.0, 0.0, 0.0, 0.0, 0.0, 0.0, 0.0, 0.0, 0.0, 0.0, 0.0, 0.0, 0.0, 0.0, 0.0, 0.0, 0.0, 0.0, 0.0, 0.0, 0.0, 0.0, 6.771160656, 6.863665374, 7.22414133, 7.54275159, 7.81210809, 8.025592356, 8.17766334, 8.406385488, 8.694519984, 8.908927758, 9.04730004, 9.108559404, 9.092859768, 9.001740312, 8.83797156, 8.605093626, 8.308339722, 7.95371265, 7.547830884, 7.098544242, 6.614010378, 6.103310454, 5.575525632, 5.040198828, 4.667255514, 4.525497036, 4.304470788, 4.00802472, 3.64169988, 3.211191234, 2.724040764, 2.64585042, 2.856102408, 3.152086722, 3.733127172, 4.30893441, 4.869811602, 5.406215832, 5.909219856, 6.370204266, 6.78085749, 7.133945382, 7.423157304, 7.642952208, 7.788866472, 7.8575139, 7.847201394, 7.75669761, 7.58661822, 7.338656322, 7.015736358, 6.662032794, 7.014351096, 7.317569556, 7.565531454, 7.752541824, 8.121637188, 8.444249316, 8.69405823, 8.86875516, 8.967878352, 8.991427806, 0.0, 0.0, 0.0, 0.0, 0.0, 0.0, 0.0, 0.0], "min_cpu_time": [20, 18, 28, 15, 3, 28, 12, 16, 18, 25, 22, 27, 23], "max_cpu_time": [45, 71, 75, 47, 42, 31, 42, 24, 22, 46, 67, 45, 26], "min_job_period": [146, 31, 143, 69, 20, 16, 33, 129, 127, 21, 129, 71, 110], "max_job_period": [152, 130, 147, 79, 29, 68, 128, 137, 140, 106, 140, 138, 114], "min_startup": [1, 1, 1, 1, 6, 1, 2, 1, 1, 1, 1, 1, 1], "max_startup": [26, 108, 103, 30, 140, 34, 134, 139, 41, 70, 94, 16, 70], "priority": [13, 1, 12, 8, 7, 6, 11, 3, 2, 4, 9, 5, 10], "win_min": [0, 0, 0, 0, 0, 4, 0, 0, 0, 0, 0, 0, 0], "win_max": [154, 154, 154, 154, 154, 127, 154, 154, 154, 154, 154, 154, 154]}