{"subs": 1, "jobs": 13, "T": 154, "power_use": [1.7077436552201744, 2.207326014710368, 1.7587627756895219, 2.553474604640149, 3.367581238391619, 3.3293091887941224, 3.900832995091228, 1.258412663443115, 0.9318299028384931, 0.9809484846031867, 3.149849282872196, 0.1354583357104816, 2.9126647764373543], "power_resource": [6.654029058, 6.954323076, 7.250923062, 7.49118906, 7.744999842, 8.128255662, 8.441478792, 8.681283036, 8.845975296, 8.9349399, 8.948638602, 0.0, 0.0, 0.0, 0.0, 0.0, 0.0, 0.0, 0.0, 0.0, 0.0, 0.0, 0.0, 0.0, 0.0, 0.0, 0.0, 0.0, 0.0, 0.0, 0.0, 0.0, 0.0, 0.0, 0.0, 0.0, 0.0, 0.0, 0.0, 0.0, 0.0, 0.0, 0.0, 0.0, 0.0, 0.0, 6.809794074, 6.832112184, 7.190895042, 7.507966122, 7.775783442, 7.987882446, 8.138722086, 8.40238362, 8.689132854, 8.902155366, 9.03883455, 9.098400816, 9.081008082, 8.987887692, 8.82181017, 8.586777384, 8.287560792, 7.930163196, 7.521356988, 7.068991986, 6.581379762, 6.067293642, 5.535814788, 4.996793952, 4.638165012, 4.495021272, 4.272609762, 3.974470596, 3.606144822, 3.173327406, 2.68356033, 2.720654568, 2.932753572, 3.195029844, 3.777455556, 4.354801974, 4.9176801, 5.4563931, 5.961859812, 6.425460828, 6.839192412, 7.195512582, 7.4881107, 7.711445718, 7.861054014, 7.933549392, 7.926930918, 7.840275084, 7.674043644, 7.429929696, 7.110703764, 6.720521634, 6.909994692, 7.21644543, 7.467793524, 7.67204271, 8.068227642, 8.394841638, 8.648806338, 8.827659054, 8.930938032, 8.958643272, 0.0, 0.0, 0.0, 0.0, 0.0, 0.0, 0.0, 0.0, 0.0, 0.0, 0.0, 0.0, 0.0, 0.0, 0.0, 0.0, 0.0, 0.0, 0.0, 0.0, 0.0, 0.0, 0.0, 0.0, 0.0, 0.0, 0.0, 0.0, 0.0, 0.0, 0.0, 0.0, 0.0, 0.0, 0.0, 0.0, 6.76238733, 7.128866088, 7.455172248, 7.733763828, 7.957714518, 8.12148327, 8.337276306, 8.63864775, 8.866908144, 9.019286964], "min_cpu_time": [14, 22, 7, 4, 7, 11, 7, 4, 8, 2, 29, 11, 11], "max_cpu_time": [19, 45, 36, 17, 76, 52, 17, 22, 65, 42, 70, 42, 20], "min_job_period": [55, 63, 27, 2, 28, 42, 1, 42, 60, 1, 57, 97, 139], "max_job_period": [64, 142, 122, 52, 44, 141, 90, 60, 60, 107, 86, 123, 144], "min_startup": [1, 1, 2, 3, 2, 1, 2, 3, 2, 5, 1, 1, 1], "max_startup": [137, 1, 60, 54, 115, 130, 52, 74, 6, 79, 128, 117, 134], "priority": [8, 12, 10, 13, 1, 4, 5, 11, 3, 9, 7, 2, 6], "win_min": [0, 0, 0, 0, 0, 0, 0, 0, 11, 0, 0, 0, 0], "win_max": [154, 154, 154, 154, 154, 154, 154, 154, 146, 154, 154, 154, 154]}