{"subs": 1, "jobs": 9, "T": 154, "power_use": [0.43305266759748445, 3.794089408134663, 3.7090939670884917, 1.704394244986705, 2.9985617283821333, 3.4650133643030614, 3.844924852883137, 1.7735029890561098, 3.5645197906857127], "power_resource": [0.0, 0.0, 0.0, 0.0, 0.0, 0.0, 0.0, 0.0, 0.0, 0.0, 0.0, 0.0, 0.0, 0.0, 0.0, 0.0, 0.0, 0.0, 0.0, 6.771160656, 6.863665374, 7.22414133, 7.54275159, 7.81210809, 8.025592356, 8.17766334, 8.406385488, 8.694519984, 8.908927758, 9.04730004, 9.108559404, 9.092859768, 9.001740312, 8.83797156, 8.605093626, 8.308339722, 7.95371265, 7.547830884, 7.098544242, 6.614010378, 6.103310454, 5.575525632, 5.040198828, 4.667255514, 4.525497036, 4.304470788, 4.00802472, 3.64169988, 3.211191234, 2.724040764, 2.64585042, 2.856102408, 3.152086722, 3.733127172, 4.30893441, 4.869811602, 5.406215832, 5.909219856, 6.370204266, 6.78085749, 7.133945382, 7.423157304, 7.642952208, 7.788866472, 7.8575139, 7.847201394, 7.75669761, 7.58661822, 7.338656322, 7.015736358, 6.662032794, 7.014351096, 7.317569556, 7.565531454, 7.752541824, 8.121637188, 8.444249316, 8.69405823, 8.86875516, 8.967878352, 8.991427806, 0.0, 0.0, 0.0, 0.0, 0.0, 0.0, 0.0, 0.0, 0.0, 0.0, 0.0, 0.0, 0.0, 0.0, 0.0, 0.0, 0.0, 0.0, 0.0, 0.0, 0.0, 0.0, 0.0, 0.0, 0.0, 0.0, 0.0, 0.0, 0.0, 0.0, 0.0, 0.0, 0.0, 0.0, 0.0, 0.0, 6.793324848, 7.161650622, 7.489495962, 7.769472804, 7.994962674, 8.160116688, 8.34081642, 8.643573126, 8.873218782, 9.0272907, 9.1042497, 9.1042497, 9.028522044, 8.879375502, 8.660504106, 8.376525396, 8.033442174, 7.637718996, 7.197051762, 6.719598126, 6.214131414, 5.689732788, 5.155791246, 4.691882394, 4.566439224, 4.36126653, 4.079904426, 3.727432206, 3.309698754, 2.833784298, 2.579357844, 2.805309468, 3.027413142, 3.607991838, 4.185338256, 4.749447726, 5.291085168], "min_cpu_time": [5, 28, 29, 7, 14, 22, 13, 13, 8], "max_cpu_time": [50, 47, 75, 51, 49, 71, 75, 25, 14], "min_job_period": [8, 118, 18, 116, 19, 61, 15, 118, 130], "max_job_period": [81, 128, 99, 149, 137, 82, 112, 122, 153], "min_startup": [2, 1, 1, 1, 1, 1, 1, 1, 1], "max_startup": [80, 87, 43, 40, 44, 14, 143, 31, 43], "priority": [7, 8, 6, 1, 3, 2, 9, 4, 5], "win_min": [0, 0, 0, 22, 0, 0, 0, 0, 0], "win_max": [154, 154, 154, 139, 154, 154, 154, 154, 154]}