{"subs": 1, "jobs": 13, "T": 154, "power_use": [3.56101846518682, 1.7171519501506016, 3.066773691038846, 1.5453315538887356, 0.5939264903165685, 1.271934937356786, 2.453309070344252, 3.560257222743436, 2.5872395097489935, 1.206308635270874, 3.0750846717776654, 1.792410024775259, 3.1757933468935553], "power_resource": [8.902155366, 8.972495892, 8.96803227, 0.0, 0.0, 0.0, 0.0, 0.0, 0.0, 0.0, 0.0, 0.0, 0.0, 0.0, 0.0, 0.0, 0.0, 0.0, 0.0, 0.0, 0.0, 0.0, 0.0, 0.0, 0.0, 0.0, 0.0, 0.0, 0.0, 0.0, 0.0, 0.0, 0.0, 0.0, 0.0, 0.0, 0.0, 0.0, 6.716058012, 6.93246672, 7.284785022, 7.593852366, 7.85212677, 8.053605432, 8.192593386, 8.469030114, 8.742234564, 8.941404456, 9.064077102, 9.109482912, 9.078237558, 8.97188022, 8.793489258, 8.54706654, 8.23769136, 7.871520438, 7.45578792, 6.998189706, 6.507191286, 5.991565986, 5.460856722, 4.924298574, 4.639396356, 4.48132257, 4.244442768, 3.93337449, 3.55319703, 3.110374944, 2.612142378, 2.709264636, 2.90366307, 3.277068138, 3.858108588, 4.431914892, 4.989098052, 5.520115152, 6.01588503, 6.467942196, 6.868282914, 7.209826956, 7.486109766, 7.692205968, 7.82365194, 7.877369322, 7.851665016, 7.746077268, 7.561067832, 7.298637642, 6.961865058, 6.714980586, 7.05867948, 7.35189327, 7.588773072, 7.80210342, 8.18151129, 8.490578634, 8.72638101, 8.886917484, 8.971572384, 8.9811153, 0.0, 0.0, 0.0, 0.0, 0.0, 0.0, 0.0, 0.0, 0.0, 0.0, 0.0, 0.0, 0.0, 0.0, 0.0, 0.0, 0.0, 0.0, 0.0, 0.0, 0.0, 0.0, 0.0, 0.0, 0.0, 0.0, 0.0, 0.0, 0.0, 0.0, 0.0, 0.0, 0.0, 0.0, 0.0, 6.771160656, 6.863665374, 7.22414133, 7.54275159, 7.81210809, 8.025592356, 8.17766334, 8.406385488, 8.694519984, 8.908927758, 9.04730004, 9.108559404, 9.092859768, 9.001740312, 8.83797156, 8.605093626, 8.308339722, 7.95371265, 7.547830884], "min_cpu_time": [4, 2, 21, 16, 7, 17, 18, 26, 5, 11, 10, 13, 8], "max_cpu_time": [48, 14, 51, 49, 55, 31, 57, 35, 32, 26, 20, 19, 65], "min_job_period": [20, 19, 125, 19, 10, 104, 109, 49, 40, 67, 8, 95, 13], "max_job_period": [151, 122, 133, 76, 21, 134, 151, 126, 117, 129, 116, 117, 91], "min_startup": [3, 6, 1, 1, 2, 1, 1, 1, 3, 1, 2, 1, 2], "max_startup": [92, 55, 62, 66, 89, 112, 137, 110, 21, 143, 126, 39, 106], "priority": [11, 2, 9, 1, 6, 12, 10, 8, 4, 13, 5, 3, 7], "win_min": [0, 0, 0, 0, 0, 0, 0, 0, 0, 0, 0, 0, 2], "win_max": [154, 154, 154, 154, 154, 154, 154, 154, 154, 154, 154, 154, 123]}