{"subs": 1, "jobs": 13, "T": 154, "power_use": [2.1409056181987576, 0.36456326705750874, 1.7906693842041628, 2.5576414371994898, 0.16182940458653006, 0.5797621121839893, 3.5435439326815725, 3.7507211731032415, 2.406630391679775, 1.63800997543936, 1.4707064531656642, 3.243236327224917, 3.505443928436864], "power_resource": [8.736539598, 8.934016392, 9.055149858, 9.09886257, 9.0657702, 8.957411928, 8.776866114, 8.527980708, 8.21614284, 7.847355312, 7.428698352, 6.96786786, 6.473637162, 5.954625666, 5.42022237, 4.879816272, 4.610305854, 4.450846806, 4.212581742, 3.899666448, 3.517488054, 3.07220328, 2.571354108, 2.784530538, 2.980929906, 3.319857342, 3.902283054, 4.477782456, 5.03696655, 5.57029242, 6.068678904, 6.523506594, 6.926771754, 7.271548074, 7.551370998, 7.761007314, 7.896147318, 7.95371265, 7.931856294, 7.829962578, 7.648801092, 7.390218852, 7.0571403, 6.654029058, 6.954323076, 7.250923062, 7.49118906, 7.744999842, 8.128255662, 8.441478792, 8.681283036, 8.845975296, 8.9349399, 8.948638602, 0.0, 0.0, 0.0, 0.0, 0.0, 0.0, 0.0, 0.0, 0.0, 0.0, 0.0, 0.0, 0.0, 0.0, 0.0, 0.0, 0.0, 0.0, 0.0, 0.0, 0.0, 0.0, 0.0, 0.0, 0.0, 0.0, 0.0, 0.0, 0.0, 0.0, 0.0, 0.0, 0.0, 0.0, 0.0, 6.809794074, 6.832112184, 7.190895042, 7.507966122, 7.775783442, 7.987882446, 8.138722086, 8.40238362, 8.689132854, 8.902155366, 9.03883455, 9.098400816, 9.081008082, 8.987887692, 8.82181017, 8.586777384, 8.287560792, 7.930163196, 7.521356988, 7.068991986, 6.581379762, 6.067293642, 5.535814788, 4.996793952, 4.638165012, 4.495021272, 4.272609762, 3.974470596, 3.606144822, 3.173327406, 2.68356033, 2.720654568, 2.932753572, 3.195029844, 3.777455556, 4.354801974, 4.9176801, 5.4563931, 5.961859812, 6.425460828, 6.839192412, 7.195512582, 7.4881107, 7.711445718, 7.861054014, 7.933549392, 7.926930918, 7.840275084, 7.674043644, 7.429929696, 7.110703764, 6.720521634, 6.909994692, 7.21644543, 7.467793524, 7.67204271, 8.068227642, 8.394841638, 8.648806338, 8.827659054, 8.930938032, 8.958643272, 0.0, 0.0, 0.0], "min_cpu_time": [22, 11, 14, 20, 19, 11, 14, 13, 18, 8, 13, 25, 4], "max_cpu_time": [59, 28, 47, 65, 64, 76, 75, 47, 75, 56, 32, 67, 16], "min_job_period": [136, 92, 84, 7, 21, 152, 122, 104, 94, 22, 10, 87, 11], "max_job_period": [151, 131, 100, 72, 126, 153, 151, 152, 131, 120, 59, 121, 153], "min_startup": [1, 1, 1, 1, 1, 1, 1, 1, 1, 1, 1, 1, 2], "max_startup": [71, 135, 48, 16, 92, 67, 83, 96, 21, 68, 121, 92, 134], "priority": [3, 5, 8, 2, 10, 9, 6, 4, 12, 13, 1, 7, 11], "win_min": [0, 0, 0, 0, 0, 0, 0, 20, 0, 0, 0, 0, 0], "win_max": [154, 154, 154, 154, 154, 154, 154, 125, 154, 154, 154, 154, 154]}