{"subs": 1, "jobs": 18, "T": 154, "power_use": [3.572633227457324, 0.04739304192329516, 0.3109814197472891, 0.7184548898531596, 0.032896186096940616, 2.3874498663585673, 1.576246047724259, 1.4381510912816444, 0.16894639328076802, 3.7577302137246558, 2.6841771706432787, 1.272988498279226, 1.0830118019305315, 3.650266377233956, 2.918457620054222, 2.0386772085377656, 1.2659076550084447, 0.41593292809348914], "power_resource": [6.832112184, 7.190895042, 7.507966122, 7.775783442, 7.987882446, 8.138722086, 8.40238362, 8.689132854, 8.902155366, 9.03883455, 9.098400816, 9.081008082, 8.987887692, 8.82181017, 8.586777384, 8.287560792, 7.930163196, 7.521356988, 7.068991986, 6.581379762, 6.067293642, 5.535814788, 4.996793952, 4.638165012, 4.495021272, 4.272609762, 3.974470596, 3.606144822, 3.173327406, 2.68356033, 2.720654568, 2.932753572, 3.195029844, 3.777455556, 4.354801974, 4.9176801, 5.4563931, 5.961859812, 6.425460828, 6.839192412, 7.195512582, 7.4881107, 7.711445718, 7.861054014, 7.933549392, 7.926930918, 7.840275084, 7.674043644, 7.429929696, 7.110703764, 6.720521634, 6.909994692, 7.21644543, 7.467793524, 7.67204271, 8.068227642, 8.394841638, 8.648806338, 8.827659054, 8.930938032, 8.958643272, 0.0, 0.0, 0.0, 0.0, 0.0, 0.0, 0.0, 0.0, 0.0, 0.0, 0.0, 0.0, 0.0, 0.0, 0.0, 0.0, 0.0, 0.0, 0.0, 0.0, 0.0, 0.0, 0.0, 0.0, 0.0, 0.0, 0.0, 0.0, 0.0, 0.0, 0.0, 0.0, 0.0, 0.0, 0.0, 0.0, 6.76238733, 7.128866088, 7.455172248, 7.733763828, 7.957714518, 8.12148327, 8.337276306, 8.63864775, 8.866908144, 9.019286964, 9.094706784, 9.093013686, 9.015285096, 8.863983702, 8.642803536, 8.356362138, 8.01066231, 7.612168608, 7.168423014, 6.6877371, 6.178884192, 5.650945452, 5.113309878, 4.662637974, 4.536117378, 4.329405504, 4.04650422, 3.692031066, 3.272142762, 2.7936117, 2.653700238, 2.88134496, 3.070356264, 3.652320222, 4.23120582, 4.797316224, 5.341262436, 5.853655458, 6.325721964, 6.749458218, 7.11716832, 7.422387714, 7.659113598, 7.823036268, 7.910461692, 7.918927182, 7.847663148, 7.696515672, 7.467023934, 7.161650622, 6.784551522, 6.86397321, 7.179966864, 7.442089218, 7.644645306, 8.005429098, 8.34543396], "min_cpu_time": [8, 24, 28, 17, 3, 1, 16, 20, 26, 1, 24, 19, 22, 27, 12, 29, 8, 11], "max_cpu_time": [37, 43, 51, 35, 65, 5, 20, 56, 75, 41, 24, 53, 44, 44, 41, 35, 37, 67], "min_job_period": [89, 65, 79, 110, 21, 24, 5, 67, 125, 58, 31, 139, 10, 85, 67, 101, 26, 101], "max_job_period": [124, 151, 102, 116, 136, 138, 42, 87, 153, 60, 104, 143, 146, 152, 109, 150, 59, 135], "min_startup": [1, 1, 1, 1, 1, 1, 1, 1, 1, 1, 1, 1, 1, 1, 1, 1, 1, 1], "max_startup": [105, 146, 54, 9, 77, 65, 10, 139, 40, 137, 141, 64, 6, 74, 43, 78, 93, 78], "priority": [13, 3, 18, 7, 6, 5, 11, 8, 10, 2, 16, 14, 12, 17, 9, 4, 1, 15], "win_min": [0, 0, 0, 0, 0, 0, 0, 0, 0, 0, 0, 0, 0, 0, 28, 0, 0, 0], "win_max": [154, 154, 154, 154, 154, 154, 154, 154, 154, 154, 154, 154, 154, 154, 142, 154, 154, 154]}