{"subs": 1, "jobs": 13, "T": 154, "power_use": [1.361617628892179, 1.2664466505332743, 1.4636361240670734, 0.7784813928848991, 3.104446924647138, 3.1161029973600622, 0.10869554659774422, 1.016819364121044, 3.645941985140636, 1.5745684602789327, 2.849674141172682, 3.2306884017177677, 0.8774506628378009], "power_resource": [6.120857106, 6.56383311, 6.953553486, 7.283091924, 7.546445622, 7.738535286, 7.855512966, 7.894146384, 7.853358114, 7.732532484, 7.532593002, 7.25569452, 6.905223234, 6.766389198, 7.10100693, 7.384062132, 7.60970592, 7.872290028, 8.238768786, 8.534291346, 8.755933266, 8.902155366, 8.972495892, 8.96803227, 0.0, 0.0, 0.0, 0.0, 0.0, 0.0, 0.0, 0.0, 0.0, 0.0, 0.0, 0.0, 0.0, 0.0, 0.0, 0.0, 0.0, 0.0, 0.0, 0.0, 0.0, 0.0, 0.0, 0.0, 0.0, 0.0, 0.0, 0.0, 0.0, 0.0, 0.0, 0.0, 0.0, 0.0, 0.0, 6.716058012, 6.93246672, 7.284785022, 7.593852366, 7.85212677, 8.053605432, 8.192593386, 8.469030114, 8.742234564, 8.941404456, 9.064077102, 9.109482912, 9.078237558, 8.97188022, 8.793489258, 8.54706654, 8.23769136, 7.871520438, 7.45578792, 6.998189706, 6.507191286, 5.991565986, 5.460856722, 4.924298574, 4.639396356, 4.48132257, 4.244442768, 3.93337449, 3.55319703, 3.110374944, 2.612142378, 2.709264636, 2.90366307, 3.277068138, 3.858108588, 4.431914892, 4.989098052, 5.520115152, 6.01588503, 6.467942196, 6.868282914, 7.209826956, 7.486109766, 7.692205968, 7.82365194, 7.877369322, 7.851665016, 7.746077268, 7.561067832, 7.298637642, 6.961865058, 6.714980586, 7.05867948, 7.35189327, 7.588773072, 7.80210342, 8.18151129, 8.490578634, 8.72638101, 8.886917484, 8.971572384, 8.9811153, 0.0, 0.0, 0.0, 0.0, 0.0, 0.0, 0.0, 0.0, 0.0, 0.0, 0.0, 0.0, 0.0, 0.0, 0.0, 0.0, 0.0, 0.0, 0.0, 0.0, 0.0, 0.0, 0.0, 0.0, 0.0, 0.0, 0.0, 0.0, 0.0, 0.0, 0.0, 0.0, 0.0], "min_cpu_time": [28, 20, 20, 11, 7, 15, 13, 5, 18, 2, 8, 12, 16], "max_cpu_time": [60, 30, 55, 65, 31, 19, 43, 67, 67, 2, 56, 45, 17], "min_job_period": [50, 55, 58, 59, 33, 23, 144, 38, 26, 23, 6, 66, 145], "max_job_period": [140, 139, 71, 113, 99, 93, 150, 145, 108, 126, 109, 68, 148], "min_startup": [1, 1, 1, 1, 2, 1, 1, 2, 1, 6, 2, 1, 1], "max_startup": [15, 149, 131, 66, 37, 151, 70, 122, 21, 79, 63, 113, 41], "priority": [3, 1, 8, 2, 5, 10, 4, 6, 11, 9, 7, 12, 13], "win_min": [0, 0, 0, 0, 0, 22, 0, 0, 0, 0, 0, 0, 0], "win_max": [154, 154, 154, 154, 154, 135, 154, 154, 154, 154, 154, 154, 154]}