{"subs": 1, "jobs": 9, "T": 154, "power_use": [3.9913144312696547, 0.7056514151841097, 1.4837600423486428, 2.819035744339909, 0.5747243040014184, 3.0880832659476343, 1.5399100202831937, 1.1757576109736319, 0.62474149557717], "power_resource": [8.902155366, 8.972495892, 8.96803227, 0.0, 0.0, 0.0, 0.0, 0.0, 0.0, 0.0, 0.0, 0.0, 0.0, 0.0, 0.0, 0.0, 0.0, 0.0, 0.0, 0.0, 0.0, 0.0, 0.0, 0.0, 0.0, 0.0, 0.0, 0.0, 0.0, 0.0, 0.0, 0.0, 0.0, 0.0, 0.0, 0.0, 0.0, 0.0, 6.716058012, 6.93246672, 7.284785022, 7.593852366, 7.85212677, 8.053605432, 8.192593386, 8.469030114, 8.742234564, 8.941404456, 9.064077102, 9.109482912, 9.078237558, 8.97188022, 8.793489258, 8.54706654, 8.23769136, 7.871520438, 7.45578792, 6.998189706, 6.507191286, 5.991565986, 5.460856722, 4.924298574, 4.639396356, 4.48132257, 4.244442768, 3.93337449, 3.55319703, 3.110374944, 2.612142378, 2.709264636, 2.90366307, 3.277068138, 3.858108588, 4.431914892, 4.989098052, 5.520115152, 6.01588503, 6.467942196, 6.868282914, 7.209826956, 7.486109766, 7.692205968, 7.82365194, 7.877369322, 7.851665016, 7.746077268, 7.561067832, 7.298637642, 6.961865058, 6.714980586, 7.05867948, 7.35189327, 7.588773072, 7.80210342, 8.18151129, 8.490578634, 8.72638101, 8.886917484, 8.971572384, 8.9811153, 0.0, 0.0, 0.0, 0.0, 0.0, 0.0, 0.0, 0.0, 0.0, 0.0, 0.0, 0.0, 0.0, 0.0, 0.0, 0.0, 0.0, 0.0, 0.0, 0.0, 0.0, 0.0, 0.0, 0.0, 0.0, 0.0, 0.0, 0.0, 0.0, 0.0, 0.0, 0.0, 0.0, 0.0, 0.0, 6.771160656, 6.863665374, 7.22414133, 7.54275159, 7.81210809, 8.025592356, 8.17766334, 8.406385488, 8.694519984, 8.908927758, 9.04730004, 9.108559404, 9.092859768, 9.001740312, 8.83797156, 8.605093626, 8.308339722, 7.95371265, 7.547830884], "min_cpu_time": [23, 27, 2, 14, 16, 20, 14, 29, 3], "max_cpu_time": [36, 43, 33, 26, 44, 70, 72, 58, 25], "min_job_period": [96, 26, 13, 67, 40, 133, 36, 55, 9], "max_job_period": [114, 49, 148, 142, 118, 153, 85, 113, 98], "min_startup": [1, 1, 11, 2, 2, 1, 2, 1, 7], "max_startup": [62, 24, 132, 50, 50, 24, 28, 84, 128], "priority": [9, 4, 6, 5, 3, 8, 1, 7, 2], "win_min": [0, 0, 0, 0, 0, 0, 14, 0, 0], "win_max": [154, 154, 154, 154, 154, 154, 136, 154, 154]}