{"subs": 1, "jobs": 9, "T": 154, "power_use": [3.478104653886412, 1.2056579913774512, 3.8144544151635196, 1.2963018632984908, 1.4861985890489562, 1.4673938074754929, 0.6286394266702515, 2.2767072389277625, 3.4718682701476107], "power_resource": [8.827659054, 8.930938032, 8.958643272, 0.0, 0.0, 0.0, 0.0, 0.0, 0.0, 0.0, 0.0, 0.0, 0.0, 0.0, 0.0, 0.0, 0.0, 0.0, 0.0, 0.0, 0.0, 0.0, 0.0, 0.0, 0.0, 0.0, 0.0, 0.0, 0.0, 0.0, 0.0, 0.0, 0.0, 0.0, 0.0, 0.0, 0.0, 0.0, 0.0, 6.76238733, 7.128866088, 7.455172248, 7.733763828, 7.957714518, 8.12148327, 8.337276306, 8.63864775, 8.866908144, 9.019286964, 9.094706784, 9.093013686, 9.015285096, 8.863983702, 8.642803536, 8.356362138, 8.01066231, 7.612168608, 7.168423014, 6.6877371, 6.178884192, 5.650945452, 5.113309878, 4.662637974, 4.536117378, 4.329405504, 4.04650422, 3.692031066, 3.272142762, 2.7936117, 2.653700238, 2.88134496, 3.070356264, 3.652320222, 4.23120582, 4.797316224, 5.341262436, 5.853655458, 6.325721964, 6.749458218, 7.11716832, 7.422387714, 7.659113598, 7.823036268, 7.910461692, 7.918927182, 7.847663148, 7.696515672, 7.467023934, 7.161650622, 6.784551522, 6.86397321, 7.179966864, 7.442089218, 7.644645306, 8.005429098, 8.34543396, 8.613405198, 8.806572288, 8.92416564, 8.966031336, 0.0, 0.0, 0.0, 0.0, 0.0, 0.0, 0.0, 0.0, 0.0, 0.0, 0.0, 0.0, 0.0, 0.0, 0.0, 0.0, 0.0, 0.0, 0.0, 0.0, 0.0, 0.0, 0.0, 0.0, 0.0, 0.0, 0.0, 0.0, 0.0, 0.0, 0.0, 0.0, 0.0, 0.0, 0.0, 0.0, 6.691123296, 7.065144036, 7.40037744, 7.689435444, 7.925083902, 8.101627848, 8.26924455, 8.585084286, 8.828582562, 8.996661018, 9.087780474, 9.101633094, 9.039450222, 8.902924956, 8.695905246, 8.422700796, 8.088698736, 7.700825376], "min_cpu_time": [2, 4, 20, 10, 6, 18, 29, 22, 4], "max_cpu_time": [2, 8, 49, 29, 40, 37, 36, 64, 5], "min_job_period": [9, 33, 47, 66, 19, 29, 44, 134, 17], "max_job_period": [67, 133, 86, 103, 137, 52, 101, 140, 129], "min_startup": [7, 4, 1, 2, 3, 1, 1, 1, 4], "max_startup": [108, 34, 111, 55, 118, 130, 128, 87, 36], "priority": [2, 5, 8, 7, 4, 3, 1, 6, 9], "win_min": [0, 0, 0, 0, 0, 19, 0, 0, 0], "win_max": [154, 154, 154, 154, 154, 132, 154, 154, 154]}