{"subs": 1, "jobs": 9, "T": 154, "power_use": [3.9200524763505973, 0.34741932765136985, 3.7381036489971486, 0.02772187752395404, 0.8966541118083797, 1.1398909062818554, 0.8905678924445232, 1.5697761087077078, 0.6340090681319576], "power_resource": [7.40037744, 7.689435444, 7.925083902, 8.101627848, 8.26924455, 8.585084286, 8.828582562, 8.996661018, 9.087780474, 9.101633094, 9.039450222, 8.902924956, 8.695905246, 8.422700796, 8.088698736, 7.700825376, 7.266007026, 6.792709176, 6.289551234, 5.765306526, 5.229671886, 4.691882394, 4.573827288, 4.383276804, 4.115459484, 3.775300704, 3.368341512, 2.901508218, 2.583821466, 2.827011906, 2.989549314, 3.527338806, 4.10730183, 4.676336676, 5.224900428, 5.743911924, 6.224136084, 6.657569172, 7.036515288, 7.354048122, 7.604164872, 7.782247998, 7.88444955, 7.908152922, 7.851972852, 7.71590934, 7.50119373, 7.209980874, 6.846118722, 6.815950794, 7.141487364, 7.41423006, 7.628329998, 7.940167866, 8.293563594, 8.575233534, 8.782714998, 8.914468806, 8.970648876, 8.952178716, 0.0, 0.0, 0.0, 0.0, 0.0, 0.0, 0.0, 0.0, 0.0, 0.0, 0.0, 0.0, 0.0, 0.0, 0.0, 0.0, 0.0, 0.0, 0.0, 0.0, 0.0, 0.0, 0.0, 0.0, 0.0, 0.0, 0.0, 0.0, 0.0, 0.0, 0.0, 0.0, 0.0, 0.0, 0.0, 6.658030926, 6.999574968, 7.343581698, 7.642644372, 7.88983668, 8.079001902, 8.20459899, 8.52859638, 8.787024702, 8.970648876, 9.077467968, 9.107174142, 9.06038307, 8.938941768, 8.746236432, 8.486115012, 8.164426392, 7.787327292, 7.36189794, 6.89629599, 6.398986932, 5.87889801, 5.345418222, 4.808090484, 4.60830492, 4.433761908, 4.181490306, 3.8556459, 3.462077574, 3.007095966, 2.511018252, 2.769600492, 2.948145372, 3.402203472, 3.982782168, 4.55443362, 5.107460994, 5.63262921, 6.120857106, 6.56383311, 6.953553486, 7.283091924, 7.546445622, 7.738535286, 7.855512966, 7.894146384, 7.853358114, 7.732532484, 7.532593002, 7.25569452, 6.905223234, 6.766389198, 7.10100693, 7.384062132, 7.60970592, 7.872290028, 8.238768786, 8.534291346, 8.755933266], "min_cpu_time": [12, 29, 11, 17, 10, 27, 12, 17, 4], "max_cpu_time": [59, 74, 11, 74, 64, 43, 35, 43, 36], "min_job_period": [24, 73, 9, 49, 2, 21, 7, 5, 1], "max_job_period": [122, 101, 153, 119, 150, 147, 135, 96, 121], "min_startup": [4, 2, 4, 3, 5, 2, 4, 3, 11], "max_startup": [14, 94, 117, 44, 49, 60, 67, 48, 47], "priority": [8, 5, 1, 7, 3, 6, 9, 2, 4], "win_min": [0, 0, 0, 10, 0, 0, 0, 0, 0], "win_max": [154, 154, 154, 131, 154, 154, 154, 154, 154]}