{"subs": 1, "jobs": 13, "T": 154, "power_use": [3.5769810756108282, 2.0707536844741097, 1.4045520680537809, 2.494304037238505, 1.9020465629324164, 3.4051679048320804, 1.111348898195511, 0.16614738207307148, 3.588178814167461, 3.835829236750181, 3.8208686817357784, 2.0537727264071015, 2.129738748498351], "power_resource": [0.0, 0.0, 0.0, 0.0, 0.0, 0.0, 0.0, 0.0, 0.0, 0.0, 0.0, 0.0, 0.0, 0.0, 0.0, 0.0, 0.0, 0.0, 0.0, 0.0, 0.0, 6.691123296, 7.065144036, 7.40037744, 7.689435444, 7.925083902, 8.101627848, 8.26924455, 8.585084286, 8.828582562, 8.996661018, 9.087780474, 9.101633094, 9.039450222, 8.902924956, 8.695905246, 8.422700796, 8.088698736, 7.700825376, 7.266007026, 6.792709176, 6.289551234, 5.765306526, 5.229671886, 4.691882394, 4.573827288, 4.383276804, 4.115459484, 3.775300704, 3.368341512, 2.901508218, 2.583821466, 2.827011906, 2.989549314, 3.527338806, 4.10730183, 4.676336676, 5.224900428, 5.743911924, 6.224136084, 6.657569172, 7.036515288, 7.354048122, 7.604164872, 7.782247998, 7.88444955, 7.908152922, 7.851972852, 7.71590934, 7.50119373, 7.209980874, 6.846118722, 6.815950794, 7.141487364, 7.41423006, 7.628329998, 7.940167866, 8.293563594, 8.575233534, 8.782714998, 8.914468806, 8.970648876, 8.952178716, 0.0, 0.0, 0.0, 0.0, 0.0, 0.0, 0.0, 0.0, 0.0, 0.0, 0.0, 0.0, 0.0, 0.0, 0.0, 0.0, 0.0, 0.0, 0.0, 0.0, 0.0, 0.0, 0.0, 0.0, 0.0, 0.0, 0.0, 0.0, 0.0, 0.0, 0.0, 0.0, 0.0, 0.0, 0.0, 6.658030926, 6.999574968, 7.343581698, 7.642644372, 7.88983668, 8.079001902, 8.20459899, 8.52859638, 8.787024702, 8.970648876, 9.077467968, 9.107174142, 9.06038307, 8.938941768, 8.746236432, 8.486115012, 8.164426392, 7.787327292, 7.36189794, 6.89629599, 6.398986932, 5.87889801, 5.345418222, 4.808090484, 4.60830492, 4.433761908, 4.181490306, 3.8556459, 3.462077574, 3.007095966, 2.511018252, 2.769600492, 2.948145372, 3.402203472, 3.982782168, 4.55443362], "min_cpu_time": [5, 15, 1, 17, 24, 24, 1, 11, 1, 9, 17, 11, 1], "max_cpu_time": [57, 59, 70, 26, 27, 75, 30, 70, 62, 35, 20, 54, 27], "min_job_period": [22, 5, 2, 17, 72, 80, 3, 61, 3, 41, 13, 33, 1], "max_job_period": [49, 61, 21, 49, 94, 122, 55, 90, 86, 148, 57, 74, 42], "min_startup": [5, 2, 23, 2, 1, 1, 23, 2, 23, 3, 2, 2, 23], "max_startup": [101, 36, 128, 146, 30, 42, 124, 51, 36, 48, 9, 6, 51], "priority": [9, 8, 13, 5, 6, 12, 3, 7, 4, 10, 11, 2, 1], "win_min": [0, 0, 0, 0, 0, 0, 0, 0, 0, 0, 0, 3, 0], "win_max": [154, 154, 154, 154, 154, 154, 154, 154, 154, 154, 154, 153, 154]}