{"subs": 1, "jobs": 18, "T": 154, "power_use": [0.10158883367823772, 1.951902495503723, 3.625021232116442, 1.408842472000463, 0.3841768064919757, 1.580948325811168, 3.338831960831548, 1.942365605815591, 1.6164579546552036, 0.04281369688690334, 1.4485342287569056, 0.038736355085912694, 3.7744424318028043, 2.3183564787202697, 2.1167839056520354, 0.525361838382195, 0.42764634304587673, 1.843717438142681], "power_resource": [0.0, 0.0, 0.0, 0.0, 0.0, 0.0, 0.0, 0.0, 0.0, 6.658030926, 6.999574968, 7.343581698, 7.642644372, 7.88983668, 8.079001902, 8.20459899, 8.52859638, 8.787024702, 8.970648876, 9.077467968, 9.107174142, 9.06038307, 8.938941768, 8.746236432, 8.486115012, 8.164426392, 7.787327292, 7.36189794, 6.89629599, 6.398986932, 5.87889801, 5.345418222, 4.808090484, 4.60830492, 4.433761908, 4.181490306, 3.8556459, 3.462077574, 3.007095966, 2.511018252, 2.769600492, 2.948145372, 3.402203472, 3.982782168, 4.55443362, 5.107460994, 5.63262921, 6.120857106, 6.56383311, 6.953553486, 7.283091924, 7.546445622, 7.738535286, 7.855512966, 7.894146384, 7.853358114, 7.732532484, 7.532593002, 7.25569452, 6.905223234, 6.766389198, 7.10100693, 7.384062132, 7.60970592, 7.872290028, 8.238768786, 8.534291346, 8.755933266, 8.902155366, 8.972495892, 8.96803227, 0.0, 0.0, 0.0, 0.0, 0.0, 0.0, 0.0, 0.0, 0.0, 0.0, 0.0, 0.0, 0.0, 0.0, 0.0, 0.0, 0.0, 0.0, 0.0, 0.0, 0.0, 0.0, 0.0, 0.0, 0.0, 0.0, 0.0, 0.0, 0.0, 0.0, 0.0, 0.0, 0.0, 0.0, 0.0, 6.716058012, 6.93246672, 7.284785022, 7.593852366, 7.85212677, 8.053605432, 8.192593386, 8.469030114, 8.742234564, 8.941404456, 9.064077102, 9.109482912, 9.078237558, 8.97188022, 8.793489258, 8.54706654, 8.23769136, 7.871520438, 7.45578792, 6.998189706, 6.507191286, 5.991565986, 5.460856722, 4.924298574, 4.639396356, 4.48132257, 4.244442768, 3.93337449, 3.55319703, 3.110374944, 2.612142378, 2.709264636, 2.90366307, 3.277068138, 3.858108588, 4.431914892, 4.989098052, 5.520115152, 6.01588503, 6.467942196, 6.868282914, 7.209826956, 7.486109766, 7.692205968, 7.82365194, 7.877369322, 7.851665016, 7.746077268], "min_cpu_time": [18, 19, 10, 6, 14, 27, 19, 5, 25, 28, 14, 4, 16, 1, 18, 15, 9, 29], "max_cpu_time": [54, 42, 58, 71, 74, 64, 75, 61, 70, 56, 48, 13, 42, 23, 74, 55, 47, 60], "min_job_period": [79, 49, 115, 2, 121, 34, 116, 18, 147, 52, 152, 11, 146, 15, 106, 113, 118, 151], "max_job_period": [114, 54, 121, 90, 132, 61, 118, 49, 148, 118, 153, 114, 150, 78, 116, 140, 119, 153], "min_startup": [1, 1, 1, 2, 1, 1, 1, 2, 1, 1, 1, 3, 1, 9, 1, 1, 1, 1], "max_startup": [89, 77, 124, 61, 126, 115, 18, 98, 1, 77, 9, 23, 127, 85, 10, 1, 123, 134], "priority": [14, 8, 5, 15, 3, 4, 17, 16, 1, 6, 2, 7, 18, 13, 9, 10, 12, 11], "win_min": [0, 0, 0, 0, 0, 0, 0, 0, 0, 0, 0, 0, 0, 0, 0, 0, 28, 0], "win_max": [154, 154, 154, 154, 154, 154, 154, 154, 154, 154, 154, 154, 154, 154, 154, 154, 137, 154]}