{"subs": 1, "jobs": 9, "T": 154, "power_use": [3.6361884015757044, 1.0613339311091745, 3.3069839225129183, 0.7196686986055699, 3.943872275164913, 0.7674380534314557, 0.43738315194808225, 2.4810927133367, 3.289737679295197], "power_resource": [7.283091924, 7.546445622, 7.738535286, 7.855512966, 7.894146384, 7.853358114, 7.732532484, 7.532593002, 7.25569452, 6.905223234, 6.766389198, 7.10100693, 7.384062132, 7.60970592, 7.872290028, 8.238768786, 8.534291346, 8.755933266, 8.902155366, 8.972495892, 8.96803227, 0.0, 0.0, 0.0, 0.0, 0.0, 0.0, 0.0, 0.0, 0.0, 0.0, 0.0, 0.0, 0.0, 0.0, 0.0, 0.0, 0.0, 0.0, 0.0, 0.0, 0.0, 0.0, 0.0, 0.0, 0.0, 0.0, 0.0, 0.0, 0.0, 0.0, 0.0, 0.0, 0.0, 0.0, 0.0, 6.716058012, 6.93246672, 7.284785022, 7.593852366, 7.85212677, 8.053605432, 8.192593386, 8.469030114, 8.742234564, 8.941404456, 9.064077102, 9.109482912, 9.078237558, 8.97188022, 8.793489258, 8.54706654, 8.23769136, 7.871520438, 7.45578792, 6.998189706, 6.507191286, 5.991565986, 5.460856722, 4.924298574, 4.639396356, 4.48132257, 4.244442768, 3.93337449, 3.55319703, 3.110374944, 2.612142378, 2.709264636, 2.90366307, 3.277068138, 3.858108588, 4.431914892, 4.989098052, 5.520115152, 6.01588503, 6.467942196, 6.868282914, 7.209826956, 7.486109766, 7.692205968, 7.82365194, 7.877369322, 7.851665016, 7.746077268, 7.561067832, 7.298637642, 6.961865058, 6.714980586, 7.05867948, 7.35189327, 7.588773072, 7.80210342, 8.18151129, 8.490578634, 8.72638101, 8.886917484, 8.971572384, 8.9811153, 0.0, 0.0, 0.0, 0.0, 0.0, 0.0, 0.0, 0.0, 0.0, 0.0, 0.0, 0.0, 0.0, 0.0, 0.0, 0.0, 0.0, 0.0, 0.0, 0.0, 0.0, 0.0, 0.0, 0.0, 0.0, 0.0, 0.0, 0.0, 0.0, 0.0, 0.0, 0.0, 0.0, 0.0, 0.0, 6.771160656], "min_cpu_time": [12, 24, 21, 19, 8, 15, 5, 6, 17], "max_cpu_time": [20, 27, 60, 60, 46, 17, 28, 31, 54], "min_job_period": [102, 66, 52, 2, 10, 102, 31, 20, 70], "max_job_period": [115, 93, 65, 26, 75, 114, 146, 130, 74], "min_startup": [1, 1, 1, 1, 2, 1, 3, 3, 1], "max_startup": [111, 57, 12, 39, 134, 58, 3, 56, 14], "priority": [7, 4, 6, 3, 2, 8, 1, 5, 9], "win_min": [0, 0, 0, 0, 0, 23, 0, 0, 0], "win_max": [154, 154, 154, 154, 154, 149, 154, 154, 154]}