{"subs": 1, "jobs": 13, "T": 154, "power_use": [2.3674173037868886, 2.8586178097592216, 2.957507613299388, 3.6927190875959224, 0.8612659362049601, 3.285416834678966, 2.203587388357748, 1.3970321163651096, 1.299401761879003, 3.8316251589755477, 3.587217293616579, 2.6409249592787716, 1.8003120290242376], "power_resource": [9.109482912, 9.078237558, 8.97188022, 8.793489258, 8.54706654, 8.23769136, 7.871520438, 7.45578792, 6.998189706, 6.507191286, 5.991565986, 5.460856722, 4.924298574, 4.639396356, 4.48132257, 4.244442768, 3.93337449, 3.55319703, 3.110374944, 2.612142378, 2.709264636, 2.90366307, 3.277068138, 3.858108588, 4.431914892, 4.989098052, 5.520115152, 6.01588503, 6.467942196, 6.868282914, 7.209826956, 7.486109766, 7.692205968, 7.82365194, 7.877369322, 7.851665016, 7.746077268, 7.561067832, 7.298637642, 6.961865058, 6.714980586, 7.05867948, 7.35189327, 7.588773072, 7.80210342, 8.18151129, 8.490578634, 8.72638101, 8.886917484, 8.971572384, 8.9811153, 0.0, 0.0, 0.0, 0.0, 0.0, 0.0, 0.0, 0.0, 0.0, 0.0, 0.0, 0.0, 0.0, 0.0, 0.0, 0.0, 0.0, 0.0, 0.0, 0.0, 0.0, 0.0, 0.0, 0.0, 0.0, 0.0, 0.0, 0.0, 0.0, 0.0, 0.0, 0.0, 0.0, 0.0, 0.0, 6.771160656, 6.863665374, 7.22414133, 7.54275159, 7.81210809, 8.025592356, 8.17766334, 8.406385488, 8.694519984, 8.908927758, 9.04730004, 9.108559404, 9.092859768, 9.001740312, 8.83797156, 8.605093626, 8.308339722, 7.95371265, 7.547830884, 7.098544242, 6.614010378, 6.103310454, 5.575525632, 5.040198828, 4.667255514, 4.525497036, 4.304470788, 4.00802472, 3.64169988, 3.211191234, 2.724040764, 2.64585042, 2.856102408, 3.152086722, 3.733127172, 4.30893441, 4.869811602, 5.406215832, 5.909219856, 6.370204266, 6.78085749, 7.133945382, 7.423157304, 7.642952208, 7.788866472, 7.8575139, 7.847201394, 7.75669761, 7.58661822, 7.338656322, 7.015736358, 6.662032794, 7.014351096, 7.317569556, 7.565531454, 7.752541824, 8.121637188, 8.444249316, 8.69405823, 8.86875516, 8.967878352, 8.991427806, 0.0, 0.0, 0.0, 0.0, 0.0, 0.0], "min_cpu_time": [2, 22, 4, 17, 12, 3, 1, 24, 17, 16, 17, 24, 10], "max_cpu_time": [17, 76, 11, 27, 56, 48, 51, 67, 18, 48, 21, 67, 72], "min_job_period": [61, 147, 65, 31, 121, 90, 21, 48, 7, 65, 89, 116, 132], "max_job_period": [132, 148, 98, 49, 145, 140, 109, 75, 101, 97, 119, 127, 150], "min_startup": [2, 1, 1, 1, 1, 1, 3, 1, 1, 1, 1, 1, 1], "max_startup": [113, 39, 62, 80, 92, 144, 118, 60, 102, 145, 38, 104, 20], "priority": [10, 6, 8, 12, 4, 11, 9, 1, 5, 2, 3, 7, 13], "win_min": [0, 0, 0, 0, 0, 0, 0, 0, 0, 0, 0, 0, 17], "win_max": [154, 154, 154, 154, 154, 154, 154, 154, 154, 154, 154, 154, 153]}