{"subs": 1, "jobs": 18, "T": 154, "power_use": [1.4710914354498654, 3.2769222592067027, 1.4954060388216273, 2.805451975008674, 2.950253645936988, 3.8286108637198697, 3.829614807054503, 0.9563766290545807, 1.1813238445991014, 1.253072658096138, 1.9441217499795, 1.5163545881977198, 2.195609652579858, 3.0027127225273698, 0.3733375440911835, 0.9499725329118803, 1.9959292663748425, 3.378264984548184], "power_resource": [8.287560792, 7.930163196, 7.521356988, 7.068991986, 6.581379762, 6.067293642, 5.535814788, 4.996793952, 4.638165012, 4.495021272, 4.272609762, 3.974470596, 3.606144822, 3.173327406, 2.68356033, 2.720654568, 2.932753572, 3.195029844, 3.777455556, 4.354801974, 4.9176801, 5.4563931, 5.961859812, 6.425460828, 6.839192412, 7.195512582, 7.4881107, 7.711445718, 7.861054014, 7.933549392, 7.926930918, 7.840275084, 7.674043644, 7.429929696, 7.110703764, 6.720521634, 6.909994692, 7.21644543, 7.467793524, 7.67204271, 8.068227642, 8.394841638, 8.648806338, 8.827659054, 8.930938032, 8.958643272, 0.0, 0.0, 0.0, 0.0, 0.0, 0.0, 0.0, 0.0, 0.0, 0.0, 0.0, 0.0, 0.0, 0.0, 0.0, 0.0, 0.0, 0.0, 0.0, 0.0, 0.0, 0.0, 0.0, 0.0, 0.0, 0.0, 0.0, 0.0, 0.0, 0.0, 0.0, 0.0, 0.0, 0.0, 0.0, 0.0, 6.76238733, 7.128866088, 7.455172248, 7.733763828, 7.957714518, 8.12148327, 8.337276306, 8.63864775, 8.866908144, 9.019286964, 9.094706784, 9.093013686, 9.015285096, 8.863983702, 8.642803536, 8.356362138, 8.01066231, 7.612168608, 7.168423014, 6.6877371, 6.178884192, 5.650945452, 5.113309878, 4.662637974, 4.536117378, 4.329405504, 4.04650422, 3.692031066, 3.272142762, 2.7936117, 2.653700238, 2.88134496, 3.070356264, 3.652320222, 4.23120582, 4.797316224, 5.341262436, 5.853655458, 6.325721964, 6.749458218, 7.11716832, 7.422387714, 7.659113598, 7.823036268, 7.910461692, 7.918927182, 7.847663148, 7.696515672, 7.467023934, 7.161650622, 6.784551522, 6.86397321, 7.179966864, 7.442089218, 7.644645306, 8.005429098, 8.34543396, 8.613405198, 8.806572288, 8.92416564, 8.966031336, 0.0, 0.0, 0.0, 0.0, 0.0, 0.0, 0.0, 0.0, 0.0, 0.0, 0.0], "min_cpu_time": [12, 9, 6, 22, 10, 23, 11, 1, 14, 8, 26, 8, 7, 14, 7, 1, 3, 3], "max_cpu_time": [40, 58, 75, 76, 57, 67, 75, 4, 40, 41, 42, 59, 9, 32, 25, 11, 53, 34], "min_job_period": [20, 98, 46, 40, 145, 130, 49, 7, 118, 92, 33, 107, 19, 28, 63, 14, 29, 6], "max_job_period": [109, 110, 93, 78, 149, 152, 135, 128, 130, 125, 118, 117, 56, 96, 146, 20, 92, 23], "min_startup": [1, 1, 2, 1, 1, 1, 1, 9, 1, 1, 1, 1, 2, 1, 2, 9, 3, 3], "max_startup": [104, 89, 98, 76, 88, 1, 21, 136, 80, 22, 115, 91, 142, 4, 78, 84, 134, 91], "priority": [2, 10, 6, 4, 13, 12, 14, 9, 11, 5, 8, 16, 3, 15, 1, 17, 7, 18], "win_min": [0, 0, 0, 0, 0, 0, 0, 0, 0, 0, 0, 0, 7, 0, 0, 0, 0, 0], "win_max": [154, 154, 154, 154, 154, 154, 154, 154, 154, 154, 154, 154, 129, 154, 154, 154, 154, 154]}