{"subs": 1, "jobs": 18, "T": 154, "power_use": [3.311431328962402, 2.6786108716145596, 3.5257094374027185, 1.3589767628626344, 3.033071024220187, 3.392354016269496, 0.1764585862505707, 0.2951386221944327, 3.3981689975000524, 3.5246883863940583, 2.4811373238335497, 0.2675233280785061, 0.09978461336572951, 0.7914385791556806, 1.4822665479477175, 0.6268055678705698, 1.4961915177339171, 3.546510322160907], "power_resource": [9.019286964, 9.094706784, 9.093013686, 9.015285096, 8.863983702, 8.642803536, 8.356362138, 8.01066231, 7.612168608, 7.168423014, 6.6877371, 6.178884192, 5.650945452, 5.113309878, 4.662637974, 4.536117378, 4.329405504, 4.04650422, 3.692031066, 3.272142762, 2.7936117, 2.653700238, 2.88134496, 3.070356264, 3.652320222, 4.23120582, 4.797316224, 5.341262436, 5.853655458, 6.325721964, 6.749458218, 7.11716832, 7.422387714, 7.659113598, 7.823036268, 7.910461692, 7.918927182, 7.847663148, 7.696515672, 7.467023934, 7.161650622, 6.784551522, 6.86397321, 7.179966864, 7.442089218, 7.644645306, 8.005429098, 8.34543396, 8.613405198, 8.806572288, 8.92416564, 8.966031336, 0.0, 0.0, 0.0, 0.0, 0.0, 0.0, 0.0, 0.0, 0.0, 0.0, 0.0, 0.0, 0.0, 0.0, 0.0, 0.0, 0.0, 0.0, 0.0, 0.0, 0.0, 0.0, 0.0, 0.0, 0.0, 0.0, 0.0, 0.0, 0.0, 0.0, 0.0, 0.0, 0.0, 0.0, 0.0, 0.0, 6.691123296, 7.065144036, 7.40037744, 7.689435444, 7.925083902, 8.101627848, 8.26924455, 8.585084286, 8.828582562, 8.996661018, 9.087780474, 9.101633094, 9.039450222, 8.902924956, 8.695905246, 8.422700796, 8.088698736, 7.700825376, 7.266007026, 6.792709176, 6.289551234, 5.765306526, 5.229671886, 4.691882394, 4.573827288, 4.383276804, 4.115459484, 3.775300704, 3.368341512, 2.901508218, 2.583821466, 2.827011906, 2.989549314, 3.527338806, 4.10730183, 4.676336676, 5.224900428, 5.743911924, 6.224136084, 6.657569172, 7.036515288, 7.354048122, 7.604164872, 7.782247998, 7.88444955, 7.908152922, 7.851972852, 7.71590934, 7.50119373, 7.209980874, 6.846118722, 6.815950794, 7.141487364, 7.41423006, 7.628329998, 7.940167866, 8.293563594, 8.575233534, 8.782714998, 8.914468806, 8.970648876, 8.952178716, 0.0, 0.0, 0.0, 0.0], "min_cpu_time": [13, 12, 24, 11, 22, 17, 28, 9, 9, 15, 7, 2, 7, 8, 10, 15, 27, 2], "max_cpu_time": [39, 49, 62, 16, 30, 39, 75, 9, 9, 61, 34, 40, 22, 17, 48, 48, 76, 37], "min_job_period": [30, 142, 35, 5, 104, 3, 123, 98, 44, 2, 89, 35, 124, 144, 17, 142, 94, 2], "max_job_period": [72, 152, 61, 75, 132, 55, 150, 150, 112, 86, 144, 112, 131, 151, 123, 144, 140, 130], "min_startup": [1, 1, 1, 1, 1, 1, 1, 1, 1, 1, 1, 4, 1, 1, 1, 1, 1, 4], "max_startup": [112, 16, 58, 91, 100, 49, 26, 63, 32, 145, 51, 61, 8, 22, 68, 58, 27, 143], "priority": [17, 18, 1, 7, 3, 8, 15, 6, 9, 14, 10, 2, 16, 12, 4, 13, 5, 11], "win_min": [0, 0, 0, 0, 0, 0, 4, 0, 0, 0, 0, 0, 0, 0, 0, 0, 0, 0], "win_max": [154, 154, 154, 154, 154, 154, 126, 154, 154, 154, 154, 154, 154, 154, 154, 154, 154, 154]}