{"subs": 1, "jobs": 18, "T": 154, "power_use": [2.0083921815640764, 3.732084311591948, 2.611191798620013, 0.5653058425961005, 1.045828071961706, 1.0041923672023518, 3.7920330952332524, 0.9908388407500779, 0.9848491852240749, 1.9359681715585946, 3.238459327297044, 1.695354379344105, 3.2289361622243375, 0.043240195035493166, 3.30886206612376, 0.734718092296321, 0.9714804820646696, 0.22294862551799996], "power_resource": [7.987882446, 8.138722086, 8.40238362, 8.689132854, 8.902155366, 9.03883455, 9.098400816, 9.081008082, 8.987887692, 8.82181017, 8.586777384, 8.287560792, 7.930163196, 7.521356988, 7.068991986, 6.581379762, 6.067293642, 5.535814788, 4.996793952, 4.638165012, 4.495021272, 4.272609762, 3.974470596, 3.606144822, 3.173327406, 2.68356033, 2.720654568, 2.932753572, 3.195029844, 3.777455556, 4.354801974, 4.9176801, 5.4563931, 5.961859812, 6.425460828, 6.839192412, 7.195512582, 7.4881107, 7.711445718, 7.861054014, 7.933549392, 7.926930918, 7.840275084, 7.674043644, 7.429929696, 7.110703764, 6.720521634, 6.909994692, 7.21644543, 7.467793524, 7.67204271, 8.068227642, 8.394841638, 8.648806338, 8.827659054, 8.930938032, 8.958643272, 0.0, 0.0, 0.0, 0.0, 0.0, 0.0, 0.0, 0.0, 0.0, 0.0, 0.0, 0.0, 0.0, 0.0, 0.0, 0.0, 0.0, 0.0, 0.0, 0.0, 0.0, 0.0, 0.0, 0.0, 0.0, 0.0, 0.0, 0.0, 0.0, 0.0, 0.0, 0.0, 0.0, 0.0, 0.0, 0.0, 6.76238733, 7.128866088, 7.455172248, 7.733763828, 7.957714518, 8.12148327, 8.337276306, 8.63864775, 8.866908144, 9.019286964, 9.094706784, 9.093013686, 9.015285096, 8.863983702, 8.642803536, 8.356362138, 8.01066231, 7.612168608, 7.168423014, 6.6877371, 6.178884192, 5.650945452, 5.113309878, 4.662637974, 4.536117378, 4.329405504, 4.04650422, 3.692031066, 3.272142762, 2.7936117, 2.653700238, 2.88134496, 3.070356264, 3.652320222, 4.23120582, 4.797316224, 5.341262436, 5.853655458, 6.325721964, 6.749458218, 7.11716832, 7.422387714, 7.659113598, 7.823036268, 7.910461692, 7.918927182, 7.847663148, 7.696515672, 7.467023934, 7.161650622, 6.784551522, 6.86397321, 7.179966864, 7.442089218, 7.644645306, 8.005429098, 8.34543396, 8.613405198, 8.806572288, 8.92416564, 8.966031336], "min_cpu_time": [17, 16, 9, 22, 28, 7, 2, 8, 21, 2, 14, 19, 23, 16, 4, 17, 27, 4], "max_cpu_time": [57, 29, 33, 58, 37, 33, 55, 40, 31, 39, 18, 35, 42, 67, 30, 28, 47, 76], "min_job_period": [88, 18, 81, 100, 89, 89, 6, 8, 90, 24, 85, 61, 65, 92, 55, 128, 153, 19], "max_job_period": [149, 147, 120, 101, 148, 120, 50, 79, 130, 89, 104, 79, 137, 102, 123, 146, 153, 22], "min_startup": [1, 1, 1, 1, 1, 1, 4, 1, 1, 4, 1, 1, 1, 1, 2, 1, 1, 2], "max_startup": [131, 119, 97, 21, 111, 19, 124, 119, 145, 120, 153, 68, 120, 1, 94, 137, 139, 66], "priority": [9, 6, 16, 11, 13, 4, 15, 10, 14, 18, 1, 5, 17, 2, 3, 8, 7, 12], "win_min": [0, 0, 0, 0, 0, 0, 0, 0, 0, 0, 24, 0, 0, 0, 0, 0, 0, 0], "win_max": [154, 154, 154, 154, 154, 154, 154, 154, 154, 154, 136, 154, 154, 154, 154, 154, 154, 154]}