{"subs": 1, "jobs": 18, "T": 154, "power_use": [0.03845382643772451, 2.586568780513208, 2.533651407702473, 2.3157692007068174, 1.1295117802811185, 0.3387503872865986, 0.5676397792247847, 2.1357630896249513, 0.8508310591222471, 3.0770140224265936, 3.257039738646691, 0.9253726582768689, 1.76900373144903, 0.34587064331107764, 2.4551980299583964, 0.6768330609175606, 1.4710812456432083, 1.8484453353081964], "power_resource": [7.521356988, 7.068991986, 6.581379762, 6.067293642, 5.535814788, 4.996793952, 4.638165012, 4.495021272, 4.272609762, 3.974470596, 3.606144822, 3.173327406, 2.68356033, 2.720654568, 2.932753572, 3.195029844, 3.777455556, 4.354801974, 4.9176801, 5.4563931, 5.961859812, 6.425460828, 6.839192412, 7.195512582, 7.4881107, 7.711445718, 7.861054014, 7.933549392, 7.926930918, 7.840275084, 7.674043644, 7.429929696, 7.110703764, 6.720521634, 6.909994692, 7.21644543, 7.467793524, 7.67204271, 8.068227642, 8.394841638, 8.648806338, 8.827659054, 8.930938032, 8.958643272, 0.0, 0.0, 0.0, 0.0, 0.0, 0.0, 0.0, 0.0, 0.0, 0.0, 0.0, 0.0, 0.0, 0.0, 0.0, 0.0, 0.0, 0.0, 0.0, 0.0, 0.0, 0.0, 0.0, 0.0, 0.0, 0.0, 0.0, 0.0, 0.0, 0.0, 0.0, 0.0, 0.0, 0.0, 0.0, 0.0, 6.76238733, 7.128866088, 7.455172248, 7.733763828, 7.957714518, 8.12148327, 8.337276306, 8.63864775, 8.866908144, 9.019286964, 9.094706784, 9.093013686, 9.015285096, 8.863983702, 8.642803536, 8.356362138, 8.01066231, 7.612168608, 7.168423014, 6.6877371, 6.178884192, 5.650945452, 5.113309878, 4.662637974, 4.536117378, 4.329405504, 4.04650422, 3.692031066, 3.272142762, 2.7936117, 2.653700238, 2.88134496, 3.070356264, 3.652320222, 4.23120582, 4.797316224, 5.341262436, 5.853655458, 6.325721964, 6.749458218, 7.11716832, 7.422387714, 7.659113598, 7.823036268, 7.910461692, 7.918927182, 7.847663148, 7.696515672, 7.467023934, 7.161650622, 6.784551522, 6.86397321, 7.179966864, 7.442089218, 7.644645306, 8.005429098, 8.34543396, 8.613405198, 8.806572288, 8.92416564, 8.966031336, 0.0, 0.0, 0.0, 0.0, 0.0, 0.0, 0.0, 0.0, 0.0, 0.0, 0.0, 0.0, 0.0], "min_cpu_time": [3, 23, 1, 15, 14, 4, 27, 18, 1, 16, 3, 4, 21, 10, 11, 4, 12, 2], "max_cpu_time": [54, 64, 1, 25, 41, 59, 45, 76, 2, 27, 17, 76, 27, 64, 44, 10, 21, 28], "min_job_period": [110, 139, 32, 113, 75, 65, 52, 149, 20, 71, 42, 64, 94, 8, 10, 36, 144, 3], "max_job_period": [149, 144, 48, 124, 151, 127, 84, 149, 134, 135, 139, 128, 130, 55, 112, 41, 153, 133], "min_startup": [1, 1, 3, 1, 1, 1, 1, 1, 3, 1, 1, 1, 1, 1, 1, 1, 1, 2], "max_startup": [80, 51, 62, 76, 7, 142, 49, 99, 68, 97, 39, 109, 63, 68, 54, 32, 127, 53], "priority": [6, 1, 4, 2, 7, 9, 15, 11, 18, 14, 10, 13, 17, 16, 5, 12, 8, 3], "win_min": [0, 0, 0, 0, 0, 0, 0, 17, 0, 0, 0, 0, 0, 0, 0, 0, 0, 0], "win_max": [154, 154, 154, 154, 154, 154, 154, 133, 154, 154, 154, 154, 154, 154, 154, 154, 154, 154]}