{"subs": 1, "jobs": 13, "T": 154, "power_use": [0.4665161255028863, 3.2601593665484705, 3.6615599565652954, 2.0638243536911802, 2.7296751870792497, 3.2401274843893, 2.373473190228458, 0.515307781163815, 1.364783396452877, 0.40817845624612503, 2.324539630635968, 3.8955822523217973, 3.538058065443842], "power_resource": [7.343581698, 7.642644372, 7.88983668, 8.079001902, 8.20459899, 8.52859638, 8.787024702, 8.970648876, 9.077467968, 9.107174142, 9.06038307, 8.938941768, 8.746236432, 8.486115012, 8.164426392, 7.787327292, 7.36189794, 6.89629599, 6.398986932, 5.87889801, 5.345418222, 4.808090484, 4.60830492, 4.433761908, 4.181490306, 3.8556459, 3.462077574, 3.007095966, 2.511018252, 2.769600492, 2.948145372, 3.402203472, 3.982782168, 4.55443362, 5.107460994, 5.63262921, 6.120857106, 6.56383311, 6.953553486, 7.283091924, 7.546445622, 7.738535286, 7.855512966, 7.894146384, 7.853358114, 7.732532484, 7.532593002, 7.25569452, 6.905223234, 6.766389198, 7.10100693, 7.384062132, 7.60970592, 7.872290028, 8.238768786, 8.534291346, 8.755933266, 8.902155366, 8.972495892, 8.96803227, 0.0, 0.0, 0.0, 0.0, 0.0, 0.0, 0.0, 0.0, 0.0, 0.0, 0.0, 0.0, 0.0, 0.0, 0.0, 0.0, 0.0, 0.0, 0.0, 0.0, 0.0, 0.0, 0.0, 0.0, 0.0, 0.0, 0.0, 0.0, 0.0, 0.0, 0.0, 0.0, 0.0, 0.0, 0.0, 6.716058012, 6.93246672, 7.284785022, 7.593852366, 7.85212677, 8.053605432, 8.192593386, 8.469030114, 8.742234564, 8.941404456, 9.064077102, 9.109482912, 9.078237558, 8.97188022, 8.793489258, 8.54706654, 8.23769136, 7.871520438, 7.45578792, 6.998189706, 6.507191286, 5.991565986, 5.460856722, 4.924298574, 4.639396356, 4.48132257, 4.244442768, 3.93337449, 3.55319703, 3.110374944, 2.612142378, 2.709264636, 2.90366307, 3.277068138, 3.858108588, 4.431914892, 4.989098052, 5.520115152, 6.01588503, 6.467942196, 6.868282914, 7.209826956, 7.486109766, 7.692205968, 7.82365194, 7.877369322, 7.851665016, 7.746077268, 7.561067832, 7.298637642, 6.961865058, 6.714980586, 7.05867948, 7.35189327, 7.588773072, 7.80210342, 8.18151129, 8.490578634, 8.72638101], "min_cpu_time": [24, 2, 16, 2, 2, 25, 11, 29, 14, 16, 15, 8, 4], "max_cpu_time": [47, 16, 48, 62, 36, 27, 51, 72, 71, 50, 61, 9, 14], "min_job_period": [92, 55, 122, 66, 3, 134, 14, 85, 14, 30, 72, 85, 111], "max_job_period": [133, 137, 132, 114, 130, 150, 96, 116, 108, 86, 113, 123, 147], "min_startup": [1, 2, 1, 2, 2, 1, 1, 1, 1, 1, 1, 1, 1], "max_startup": [76, 102, 46, 18, 51, 17, 24, 98, 61, 32, 22, 63, 34], "priority": [2, 3, 8, 5, 9, 12, 4, 6, 1, 10, 13, 7, 11], "win_min": [0, 0, 0, 0, 0, 0, 0, 20, 0, 0, 0, 0, 0], "win_max": [154, 154, 154, 154, 154, 154, 154, 142, 154, 154, 154, 154, 154]}