{"subs": 1, "jobs": 13, "T": 154, "power_use": [2.3881236339257472, 2.9008110821442963, 1.7308556123947452, 3.3837710848793323, 0.6287830987820757, 2.580619599815863, 0.1463293542825549, 1.8810006990184176, 0.6298103862959994, 1.7527369972619442, 1.4328876418490883, 0.19603307598037553, 2.1334209119089778], "power_resource": [0.0, 0.0, 0.0, 0.0, 0.0, 0.0, 0.0, 0.0, 0.0, 0.0, 0.0, 0.0, 0.0, 0.0, 0.0, 0.0, 0.0, 0.0, 0.0, 0.0, 0.0, 0.0, 0.0, 0.0, 0.0, 0.0, 0.0, 0.0, 0.0, 0.0, 0.0, 0.0, 6.691123296, 7.065144036, 7.40037744, 7.689435444, 7.925083902, 8.101627848, 8.26924455, 8.585084286, 8.828582562, 8.996661018, 9.087780474, 9.101633094, 9.039450222, 8.902924956, 8.695905246, 8.422700796, 8.088698736, 7.700825376, 7.266007026, 6.792709176, 6.289551234, 5.765306526, 5.229671886, 4.691882394, 4.573827288, 4.383276804, 4.115459484, 3.775300704, 3.368341512, 2.901508218, 2.583821466, 2.827011906, 2.989549314, 3.527338806, 4.10730183, 4.676336676, 5.224900428, 5.743911924, 6.224136084, 6.657569172, 7.036515288, 7.354048122, 7.604164872, 7.782247998, 7.88444955, 7.908152922, 7.851972852, 7.71590934, 7.50119373, 7.209980874, 6.846118722, 6.815950794, 7.141487364, 7.41423006, 7.628329998, 7.940167866, 8.293563594, 8.575233534, 8.782714998, 8.914468806, 8.970648876, 8.952178716, 0.0, 0.0, 0.0, 0.0, 0.0, 0.0, 0.0, 0.0, 0.0, 0.0, 0.0, 0.0, 0.0, 0.0, 0.0, 0.0, 0.0, 0.0, 0.0, 0.0, 0.0, 0.0, 0.0, 0.0, 0.0, 0.0, 0.0, 0.0, 0.0, 0.0, 0.0, 0.0, 0.0, 0.0, 0.0, 6.658030926, 6.999574968, 7.343581698, 7.642644372, 7.88983668, 8.079001902, 8.20459899, 8.52859638, 8.787024702, 8.970648876, 9.077467968, 9.107174142, 9.06038307, 8.938941768, 8.746236432, 8.486115012, 8.164426392, 7.787327292, 7.36189794, 6.89629599, 6.398986932, 5.87889801, 5.345418222, 4.808090484, 4.60830492], "min_cpu_time": [23, 5, 10, 9, 4, 11, 22, 1, 13, 20, 26, 14, 16], "max_cpu_time": [36, 64, 75, 9, 4, 64, 44, 52, 25, 35, 55, 53, 23], "min_job_period": [116, 2, 9, 27, 11, 43, 14, 2, 15, 58, 68, 32, 49], "max_job_period": [118, 153, 102, 132, 99, 56, 146, 91, 64, 65, 116, 82, 73], "min_startup": [1, 4, 2, 3, 5, 2, 1, 21, 2, 1, 1, 2, 2], "max_startup": [24, 45, 142, 77, 151, 60, 72, 63, 129, 98, 76, 146, 66], "priority": [7, 6, 8, 4, 3, 13, 9, 2, 10, 5, 12, 11, 1], "win_min": [0, 0, 0, 0, 0, 0, 0, 0, 0, 0, 19, 0, 0], "win_max": [154, 154, 154, 154, 154, 154, 154, 154, 154, 154, 139, 154, 154]}