{"subs": 1, "jobs": 18, "T": 154, "power_use": [3.0263951496202015, 3.5067132481163914, 1.6277718635817728, 1.362557945023836, 0.07418228768792137, 0.44109364336468676, 0.10832132907668651, 0.6666089326029455, 1.5519755543335696, 2.7172813948479604, 3.206321336615162, 1.4790365364843672, 3.9814182978833395, 0.8939456546281689, 2.098507966078838, 0.8018289697850531, 0.8108478825774961, 1.1038250435604802], "power_resource": [8.053605432, 8.192593386, 8.469030114, 8.742234564, 8.941404456, 9.064077102, 9.109482912, 9.078237558, 8.97188022, 8.793489258, 8.54706654, 8.23769136, 7.871520438, 7.45578792, 6.998189706, 6.507191286, 5.991565986, 5.460856722, 4.924298574, 4.639396356, 4.48132257, 4.244442768, 3.93337449, 3.55319703, 3.110374944, 2.612142378, 2.709264636, 2.90366307, 3.277068138, 3.858108588, 4.431914892, 4.989098052, 5.520115152, 6.01588503, 6.467942196, 6.868282914, 7.209826956, 7.486109766, 7.692205968, 7.82365194, 7.877369322, 7.851665016, 7.746077268, 7.561067832, 7.298637642, 6.961865058, 6.714980586, 7.05867948, 7.35189327, 7.588773072, 7.80210342, 8.18151129, 8.490578634, 8.72638101, 8.886917484, 8.971572384, 8.9811153, 0.0, 0.0, 0.0, 0.0, 0.0, 0.0, 0.0, 0.0, 0.0, 0.0, 0.0, 0.0, 0.0, 0.0, 0.0, 0.0, 0.0, 0.0, 0.0, 0.0, 0.0, 0.0, 0.0, 0.0, 0.0, 0.0, 0.0, 0.0, 0.0, 0.0, 0.0, 0.0, 0.0, 0.0, 0.0, 6.771160656, 6.863665374, 7.22414133, 7.54275159, 7.81210809, 8.025592356, 8.17766334, 8.406385488, 8.694519984, 8.908927758, 9.04730004, 9.108559404, 9.092859768, 9.001740312, 8.83797156, 8.605093626, 8.308339722, 7.95371265, 7.547830884, 7.098544242, 6.614010378, 6.103310454, 5.575525632, 5.040198828, 4.667255514, 4.525497036, 4.304470788, 4.00802472, 3.64169988, 3.211191234, 2.724040764, 2.64585042, 2.856102408, 3.152086722, 3.733127172, 4.30893441, 4.869811602, 5.406215832, 5.909219856, 6.370204266, 6.78085749, 7.133945382, 7.423157304, 7.642952208, 7.788866472, 7.8575139, 7.847201394, 7.75669761, 7.58661822, 7.338656322, 7.015736358, 6.662032794, 7.014351096, 7.317569556, 7.565531454, 7.752541824, 8.121637188, 8.444249316, 8.69405823, 8.86875516, 8.967878352, 8.991427806], "min_cpu_time": [2, 6, 1, 6, 28, 11, 4, 26, 9, 29, 2, 2, 17, 15, 19, 15, 3, 12], "max_cpu_time": [42, 21, 59, 27, 31, 21, 26, 71, 27, 50, 27, 19, 29, 21, 61, 50, 19, 51], "min_job_period": [150, 10, 15, 71, 93, 13, 80, 63, 12, 134, 63, 49, 130, 51, 69, 64, 82, 48], "max_job_period": [150, 115, 50, 110, 133, 100, 144, 135, 120, 146, 132, 132, 149, 97, 145, 143, 118, 84], "min_startup": [1, 1, 2, 1, 1, 1, 1, 1, 1, 1, 1, 1, 1, 1, 1, 1, 1, 1], "max_startup": [103, 49, 31, 58, 92, 152, 8, 1, 4, 3, 71, 149, 49, 91, 153, 18, 135, 26], "priority": [4, 11, 3, 6, 16, 8, 17, 12, 9, 1, 15, 14, 13, 10, 18, 2, 5, 7], "win_min": [0, 0, 0, 0, 0, 13, 0, 0, 0, 0, 0, 0, 0, 0, 0, 0, 0, 0], "win_max": [154, 154, 154, 154, 154, 137, 154, 154, 154, 154, 154, 154, 154, 154, 154, 154, 154, 154]}