{"subs": 1, "jobs": 13, "T": 154, "power_use": [0.6608622962944442, 0.0988976553799141, 0.46015438965653704, 1.1777615568051227, 3.6726737913638394, 1.5762695009764816, 3.833647827072859, 0.4275929447926517, 1.6065974130282785, 0.8401152363679366, 1.4937807695723453, 2.857199534545277, 2.057355036305686], "power_resource": [0.0, 0.0, 0.0, 0.0, 0.0, 0.0, 0.0, 0.0, 0.0, 0.0, 0.0, 0.0, 0.0, 0.0, 0.0, 0.0, 0.0, 0.0, 0.0, 0.0, 0.0, 0.0, 0.0, 6.691123296, 7.065144036, 7.40037744, 7.689435444, 7.925083902, 8.101627848, 8.26924455, 8.585084286, 8.828582562, 8.996661018, 9.087780474, 9.101633094, 9.039450222, 8.902924956, 8.695905246, 8.422700796, 8.088698736, 7.700825376, 7.266007026, 6.792709176, 6.289551234, 5.765306526, 5.229671886, 4.691882394, 4.573827288, 4.383276804, 4.115459484, 3.775300704, 3.368341512, 2.901508218, 2.583821466, 2.827011906, 2.989549314, 3.527338806, 4.10730183, 4.676336676, 5.224900428, 5.743911924, 6.224136084, 6.657569172, 7.036515288, 7.354048122, 7.604164872, 7.782247998, 7.88444955, 7.908152922, 7.851972852, 7.71590934, 7.50119373, 7.209980874, 6.846118722, 6.815950794, 7.141487364, 7.41423006, 7.628329998, 7.940167866, 8.293563594, 8.575233534, 8.782714998, 8.914468806, 8.970648876, 8.952178716, 0.0, 0.0, 0.0, 0.0, 0.0, 0.0, 0.0, 0.0, 0.0, 0.0, 0.0, 0.0, 0.0, 0.0, 0.0, 0.0, 0.0, 0.0, 0.0, 0.0, 0.0, 0.0, 0.0, 0.0, 0.0, 0.0, 0.0, 0.0, 0.0, 0.0, 0.0, 0.0, 0.0, 0.0, 0.0, 6.658030926, 6.999574968, 7.343581698, 7.642644372, 7.88983668, 8.079001902, 8.20459899, 8.52859638, 8.787024702, 8.970648876, 9.077467968, 9.107174142, 9.06038307, 8.938941768, 8.746236432, 8.486115012, 8.164426392, 7.787327292, 7.36189794, 6.89629599, 6.398986932, 5.87889801, 5.345418222, 4.808090484, 4.60830492, 4.433761908, 4.181490306, 3.8556459, 3.462077574, 3.007095966, 2.511018252, 2.769600492, 2.948145372, 3.402203472], "min_cpu_time": [22, 14, 16, 2, 17, 24, 14, 12, 5, 16, 24, 10, 10], "max_cpu_time": [60, 58, 69, 16, 71, 25, 23, 15, 8, 47, 71, 30, 73], "min_job_period": [16, 42, 19, 6, 42, 17, 21, 18, 19, 50, 46, 25, 7], "max_job_period": [74, 149, 90, 118, 139, 80, 151, 105, 89, 104, 85, 153, 63], "min_startup": [2, 3, 2, 19, 2, 2, 3, 3, 7, 2, 2, 4, 4], "max_startup": [77, 9, 58, 138, 8, 22, 68, 36, 105, 147, 110, 16, 97], "priority": [2, 8, 10, 13, 4, 6, 1, 7, 5, 3, 9, 12, 11], "win_min": [0, 5, 0, 0, 0, 0, 0, 0, 0, 0, 0, 0, 0], "win_max": [154, 140, 154, 154, 154, 154, 154, 154, 154, 154, 154, 154, 154]}