{"subs": 1, "jobs": 18, "T": 154, "power_use": [2.1122793242576225, 0.17172434491515054, 0.45341315898802753, 2.8844609452050274, 3.515780111391439, 3.3895978125907202, 1.702441648587606, 3.1333530704718937, 2.042059632225245, 0.13519738202696946, 2.7277620808707765, 2.7011729213039897, 3.2290344777102704, 3.639641382676549, 1.999393134315332, 2.880393894476867, 0.6594573944349447, 2.3996358091596046], "power_resource": [3.899666448, 3.517488054, 3.07220328, 2.571354108, 2.784530538, 2.980929906, 3.319857342, 3.902283054, 4.477782456, 5.03696655, 5.57029242, 6.068678904, 6.523506594, 6.926771754, 7.271548074, 7.551370998, 7.761007314, 7.896147318, 7.95371265, 7.931856294, 7.829962578, 7.648801092, 7.390218852, 7.0571403, 6.654029058, 6.954323076, 7.250923062, 7.49118906, 7.744999842, 8.128255662, 8.441478792, 8.681283036, 8.845975296, 8.9349399, 8.948638602, 0.0, 0.0, 0.0, 0.0, 0.0, 0.0, 0.0, 0.0, 0.0, 0.0, 0.0, 0.0, 0.0, 0.0, 0.0, 0.0, 0.0, 0.0, 0.0, 0.0, 0.0, 0.0, 0.0, 0.0, 0.0, 0.0, 0.0, 0.0, 0.0, 0.0, 0.0, 0.0, 0.0, 0.0, 0.0, 6.809794074, 6.832112184, 7.190895042, 7.507966122, 7.775783442, 7.987882446, 8.138722086, 8.40238362, 8.689132854, 8.902155366, 9.03883455, 9.098400816, 9.081008082, 8.987887692, 8.82181017, 8.586777384, 8.287560792, 7.930163196, 7.521356988, 7.068991986, 6.581379762, 6.067293642, 5.535814788, 4.996793952, 4.638165012, 4.495021272, 4.272609762, 3.974470596, 3.606144822, 3.173327406, 2.68356033, 2.720654568, 2.932753572, 3.195029844, 3.777455556, 4.354801974, 4.9176801, 5.4563931, 5.961859812, 6.425460828, 6.839192412, 7.195512582, 7.4881107, 7.711445718, 7.861054014, 7.933549392, 7.926930918, 7.840275084, 7.674043644, 7.429929696, 7.110703764, 6.720521634, 6.909994692, 7.21644543, 7.467793524, 7.67204271, 8.068227642, 8.394841638, 8.648806338, 8.827659054, 8.930938032, 8.958643272, 0.0, 0.0, 0.0, 0.0, 0.0, 0.0, 0.0, 0.0, 0.0, 0.0, 0.0, 0.0, 0.0, 0.0, 0.0, 0.0, 0.0, 0.0, 0.0, 0.0, 0.0, 0.0], "min_cpu_time": [22, 3, 7, 16, 28, 6, 19, 9, 15, 13, 4, 6, 14, 8, 25, 16, 13, 9], "max_cpu_time": [76, 31, 47, 37, 42, 32, 75, 44, 36, 13, 20, 38, 57, 18, 32, 36, 18, 12], "min_job_period": [85, 8, 28, 152, 57, 14, 46, 14, 138, 60, 16, 70, 4, 43, 51, 147, 55, 50], "max_job_period": [141, 57, 91, 152, 118, 32, 80, 112, 153, 75, 110, 149, 141, 78, 108, 150, 89, 114], "min_startup": [1, 5, 2, 1, 1, 2, 1, 2, 1, 1, 4, 2, 1, 2, 1, 1, 1, 2], "max_startup": [16, 53, 129, 126, 146, 24, 60, 137, 80, 5, 100, 63, 131, 111, 19, 95, 65, 17], "priority": [8, 2, 7, 11, 14, 5, 17, 1, 4, 16, 9, 12, 18, 6, 15, 3, 13, 10], "win_min": [0, 0, 0, 0, 0, 0, 0, 0, 0, 0, 0, 0, 0, 0, 6, 0, 0, 0], "win_max": [154, 154, 154, 154, 154, 154, 154, 154, 154, 154, 154, 154, 154, 154, 152, 154, 154, 154]}