{"subs": 1, "jobs": 18, "T": 154, "power_use": [2.4721703181437142, 3.54955666792864, 2.2230740878686004, 0.37863347455025814, 0.3655146095219711, 3.8772241853690232, 0.7725738420730777, 1.307173876737284, 3.8909970206251, 3.7268933532236295, 1.691473200356365, 0.12018600646118328, 3.8512203941485748, 3.6253702651548037, 0.826400612339701, 3.694019347370335, 0.7468325459263576, 3.213190872904986], "power_resource": [6.76238733, 7.128866088, 7.455172248, 7.733763828, 7.957714518, 8.12148327, 8.337276306, 8.63864775, 8.866908144, 9.019286964, 9.094706784, 9.093013686, 9.015285096, 8.863983702, 8.642803536, 8.356362138, 8.01066231, 7.612168608, 7.168423014, 6.6877371, 6.178884192, 5.650945452, 5.113309878, 4.662637974, 4.536117378, 4.329405504, 4.04650422, 3.692031066, 3.272142762, 2.7936117, 2.653700238, 2.88134496, 3.070356264, 3.652320222, 4.23120582, 4.797316224, 5.341262436, 5.853655458, 6.325721964, 6.749458218, 7.11716832, 7.422387714, 7.659113598, 7.823036268, 7.910461692, 7.918927182, 7.847663148, 7.696515672, 7.467023934, 7.161650622, 6.784551522, 6.86397321, 7.179966864, 7.442089218, 7.644645306, 8.005429098, 8.34543396, 8.613405198, 8.806572288, 8.92416564, 8.966031336, 0.0, 0.0, 0.0, 0.0, 0.0, 0.0, 0.0, 0.0, 0.0, 0.0, 0.0, 0.0, 0.0, 0.0, 0.0, 0.0, 0.0, 0.0, 0.0, 0.0, 0.0, 0.0, 0.0, 0.0, 0.0, 0.0, 0.0, 0.0, 0.0, 0.0, 0.0, 0.0, 0.0, 0.0, 0.0, 0.0, 6.691123296, 7.065144036, 7.40037744, 7.689435444, 7.925083902, 8.101627848, 8.26924455, 8.585084286, 8.828582562, 8.996661018, 9.087780474, 9.101633094, 9.039450222, 8.902924956, 8.695905246, 8.422700796, 8.088698736, 7.700825376, 7.266007026, 6.792709176, 6.289551234, 5.765306526, 5.229671886, 4.691882394, 4.573827288, 4.383276804, 4.115459484, 3.775300704, 3.368341512, 2.901508218, 2.583821466, 2.827011906, 2.989549314, 3.527338806, 4.10730183, 4.676336676, 5.224900428, 5.743911924, 6.224136084, 6.657569172, 7.036515288, 7.354048122, 7.604164872, 7.782247998, 7.88444955, 7.908152922, 7.851972852, 7.71590934, 7.50119373, 7.209980874, 6.846118722, 6.815950794, 7.141487364, 7.41423006, 7.628329998, 7.940167866, 8.293563594], "min_cpu_time": [13, 18, 20, 2, 4, 2, 18, 10, 4, 24, 26, 15, 18, 7, 11, 2, 25, 15], "max_cpu_time": [29, 36, 21, 9, 64, 9, 71, 14, 10, 39, 31, 35, 50, 73, 29, 6, 42, 61], "min_job_period": [100, 31, 15, 146, 138, 26, 55, 150, 152, 16, 53, 11, 6, 13, 117, 153, 106, 124], "max_job_period": [103, 73, 151, 149, 139, 83, 145, 153, 152, 124, 141, 99, 150, 37, 149, 153, 150, 148], "min_startup": [1, 1, 1, 1, 1, 1, 1, 1, 1, 1, 1, 1, 1, 1, 1, 1, 1, 1], "max_startup": [107, 142, 139, 141, 89, 99, 22, 73, 1, 79, 6, 102, 69, 129, 72, 4, 58, 94], "priority": [4, 2, 13, 11, 15, 8, 10, 7, 12, 16, 18, 5, 1, 3, 17, 14, 9, 6], "win_min": [0, 0, 0, 0, 6, 0, 0, 0, 0, 0, 0, 0, 0, 0, 0, 0, 0, 0], "win_max": [154, 154, 154, 154, 153, 154, 154, 154, 154, 154, 154, 154, 154, 154, 154, 154, 154, 154]}