{"subs": 1, "jobs": 18, "T": 154, "power_use": [2.3241065969481562, 2.1104371069150947, 0.8978522997290507, 3.4165409297788543, 1.641620512689899, 3.8537915064011745, 3.0877565248960015, 1.1877973635614316, 2.0251952367649095, 0.6039087351858731, 1.4442217678286884, 2.8650977689129498, 1.187341382350633, 2.1423903845220544, 0.5812305704504072, 2.6487231693613427, 0.15701279815504718, 0.26635963689599695], "power_resource": [4.10730183, 4.676336676, 5.224900428, 5.743911924, 6.224136084, 6.657569172, 7.036515288, 7.354048122, 7.604164872, 7.782247998, 7.88444955, 7.908152922, 7.851972852, 7.71590934, 7.50119373, 7.209980874, 6.846118722, 6.815950794, 7.141487364, 7.41423006, 7.628329998, 7.940167866, 8.293563594, 8.575233534, 8.782714998, 8.914468806, 8.970648876, 8.952178716, 0.0, 0.0, 0.0, 0.0, 0.0, 0.0, 0.0, 0.0, 0.0, 0.0, 0.0, 0.0, 0.0, 0.0, 0.0, 0.0, 0.0, 0.0, 0.0, 0.0, 0.0, 0.0, 0.0, 0.0, 0.0, 0.0, 0.0, 0.0, 0.0, 0.0, 0.0, 0.0, 0.0, 0.0, 0.0, 6.658030926, 6.999574968, 7.343581698, 7.642644372, 7.88983668, 8.079001902, 8.20459899, 8.52859638, 8.787024702, 8.970648876, 9.077467968, 9.107174142, 9.06038307, 8.938941768, 8.746236432, 8.486115012, 8.164426392, 7.787327292, 7.36189794, 6.89629599, 6.398986932, 5.87889801, 5.345418222, 4.808090484, 4.60830492, 4.433761908, 4.181490306, 3.8556459, 3.462077574, 3.007095966, 2.511018252, 2.769600492, 2.948145372, 3.402203472, 3.982782168, 4.55443362, 5.107460994, 5.63262921, 6.120857106, 6.56383311, 6.953553486, 7.283091924, 7.546445622, 7.738535286, 7.855512966, 7.894146384, 7.853358114, 7.732532484, 7.532593002, 7.25569452, 6.905223234, 6.766389198, 7.10100693, 7.384062132, 7.60970592, 7.872290028, 8.238768786, 8.534291346, 8.755933266, 8.902155366, 8.972495892, 8.96803227, 0.0, 0.0, 0.0, 0.0, 0.0, 0.0, 0.0, 0.0, 0.0, 0.0, 0.0, 0.0, 0.0, 0.0, 0.0, 0.0, 0.0, 0.0, 0.0, 0.0, 0.0, 0.0, 0.0, 0.0, 0.0, 0.0, 0.0, 0.0, 0.0], "min_cpu_time": [2, 10, 6, 12, 3, 25, 6, 9, 10, 1, 15, 13, 13, 21, 16, 11, 3, 29], "max_cpu_time": [6, 41, 8, 22, 67, 45, 51, 10, 43, 19, 46, 52, 48, 71, 31, 52, 4, 72], "min_job_period": [4, 1, 43, 132, 19, 122, 1, 8, 14, 10, 128, 121, 53, 117, 94, 21, 2, 48], "max_job_period": [63, 49, 72, 142, 55, 153, 90, 44, 131, 29, 138, 135, 82, 130, 145, 116, 126, 148], "min_startup": [7, 2, 3, 1, 5, 1, 3, 2, 2, 14, 1, 1, 1, 1, 1, 2, 5, 1], "max_startup": [31, 76, 129, 9, 147, 50, 129, 115, 37, 134, 117, 86, 104, 3, 148, 8, 27, 151], "priority": [13, 14, 9, 1, 8, 18, 11, 6, 3, 4, 10, 5, 16, 15, 7, 17, 12, 2], "win_min": [0, 9, 0, 0, 0, 0, 0, 0, 0, 0, 0, 0, 0, 0, 0, 0, 0, 0], "win_max": [154, 149, 154, 154, 154, 154, 154, 154, 154, 154, 154, 154, 154, 154, 154, 154, 154, 154]}