{"subs": 1, "jobs": 18, "T": 154, "power_use": [2.9000829621174367, 2.1763888463412737, 0.1054886423591322, 2.5524682147233144, 1.697421767141354, 0.7150054550254166, 2.1578825559606654, 0.37751187669303005, 3.272171594502928, 0.5792848437712973, 2.2567577499018623, 2.007631689769001, 2.964062708152562, 3.675819738175412, 2.84158948831061, 2.2131563619119183, 3.7860488743908003, 2.1341857147533276], "power_resource": [8.18151129, 8.490578634, 8.72638101, 8.886917484, 8.971572384, 8.9811153, 0.0, 0.0, 0.0, 0.0, 0.0, 0.0, 0.0, 0.0, 0.0, 0.0, 0.0, 0.0, 0.0, 0.0, 0.0, 0.0, 0.0, 0.0, 0.0, 0.0, 0.0, 0.0, 0.0, 0.0, 0.0, 0.0, 0.0, 0.0, 0.0, 0.0, 0.0, 0.0, 0.0, 0.0, 0.0, 6.771160656, 6.863665374, 7.22414133, 7.54275159, 7.81210809, 8.025592356, 8.17766334, 8.406385488, 8.694519984, 8.908927758, 9.04730004, 9.108559404, 9.092859768, 9.001740312, 8.83797156, 8.605093626, 8.308339722, 7.95371265, 7.547830884, 7.098544242, 6.614010378, 6.103310454, 5.575525632, 5.040198828, 4.667255514, 4.525497036, 4.304470788, 4.00802472, 3.64169988, 3.211191234, 2.724040764, 2.64585042, 2.856102408, 3.152086722, 3.733127172, 4.30893441, 4.869811602, 5.406215832, 5.909219856, 6.370204266, 6.78085749, 7.133945382, 7.423157304, 7.642952208, 7.788866472, 7.8575139, 7.847201394, 7.75669761, 7.58661822, 7.338656322, 7.015736358, 6.662032794, 7.014351096, 7.317569556, 7.565531454, 7.752541824, 8.121637188, 8.444249316, 8.69405823, 8.86875516, 8.967878352, 8.991427806, 0.0, 0.0, 0.0, 0.0, 0.0, 0.0, 0.0, 0.0, 0.0, 0.0, 0.0, 0.0, 0.0, 0.0, 0.0, 0.0, 0.0, 0.0, 0.0, 0.0, 0.0, 0.0, 0.0, 0.0, 0.0, 0.0, 0.0, 0.0, 0.0, 0.0, 0.0, 0.0, 0.0, 0.0, 0.0, 0.0, 6.793324848, 7.161650622, 7.489495962, 7.769472804, 7.994962674, 8.160116688, 8.34081642, 8.643573126, 8.873218782, 9.0272907, 9.1042497, 9.1042497, 9.028522044, 8.879375502, 8.660504106], "min_cpu_time": [20, 7, 10, 4, 21, 25, 6, 28, 23, 17, 7, 7, 18, 6, 8, 4, 14, 1], "max_cpu_time": [47, 42, 11, 30, 67, 29, 57, 31, 39, 41, 27, 25, 35, 7, 44, 25, 19, 3], "min_job_period": [76, 14, 117, 32, 17, 81, 42, 53, 98, 139, 148, 80, 150, 54, 7, 65, 50, 9], "max_job_period": [100, 41, 145, 79, 114, 127, 121, 143, 125, 146, 150, 103, 150, 67, 70, 135, 69, 59], "min_startup": [1, 1, 1, 2, 1, 1, 2, 1, 1, 1, 1, 1, 1, 2, 1, 2, 1, 7], "max_startup": [44, 137, 13, 58, 92, 12, 56, 87, 132, 18, 146, 52, 54, 112, 10, 11, 74, 89], "priority": [6, 14, 18, 4, 16, 9, 8, 12, 3, 17, 2, 13, 7, 10, 11, 15, 5, 1], "win_min": [20, 0, 0, 0, 0, 0, 0, 0, 0, 0, 0, 0, 0, 0, 0, 0, 0, 0], "win_max": [145, 154, 154, 154, 154, 154, 154, 154, 154, 154, 154, 154, 154, 154, 154, 154, 154, 154]}