{"subs": 1, "jobs": 13, "T": 154, "power_use": [0.517111049435939, 1.5172860013059084, 3.5797337689668565, 1.451034827700296, 0.2330731473617773, 1.6345171687335072, 1.4856615525895023, 1.1199164675592501, 3.5473695563019283, 0.5616998177300849, 2.6172961041899585, 3.194250024158011, 2.798684799236322], "power_resource": [0.0, 0.0, 0.0, 0.0, 0.0, 0.0, 0.0, 0.0, 0.0, 0.0, 0.0, 0.0, 0.0, 0.0, 0.0, 0.0, 0.0, 0.0, 0.0, 0.0, 0.0, 0.0, 0.0, 6.691123296, 7.065144036, 7.40037744, 7.689435444, 7.925083902, 8.101627848, 8.26924455, 8.585084286, 8.828582562, 8.996661018, 9.087780474, 9.101633094, 9.039450222, 8.902924956, 8.695905246, 8.422700796, 8.088698736, 7.700825376, 7.266007026, 6.792709176, 6.289551234, 5.765306526, 5.229671886, 4.691882394, 4.573827288, 4.383276804, 4.115459484, 3.775300704, 3.368341512, 2.901508218, 2.583821466, 2.827011906, 2.989549314, 3.527338806, 4.10730183, 4.676336676, 5.224900428, 5.743911924, 6.224136084, 6.657569172, 7.036515288, 7.354048122, 7.604164872, 7.782247998, 7.88444955, 7.908152922, 7.851972852, 7.71590934, 7.50119373, 7.209980874, 6.846118722, 6.815950794, 7.141487364, 7.41423006, 7.628329998, 7.940167866, 8.293563594, 8.575233534, 8.782714998, 8.914468806, 8.970648876, 8.952178716, 0.0, 0.0, 0.0, 0.0, 0.0, 0.0, 0.0, 0.0, 0.0, 0.0, 0.0, 0.0, 0.0, 0.0, 0.0, 0.0, 0.0, 0.0, 0.0, 0.0, 0.0, 0.0, 0.0, 0.0, 0.0, 0.0, 0.0, 0.0, 0.0, 0.0, 0.0, 0.0, 0.0, 0.0, 0.0, 6.658030926, 6.999574968, 7.343581698, 7.642644372, 7.88983668, 8.079001902, 8.20459899, 8.52859638, 8.787024702, 8.970648876, 9.077467968, 9.107174142, 9.06038307, 8.938941768, 8.746236432, 8.486115012, 8.164426392, 7.787327292, 7.36189794, 6.89629599, 6.398986932, 5.87889801, 5.345418222, 4.808090484, 4.60830492, 4.433761908, 4.181490306, 3.8556459, 3.462077574, 3.007095966, 2.511018252, 2.769600492, 2.948145372, 3.402203472], "min_cpu_time": [22, 27, 4, 28, 21, 17, 3, 15, 1, 4, 12, 21, 16], "max_cpu_time": [36, 56, 61, 35, 38, 55, 13, 67, 34, 56, 70, 62, 19], "min_job_period": [62, 135, 7, 1, 20, 55, 4, 16, 3, 6, 24, 57, 42], "max_job_period": [122, 140, 147, 74, 34, 96, 97, 97, 129, 143, 29, 128, 112], "min_startup": [2, 1, 9, 1, 2, 2, 12, 3, 36, 9, 3, 2, 2], "max_startup": [106, 107, 141, 39, 27, 78, 135, 118, 150, 59, 102, 34, 12], "priority": [7, 10, 11, 5, 13, 8, 2, 3, 4, 6, 9, 1, 12], "win_min": [0, 0, 0, 0, 0, 0, 0, 0, 0, 0, 0, 12, 0], "win_max": [154, 154, 154, 154, 154, 154, 154, 154, 154, 154, 154, 141, 154]}