{"subs": 1, "jobs": 13, "T": 154, "power_use": [1.9204326106437317, 3.4889479348388606, 1.7016994553717755, 2.623430840343483, 2.73606566932735, 2.571778734580652, 1.1657681444257215, 2.2254275889519395, 1.5032167893849802, 2.037587048029106, 3.1566521967084205, 1.767834310762484, 3.498375092306301], "power_resource": [8.40238362, 8.689132854, 8.902155366, 9.03883455, 9.098400816, 9.081008082, 8.987887692, 8.82181017, 8.586777384, 8.287560792, 7.930163196, 7.521356988, 7.068991986, 6.581379762, 6.067293642, 5.535814788, 4.996793952, 4.638165012, 4.495021272, 4.272609762, 3.974470596, 3.606144822, 3.173327406, 2.68356033, 2.720654568, 2.932753572, 3.195029844, 3.777455556, 4.354801974, 4.9176801, 5.4563931, 5.961859812, 6.425460828, 6.839192412, 7.195512582, 7.4881107, 7.711445718, 7.861054014, 7.933549392, 7.926930918, 7.840275084, 7.674043644, 7.429929696, 7.110703764, 6.720521634, 6.909994692, 7.21644543, 7.467793524, 7.67204271, 8.068227642, 8.394841638, 8.648806338, 8.827659054, 8.930938032, 8.958643272, 0.0, 0.0, 0.0, 0.0, 0.0, 0.0, 0.0, 0.0, 0.0, 0.0, 0.0, 0.0, 0.0, 0.0, 0.0, 0.0, 0.0, 0.0, 0.0, 0.0, 0.0, 0.0, 0.0, 0.0, 0.0, 0.0, 0.0, 0.0, 0.0, 0.0, 0.0, 0.0, 0.0, 0.0, 0.0, 0.0, 6.76238733, 7.128866088, 7.455172248, 7.733763828, 7.957714518, 8.12148327, 8.337276306, 8.63864775, 8.866908144, 9.019286964, 9.094706784, 9.093013686, 9.015285096, 8.863983702, 8.642803536, 8.356362138, 8.01066231, 7.612168608, 7.168423014, 6.6877371, 6.178884192, 5.650945452, 5.113309878, 4.662637974, 4.536117378, 4.329405504, 4.04650422, 3.692031066, 3.272142762, 2.7936117, 2.653700238, 2.88134496, 3.070356264, 3.652320222, 4.23120582, 4.797316224, 5.341262436, 5.853655458, 6.325721964, 6.749458218, 7.11716832, 7.422387714, 7.659113598, 7.823036268, 7.910461692, 7.918927182, 7.847663148, 7.696515672, 7.467023934, 7.161650622, 6.784551522, 6.86397321, 7.179966864, 7.442089218, 7.644645306, 8.005429098, 8.34543396, 8.613405198, 8.806572288, 8.92416564, 8.966031336, 0.0, 0.0], "min_cpu_time": [29, 2, 7, 8, 6, 20, 15, 2, 22, 2, 13, 7, 17], "max_cpu_time": [36, 15, 38, 62, 47, 26, 69, 76, 73, 23, 13, 15, 46], "min_job_period": [109, 13, 18, 45, 3, 98, 67, 1, 106, 8, 23, 45, 152], "max_job_period": [137, 93, 44, 60, 145, 106, 149, 16, 132, 49, 108, 82, 152], "min_startup": [1, 9, 3, 3, 3, 1, 2, 9, 1, 9, 2, 3, 1], "max_startup": [105, 27, 81, 40, 128, 119, 122, 97, 14, 40, 41, 37, 104], "priority": [5, 2, 12, 3, 13, 9, 10, 8, 4, 7, 6, 1, 11], "win_min": [0, 0, 0, 0, 0, 0, 0, 0, 0, 1, 0, 0, 0], "win_max": [154, 154, 154, 154, 154, 154, 154, 154, 154, 135, 154, 154, 154]}