{"subs": 1, "jobs": 9, "T": 154, "power_use": [2.1727283751569764, 0.8035325985031481, 1.0156326019444915, 1.4160567118259615, 3.992734387719815, 3.441482638747119, 3.060407172755452, 1.7089049808441434, 1.9334124575260394], "power_resource": [7.354048122, 7.604164872, 7.782247998, 7.88444955, 7.908152922, 7.851972852, 7.71590934, 7.50119373, 7.209980874, 6.846118722, 6.815950794, 7.141487364, 7.41423006, 7.628329998, 7.940167866, 8.293563594, 8.575233534, 8.782714998, 8.914468806, 8.970648876, 8.952178716, 0.0, 0.0, 0.0, 0.0, 0.0, 0.0, 0.0, 0.0, 0.0, 0.0, 0.0, 0.0, 0.0, 0.0, 0.0, 0.0, 0.0, 0.0, 0.0, 0.0, 0.0, 0.0, 0.0, 0.0, 0.0, 0.0, 0.0, 0.0, 0.0, 0.0, 0.0, 0.0, 0.0, 0.0, 0.0, 6.658030926, 6.999574968, 7.343581698, 7.642644372, 7.88983668, 8.079001902, 8.20459899, 8.52859638, 8.787024702, 8.970648876, 9.077467968, 9.107174142, 9.06038307, 8.938941768, 8.746236432, 8.486115012, 8.164426392, 7.787327292, 7.36189794, 6.89629599, 6.398986932, 5.87889801, 5.345418222, 4.808090484, 4.60830492, 4.433761908, 4.181490306, 3.8556459, 3.462077574, 3.007095966, 2.511018252, 2.769600492, 2.948145372, 3.402203472, 3.982782168, 4.55443362, 5.107460994, 5.63262921, 6.120857106, 6.56383311, 6.953553486, 7.283091924, 7.546445622, 7.738535286, 7.855512966, 7.894146384, 7.853358114, 7.732532484, 7.532593002, 7.25569452, 6.905223234, 6.766389198, 7.10100693, 7.384062132, 7.60970592, 7.872290028, 8.238768786, 8.534291346, 8.755933266, 8.902155366, 8.972495892, 8.96803227, 0.0, 0.0, 0.0, 0.0, 0.0, 0.0, 0.0, 0.0, 0.0, 0.0, 0.0, 0.0, 0.0, 0.0, 0.0, 0.0, 0.0, 0.0, 0.0, 0.0, 0.0, 0.0, 0.0, 0.0, 0.0, 0.0, 0.0, 0.0, 0.0, 0.0, 0.0, 0.0, 0.0, 0.0, 0.0, 6.716058012], "min_cpu_time": [12, 22, 2, 6, 14, 15, 8, 25, 13], "max_cpu_time": [45, 59, 27, 47, 28, 30, 37, 30, 60], "min_job_period": [17, 34, 2, 9, 14, 22, 11, 19, 13], "max_job_period": [117, 86, 56, 96, 148, 145, 40, 97, 87], "min_startup": [6, 4, 39, 13, 6, 5, 10, 3, 6], "max_startup": [141, 34, 140, 112, 113, 149, 87, 79, 63], "priority": [4, 1, 2, 5, 6, 9, 7, 3, 8], "win_min": [0, 0, 0, 0, 0, 0, 15, 0, 0], "win_max": [154, 154, 154, 154, 154, 154, 149, 154, 154]}