{"subs": 1, "jobs": 18, "T": 154, "power_use": [1.9706202684773868, 2.125495748426458, 2.996697417637263, 0.2230939016813385, 0.3379375002674451, 1.5277789841113294, 0.8154440619294758, 3.3424451172142917, 1.135838768564576, 2.1866783550969595, 1.4210919922545586, 3.217400266882045, 0.09772087280922358, 2.1469138187165315, 0.7729228736869885, 3.041762206502223, 1.0242459619364215, 2.116777899164045], "power_resource": [8.746236432, 8.486115012, 8.164426392, 7.787327292, 7.36189794, 6.89629599, 6.398986932, 5.87889801, 5.345418222, 4.808090484, 4.60830492, 4.433761908, 4.181490306, 3.8556459, 3.462077574, 3.007095966, 2.511018252, 2.769600492, 2.948145372, 3.402203472, 3.982782168, 4.55443362, 5.107460994, 5.63262921, 6.120857106, 6.56383311, 6.953553486, 7.283091924, 7.546445622, 7.738535286, 7.855512966, 7.894146384, 7.853358114, 7.732532484, 7.532593002, 7.25569452, 6.905223234, 6.766389198, 7.10100693, 7.384062132, 7.60970592, 7.872290028, 8.238768786, 8.534291346, 8.755933266, 8.902155366, 8.972495892, 8.96803227, 0.0, 0.0, 0.0, 0.0, 0.0, 0.0, 0.0, 0.0, 0.0, 0.0, 0.0, 0.0, 0.0, 0.0, 0.0, 0.0, 0.0, 0.0, 0.0, 0.0, 0.0, 0.0, 0.0, 0.0, 0.0, 0.0, 0.0, 0.0, 0.0, 0.0, 0.0, 0.0, 0.0, 0.0, 0.0, 6.716058012, 6.93246672, 7.284785022, 7.593852366, 7.85212677, 8.053605432, 8.192593386, 8.469030114, 8.742234564, 8.941404456, 9.064077102, 9.109482912, 9.078237558, 8.97188022, 8.793489258, 8.54706654, 8.23769136, 7.871520438, 7.45578792, 6.998189706, 6.507191286, 5.991565986, 5.460856722, 4.924298574, 4.639396356, 4.48132257, 4.244442768, 3.93337449, 3.55319703, 3.110374944, 2.612142378, 2.709264636, 2.90366307, 3.277068138, 3.858108588, 4.431914892, 4.989098052, 5.520115152, 6.01588503, 6.467942196, 6.868282914, 7.209826956, 7.486109766, 7.692205968, 7.82365194, 7.877369322, 7.851665016, 7.746077268, 7.561067832, 7.298637642, 6.961865058, 6.714980586, 7.05867948, 7.35189327, 7.588773072, 7.80210342, 8.18151129, 8.490578634, 8.72638101, 8.886917484, 8.971572384, 8.9811153, 0.0, 0.0, 0.0, 0.0, 0.0, 0.0, 0.0, 0.0, 0.0], "min_cpu_time": [21, 17, 12, 23, 11, 26, 21, 2, 8, 21, 20, 21, 4, 20, 25, 18, 27, 10], "max_cpu_time": [28, 46, 65, 72, 67, 63, 24, 35, 54, 56, 63, 23, 38, 70, 48, 27, 42, 56], "min_job_period": [43, 51, 12, 30, 50, 109, 31, 31, 150, 100, 68, 34, 71, 134, 3, 66, 10, 67], "max_job_period": [135, 75, 117, 58, 97, 122, 140, 130, 150, 124, 140, 114, 106, 151, 93, 117, 99, 67], "min_startup": [1, 1, 1, 1, 1, 1, 1, 2, 1, 1, 1, 1, 1, 1, 1, 1, 1, 1], "max_startup": [9, 69, 52, 91, 103, 77, 48, 102, 30, 62, 111, 116, 72, 63, 150, 115, 42, 144], "priority": [18, 17, 9, 14, 4, 10, 8, 2, 12, 1, 7, 6, 5, 13, 15, 3, 11, 16], "win_min": [0, 0, 0, 0, 0, 0, 0, 0, 0, 0, 0, 0, 24, 0, 0, 0, 0, 0], "win_max": [154, 154, 154, 154, 154, 154, 154, 154, 154, 154, 154, 154, 130, 154, 154, 154, 154, 154]}