{"subs": 1, "jobs": 13, "T": 154, "power_use": [3.819832665059061, 1.5471768512155375, 2.8790401874680587, 3.5905921555703624, 0.8199465079388658, 3.558206137801546, 3.204335253715187, 0.723636504813053, 0.5771336569206078, 3.5042553468717976, 3.442868113622648, 2.6934989701880676, 2.173933561204699], "power_resource": [0.0, 0.0, 0.0, 0.0, 0.0, 0.0, 0.0, 0.0, 0.0, 0.0, 0.0, 0.0, 0.0, 0.0, 0.0, 0.0, 0.0, 0.0, 0.0, 0.0, 0.0, 0.0, 0.0, 0.0, 0.0, 6.76238733, 7.128866088, 7.455172248, 7.733763828, 7.957714518, 8.12148327, 8.337276306, 8.63864775, 8.866908144, 9.019286964, 9.094706784, 9.093013686, 9.015285096, 8.863983702, 8.642803536, 8.356362138, 8.01066231, 7.612168608, 7.168423014, 6.6877371, 6.178884192, 5.650945452, 5.113309878, 4.662637974, 4.536117378, 4.329405504, 4.04650422, 3.692031066, 3.272142762, 2.7936117, 2.653700238, 2.88134496, 3.070356264, 3.652320222, 4.23120582, 4.797316224, 5.341262436, 5.853655458, 6.325721964, 6.749458218, 7.11716832, 7.422387714, 7.659113598, 7.823036268, 7.910461692, 7.918927182, 7.847663148, 7.696515672, 7.467023934, 7.161650622, 6.784551522, 6.86397321, 7.179966864, 7.442089218, 7.644645306, 8.005429098, 8.34543396, 8.613405198, 8.806572288, 8.92416564, 8.966031336, 0.0, 0.0, 0.0, 0.0, 0.0, 0.0, 0.0, 0.0, 0.0, 0.0, 0.0, 0.0, 0.0, 0.0, 0.0, 0.0, 0.0, 0.0, 0.0, 0.0, 0.0, 0.0, 0.0, 0.0, 0.0, 0.0, 0.0, 0.0, 0.0, 0.0, 0.0, 0.0, 0.0, 0.0, 0.0, 0.0, 6.691123296, 7.065144036, 7.40037744, 7.689435444, 7.925083902, 8.101627848, 8.26924455, 8.585084286, 8.828582562, 8.996661018, 9.087780474, 9.101633094, 9.039450222, 8.902924956, 8.695905246, 8.422700796, 8.088698736, 7.700825376, 7.266007026, 6.792709176, 6.289551234, 5.765306526, 5.229671886, 4.691882394, 4.573827288, 4.383276804, 4.115459484, 3.775300704, 3.368341512, 2.901508218, 2.583821466, 2.827011906], "min_cpu_time": [3, 13, 26, 25, 7, 1, 24, 7, 28, 18, 4, 1, 15], "max_cpu_time": [36, 49, 61, 39, 65, 41, 43, 33, 31, 32, 75, 23, 50], "min_job_period": [9, 26, 138, 29, 35, 3, 18, 13, 108, 31, 8, 1, 52], "max_job_period": [131, 34, 143, 122, 57, 28, 83, 148, 147, 113, 113, 59, 81], "min_startup": [9, 2, 1, 1, 4, 26, 1, 4, 1, 2, 7, 26, 2], "max_startup": [91, 97, 118, 71, 88, 75, 2, 12, 106, 15, 29, 101, 33], "priority": [11, 13, 6, 9, 4, 1, 7, 5, 8, 2, 3, 12, 10], "win_min": [0, 0, 0, 0, 0, 0, 0, 0, 0, 0, 0, 0, 20], "win_max": [154, 154, 154, 154, 154, 154, 154, 154, 154, 154, 154, 154, 129]}