{"subs": 1, "jobs": 9, "T": 154, "power_use": [2.126418502999841, 2.042281340076203, 0.1389709633160726, 3.471270307479528, 2.4059989437562512, 3.200087322807925, 2.2963549121341043, 1.8775626226664668, 1.380471083582768], "power_resource": [8.902155366, 8.972495892, 8.96803227, 0.0, 0.0, 0.0, 0.0, 0.0, 0.0, 0.0, 0.0, 0.0, 0.0, 0.0, 0.0, 0.0, 0.0, 0.0, 0.0, 0.0, 0.0, 0.0, 0.0, 0.0, 0.0, 0.0, 0.0, 0.0, 0.0, 0.0, 0.0, 0.0, 0.0, 0.0, 0.0, 0.0, 0.0, 0.0, 6.716058012, 6.93246672, 7.284785022, 7.593852366, 7.85212677, 8.053605432, 8.192593386, 8.469030114, 8.742234564, 8.941404456, 9.064077102, 9.109482912, 9.078237558, 8.97188022, 8.793489258, 8.54706654, 8.23769136, 7.871520438, 7.45578792, 6.998189706, 6.507191286, 5.991565986, 5.460856722, 4.924298574, 4.639396356, 4.48132257, 4.244442768, 3.93337449, 3.55319703, 3.110374944, 2.612142378, 2.709264636, 2.90366307, 3.277068138, 3.858108588, 4.431914892, 4.989098052, 5.520115152, 6.01588503, 6.467942196, 6.868282914, 7.209826956, 7.486109766, 7.692205968, 7.82365194, 7.877369322, 7.851665016, 7.746077268, 7.561067832, 7.298637642, 6.961865058, 6.714980586, 7.05867948, 7.35189327, 7.588773072, 7.80210342, 8.18151129, 8.490578634, 8.72638101, 8.886917484, 8.971572384, 8.9811153, 0.0, 0.0, 0.0, 0.0, 0.0, 0.0, 0.0, 0.0, 0.0, 0.0, 0.0, 0.0, 0.0, 0.0, 0.0, 0.0, 0.0, 0.0, 0.0, 0.0, 0.0, 0.0, 0.0, 0.0, 0.0, 0.0, 0.0, 0.0, 0.0, 0.0, 0.0, 0.0, 0.0, 0.0, 0.0, 6.771160656, 6.863665374, 7.22414133, 7.54275159, 7.81210809, 8.025592356, 8.17766334, 8.406385488, 8.694519984, 8.908927758, 9.04730004, 9.108559404, 9.092859768, 9.001740312, 8.83797156, 8.605093626, 8.308339722, 7.95371265, 7.547830884], "min_cpu_time": [12, 21, 7, 26, 15, 3, 12, 29, 4], "max_cpu_time": [61, 73, 63, 29, 49, 38, 34, 53, 72], "min_job_period": [28, 43, 6, 143, 59, 4, 11, 76, 11], "max_job_period": [137, 149, 104, 153, 141, 61, 96, 78, 124], "min_startup": [3, 2, 4, 1, 2, 10, 3, 1, 7], "max_startup": [105, 59, 73, 140, 124, 64, 109, 28, 39], "priority": [5, 9, 2, 6, 7, 1, 4, 3, 8], "win_min": [0, 0, 0, 0, 0, 0, 0, 0, 6], "win_max": [154, 154, 154, 154, 154, 154, 154, 154, 146]}