{"subs": 1, "jobs": 13, "T": 154, "power_use": [1.7604537224281451, 3.97324014728949, 0.7808784250857796, 3.0979549061008647, 2.176616583041402, 2.811483616867236, 1.0724460140091103, 3.949533941246995, 3.3630579194773267, 0.10563726788845464, 3.874287009512965, 3.4924062677869214, 2.649394343340341], "power_resource": [0.0, 0.0, 0.0, 0.0, 0.0, 0.0, 0.0, 0.0, 0.0, 0.0, 0.0, 0.0, 0.0, 0.0, 0.0, 0.0, 0.0, 0.0, 0.0, 0.0, 0.0, 0.0, 0.0, 0.0, 0.0, 0.0, 0.0, 0.0, 6.658030926, 6.999574968, 7.343581698, 7.642644372, 7.88983668, 8.079001902, 8.20459899, 8.52859638, 8.787024702, 8.970648876, 9.077467968, 9.107174142, 9.06038307, 8.938941768, 8.746236432, 8.486115012, 8.164426392, 7.787327292, 7.36189794, 6.89629599, 6.398986932, 5.87889801, 5.345418222, 4.808090484, 4.60830492, 4.433761908, 4.181490306, 3.8556459, 3.462077574, 3.007095966, 2.511018252, 2.769600492, 2.948145372, 3.402203472, 3.982782168, 4.55443362, 5.107460994, 5.63262921, 6.120857106, 6.56383311, 6.953553486, 7.283091924, 7.546445622, 7.738535286, 7.855512966, 7.894146384, 7.853358114, 7.732532484, 7.532593002, 7.25569452, 6.905223234, 6.766389198, 7.10100693, 7.384062132, 7.60970592, 7.872290028, 8.238768786, 8.534291346, 8.755933266, 8.902155366, 8.972495892, 8.96803227, 0.0, 0.0, 0.0, 0.0, 0.0, 0.0, 0.0, 0.0, 0.0, 0.0, 0.0, 0.0, 0.0, 0.0, 0.0, 0.0, 0.0, 0.0, 0.0, 0.0, 0.0, 0.0, 0.0, 0.0, 0.0, 0.0, 0.0, 0.0, 0.0, 0.0, 0.0, 0.0, 0.0, 0.0, 0.0, 6.716058012, 6.93246672, 7.284785022, 7.593852366, 7.85212677, 8.053605432, 8.192593386, 8.469030114, 8.742234564, 8.941404456, 9.064077102, 9.109482912, 9.078237558, 8.97188022, 8.793489258, 8.54706654, 8.23769136, 7.871520438, 7.45578792, 6.998189706, 6.507191286, 5.991565986, 5.460856722, 4.924298574, 4.639396356, 4.48132257, 4.244442768, 3.93337449, 3.55319703], "min_cpu_time": [6, 24, 5, 23, 18, 28, 28, 9, 14, 22, 10, 6, 21], "max_cpu_time": [53, 31, 23, 37, 43, 56, 39, 42, 22, 56, 14, 75, 72], "min_job_period": [1, 143, 12, 50, 114, 99, 145, 48, 37, 114, 2, 15, 93], "max_job_period": [94, 151, 103, 94, 127, 99, 148, 95, 88, 121, 146, 82, 153], "min_startup": [3, 1, 4, 1, 1, 1, 1, 2, 2, 1, 2, 3, 1], "max_startup": [92, 120, 66, 9, 64, 31, 20, 142, 92, 116, 125, 137, 28], "priority": [9, 13, 7, 12, 6, 11, 3, 10, 8, 1, 4, 5, 2], "win_min": [1, 0, 0, 0, 0, 0, 0, 0, 0, 0, 0, 0, 0], "win_max": [148, 154, 154, 154, 154, 154, 154, 154, 154, 154, 154, 154, 154]}