{"subs": 1, "jobs": 13, "T": 154, "power_use": [1.510724837366501, 3.4817908023123936, 3.254720685317717, 3.294276766621478, 0.333306313298794, 2.119311857579653, 3.682578220944682, 1.4198518218493155, 1.4675390752176873, 3.4081044447127273, 2.7169931148286106, 3.6414213017601362, 1.776439754043827], "power_resource": [0.0, 0.0, 0.0, 0.0, 0.0, 0.0, 0.0, 0.0, 0.0, 0.0, 0.0, 0.0, 0.0, 0.0, 0.0, 0.0, 0.0, 0.0, 0.0, 0.0, 0.0, 0.0, 0.0, 0.0, 0.0, 0.0, 0.0, 0.0, 0.0, 0.0, 0.0, 0.0, 0.0, 0.0, 0.0, 6.809794074, 6.832112184, 7.190895042, 7.507966122, 7.775783442, 7.987882446, 8.138722086, 8.40238362, 8.689132854, 8.902155366, 9.03883455, 9.098400816, 9.081008082, 8.987887692, 8.82181017, 8.586777384, 8.287560792, 7.930163196, 7.521356988, 7.068991986, 6.581379762, 6.067293642, 5.535814788, 4.996793952, 4.638165012, 4.495021272, 4.272609762, 3.974470596, 3.606144822, 3.173327406, 2.68356033, 2.720654568, 2.932753572, 3.195029844, 3.777455556, 4.354801974, 4.9176801, 5.4563931, 5.961859812, 6.425460828, 6.839192412, 7.195512582, 7.4881107, 7.711445718, 7.861054014, 7.933549392, 7.926930918, 7.840275084, 7.674043644, 7.429929696, 7.110703764, 6.720521634, 6.909994692, 7.21644543, 7.467793524, 7.67204271, 8.068227642, 8.394841638, 8.648806338, 8.827659054, 8.930938032, 8.958643272, 0.0, 0.0, 0.0, 0.0, 0.0, 0.0, 0.0, 0.0, 0.0, 0.0, 0.0, 0.0, 0.0, 0.0, 0.0, 0.0, 0.0, 0.0, 0.0, 0.0, 0.0, 0.0, 0.0, 0.0, 0.0, 0.0, 0.0, 0.0, 0.0, 0.0, 0.0, 0.0, 0.0, 0.0, 0.0, 0.0, 6.76238733, 7.128866088, 7.455172248, 7.733763828, 7.957714518, 8.12148327, 8.337276306, 8.63864775, 8.866908144, 9.019286964, 9.094706784, 9.093013686, 9.015285096, 8.863983702, 8.642803536, 8.356362138, 8.01066231, 7.612168608, 7.168423014, 6.6877371, 6.178884192], "min_cpu_time": [7, 22, 23, 11, 2, 13, 27, 21, 14, 28, 10, 21, 4], "max_cpu_time": [44, 39, 60, 57, 45, 19, 45, 34, 39, 55, 70, 39, 73], "min_job_period": [22, 114, 47, 124, 111, 84, 34, 99, 25, 10, 131, 91, 26], "max_job_period": [153, 119, 144, 153, 143, 142, 151, 129, 150, 62, 151, 113, 96], "min_startup": [1, 1, 1, 1, 1, 1, 1, 1, 1, 1, 1, 1, 1], "max_startup": [149, 153, 151, 2, 12, 64, 114, 55, 26, 65, 153, 78, 7], "priority": [9, 11, 4, 7, 5, 8, 1, 2, 10, 3, 12, 6, 13], "win_min": [0, 0, 0, 0, 0, 0, 0, 0, 25, 0, 0, 0, 0], "win_max": [154, 154, 154, 154, 154, 154, 154, 154, 151, 154, 154, 154, 154]}