{"subs": 1, "jobs": 9, "T": 194, "power_use": [0.6231821716418894, 0.9610698302967443, 0.569678558897024, 3.2346451820116595, 2.3523660585073354, 2.919189135692953, 0.19429196026558193, 2.4521771803358243, 2.6157879385107767], "power_resource": [6.714980586, 7.05867948, 7.35189327, 7.588773072, 7.80210342, 8.18151129, 8.490578634, 8.72638101, 8.886917484, 8.971572384, 8.9811153, 0.0, 0.0, 0.0, 0.0, 0.0, 0.0, 0.0, 0.0, 0.0, 0.0, 0.0, 0.0, 0.0, 0.0, 0.0, 0.0, 0.0, 0.0, 0.0, 0.0, 0.0, 0.0, 0.0, 0.0, 0.0, 0.0, 0.0, 0.0, 0.0, 0.0, 0.0, 0.0, 0.0, 0.0, 0.0, 6.771160656, 6.863665374, 7.22414133, 7.54275159, 7.81210809, 8.025592356, 8.17766334, 8.406385488, 8.694519984, 8.908927758, 9.04730004, 9.108559404, 9.092859768, 9.001740312, 8.83797156, 8.605093626, 8.308339722, 7.95371265, 7.547830884, 7.098544242, 6.614010378, 6.103310454, 5.575525632, 5.040198828, 4.667255514, 4.525497036, 4.304470788, 4.00802472, 3.64169988, 3.211191234, 2.724040764, 2.64585042, 2.856102408, 3.152086722, 3.733127172, 4.30893441, 4.869811602, 5.406215832, 5.909219856, 6.370204266, 6.78085749, 7.133945382, 7.423157304, 7.642952208, 7.788866472, 7.8575139, 7.847201394, 7.75669761, 7.58661822, 7.338656322, 7.015736358, 6.662032794, 7.014351096, 7.317569556, 7.565531454, 7.752541824, 8.121637188, 8.444249316, 8.69405823, 8.86875516, 8.967878352, 8.991427806, 0.0, 0.0, 0.0, 0.0, 0.0, 0.0, 0.0, 0.0, 0.0, 0.0, 0.0, 0.0, 0.0, 0.0, 0.0, 0.0, 0.0, 0.0, 0.0, 0.0, 0.0, 0.0, 0.0, 0.0, 0.0, 0.0, 0.0, 0.0, 0.0, 0.0, 0.0, 0.0, 0.0, 0.0, 0.0, 0.0, 6.793324848, 7.161650622, 7.489495962, 7.769472804, 7.994962674, 8.160116688, 8.34081642, 8.643573126, 8.873218782, 9.0272907, 9.1042497, 9.1042497, 9.028522044, 8.879375502, 8.660504106, 8.376525396, 8.033442174, 7.637718996, 7.197051762, 6.719598126, 6.214131414, 5.689732788, 5.155791246, 4.691882394, 4.566439224, 4.36126653, 4.079904426, 3.727432206, 3.309698754, 2.833784298, 2.579357844, 2.805309468, 3.027413142, 3.607991838, 4.185338256, 4.749447726, 5.291085168, 5.801015502, 6.270465402, 6.691277214, 7.055755038, 7.357588236, 7.590927924, 7.751156562, 7.834734036, 7.839505494, 7.76439351, 7.609398084, 7.376058396, 7.06714497], "min_cpu_time": [3, 36, 28, 8, 12, 7, 28, 36, 32], "max_cpu_time": [74, 49, 69, 44, 44, 12, 57, 62, 76], "min_job_period": [8, 182, 81, 11, 26, 33, 87, 76, 178], "max_job_period": [67, 182, 147, 141, 167, 144, 96, 167, 180], "min_startup": [12, 1, 1, 5, 3, 5, 1, 1, 1], "max_startup": [182, 184, 74, 182, 133, 190, 142, 73, 17], "priority": [4, 6, 5, 1, 7, 8, 3, 2, 9], "win_min": [0, 0, 0, 0, 0, 0, 21, 0, 0], "win_max": [194, 194, 194, 194, 194, 194, 185, 194, 194]}