{"subs": 1, "jobs": 9, "T": 291, "power_use": [1.57318187424328, 2.2500973159650965, 0.8040917615379571, 2.923274761104433, 1.2788948324657157, 3.865955067415635, 3.4837357327736562, 2.6012605898926764, 2.799328303228235], "power_resource": [8.72638101, 8.886917484, 8.971572384, 8.9811153, 0.0, 0.0, 0.0, 0.0, 0.0, 0.0, 0.0, 0.0, 0.0, 0.0, 0.0, 0.0, 0.0, 0.0, 0.0, 0.0, 0.0, 0.0, 0.0, 0.0, 0.0, 0.0, 0.0, 0.0, 0.0, 0.0, 0.0, 0.0, 0.0, 0.0, 0.0, 0.0, 0.0, 0.0, 0.0, 6.771160656, 6.863665374, 7.22414133, 7.54275159, 7.81210809, 8.025592356, 8.17766334, 8.406385488, 8.694519984, 8.908927758, 9.04730004, 9.108559404, 9.092859768, 9.001740312, 8.83797156, 8.605093626, 8.308339722, 7.95371265, 7.547830884, 7.098544242, 6.614010378, 6.103310454, 5.575525632, 5.040198828, 4.667255514, 4.525497036, 4.304470788, 4.00802472, 3.64169988, 3.211191234, 2.724040764, 2.64585042, 2.856102408, 3.152086722, 3.733127172, 4.30893441, 4.869811602, 5.406215832, 5.909219856, 6.370204266, 6.78085749, 7.133945382, 7.423157304, 7.642952208, 7.788866472, 7.8575139, 7.847201394, 7.75669761, 7.58661822, 7.338656322, 7.015736358, 6.662032794, 7.014351096, 7.317569556, 7.565531454, 7.752541824, 8.121637188, 8.444249316, 8.69405823, 8.86875516, 8.967878352, 8.991427806, 0.0, 0.0, 0.0, 0.0, 0.0, 0.0, 0.0, 0.0, 0.0, 0.0, 0.0, 0.0, 0.0, 0.0, 0.0, 0.0, 0.0, 0.0, 0.0, 0.0, 0.0, 0.0, 0.0, 0.0, 0.0, 0.0, 0.0, 0.0, 0.0, 0.0, 0.0, 0.0, 0.0, 0.0, 0.0, 0.0, 6.793324848, 7.161650622, 7.489495962, 7.769472804, 7.994962674, 8.160116688, 8.34081642, 8.643573126, 8.873218782, 9.0272907, 9.1042497, 9.1042497, 9.028522044, 8.879375502, 8.660504106, 8.376525396, 8.033442174, 7.637718996, 7.197051762, 6.719598126, 6.214131414, 5.689732788, 5.155791246, 4.691882394, 4.566439224, 4.36126653, 4.079904426, 3.727432206, 3.309698754, 2.833784298, 2.579357844, 2.805309468, 3.027413142, 3.607991838, 4.185338256, 4.749447726, 5.291085168, 5.801015502, 6.270465402, 6.691277214, 7.055755038, 7.357588236, 7.590927924, 7.751156562, 7.834734036, 7.839505494, 7.76439351, 7.609398084, 7.376058396, 7.06714497, 6.686351838, 6.968329614, 7.281244908, 7.539981066, 7.738843122, 8.05914648, 8.395149474, 8.658811008, 8.84797623, 8.961259878, 8.998969788, 0.0, 0.0, 0.0, 0.0, 0.0, 0.0, 0.0, 0.0, 0.0, 0.0, 0.0, 0.0, 0.0, 0.0, 0.0, 0.0, 0.0, 0.0, 0.0, 0.0, 0.0, 0.0, 0.0, 0.0, 0.0, 0.0, 0.0, 0.0, 0.0, 0.0, 0.0, 0.0, 0.0, 0.0, 0.0, 0.0, 6.72159906, 7.097312898, 7.4342394, 7.724682666, 7.961870304, 8.139645594, 8.27232291, 8.589547908, 8.834431446, 9.004049082, 9.096861636, 9.112561272, 9.052071498, 8.917855002, 8.712990144, 8.442094464, 8.110862928, 7.725606174, 7.293866184, 6.823800612, 6.323874948, 5.803170354, 5.271075828, 4.737288204, 4.604149134, 4.414983912, 4.14885969, 3.810547926, 3.405743586, 2.94137298, 2.510094744, 2.751438168, 2.91212856, 3.482856504, 4.06112643, 4.62831426, 5.174877078, 5.691425886, 6.16903344, 6.599542086, 6.975255924, 7.28955648, 7.536133116, 7.710676128, 7.80902973, 7.82903907, 7.76901105, 7.629099588, 7.410536028, 7.115783058, 6.748226874, 6.920307198, 7.242919326, 7.512275826, 7.72283565, 7.994039166, 8.343433026], "min_cpu_time": [35, 15, 51, 13, 49, 53, 3, 5, 7], "max_cpu_time": [120, 21, 70, 122, 116, 129, 90, 56, 94], "min_job_period": [28, 46, 75, 11, 111, 142, 3, 2, 5], "max_job_period": [76, 111, 129, 101, 212, 203, 23, 206, 82], "min_startup": [3, 6, 2, 7, 2, 2, 28, 17, 12], "max_startup": [272, 263, 36, 207, 183, 194, 270, 168, 206], "priority": [8, 9, 3, 6, 7, 2, 1, 4, 5], "win_min": [0, 0, 0, 18, 0, 0, 0, 0, 0], "win_max": [291, 291, 291, 276, 291, 291, 291, 291, 291]}