{"subs": 1, "jobs": 18, "T": 97, "power_use": [1.429294168859693, 0.989757290021547, 3.6099166140268877, 0.38013003549198326, 3.856421419829271, 0.01314581385389615, 2.4459727599519283, 2.1166074672329196, 2.2515277453008804, 0.8468463454648559, 3.5639671472394974, 0.047232029461490826, 2.8954052689816496, 1.1043939481626213, 2.4968292845444635, 3.0863920435796226, 3.1610791432111642, 3.6243589611195133], "power_resource": [0.0, 0.0, 0.0, 0.0, 0.0, 0.0, 0.0, 0.0, 0.0, 0.0, 0.0, 0.0, 0.0, 0.0, 0.0, 0.0, 0.0, 0.0, 0.0, 0.0, 0.0, 0.0, 0.0, 0.0, 0.0, 0.0, 0.0, 0.0, 0.0, 0.0, 0.0, 0.0, 0.0, 6.658030926, 6.999574968, 7.343581698, 7.642644372, 7.88983668, 8.079001902, 8.20459899, 8.52859638, 8.787024702, 8.970648876, 9.077467968, 9.107174142, 9.06038307, 8.938941768, 8.746236432, 8.486115012, 8.164426392, 7.787327292, 7.36189794, 6.89629599, 6.398986932, 5.87889801, 5.345418222, 4.808090484, 4.60830492, 4.433761908, 4.181490306, 3.8556459, 3.462077574, 3.007095966, 2.511018252, 2.769600492, 2.948145372, 3.402203472, 3.982782168, 4.55443362, 5.107460994, 5.63262921, 6.120857106, 6.56383311, 6.953553486, 7.283091924, 7.546445622, 7.738535286, 7.855512966, 7.894146384, 7.853358114, 7.732532484, 7.532593002, 7.25569452, 6.905223234, 6.766389198, 7.10100693, 7.384062132, 7.60970592, 7.872290028, 8.238768786, 8.534291346, 8.755933266, 8.902155366, 8.972495892, 8.96803227, 0.0, 0.0], "min_cpu_time": [16, 10, 3, 8, 12, 5, 11, 9, 5, 3, 15, 3, 13, 18, 12, 15, 10, 9], "max_cpu_time": [38, 45, 19, 43, 19, 23, 25, 30, 5, 48, 24, 40, 44, 44, 14, 17, 38, 9], "min_job_period": [55, 20, 36, 87, 53, 81, 30, 38, 2, 84, 85, 54, 32, 25, 59, 4, 10, 52], "max_job_period": [80, 62, 51, 96, 82, 84, 42, 44, 35, 94, 87, 74, 47, 61, 76, 27, 95, 78], "min_startup": [1, 1, 1, 1, 1, 1, 1, 1, 1, 1, 1, 1, 1, 1, 1, 1, 1, 1], "max_startup": [59, 88, 4, 45, 9, 94, 87, 93, 72, 74, 29, 59, 29, 21, 85, 60, 19, 65], "priority": [5, 14, 12, 7, 2, 6, 1, 4, 9, 13, 11, 16, 15, 17, 18, 8, 10, 3], "win_min": [0, 2, 0, 0, 0, 0, 0, 0, 0, 0, 0, 0, 0, 0, 0, 0, 0, 0], "win_max": [97, 92, 97, 97, 97, 97, 97, 97, 97, 97, 97, 97, 97, 97, 97, 97, 97, 97]}