{"subs": 1, "jobs": 13, "T": 97, "power_use": [2.7530565606591546, 0.5024393789629772, 1.2057920398920268, 3.9709570639422247, 0.32424442583715585, 3.1442661916757424, 1.2234037415984855, 2.240069494538977, 3.9932263177470126, 3.48364819449188, 2.9741832608179304, 3.5434732759371914, 3.5014725658514263], "power_resource": [6.691123296, 7.065144036, 7.40037744, 7.689435444, 7.925083902, 8.101627848, 8.26924455, 8.585084286, 8.828582562, 8.996661018, 9.087780474, 9.101633094, 9.039450222, 8.902924956, 8.695905246, 8.422700796, 8.088698736, 7.700825376, 7.266007026, 6.792709176, 6.289551234, 5.765306526, 5.229671886, 4.691882394, 4.573827288, 4.383276804, 4.115459484, 3.775300704, 3.368341512, 2.901508218, 2.583821466, 2.827011906, 2.989549314, 3.527338806, 4.10730183, 4.676336676, 5.224900428, 5.743911924, 6.224136084, 6.657569172, 7.036515288, 7.354048122, 7.604164872, 7.782247998, 7.88444955, 7.908152922, 7.851972852, 7.71590934, 7.50119373, 7.209980874, 6.846118722, 6.815950794, 7.141487364, 7.41423006, 7.628329998, 7.940167866, 8.293563594, 8.575233534, 8.782714998, 8.914468806, 8.970648876, 8.952178716, 0.0, 0.0, 0.0, 0.0, 0.0, 0.0, 0.0, 0.0, 0.0, 0.0, 0.0, 0.0, 0.0, 0.0, 0.0, 0.0, 0.0, 0.0, 0.0, 0.0, 0.0, 0.0, 0.0, 0.0, 0.0, 0.0, 0.0, 0.0, 0.0, 0.0, 0.0, 0.0, 0.0, 0.0, 0.0], "min_cpu_time": [6, 15, 13, 10, 9, 8, 16, 11, 15, 18, 12, 2, 6], "max_cpu_time": [39, 31, 36, 40, 30, 12, 44, 24, 15, 28, 13, 47, 37], "min_job_period": [1, 40, 44, 2, 24, 4, 15, 14, 21, 23, 4, 1, 10], "max_job_period": [77, 80, 49, 56, 37, 37, 90, 61, 55, 58, 26, 27, 66], "min_startup": [5, 2, 2, 3, 3, 4, 2, 3, 2, 2, 3, 15, 5], "max_startup": [24, 74, 91, 80, 13, 46, 67, 3, 5, 62, 6, 23, 62], "priority": [11, 12, 9, 1, 10, 6, 7, 3, 13, 2, 4, 5, 8], "win_min": [0, 0, 0, 0, 7, 0, 0, 0, 0, 0, 0, 0, 0], "win_max": [97, 97, 97, 97, 82, 97, 97, 97, 97, 97, 97, 97, 97]}