{"subs": 1, "jobs": 13, "T": 97, "power_use": [0.6535390541022523, 1.4806039890590883, 3.733286798061371, 2.819962140139694, 3.7235406100766433, 1.2169748992044662, 3.413147185828473, 2.038569761942545, 1.8264362381211676, 1.31064495121911, 2.4445989586962886, 3.1363300152242575, 0.7278291655462366], "power_resource": [4.181490306, 3.8556459, 3.462077574, 3.007095966, 2.511018252, 2.769600492, 2.948145372, 3.402203472, 3.982782168, 4.55443362, 5.107460994, 5.63262921, 6.120857106, 6.56383311, 6.953553486, 7.283091924, 7.546445622, 7.738535286, 7.855512966, 7.894146384, 7.853358114, 7.732532484, 7.532593002, 7.25569452, 6.905223234, 6.766389198, 7.10100693, 7.384062132, 7.60970592, 7.872290028, 8.238768786, 8.534291346, 8.755933266, 8.902155366, 8.972495892, 8.96803227, 0.0, 0.0, 0.0, 0.0, 0.0, 0.0, 0.0, 0.0, 0.0, 0.0, 0.0, 0.0, 0.0, 0.0, 0.0, 0.0, 0.0, 0.0, 0.0, 0.0, 0.0, 0.0, 0.0, 0.0, 0.0, 0.0, 0.0, 0.0, 0.0, 0.0, 0.0, 0.0, 0.0, 0.0, 0.0, 6.716058012, 6.93246672, 7.284785022, 7.593852366, 7.85212677, 8.053605432, 8.192593386, 8.469030114, 8.742234564, 8.941404456, 9.064077102, 9.109482912, 9.078237558, 8.97188022, 8.793489258, 8.54706654, 8.23769136, 7.871520438, 7.45578792, 6.998189706, 6.507191286, 5.991565986, 5.460856722, 4.924298574, 4.639396356, 4.48132257], "min_cpu_time": [5, 15, 11, 7, 3, 11, 17, 10, 13, 12, 8, 2, 3], "max_cpu_time": [29, 15, 17, 30, 19, 20, 30, 47, 19, 41, 24, 29, 22], "min_job_period": [6, 31, 31, 3, 3, 20, 34, 14, 30, 24, 5, 2, 6], "max_job_period": [63, 86, 59, 64, 34, 63, 94, 30, 71, 27, 49, 42, 19], "min_startup": [8, 3, 3, 5, 13, 3, 2, 4, 3, 3, 5, 20, 13], "max_startup": [42, 63, 95, 32, 79, 33, 37, 19, 80, 83, 22, 45, 66], "priority": [11, 1, 4, 8, 5, 9, 12, 6, 10, 13, 7, 3, 2], "win_min": [0, 0, 5, 0, 0, 0, 0, 0, 0, 0, 0, 0, 0], "win_max": [97, 97, 89, 97, 97, 97, 97, 97, 97, 97, 97, 97, 97]}