{"subs": 1, "jobs": 13, "T": 97, "power_use": [2.48859215318748, 0.22084351313573447, 0.23255040920392456, 0.5133104563137019, 1.179884246393424, 0.45737702718414586, 1.8363000416514168, 0.10262418060913309, 1.2967918140856347, 1.5041515406423278, 0.770435382461298, 3.590252064466011, 1.930732615284013], "power_resource": [2.511018252, 2.769600492, 2.948145372, 3.402203472, 3.982782168, 4.55443362, 5.107460994, 5.63262921, 6.120857106, 6.56383311, 6.953553486, 7.283091924, 7.546445622, 7.738535286, 7.855512966, 7.894146384, 7.853358114, 7.732532484, 7.532593002, 7.25569452, 6.905223234, 6.766389198, 7.10100693, 7.384062132, 7.60970592, 7.872290028, 8.238768786, 8.534291346, 8.755933266, 8.902155366, 8.972495892, 8.96803227, 0.0, 0.0, 0.0, 0.0, 0.0, 0.0, 0.0, 0.0, 0.0, 0.0, 0.0, 0.0, 0.0, 0.0, 0.0, 0.0, 0.0, 0.0, 0.0, 0.0, 0.0, 0.0, 0.0, 0.0, 0.0, 0.0, 0.0, 0.0, 0.0, 0.0, 0.0, 0.0, 0.0, 0.0, 0.0, 6.716058012, 6.93246672, 7.284785022, 7.593852366, 7.85212677, 8.053605432, 8.192593386, 8.469030114, 8.742234564, 8.941404456, 9.064077102, 9.109482912, 9.078237558, 8.97188022, 8.793489258, 8.54706654, 8.23769136, 7.871520438, 7.45578792, 6.998189706, 6.507191286, 5.991565986, 5.460856722, 4.924298574, 4.639396356, 4.48132257, 4.244442768, 3.93337449, 3.55319703, 3.110374944], "min_cpu_time": [9, 8, 8, 7, 9, 2, 8, 4, 9, 13, 6, 11, 9], "max_cpu_time": [37, 46, 37, 39, 37, 43, 36, 12, 44, 43, 20, 28, 45], "min_job_period": [19, 22, 30, 17, 10, 6, 13, 2, 26, 26, 13, 9, 19], "max_job_period": [68, 58, 62, 74, 83, 91, 29, 41, 72, 37, 84, 74, 35], "min_startup": [3, 3, 3, 3, 3, 12, 3, 6, 3, 2, 4, 2, 3], "max_startup": [90, 57, 49, 54, 53, 16, 52, 9, 38, 56, 89, 62, 64], "priority": [5, 2, 12, 3, 8, 10, 4, 13, 6, 9, 7, 11, 1], "win_min": [0, 0, 0, 0, 0, 0, 0, 0, 16, 0, 0, 0, 0], "win_max": [97, 97, 97, 97, 97, 97, 97, 97, 83, 97, 97, 97, 97]}