{"subs": 1, "jobs": 18, "T": 97, "power_use": [3.9918588514528777, 2.5598844718314955, 0.16589495215408048, 3.255628334650527, 0.23083865200592435, 3.4683346666747035, 2.047771629073691, 3.3841328593656166, 2.646603938296562, 1.050930753030599, 1.9604764169771494, 2.8313994683500594, 2.0644759855104096, 3.773973665979229, 2.330567610841806, 1.1176409263489204, 3.2194031188045953, 0.5697589025472826], "power_resource": [0.0, 0.0, 0.0, 0.0, 0.0, 0.0, 0.0, 0.0, 0.0, 0.0, 0.0, 0.0, 0.0, 0.0, 0.0, 0.0, 0.0, 0.0, 0.0, 0.0, 0.0, 0.0, 0.0, 6.754383594, 6.900297858, 7.25107698, 7.558451226, 7.815340368, 8.015433768, 8.153190378, 8.464566492, 8.736539598, 8.934016392, 9.055149858, 9.09886257, 9.0657702, 8.957411928, 8.776866114, 8.527980708, 8.21614284, 7.847355312, 7.428698352, 6.96786786, 6.473637162, 5.954625666, 5.42022237, 4.879816272, 4.610305854, 4.450846806, 4.212581742, 3.899666448, 3.517488054, 3.07220328, 2.571354108, 2.784530538, 2.980929906, 3.319857342, 3.902283054, 4.477782456, 5.03696655, 5.57029242, 6.068678904, 6.523506594, 6.926771754, 7.271548074, 7.551370998, 7.761007314, 7.896147318, 7.95371265, 7.931856294, 7.829962578, 7.648801092, 7.390218852, 7.0571403, 6.654029058, 6.954323076, 7.250923062, 7.49118906, 7.744999842, 8.128255662, 8.441478792, 8.681283036, 8.845975296, 8.9349399, 8.948638602, 0.0, 0.0, 0.0, 0.0, 0.0, 0.0, 0.0, 0.0, 0.0, 0.0, 0.0, 0.0], "min_cpu_time": [10, 13, 10, 13, 9, 13, 10, 2, 13, 11, 11, 3, 11, 6, 7, 10, 17, 18], "max_cpu_time": [30, 17, 22, 26, 14, 21, 23, 37, 24, 17, 33, 46, 31, 44, 44, 43, 32, 34], "min_job_period": [39, 92, 16, 1, 49, 88, 6, 19, 38, 62, 67, 7, 31, 19, 71, 95, 68, 66], "max_job_period": [92, 92, 25, 79, 66, 91, 88, 63, 60, 87, 89, 24, 38, 81, 86, 96, 73, 90], "min_startup": [1, 1, 1, 1, 1, 1, 1, 2, 1, 1, 1, 2, 1, 1, 1, 1, 1, 1], "max_startup": [21, 23, 28, 74, 46, 42, 68, 2, 8, 74, 24, 16, 80, 31, 82, 58, 2, 81], "priority": [14, 18, 7, 17, 3, 16, 11, 6, 4, 2, 5, 15, 9, 12, 10, 8, 1, 13], "win_min": [0, 0, 0, 0, 0, 0, 0, 3, 0, 0, 0, 0, 0, 0, 0, 0, 0, 0], "win_max": [97, 97, 97, 97, 97, 97, 97, 89, 97, 97, 97, 97, 97, 97, 97, 97, 97, 97]}