{"subs": 1, "jobs": 18, "T": 97, "power_use": [0.16152570703918623, 3.478773531005666, 0.5403400683327924, 3.5382219787596556, 1.4186752570463637, 1.506332389649604, 3.8459098073452416, 2.018097149910237, 1.54110587357075, 0.14631778907208018, 3.704372024905514, 2.8283774456153474, 1.5459737702351646, 3.6549196903682306, 0.18309858047922462, 2.8886305551571967, 1.6011716103540043, 2.0785577457158397], "power_resource": [0.0, 0.0, 0.0, 0.0, 0.0, 0.0, 0.0, 0.0, 0.0, 0.0, 0.0, 0.0, 0.0, 0.0, 0.0, 0.0, 0.0, 0.0, 0.0, 0.0, 0.0, 0.0, 0.0, 0.0, 0.0, 6.716058012, 6.93246672, 7.284785022, 7.593852366, 7.85212677, 8.053605432, 8.192593386, 8.469030114, 8.742234564, 8.941404456, 9.064077102, 9.109482912, 9.078237558, 8.97188022, 8.793489258, 8.54706654, 8.23769136, 7.871520438, 7.45578792, 6.998189706, 6.507191286, 5.991565986, 5.460856722, 4.924298574, 4.639396356, 4.48132257, 4.244442768, 3.93337449, 3.55319703, 3.110374944, 2.612142378, 2.709264636, 2.90366307, 3.277068138, 3.858108588, 4.431914892, 4.989098052, 5.520115152, 6.01588503, 6.467942196, 6.868282914, 7.209826956, 7.486109766, 7.692205968, 7.82365194, 7.877369322, 7.851665016, 7.746077268, 7.561067832, 7.298637642, 6.961865058, 6.714980586, 7.05867948, 7.35189327, 7.588773072, 7.80210342, 8.18151129, 8.490578634, 8.72638101, 8.886917484, 8.971572384, 8.9811153, 0.0, 0.0, 0.0, 0.0, 0.0, 0.0, 0.0, 0.0, 0.0, 0.0], "min_cpu_time": [1, 16, 16, 9, 5, 1, 2, 6, 1, 4, 13, 3, 18, 12, 17, 14, 2, 13], "max_cpu_time": [47, 43, 41, 45, 8, 42, 25, 24, 27, 14, 31, 48, 44, 13, 40, 38, 26, 33], "min_job_period": [8, 35, 32, 92, 91, 4, 13, 34, 2, 27, 24, 7, 39, 80, 92, 88, 28, 66], "max_job_period": [32, 44, 91, 96, 96, 4, 17, 90, 24, 48, 71, 33, 54, 81, 92, 93, 62, 69], "min_startup": [5, 1, 1, 1, 1, 5, 3, 1, 5, 2, 1, 2, 1, 1, 1, 1, 3, 1], "max_startup": [12, 29, 25, 92, 65, 56, 66, 58, 94, 3, 18, 87, 29, 65, 84, 69, 41, 15], "priority": [1, 13, 4, 3, 2, 9, 11, 6, 12, 10, 14, 15, 17, 18, 16, 8, 7, 5], "win_min": [0, 0, 0, 0, 0, 0, 0, 0, 0, 0, 0, 0, 0, 0, 0, 0, 12, 0], "win_max": [97, 97, 97, 97, 97, 97, 97, 97, 97, 97, 97, 97, 97, 97, 97, 97, 78, 97]}