{"subs": 1, "jobs": 18, "T": 97, "power_use": [3.676682817616688, 2.6511786165889193, 3.8899261081391536, 3.7187546956045097, 0.044974404705215874, 2.0083461885621743, 2.434603014623539, 3.961467038049082, 3.601707661141002, 2.4170097452505077, 3.700629878958106, 3.8035745681232904, 3.250023454379586, 0.6129801302859254, 0.041498715781994266, 1.5708482168257352, 1.896057979599708, 2.4078764848245964], "power_resource": [0.0, 0.0, 0.0, 6.716058012, 6.93246672, 7.284785022, 7.593852366, 7.85212677, 8.053605432, 8.192593386, 8.469030114, 8.742234564, 8.941404456, 9.064077102, 9.109482912, 9.078237558, 8.97188022, 8.793489258, 8.54706654, 8.23769136, 7.871520438, 7.45578792, 6.998189706, 6.507191286, 5.991565986, 5.460856722, 4.924298574, 4.639396356, 4.48132257, 4.244442768, 3.93337449, 3.55319703, 3.110374944, 2.612142378, 2.709264636, 2.90366307, 3.277068138, 3.858108588, 4.431914892, 4.989098052, 5.520115152, 6.01588503, 6.467942196, 6.868282914, 7.209826956, 7.486109766, 7.692205968, 7.82365194, 7.877369322, 7.851665016, 7.746077268, 7.561067832, 7.298637642, 6.961865058, 6.714980586, 7.05867948, 7.35189327, 7.588773072, 7.80210342, 8.18151129, 8.490578634, 8.72638101, 8.886917484, 8.971572384, 8.9811153, 0.0, 0.0, 0.0, 0.0, 0.0, 0.0, 0.0, 0.0, 0.0, 0.0, 0.0, 0.0, 0.0, 0.0, 0.0, 0.0, 0.0, 0.0, 0.0, 0.0, 0.0, 0.0, 0.0, 0.0, 0.0, 0.0, 0.0, 0.0, 0.0, 0.0, 0.0, 0.0], "min_cpu_time": [6, 15, 6, 18, 16, 17, 5, 11, 2, 9, 14, 5, 12, 6, 1, 3, 9, 17], "max_cpu_time": [6, 42, 42, 39, 45, 32, 12, 18, 25, 44, 45, 46, 23, 43, 10, 41, 48, 19], "min_job_period": [18, 83, 18, 66, 3, 44, 28, 2, 21, 69, 67, 1, 26, 42, 7, 1, 91, 10], "max_job_period": [76, 84, 96, 84, 53, 57, 58, 42, 26, 82, 70, 19, 59, 59, 28, 51, 93, 28], "min_startup": [2, 1, 2, 1, 1, 1, 2, 1, 4, 1, 1, 2, 1, 2, 9, 3, 1, 1], "max_startup": [90, 54, 39, 9, 56, 57, 73, 28, 49, 85, 50, 35, 76, 2, 58, 95, 56, 86], "priority": [14, 4, 16, 5, 6, 11, 8, 9, 18, 10, 1, 15, 13, 17, 2, 12, 7, 3], "win_min": [0, 0, 0, 0, 0, 0, 8, 0, 0, 0, 0, 0, 0, 0, 0, 0, 0, 0], "win_max": [97, 97, 97, 97, 97, 97, 91, 97, 97, 97, 97, 97, 97, 97, 97, 97, 97, 97]}