{"subs": 1, "jobs": 13, "T": 97, "power_use": [0.2981962179073279, 1.7729781040980812, 3.988222640719628, 0.9064465487865232, 2.081136491069777, 1.0485075996116364, 1.302992442949182, 0.1344657668768668, 3.5889671831801624, 1.090217396340714, 0.5257206862020707, 3.2766848224296794, 0.21093605833750928], "power_resource": [0.0, 0.0, 0.0, 0.0, 0.0, 0.0, 0.0, 0.0, 0.0, 0.0, 0.0, 0.0, 0.0, 0.0, 0.0, 0.0, 0.0, 0.0, 0.0, 0.0, 0.0, 0.0, 6.809794074, 6.832112184, 7.190895042, 7.507966122, 7.775783442, 7.987882446, 8.138722086, 8.40238362, 8.689132854, 8.902155366, 9.03883455, 9.098400816, 9.081008082, 8.987887692, 8.82181017, 8.586777384, 8.287560792, 7.930163196, 7.521356988, 7.068991986, 6.581379762, 6.067293642, 5.535814788, 4.996793952, 4.638165012, 4.495021272, 4.272609762, 3.974470596, 3.606144822, 3.173327406, 2.68356033, 2.720654568, 2.932753572, 3.195029844, 3.777455556, 4.354801974, 4.9176801, 5.4563931, 5.961859812, 6.425460828, 6.839192412, 7.195512582, 7.4881107, 7.711445718, 7.861054014, 7.933549392, 7.926930918, 7.840275084, 7.674043644, 7.429929696, 7.110703764, 6.720521634, 6.909994692, 7.21644543, 7.467793524, 7.67204271, 8.068227642, 8.394841638, 8.648806338, 8.827659054, 8.930938032, 8.958643272, 0.0, 0.0, 0.0, 0.0, 0.0, 0.0, 0.0, 0.0, 0.0, 0.0, 0.0, 0.0, 0.0], "min_cpu_time": [7, 4, 11, 14, 3, 7, 16, 11, 16, 13, 12, 3, 15], "max_cpu_time": [20, 17, 38, 39, 13, 28, 37, 43, 32, 16, 16, 16, 41], "min_job_period": [8, 1, 12, 18, 3, 10, 27, 17, 14, 6, 6, 3, 7], "max_job_period": [57, 70, 21, 69, 19, 61, 88, 27, 94, 65, 69, 20, 68], "min_startup": [7, 14, 5, 3, 18, 7, 3, 5, 3, 4, 5, 18, 3], "max_startup": [93, 73, 35, 86, 93, 88, 95, 55, 36, 62, 9, 92, 79], "priority": [1, 10, 2, 4, 9, 3, 12, 8, 6, 11, 13, 7, 5], "win_min": [0, 0, 0, 0, 0, 0, 0, 0, 13, 0, 0, 0, 0], "win_max": [97, 97, 97, 97, 97, 97, 97, 97, 92, 97, 97, 97, 97]}