{"subs": 1, "jobs": 13, "T": 97, "power_use": [2.4246668781752967, 0.384869539230801, 2.0641078541834976, 1.8727894798662241, 0.29785276689227064, 2.007220028411106, 0.7343210041080185, 2.2566569771646807, 0.43100520467947695, 3.326087207337847, 3.54470372471117, 0.9793292688243037, 2.3881052671460066], "power_resource": [4.115459484, 3.775300704, 3.368341512, 2.901508218, 2.583821466, 2.827011906, 2.989549314, 3.527338806, 4.10730183, 4.676336676, 5.224900428, 5.743911924, 6.224136084, 6.657569172, 7.036515288, 7.354048122, 7.604164872, 7.782247998, 7.88444955, 7.908152922, 7.851972852, 7.71590934, 7.50119373, 7.209980874, 6.846118722, 6.815950794, 7.141487364, 7.41423006, 7.628329998, 7.940167866, 8.293563594, 8.575233534, 8.782714998, 8.914468806, 8.970648876, 8.952178716, 0.0, 0.0, 0.0, 0.0, 0.0, 0.0, 0.0, 0.0, 0.0, 0.0, 0.0, 0.0, 0.0, 0.0, 0.0, 0.0, 0.0, 0.0, 0.0, 0.0, 0.0, 0.0, 0.0, 0.0, 0.0, 0.0, 0.0, 0.0, 0.0, 0.0, 0.0, 0.0, 0.0, 0.0, 0.0, 6.658030926, 6.999574968, 7.343581698, 7.642644372, 7.88983668, 8.079001902, 8.20459899, 8.52859638, 8.787024702, 8.970648876, 9.077467968, 9.107174142, 9.06038307, 8.938941768, 8.746236432, 8.486115012, 8.164426392, 7.787327292, 7.36189794, 6.89629599, 6.398986932, 5.87889801, 5.345418222, 4.808090484, 4.60830492, 4.433761908], "min_cpu_time": [3, 5, 14, 7, 8, 8, 2, 4, 17, 14, 8, 5, 14], "max_cpu_time": [32, 38, 39, 30, 37, 27, 14, 23, 32, 34, 29, 6, 31], "min_job_period": [5, 12, 38, 17, 13, 20, 1, 10, 33, 43, 16, 12, 4], "max_job_period": [63, 13, 90, 24, 51, 22, 95, 49, 54, 58, 68, 16, 50], "min_startup": [11, 7, 2, 5, 4, 4, 17, 8, 2, 2, 4, 7, 2], "max_startup": [94, 41, 73, 74, 70, 51, 68, 26, 67, 14, 5, 17, 34], "priority": [9, 12, 4, 3, 6, 8, 10, 13, 5, 7, 11, 1, 2], "win_min": [0, 0, 0, 0, 11, 0, 0, 0, 0, 0, 0, 0, 0], "win_max": [97, 97, 97, 97, 78, 97, 97, 97, 97, 97, 97, 97, 97]}