{"subs": 1, "jobs": 18, "T": 97, "power_use": [2.869429858699959, 2.731789552983897, 3.3740361997879265, 2.584024803995739, 1.2177685636337467, 3.316836996975802, 0.9864309952286333, 2.818084965039999, 2.148194080966112, 1.529429979806567, 0.722685561283821, 3.544468101687893, 0.3301316390042994, 3.2163187018313044, 2.7370467040552415, 1.8534216607790368, 2.6595567446711788, 1.13783838655971], "power_resource": [2.932753572, 3.195029844, 3.777455556, 4.354801974, 4.9176801, 5.4563931, 5.961859812, 6.425460828, 6.839192412, 7.195512582, 7.4881107, 7.711445718, 7.861054014, 7.933549392, 7.926930918, 7.840275084, 7.674043644, 7.429929696, 7.110703764, 6.720521634, 6.909994692, 7.21644543, 7.467793524, 7.67204271, 8.068227642, 8.394841638, 8.648806338, 8.827659054, 8.930938032, 8.958643272, 0.0, 0.0, 0.0, 0.0, 0.0, 0.0, 0.0, 0.0, 0.0, 0.0, 0.0, 0.0, 0.0, 0.0, 0.0, 0.0, 0.0, 0.0, 0.0, 0.0, 0.0, 0.0, 0.0, 0.0, 0.0, 0.0, 0.0, 0.0, 0.0, 0.0, 0.0, 0.0, 0.0, 0.0, 0.0, 0.0, 6.76238733, 7.128866088, 7.455172248, 7.733763828, 7.957714518, 8.12148327, 8.337276306, 8.63864775, 8.866908144, 9.019286964, 9.094706784, 9.093013686, 9.015285096, 8.863983702, 8.642803536, 8.356362138, 8.01066231, 7.612168608, 7.168423014, 6.6877371, 6.178884192, 5.650945452, 5.113309878, 4.662637974, 4.536117378, 4.329405504, 4.04650422, 3.692031066, 3.272142762, 2.7936117, 2.653700238], "min_cpu_time": [9, 6, 4, 11, 7, 15, 6, 13, 5, 8, 13, 18, 9, 7, 5, 6, 4, 1], "max_cpu_time": [16, 44, 25, 27, 12, 42, 44, 37, 34, 36, 39, 39, 14, 34, 44, 7, 12, 37], "min_job_period": [32, 41, 25, 20, 75, 14, 44, 12, 79, 81, 12, 70, 89, 38, 75, 89, 1, 5], "max_job_period": [34, 52, 25, 23, 89, 37, 88, 40, 95, 83, 58, 77, 95, 57, 77, 92, 24, 73], "min_startup": [1, 1, 1, 1, 1, 1, 1, 1, 1, 1, 1, 1, 1, 1, 1, 1, 1, 5], "max_startup": [27, 83, 36, 87, 28, 37, 11, 79, 90, 18, 30, 65, 8, 4, 32, 38, 53, 55], "priority": [3, 8, 11, 16, 6, 13, 15, 2, 14, 1, 10, 9, 5, 7, 12, 18, 4, 17], "win_min": [0, 0, 0, 0, 0, 0, 0, 0, 0, 0, 5, 0, 0, 0, 0, 0, 0, 0], "win_max": [97, 97, 97, 97, 97, 97, 97, 97, 97, 97, 94, 97, 97, 97, 97, 97, 97, 97]}