{"subs": 1, "jobs": 13, "T": 97, "power_use": [1.5421698121545209, 1.885985461879496, 2.973571179971827, 3.2804227187923916, 0.4913345168566854, 2.162046062428424, 2.5910067659368106, 3.3424294077130177, 1.6502076559765695, 1.651745554483489, 0.8512884826009787, 3.602257440463148, 1.1352138256861515], "power_resource": [8.12148327, 8.337276306, 8.63864775, 8.866908144, 9.019286964, 9.094706784, 9.093013686, 9.015285096, 8.863983702, 8.642803536, 8.356362138, 8.01066231, 7.612168608, 7.168423014, 6.6877371, 6.178884192, 5.650945452, 5.113309878, 4.662637974, 4.536117378, 4.329405504, 4.04650422, 3.692031066, 3.272142762, 2.7936117, 2.653700238, 2.88134496, 3.070356264, 3.652320222, 4.23120582, 4.797316224, 5.341262436, 5.853655458, 6.325721964, 6.749458218, 7.11716832, 7.422387714, 7.659113598, 7.823036268, 7.910461692, 7.918927182, 7.847663148, 7.696515672, 7.467023934, 7.161650622, 6.784551522, 6.86397321, 7.179966864, 7.442089218, 7.644645306, 8.005429098, 8.34543396, 8.613405198, 8.806572288, 8.92416564, 8.966031336, 0.0, 0.0, 0.0, 0.0, 0.0, 0.0, 0.0, 0.0, 0.0, 0.0, 0.0, 0.0, 0.0, 0.0, 0.0, 0.0, 0.0, 0.0, 0.0, 0.0, 0.0, 0.0, 0.0, 0.0, 0.0, 0.0, 0.0, 0.0, 0.0, 0.0, 0.0, 0.0, 0.0, 0.0, 0.0, 0.0, 6.691123296, 7.065144036, 7.40037744, 7.689435444, 7.925083902], "min_cpu_time": [17, 3, 7, 10, 8, 14, 15, 14, 14, 9, 11, 4, 3], "max_cpu_time": [18, 38, 17, 12, 37, 18, 23, 34, 18, 31, 40, 19, 9], "min_job_period": [7, 5, 14, 6, 13, 16, 32, 46, 16, 8, 16, 8, 5], "max_job_period": [72, 8, 81, 81, 22, 93, 35, 50, 85, 20, 28, 94, 58], "min_startup": [2, 10, 4, 3, 4, 2, 2, 2, 2, 3, 3, 8, 10], "max_startup": [7, 21, 68, 42, 28, 52, 79, 16, 45, 70, 93, 52, 74], "priority": [8, 12, 11, 2, 7, 10, 1, 13, 4, 9, 3, 6, 5], "win_min": [0, 0, 7, 0, 0, 0, 0, 0, 0, 0, 0, 0, 0], "win_max": [97, 97, 94, 97, 97, 97, 97, 97, 97, 97, 97, 97, 97]}