{"subs": 1, "jobs": 13, "T": 97, "power_use": [2.1742220062298276, 1.486087190793962, 1.782683694665083, 3.016268766533593, 3.565474853910149, 1.3911667833252128, 1.394992460983477, 1.8922960126878745, 1.1691115426265128, 1.7876406813894472, 2.085878624581102, 2.555816677161339, 3.4306630479591886], "power_resource": [6.067293642, 5.535814788, 4.996793952, 4.638165012, 4.495021272, 4.272609762, 3.974470596, 3.606144822, 3.173327406, 2.68356033, 2.720654568, 2.932753572, 3.195029844, 3.777455556, 4.354801974, 4.9176801, 5.4563931, 5.961859812, 6.425460828, 6.839192412, 7.195512582, 7.4881107, 7.711445718, 7.861054014, 7.933549392, 7.926930918, 7.840275084, 7.674043644, 7.429929696, 7.110703764, 6.720521634, 6.909994692, 7.21644543, 7.467793524, 7.67204271, 8.068227642, 8.394841638, 8.648806338, 8.827659054, 8.930938032, 8.958643272, 0.0, 0.0, 0.0, 0.0, 0.0, 0.0, 0.0, 0.0, 0.0, 0.0, 0.0, 0.0, 0.0, 0.0, 0.0, 0.0, 0.0, 0.0, 0.0, 0.0, 0.0, 0.0, 0.0, 0.0, 0.0, 0.0, 0.0, 0.0, 0.0, 0.0, 0.0, 0.0, 0.0, 0.0, 0.0, 0.0, 6.76238733, 7.128866088, 7.455172248, 7.733763828, 7.957714518, 8.12148327, 8.337276306, 8.63864775, 8.866908144, 9.019286964, 9.094706784, 9.093013686, 9.015285096, 8.863983702, 8.642803536, 8.356362138, 8.01066231, 7.612168608, 7.168423014, 6.6877371], "min_cpu_time": [18, 4, 10, 13, 14, 3, 14, 10, 15, 6, 17, 15, 9], "max_cpu_time": [18, 9, 15, 18, 34, 36, 44, 36, 22, 6, 25, 42, 15], "min_job_period": [16, 6, 28, 2, 37, 3, 17, 6, 19, 8, 29, 28, 19], "max_job_period": [89, 62, 48, 50, 66, 78, 52, 17, 57, 58, 91, 74, 25], "min_startup": [2, 9, 3, 3, 2, 11, 2, 3, 2, 6, 2, 2, 4], "max_startup": [39, 31, 14, 76, 57, 32, 64, 12, 55, 65, 84, 19, 50], "priority": [2, 9, 3, 13, 11, 12, 5, 1, 4, 6, 10, 7, 8], "win_min": [0, 0, 0, 0, 0, 0, 0, 0, 0, 0, 0, 9, 0], "win_max": [97, 97, 97, 97, 97, 97, 97, 97, 97, 97, 97, 77, 97]}