{"subs": 1, "jobs": 18, "T": 97, "power_use": [1.272442625305311, 2.8309495729093457, 1.1077457525434438, 2.1044484684222953, 1.2674529504833227, 2.930026686586772, 1.9908757940741786, 2.789353661486257, 2.1288145860863628, 3.4975974156981127, 0.08951928628231763, 2.9204225849145766, 3.4017764580499503, 2.4947131844726975, 3.2382856135153686, 0.39266710921892495, 0.7768942215895728, 3.71253705077669], "power_resource": [7.851972852, 7.71590934, 7.50119373, 7.209980874, 6.846118722, 6.815950794, 7.141487364, 7.41423006, 7.628329998, 7.940167866, 8.293563594, 8.575233534, 8.782714998, 8.914468806, 8.970648876, 8.952178716, 0.0, 0.0, 0.0, 0.0, 0.0, 0.0, 0.0, 0.0, 0.0, 0.0, 0.0, 0.0, 0.0, 0.0, 0.0, 0.0, 0.0, 0.0, 0.0, 0.0, 0.0, 0.0, 0.0, 0.0, 0.0, 0.0, 0.0, 0.0, 0.0, 0.0, 0.0, 0.0, 0.0, 0.0, 0.0, 6.658030926, 6.999574968, 7.343581698, 7.642644372, 7.88983668, 8.079001902, 8.20459899, 8.52859638, 8.787024702, 8.970648876, 9.077467968, 9.107174142, 9.06038307, 8.938941768, 8.746236432, 8.486115012, 8.164426392, 7.787327292, 7.36189794, 6.89629599, 6.398986932, 5.87889801, 5.345418222, 4.808090484, 4.60830492, 4.433761908, 4.181490306, 3.8556459, 3.462077574, 3.007095966, 2.511018252, 2.769600492, 2.948145372, 3.402203472, 3.982782168, 4.55443362, 5.107460994, 5.63262921, 6.120857106, 6.56383311, 6.953553486, 7.283091924, 7.546445622, 7.738535286, 7.855512966, 7.894146384], "min_cpu_time": [16, 8, 6, 5, 16, 15, 18, 14, 16, 9, 2, 12, 9, 9, 14, 6, 6, 6], "max_cpu_time": [37, 8, 20, 31, 16, 20, 40, 28, 41, 22, 6, 33, 26, 23, 15, 46, 29, 12], "min_job_period": [62, 51, 59, 93, 75, 88, 12, 6, 21, 91, 1, 27, 61, 23, 22, 80, 42, 40], "max_job_period": [83, 90, 66, 94, 75, 95, 24, 68, 60, 96, 38, 79, 92, 48, 83, 85, 55, 58], "min_startup": [1, 1, 1, 1, 1, 1, 1, 1, 1, 1, 3, 1, 1, 1, 1, 1, 1, 1], "max_startup": [57, 67, 16, 86, 38, 26, 80, 42, 73, 78, 13, 9, 9, 73, 20, 90, 3, 15], "priority": [10, 12, 2, 4, 15, 7, 13, 16, 5, 3, 11, 17, 14, 9, 8, 1, 6, 18], "win_min": [0, 0, 0, 0, 0, 0, 0, 0, 0, 0, 0, 0, 9, 0, 0, 0, 0, 0], "win_max": [97, 97, 97, 97, 97, 97, 97, 97, 97, 97, 97, 97, 78, 97, 97, 97, 97, 97]}