{"subs": 1, "jobs": 13, "T": 97, "power_use": [0.9092103294963669, 0.5797698254538235, 1.7491671651627376, 3.0195727621045543, 1.8968710511828983, 2.747551058502315, 3.6250505064738703, 0.9495800017032808, 1.0932431515657568, 2.5711598451811044, 3.7722988569560805, 3.5728848114676373, 0.6737499099017626], "power_resource": [7.896147318, 7.95371265, 7.931856294, 7.829962578, 7.648801092, 7.390218852, 7.0571403, 6.654029058, 6.954323076, 7.250923062, 7.49118906, 7.744999842, 8.128255662, 8.441478792, 8.681283036, 8.845975296, 8.9349399, 8.948638602, 0.0, 0.0, 0.0, 0.0, 0.0, 0.0, 0.0, 0.0, 0.0, 0.0, 0.0, 0.0, 0.0, 0.0, 0.0, 0.0, 0.0, 0.0, 0.0, 0.0, 0.0, 0.0, 0.0, 0.0, 0.0, 0.0, 0.0, 0.0, 0.0, 0.0, 0.0, 0.0, 0.0, 0.0, 0.0, 6.809794074, 6.832112184, 7.190895042, 7.507966122, 7.775783442, 7.987882446, 8.138722086, 8.40238362, 8.689132854, 8.902155366, 9.03883455, 9.098400816, 9.081008082, 8.987887692, 8.82181017, 8.586777384, 8.287560792, 7.930163196, 7.521356988, 7.068991986, 6.581379762, 6.067293642, 5.535814788, 4.996793952, 4.638165012, 4.495021272, 4.272609762, 3.974470596, 3.606144822, 3.173327406, 2.68356033, 2.720654568, 2.932753572, 3.195029844, 3.777455556, 4.354801974, 4.9176801, 5.4563931, 5.961859812, 6.425460828, 6.839192412, 7.195512582, 7.4881107, 7.711445718], "min_cpu_time": [9, 9, 4, 6, 12, 2, 12, 9, 13, 17, 2, 9, 2], "max_cpu_time": [38, 46, 13, 22, 29, 4, 24, 21, 41, 23, 30, 37, 13], "min_job_period": [7, 64, 62, 21, 84, 47, 49, 96, 50, 22, 10, 88, 22], "max_job_period": [48, 83, 86, 84, 93, 63, 85, 96, 70, 39, 90, 95, 66], "min_startup": [1, 1, 1, 1, 1, 2, 1, 1, 1, 1, 2, 1, 2], "max_startup": [12, 12, 30, 4, 10, 87, 63, 73, 94, 80, 50, 80, 38], "priority": [9, 4, 13, 12, 10, 2, 6, 5, 7, 8, 3, 11, 1], "win_min": [0, 0, 0, 0, 0, 0, 0, 0, 0, 0, 0, 2, 0], "win_max": [97, 97, 97, 97, 97, 97, 97, 97, 97, 97, 97, 93, 97]}