{"subs": 1, "jobs": 18, "T": 97, "power_use": [0.3227819408740785, 2.8987824085429637, 1.420469162545216, 2.2784734633726247, 1.3799103244750084, 1.889522806276545, 3.587680215485468, 3.306715882585008, 1.5257465967048514, 1.571351554495219, 0.6076042886392712, 2.275363092539394, 0.4663778790219901, 3.522467678671295, 3.46380309634371, 3.2947087464125357, 0.12219785627389564, 1.2049853774285049], "power_resource": [7.71590934, 7.50119373, 7.209980874, 6.846118722, 6.815950794, 7.141487364, 7.41423006, 7.628329998, 7.940167866, 8.293563594, 8.575233534, 8.782714998, 8.914468806, 8.970648876, 8.952178716, 0.0, 0.0, 0.0, 0.0, 0.0, 0.0, 0.0, 0.0, 0.0, 0.0, 0.0, 0.0, 0.0, 0.0, 0.0, 0.0, 0.0, 0.0, 0.0, 0.0, 0.0, 0.0, 0.0, 0.0, 0.0, 0.0, 0.0, 0.0, 0.0, 0.0, 0.0, 0.0, 0.0, 0.0, 0.0, 6.658030926, 6.999574968, 7.343581698, 7.642644372, 7.88983668, 8.079001902, 8.20459899, 8.52859638, 8.787024702, 8.970648876, 9.077467968, 9.107174142, 9.06038307, 8.938941768, 8.746236432, 8.486115012, 8.164426392, 7.787327292, 7.36189794, 6.89629599, 6.398986932, 5.87889801, 5.345418222, 4.808090484, 4.60830492, 4.433761908, 4.181490306, 3.8556459, 3.462077574, 3.007095966, 2.511018252, 2.769600492, 2.948145372, 3.402203472, 3.982782168, 4.55443362, 5.107460994, 5.63262921, 6.120857106, 6.56383311, 6.953553486, 7.283091924, 7.546445622, 7.738535286, 7.855512966, 7.894146384, 7.853358114], "min_cpu_time": [9, 18, 10, 17, 1, 2, 18, 13, 3, 15, 5, 7, 1, 2, 17, 15, 2, 16], "max_cpu_time": [42, 44, 47, 21, 15, 17, 23, 13, 6, 44, 18, 30, 23, 30, 43, 24, 9, 27], "min_job_period": [46, 1, 22, 74, 10, 3, 75, 80, 28, 87, 39, 72, 6, 11, 45, 58, 24, 27], "max_job_period": [95, 21, 49, 78, 84, 86, 81, 90, 69, 95, 52, 94, 68, 66, 72, 74, 79, 66], "min_startup": [1, 1, 1, 1, 5, 3, 1, 1, 2, 1, 1, 1, 5, 3, 1, 1, 3, 1], "max_startup": [47, 34, 91, 23, 23, 72, 71, 23, 74, 38, 36, 70, 27, 56, 64, 50, 58, 27], "priority": [12, 18, 6, 13, 17, 10, 5, 3, 7, 11, 16, 8, 14, 4, 15, 2, 9, 1], "win_min": [0, 0, 0, 0, 15, 0, 0, 0, 0, 0, 0, 0, 0, 0, 0, 0, 0, 0], "win_max": [97, 97, 97, 97, 90, 97, 97, 97, 97, 97, 97, 97, 97, 97, 97, 97, 97, 97]}