{"subs": 1, "jobs": 13, "T": 97, "power_use": [0.7479568977324753, 3.4931694279930983, 0.8634643286443695, 0.7328578211602438, 1.9869796426460133, 3.4259840892773017, 3.523452458602728, 3.024008029223059, 3.558587232167677, 1.3196832138026686, 0.03794681394411709, 3.235090137237956, 1.8304668436107288], "power_resource": [4.10730183, 4.676336676, 5.224900428, 5.743911924, 6.224136084, 6.657569172, 7.036515288, 7.354048122, 7.604164872, 7.782247998, 7.88444955, 7.908152922, 7.851972852, 7.71590934, 7.50119373, 7.209980874, 6.846118722, 6.815950794, 7.141487364, 7.41423006, 7.628329998, 7.940167866, 8.293563594, 8.575233534, 8.782714998, 8.914468806, 8.970648876, 8.952178716, 0.0, 0.0, 0.0, 0.0, 0.0, 0.0, 0.0, 0.0, 0.0, 0.0, 0.0, 0.0, 0.0, 0.0, 0.0, 0.0, 0.0, 0.0, 0.0, 0.0, 0.0, 0.0, 0.0, 0.0, 0.0, 0.0, 0.0, 0.0, 0.0, 0.0, 0.0, 0.0, 0.0, 0.0, 0.0, 6.658030926, 6.999574968, 7.343581698, 7.642644372, 7.88983668, 8.079001902, 8.20459899, 8.52859638, 8.787024702, 8.970648876, 9.077467968, 9.107174142, 9.06038307, 8.938941768, 8.746236432, 8.486115012, 8.164426392, 7.787327292, 7.36189794, 6.89629599, 6.398986932, 5.87889801, 5.345418222, 4.808090484, 4.60830492, 4.433761908, 4.181490306, 3.8556459, 3.462077574, 3.007095966, 2.511018252, 2.769600492, 2.948145372, 3.402203472], "min_cpu_time": [5, 8, 14, 10, 11, 17, 15, 6, 14, 1, 18, 7, 15], "max_cpu_time": [33, 40, 42, 24, 41, 44, 26, 34, 23, 36, 33, 25, 42], "min_job_period": [5, 10, 23, 10, 11, 23, 11, 9, 4, 1, 19, 20, 44], "max_job_period": [52, 67, 50, 39, 23, 91, 58, 77, 74, 51, 55, 70, 64], "min_startup": [6, 4, 2, 3, 3, 2, 2, 5, 2, 30, 2, 4, 2], "max_startup": [76, 16, 16, 58, 21, 77, 80, 17, 48, 74, 64, 20, 25], "priority": [12, 7, 3, 1, 10, 5, 13, 8, 11, 6, 4, 2, 9], "win_min": [0, 0, 0, 0, 0, 0, 0, 0, 0, 5, 0, 0, 0], "win_max": [97, 97, 97, 97, 97, 97, 97, 97, 97, 84, 97, 97, 97]}