{"subs": 1, "jobs": 13, "T": 97, "power_use": [0.9897606658565344, 1.7408025802460543, 1.6532102395012975, 3.6901148514639335, 2.213327350112577, 2.34582527475061, 2.74968445234323, 0.16546626620375737, 1.3072979831295382, 0.6197403183065644, 0.5812151792250458, 0.03317012003240207, 1.1778897281047351], "power_resource": [0.0, 0.0, 0.0, 0.0, 0.0, 0.0, 0.0, 0.0, 0.0, 0.0, 0.0, 0.0, 0.0, 0.0, 0.0, 0.0, 0.0, 0.0, 6.716058012, 6.93246672, 7.284785022, 7.593852366, 7.85212677, 8.053605432, 8.192593386, 8.469030114, 8.742234564, 8.941404456, 9.064077102, 9.109482912, 9.078237558, 8.97188022, 8.793489258, 8.54706654, 8.23769136, 7.871520438, 7.45578792, 6.998189706, 6.507191286, 5.991565986, 5.460856722, 4.924298574, 4.639396356, 4.48132257, 4.244442768, 3.93337449, 3.55319703, 3.110374944, 2.612142378, 2.709264636, 2.90366307, 3.277068138, 3.858108588, 4.431914892, 4.989098052, 5.520115152, 6.01588503, 6.467942196, 6.868282914, 7.209826956, 7.486109766, 7.692205968, 7.82365194, 7.877369322, 7.851665016, 7.746077268, 7.561067832, 7.298637642, 6.961865058, 6.714980586, 7.05867948, 7.35189327, 7.588773072, 7.80210342, 8.18151129, 8.490578634, 8.72638101, 8.886917484, 8.971572384, 8.9811153, 0.0, 0.0, 0.0, 0.0, 0.0, 0.0, 0.0, 0.0, 0.0, 0.0, 0.0, 0.0, 0.0, 0.0, 0.0, 0.0, 0.0], "min_cpu_time": [14, 10, 10, 16, 5, 11, 17, 2, 13, 14, 18, 15, 12], "max_cpu_time": [37, 41, 24, 20, 21, 32, 39, 18, 32, 23, 24, 17, 38], "min_job_period": [9, 6, 8, 3, 80, 86, 77, 31, 53, 89, 64, 80, 75], "max_job_period": [65, 61, 71, 73, 83, 88, 93, 67, 81, 94, 75, 87, 92], "min_startup": [1, 1, 1, 1, 1, 1, 1, 1, 1, 1, 1, 1, 1], "max_startup": [7, 28, 78, 89, 69, 1, 39, 15, 21, 6, 73, 8, 66], "priority": [2, 6, 9, 10, 3, 1, 11, 12, 7, 13, 5, 4, 8], "win_min": [0, 0, 0, 0, 0, 6, 0, 0, 0, 0, 0, 0, 0], "win_max": [97, 97, 97, 97, 97, 86, 97, 97, 97, 97, 97, 97, 97]}