{"subs": 1, "jobs": 18, "T": 97, "power_use": [1.865746234990959, 3.3116467224532227, 2.12029878460842, 0.7955654069299268, 1.670149584569087, 0.4384233203783524, 2.683880234384962, 0.555899821786147, 0.3921402576934296, 3.192672474317524, 0.8400643104632316, 0.9009294248639799, 2.32114793382265, 0.22711356112819125, 3.684191276842985, 3.5991056186481454, 0.7648827148700201, 0.7998255029154581], "power_resource": [7.80210342, 8.18151129, 8.490578634, 8.72638101, 8.886917484, 8.971572384, 8.9811153, 0.0, 0.0, 0.0, 0.0, 0.0, 0.0, 0.0, 0.0, 0.0, 0.0, 0.0, 0.0, 0.0, 0.0, 0.0, 0.0, 0.0, 0.0, 0.0, 0.0, 0.0, 0.0, 0.0, 0.0, 0.0, 0.0, 0.0, 0.0, 0.0, 0.0, 0.0, 0.0, 0.0, 0.0, 0.0, 6.771160656, 6.863665374, 7.22414133, 7.54275159, 7.81210809, 8.025592356, 8.17766334, 8.406385488, 8.694519984, 8.908927758, 9.04730004, 9.108559404, 9.092859768, 9.001740312, 8.83797156, 8.605093626, 8.308339722, 7.95371265, 7.547830884, 7.098544242, 6.614010378, 6.103310454, 5.575525632, 5.040198828, 4.667255514, 4.525497036, 4.304470788, 4.00802472, 3.64169988, 3.211191234, 2.724040764, 2.64585042, 2.856102408, 3.152086722, 3.733127172, 4.30893441, 4.869811602, 5.406215832, 5.909219856, 6.370204266, 6.78085749, 7.133945382, 7.423157304, 7.642952208, 7.788866472, 7.8575139, 7.847201394, 7.75669761, 7.58661822, 7.338656322, 7.015736358, 6.662032794, 7.014351096, 7.317569556, 7.565531454], "min_cpu_time": [8, 9, 5, 9, 16, 12, 2, 16, 1, 15, 8, 15, 5, 8, 13, 3, 4, 16], "max_cpu_time": [39, 37, 6, 18, 45, 34, 18, 47, 14, 30, 42, 38, 32, 28, 41, 7, 22, 45], "min_job_period": [35, 17, 76, 37, 48, 72, 37, 9, 13, 45, 84, 55, 14, 71, 67, 41, 8, 43], "max_job_period": [82, 42, 78, 63, 79, 87, 88, 69, 25, 56, 87, 75, 32, 87, 79, 57, 47, 89], "min_startup": [1, 1, 1, 1, 1, 1, 2, 1, 3, 1, 1, 1, 1, 1, 1, 1, 1, 1], "max_startup": [57, 17, 93, 14, 87, 82, 91, 23, 6, 33, 72, 89, 3, 71, 63, 52, 69, 24], "priority": [15, 9, 5, 18, 10, 3, 11, 16, 6, 17, 1, 14, 12, 2, 8, 13, 7, 4], "win_min": [0, 0, 0, 0, 0, 0, 0, 0, 0, 0, 0, 0, 0, 0, 0, 0, 0, 2], "win_max": [97, 97, 97, 97, 97, 97, 97, 97, 97, 97, 97, 97, 97, 97, 97, 97, 97, 95]}