{"subs": 1, "jobs": 18, "T": 97, "power_use": [3.199558391632186, 2.8312194835400666, 2.473966018200922, 3.626806241993779, 0.9986492093174674, 2.035150430423333, 3.0268854954866318, 0.9038972439981084, 0.8546576300364396, 2.7402494501654022, 3.124750235441838, 3.546595505355708, 1.798771618952104, 2.8680214085758804, 0.6920887213681367, 1.2658894170778354, 2.53216204896419, 0.600055372505922], "power_resource": [0.0, 0.0, 0.0, 0.0, 0.0, 0.0, 0.0, 0.0, 0.0, 0.0, 0.0, 0.0, 0.0, 0.0, 0.0, 0.0, 0.0, 0.0, 0.0, 0.0, 0.0, 0.0, 6.691123296, 7.065144036, 7.40037744, 7.689435444, 7.925083902, 8.101627848, 8.26924455, 8.585084286, 8.828582562, 8.996661018, 9.087780474, 9.101633094, 9.039450222, 8.902924956, 8.695905246, 8.422700796, 8.088698736, 7.700825376, 7.266007026, 6.792709176, 6.289551234, 5.765306526, 5.229671886, 4.691882394, 4.573827288, 4.383276804, 4.115459484, 3.775300704, 3.368341512, 2.901508218, 2.583821466, 2.827011906, 2.989549314, 3.527338806, 4.10730183, 4.676336676, 5.224900428, 5.743911924, 6.224136084, 6.657569172, 7.036515288, 7.354048122, 7.604164872, 7.782247998, 7.88444955, 7.908152922, 7.851972852, 7.71590934, 7.50119373, 7.209980874, 6.846118722, 6.815950794, 7.141487364, 7.41423006, 7.628329998, 7.940167866, 8.293563594, 8.575233534, 8.782714998, 8.914468806, 8.970648876, 8.952178716, 0.0, 0.0, 0.0, 0.0, 0.0, 0.0, 0.0, 0.0, 0.0, 0.0, 0.0, 0.0, 0.0], "min_cpu_time": [15, 5, 7, 6, 5, 6, 14, 17, 6, 18, 18, 2, 11, 17, 14, 13, 16, 15], "max_cpu_time": [44, 5, 21, 32, 42, 9, 16, 41, 30, 22, 32, 11, 39, 42, 29, 47, 36, 23], "min_job_period": [73, 41, 95, 83, 33, 27, 30, 76, 40, 82, 46, 16, 92, 21, 28, 44, 76, 79], "max_job_period": [92, 59, 95, 85, 42, 73, 67, 79, 65, 89, 85, 63, 93, 93, 62, 89, 85, 79], "min_startup": [1, 2, 1, 1, 2, 1, 1, 1, 1, 1, 1, 4, 1, 1, 1, 1, 1, 1], "max_startup": [67, 58, 33, 71, 5, 82, 19, 4, 86, 60, 12, 62, 86, 57, 73, 86, 88, 14], "priority": [14, 5, 15, 3, 7, 16, 2, 8, 4, 6, 18, 12, 13, 17, 10, 1, 9, 11], "win_min": [16, 0, 0, 0, 0, 0, 0, 0, 0, 0, 0, 0, 0, 0, 0, 0, 0, 0], "win_max": [80, 97, 97, 97, 97, 97, 97, 97, 97, 97, 97, 97, 97, 97, 97, 97, 97, 97]}