{"subs": 1, "jobs": 13, "T": 97, "power_use": [0.7463472040987434, 1.7330203877174293, 0.9016668416479817, 0.7571557704954887, 1.0310855631447213, 0.6176348194423112, 3.361476063623076, 1.6309188183403145, 3.542042286238534, 1.5266737106535688, 1.4563885710161817, 2.3948533990558647, 0.8290029595493473], "power_resource": [0.0, 0.0, 0.0, 0.0, 0.0, 0.0, 0.0, 0.0, 0.0, 0.0, 0.0, 0.0, 0.0, 0.0, 0.0, 0.0, 0.0, 0.0, 0.0, 0.0, 0.0, 0.0, 0.0, 0.0, 0.0, 0.0, 0.0, 0.0, 0.0, 6.691123296, 7.065144036, 7.40037744, 7.689435444, 7.925083902, 8.101627848, 8.26924455, 8.585084286, 8.828582562, 8.996661018, 9.087780474, 9.101633094, 9.039450222, 8.902924956, 8.695905246, 8.422700796, 8.088698736, 7.700825376, 7.266007026, 6.792709176, 6.289551234, 5.765306526, 5.229671886, 4.691882394, 4.573827288, 4.383276804, 4.115459484, 3.775300704, 3.368341512, 2.901508218, 2.583821466, 2.827011906, 2.989549314, 3.527338806, 4.10730183, 4.676336676, 5.224900428, 5.743911924, 6.224136084, 6.657569172, 7.036515288, 7.354048122, 7.604164872, 7.782247998, 7.88444955, 7.908152922, 7.851972852, 7.71590934, 7.50119373, 7.209980874, 6.846118722, 6.815950794, 7.141487364, 7.41423006, 7.628329998, 7.940167866, 8.293563594, 8.575233534, 8.782714998, 8.914468806, 8.970648876, 8.952178716, 0.0, 0.0, 0.0, 0.0, 0.0, 0.0], "min_cpu_time": [5, 16, 17, 2, 10, 17, 12, 13, 10, 6, 2, 3, 10], "max_cpu_time": [20, 40, 47, 28, 11, 29, 45, 24, 46, 9, 45, 37, 20], "min_job_period": [1, 6, 15, 1, 18, 31, 2, 11, 16, 7, 2, 1, 12], "max_job_period": [33, 50, 83, 20, 63, 59, 85, 30, 43, 54, 61, 95, 68], "min_startup": [10, 3, 3, 26, 5, 3, 4, 4, 5, 9, 26, 17, 5], "max_startup": [33, 87, 68, 39, 62, 10, 88, 16, 67, 13, 57, 38, 58], "priority": [8, 6, 1, 9, 2, 4, 11, 5, 13, 10, 12, 3, 7], "win_min": [9, 0, 0, 0, 0, 0, 0, 0, 0, 0, 0, 0, 0], "win_max": [81, 97, 97, 97, 97, 97, 97, 97, 97, 97, 97, 97, 97]}