{"subs": 1, "jobs": 13, "T": 97, "power_use": [1.6322387494752606, 0.48883182578821344, 3.7317628530892986, 2.7451079385765915, 0.4601458118838291, 3.2228831909754203, 1.6958693586536564, 1.3379055502208068, 0.35009904333189934, 1.8457955764356577, 3.230414492491405, 3.8007073514542937, 0.343113372034857], "power_resource": [0.0, 0.0, 0.0, 0.0, 0.0, 0.0, 6.691123296, 7.065144036, 7.40037744, 7.689435444, 7.925083902, 8.101627848, 8.26924455, 8.585084286, 8.828582562, 8.996661018, 9.087780474, 9.101633094, 9.039450222, 8.902924956, 8.695905246, 8.422700796, 8.088698736, 7.700825376, 7.266007026, 6.792709176, 6.289551234, 5.765306526, 5.229671886, 4.691882394, 4.573827288, 4.383276804, 4.115459484, 3.775300704, 3.368341512, 2.901508218, 2.583821466, 2.827011906, 2.989549314, 3.527338806, 4.10730183, 4.676336676, 5.224900428, 5.743911924, 6.224136084, 6.657569172, 7.036515288, 7.354048122, 7.604164872, 7.782247998, 7.88444955, 7.908152922, 7.851972852, 7.71590934, 7.50119373, 7.209980874, 6.846118722, 6.815950794, 7.141487364, 7.41423006, 7.628329998, 7.940167866, 8.293563594, 8.575233534, 8.782714998, 8.914468806, 8.970648876, 8.952178716, 0.0, 0.0, 0.0, 0.0, 0.0, 0.0, 0.0, 0.0, 0.0, 0.0, 0.0, 0.0, 0.0, 0.0, 0.0, 0.0, 0.0, 0.0, 0.0, 0.0, 0.0, 0.0, 0.0, 0.0, 0.0, 0.0, 0.0, 0.0, 0.0], "min_cpu_time": [16, 18, 8, 10, 2, 1, 9, 18, 11, 11, 3, 6, 12], "max_cpu_time": [36, 37, 35, 21, 12, 12, 15, 32, 20, 17, 32, 6, 18], "min_job_period": [63, 71, 67, 2, 46, 10, 95, 88, 44, 51, 31, 66, 59], "max_job_period": [96, 90, 70, 67, 91, 96, 95, 90, 56, 68, 42, 88, 89], "min_startup": [1, 1, 1, 1, 2, 3, 1, 1, 1, 1, 1, 1, 1], "max_startup": [64, 94, 86, 45, 74, 70, 10, 15, 63, 23, 21, 22, 80], "priority": [9, 7, 1, 11, 12, 8, 2, 4, 6, 5, 3, 13, 10], "win_min": [0, 0, 0, 14, 0, 0, 0, 0, 0, 0, 0, 0, 0], "win_max": [97, 97, 97, 81, 97, 97, 97, 97, 97, 97, 97, 97, 97]}