{"subs": 1, "jobs": 18, "T": 97, "power_use": [3.5503367970483426, 0.9842386292940951, 1.5357944454178043, 0.784961363157574, 1.3093992403429342, 0.9132075304924269, 0.1681409058139375, 3.7142596897668625, 3.0972814123732317, 1.238391158470257, 2.5892729958968475, 0.020047137328832308, 3.05235217287057, 2.1262430005335045, 0.5257539146641592, 1.5532047715344783, 0.4442625848640719, 2.1746016706659357], "power_resource": [0.0, 0.0, 0.0, 0.0, 0.0, 0.0, 0.0, 0.0, 0.0, 0.0, 0.0, 6.658030926, 6.999574968, 7.343581698, 7.642644372, 7.88983668, 8.079001902, 8.20459899, 8.52859638, 8.787024702, 8.970648876, 9.077467968, 9.107174142, 9.06038307, 8.938941768, 8.746236432, 8.486115012, 8.164426392, 7.787327292, 7.36189794, 6.89629599, 6.398986932, 5.87889801, 5.345418222, 4.808090484, 4.60830492, 4.433761908, 4.181490306, 3.8556459, 3.462077574, 3.007095966, 2.511018252, 2.769600492, 2.948145372, 3.402203472, 3.982782168, 4.55443362, 5.107460994, 5.63262921, 6.120857106, 6.56383311, 6.953553486, 7.283091924, 7.546445622, 7.738535286, 7.855512966, 7.894146384, 7.853358114, 7.732532484, 7.532593002, 7.25569452, 6.905223234, 6.766389198, 7.10100693, 7.384062132, 7.60970592, 7.872290028, 8.238768786, 8.534291346, 8.755933266, 8.902155366, 8.972495892, 8.96803227, 0.0, 0.0, 0.0, 0.0, 0.0, 0.0, 0.0, 0.0, 0.0, 0.0, 0.0, 0.0, 0.0, 0.0, 0.0, 0.0, 0.0, 0.0, 0.0, 0.0, 0.0, 0.0, 0.0, 0.0], "min_cpu_time": [8, 8, 8, 1, 15, 15, 4, 13, 11, 5, 15, 6, 16, 14, 9, 17, 17, 18], "max_cpu_time": [11, 10, 47, 19, 34, 29, 11, 17, 18, 31, 33, 19, 17, 25, 24, 40, 40, 24], "min_job_period": [21, 11, 17, 1, 29, 37, 11, 21, 25, 14, 11, 6, 23, 24, 1, 56, 41, 56], "max_job_period": [90, 39, 25, 20, 49, 88, 58, 96, 45, 19, 36, 96, 77, 90, 58, 67, 94, 65], "min_startup": [3, 3, 3, 22, 2, 2, 6, 2, 2, 5, 2, 4, 2, 2, 3, 1, 1, 1], "max_startup": [62, 64, 55, 30, 29, 5, 75, 78, 89, 13, 88, 89, 96, 75, 27, 26, 67, 66], "priority": [16, 6, 5, 17, 2, 12, 10, 18, 13, 14, 1, 7, 11, 9, 8, 3, 15, 4], "win_min": [0, 0, 0, 0, 0, 0, 0, 0, 0, 0, 0, 0, 0, 0, 0, 0, 4, 0], "win_max": [97, 97, 97, 97, 97, 97, 97, 97, 97, 97, 97, 97, 97, 97, 97, 97, 90, 97]}