{"subs": 1, "jobs": 13, "T": 97, "power_use": [1.2926923969936868, 2.0337193922134813, 0.4938086830742351, 1.4848940870380485, 3.167705697444965, 2.787197417180725, 0.8026056939273745, 1.380297175906099, 3.0491092555661092, 0.8812059541587461, 3.2962328980996976, 3.6811984740486507, 1.3318809163265921], "power_resource": [4.115459484, 3.775300704, 3.368341512, 2.901508218, 2.583821466, 2.827011906, 2.989549314, 3.527338806, 4.10730183, 4.676336676, 5.224900428, 5.743911924, 6.224136084, 6.657569172, 7.036515288, 7.354048122, 7.604164872, 7.782247998, 7.88444955, 7.908152922, 7.851972852, 7.71590934, 7.50119373, 7.209980874, 6.846118722, 6.815950794, 7.141487364, 7.41423006, 7.628329998, 7.940167866, 8.293563594, 8.575233534, 8.782714998, 8.914468806, 8.970648876, 8.952178716, 0.0, 0.0, 0.0, 0.0, 0.0, 0.0, 0.0, 0.0, 0.0, 0.0, 0.0, 0.0, 0.0, 0.0, 0.0, 0.0, 0.0, 0.0, 0.0, 0.0, 0.0, 0.0, 0.0, 0.0, 0.0, 0.0, 0.0, 0.0, 0.0, 0.0, 0.0, 0.0, 0.0, 0.0, 0.0, 6.658030926, 6.999574968, 7.343581698, 7.642644372, 7.88983668, 8.079001902, 8.20459899, 8.52859638, 8.787024702, 8.970648876, 9.077467968, 9.107174142, 9.06038307, 8.938941768, 8.746236432, 8.486115012, 8.164426392, 7.787327292, 7.36189794, 6.89629599, 6.398986932, 5.87889801, 5.345418222, 4.808090484, 4.60830492, 4.433761908], "min_cpu_time": [9, 5, 16, 14, 6, 4, 11, 10, 5, 12, 3, 18, 2], "max_cpu_time": [46, 32, 29, 32, 30, 33, 29, 28, 10, 22, 19, 29, 27], "min_job_period": [8, 7, 30, 17, 5, 2, 11, 6, 4, 10, 2, 34, 3], "max_job_period": [17, 96, 58, 90, 37, 82, 62, 92, 12, 76, 15, 61, 63], "min_startup": [4, 8, 3, 3, 7, 11, 4, 4, 8, 4, 14, 2, 21], "max_startup": [62, 28, 70, 96, 80, 87, 83, 84, 80, 64, 88, 65, 90], "priority": [8, 12, 1, 13, 7, 4, 3, 2, 9, 10, 5, 6, 11], "win_min": [0, 0, 0, 0, 0, 0, 3, 0, 0, 0, 0, 0, 0], "win_max": [97, 97, 97, 97, 97, 97, 93, 97, 97, 97, 97, 97, 97]}