{"subs": 1, "jobs": 18, "T": 97, "power_use": [3.550862704433523, 1.5541491601729798, 3.3412130910577753, 3.9594204753102775, 3.147234295594352, 0.13547277615009387, 1.568951086859319, 2.010142272485736, 3.596332127039309, 0.24889739763149446, 1.9419184930158682, 2.614455800812733, 3.3508801441446687, 1.7026778893515637, 1.630719208293694, 0.92089361397725, 1.8544928420517641, 3.4352289616215557], "power_resource": [7.4881107, 7.711445718, 7.861054014, 7.933549392, 7.926930918, 7.840275084, 7.674043644, 7.429929696, 7.110703764, 6.720521634, 6.909994692, 7.21644543, 7.467793524, 7.67204271, 8.068227642, 8.394841638, 8.648806338, 8.827659054, 8.930938032, 8.958643272, 0.0, 0.0, 0.0, 0.0, 0.0, 0.0, 0.0, 0.0, 0.0, 0.0, 0.0, 0.0, 0.0, 0.0, 0.0, 0.0, 0.0, 0.0, 0.0, 0.0, 0.0, 0.0, 0.0, 0.0, 0.0, 0.0, 0.0, 0.0, 0.0, 0.0, 0.0, 0.0, 0.0, 0.0, 0.0, 0.0, 6.76238733, 7.128866088, 7.455172248, 7.733763828, 7.957714518, 8.12148327, 8.337276306, 8.63864775, 8.866908144, 9.019286964, 9.094706784, 9.093013686, 9.015285096, 8.863983702, 8.642803536, 8.356362138, 8.01066231, 7.612168608, 7.168423014, 6.6877371, 6.178884192, 5.650945452, 5.113309878, 4.662637974, 4.536117378, 4.329405504, 4.04650422, 3.692031066, 3.272142762, 2.7936117, 2.653700238, 2.88134496, 3.070356264, 3.652320222, 4.23120582, 4.797316224, 5.341262436, 5.853655458, 6.325721964, 6.749458218, 7.11716832], "min_cpu_time": [18, 9, 14, 14, 1, 4, 11, 6, 1, 4, 1, 11, 11, 13, 13, 3, 3, 1], "max_cpu_time": [47, 43, 36, 31, 5, 44, 16, 13, 5, 14, 1, 14, 32, 20, 34, 7, 28, 3], "min_job_period": [72, 28, 76, 68, 3, 10, 32, 34, 7, 25, 2, 24, 66, 34, 20, 12, 5, 2], "max_job_period": [77, 72, 85, 69, 4, 57, 53, 52, 48, 58, 93, 62, 89, 48, 86, 83, 65, 24], "min_startup": [1, 1, 1, 1, 8, 2, 1, 2, 8, 2, 8, 1, 1, 1, 1, 3, 3, 8], "max_startup": [88, 65, 17, 89, 69, 43, 56, 74, 89, 67, 26, 2, 42, 34, 96, 62, 70, 25], "priority": [9, 11, 5, 14, 2, 16, 15, 10, 17, 13, 4, 8, 6, 3, 18, 1, 7, 12], "win_min": [0, 8, 0, 0, 0, 0, 0, 0, 0, 0, 0, 0, 0, 0, 0, 0, 0, 0], "win_max": [97, 83, 97, 97, 97, 97, 97, 97, 97, 97, 97, 97, 97, 97, 97, 97, 97, 97]}