{"subs": 1, "jobs": 13, "T": 97, "power_use": [0.6033515136490638, 3.779947122866459, 0.849594538963787, 3.38599093993641, 2.5988853182413134, 1.1448703665900286, 0.03789278468417802, 2.7822041485424647, 2.222916019081799, 3.6051764982157266, 2.933131955035192, 2.4419400313499984, 3.895679321223585], "power_resource": [4.9176801, 5.4563931, 5.961859812, 6.425460828, 6.839192412, 7.195512582, 7.4881107, 7.711445718, 7.861054014, 7.933549392, 7.926930918, 7.840275084, 7.674043644, 7.429929696, 7.110703764, 6.720521634, 6.909994692, 7.21644543, 7.467793524, 7.67204271, 8.068227642, 8.394841638, 8.648806338, 8.827659054, 8.930938032, 8.958643272, 0.0, 0.0, 0.0, 0.0, 0.0, 0.0, 0.0, 0.0, 0.0, 0.0, 0.0, 0.0, 0.0, 0.0, 0.0, 0.0, 0.0, 0.0, 0.0, 0.0, 0.0, 0.0, 0.0, 0.0, 0.0, 0.0, 0.0, 0.0, 0.0, 0.0, 0.0, 0.0, 0.0, 0.0, 0.0, 0.0, 6.76238733, 7.128866088, 7.455172248, 7.733763828, 7.957714518, 8.12148327, 8.337276306, 8.63864775, 8.866908144, 9.019286964, 9.094706784, 9.093013686, 9.015285096, 8.863983702, 8.642803536, 8.356362138, 8.01066231, 7.612168608, 7.168423014, 6.6877371, 6.178884192, 5.650945452, 5.113309878, 4.662637974, 4.536117378, 4.329405504, 4.04650422, 3.692031066, 3.272142762, 2.7936117, 2.653700238, 2.88134496, 3.070356264, 3.652320222, 4.23120582], "min_cpu_time": [3, 5, 7, 6, 14, 3, 5, 2, 6, 11, 15, 4, 8], "max_cpu_time": [22, 31, 21, 20, 18, 23, 22, 19, 28, 16, 23, 4, 44], "min_job_period": [7, 6, 16, 6, 42, 11, 19, 6, 30, 91, 17, 16, 70], "max_job_period": [24, 46, 26, 48, 46, 55, 71, 60, 57, 94, 56, 19, 96], "min_startup": [3, 2, 1, 2, 1, 3, 2, 4, 2, 1, 1, 2, 1], "max_startup": [70, 45, 69, 4, 57, 21, 28, 19, 59, 48, 39, 73, 15], "priority": [3, 6, 12, 9, 7, 5, 2, 10, 13, 11, 4, 1, 8], "win_min": [0, 0, 0, 0, 0, 0, 0, 0, 0, 0, 17, 0, 0], "win_max": [97, 97, 97, 97, 97, 97, 97, 97, 97, 97, 78, 97, 97]}