{"subs": 1, "jobs": 18, "T": 97, "power_use": [3.7021739227424293, 2.2713321990542497, 2.1385488311061205, 0.06929149828658016, 3.911818060974, 2.2963853270924113, 3.1691104151437295, 2.250613867502712, 3.5105676138440893, 2.3409413558373955, 2.8383108072121312, 0.6026484709122697, 1.7195184484819068, 2.7786213647062223, 0.4274327806461842, 1.7640248987206162, 0.6731465693410894, 2.0328447307635487], "power_resource": [7.926930918, 7.840275084, 7.674043644, 7.429929696, 7.110703764, 6.720521634, 6.909994692, 7.21644543, 7.467793524, 7.67204271, 8.068227642, 8.394841638, 8.648806338, 8.827659054, 8.930938032, 8.958643272, 0.0, 0.0, 0.0, 0.0, 0.0, 0.0, 0.0, 0.0, 0.0, 0.0, 0.0, 0.0, 0.0, 0.0, 0.0, 0.0, 0.0, 0.0, 0.0, 0.0, 0.0, 0.0, 0.0, 0.0, 0.0, 0.0, 0.0, 0.0, 0.0, 0.0, 0.0, 0.0, 0.0, 0.0, 0.0, 0.0, 6.76238733, 7.128866088, 7.455172248, 7.733763828, 7.957714518, 8.12148327, 8.337276306, 8.63864775, 8.866908144, 9.019286964, 9.094706784, 9.093013686, 9.015285096, 8.863983702, 8.642803536, 8.356362138, 8.01066231, 7.612168608, 7.168423014, 6.6877371, 6.178884192, 5.650945452, 5.113309878, 4.662637974, 4.536117378, 4.329405504, 4.04650422, 3.692031066, 3.272142762, 2.7936117, 2.653700238, 2.88134496, 3.070356264, 3.652320222, 4.23120582, 4.797316224, 5.341262436, 5.853655458, 6.325721964, 6.749458218, 7.11716832, 7.422387714, 7.659113598, 7.823036268, 7.910461692], "min_cpu_time": [8, 18, 2, 12, 15, 11, 16, 6, 17, 14, 9, 4, 13, 18, 6, 6, 13, 7], "max_cpu_time": [47, 22, 2, 12, 21, 44, 41, 35, 27, 28, 31, 4, 39, 40, 22, 21, 42, 38], "min_job_period": [22, 85, 2, 17, 30, 35, 26, 11, 34, 26, 26, 6, 30, 10, 26, 13, 40, 26], "max_job_period": [67, 91, 9, 95, 54, 54, 54, 14, 37, 40, 44, 7, 57, 57, 77, 87, 48, 58], "min_startup": [2, 1, 8, 2, 1, 2, 1, 3, 1, 1, 2, 4, 1, 1, 3, 3, 1, 2], "max_startup": [73, 58, 90, 41, 10, 87, 69, 42, 29, 18, 90, 29, 43, 59, 36, 44, 5, 25], "priority": [6, 8, 3, 9, 4, 15, 14, 2, 16, 17, 18, 12, 1, 13, 10, 11, 7, 5], "win_min": [0, 0, 0, 18, 0, 0, 0, 0, 0, 0, 0, 0, 0, 0, 0, 0, 0, 0], "win_max": [97, 97, 97, 79, 97, 97, 97, 97, 97, 97, 97, 97, 97, 97, 97, 97, 97, 97]}