{"subs": 1, "jobs": 18, "T": 97, "power_use": [1.7005883502873367, 3.4299284208432237, 0.47808910109094366, 1.092295786279838, 1.6211330352626647, 1.6052504386372297, 2.688820079893911, 1.3854253282282756, 2.8579298049559654, 2.560355727909316, 1.6026529695665448, 1.732722909340734, 2.4619655222431795, 0.2894683386771321, 3.2914028860392044, 2.617150432843411, 2.9081064330271627, 2.152322774318738], "power_resource": [0.0, 0.0, 0.0, 0.0, 0.0, 0.0, 0.0, 0.0, 0.0, 0.0, 0.0, 0.0, 0.0, 0.0, 0.0, 0.0, 0.0, 0.0, 0.0, 6.771160656, 6.863665374, 7.22414133, 7.54275159, 7.81210809, 8.025592356, 8.17766334, 8.406385488, 8.694519984, 8.908927758, 9.04730004, 9.108559404, 9.092859768, 9.001740312, 8.83797156, 8.605093626, 8.308339722, 7.95371265, 7.547830884, 7.098544242, 6.614010378, 6.103310454, 5.575525632, 5.040198828, 4.667255514, 4.525497036, 4.304470788, 4.00802472, 3.64169988, 3.211191234, 2.724040764, 2.64585042, 2.856102408, 3.152086722, 3.733127172, 4.30893441, 4.869811602, 5.406215832, 5.909219856, 6.370204266, 6.78085749, 7.133945382, 7.423157304, 7.642952208, 7.788866472, 7.8575139, 7.847201394, 7.75669761, 7.58661822, 7.338656322, 7.015736358, 6.662032794, 7.014351096, 7.317569556, 7.565531454, 7.752541824, 8.121637188, 8.444249316, 8.69405823, 8.86875516, 8.967878352, 8.991427806, 0.0, 0.0, 0.0, 0.0, 0.0, 0.0, 0.0, 0.0, 0.0, 0.0, 0.0, 0.0, 0.0, 0.0, 0.0, 0.0], "min_cpu_time": [7, 18, 12, 4, 14, 5, 7, 12, 15, 13, 4, 6, 8, 15, 12, 10, 12, 17], "max_cpu_time": [16, 29, 14, 44, 44, 44, 20, 38, 29, 23, 7, 23, 23, 20, 24, 13, 43, 38], "min_job_period": [22, 94, 29, 6, 78, 20, 13, 20, 90, 34, 1, 14, 3, 94, 28, 31, 18, 65], "max_job_period": [64, 96, 90, 42, 95, 25, 70, 37, 93, 82, 72, 73, 48, 94, 42, 66, 52, 96], "min_startup": [3, 1, 2, 5, 1, 4, 3, 2, 1, 2, 5, 3, 3, 1, 2, 2, 2, 1], "max_startup": [89, 56, 45, 64, 25, 55, 15, 21, 50, 11, 83, 40, 24, 57, 72, 59, 57, 17], "priority": [15, 18, 10, 9, 5, 12, 17, 2, 6, 3, 13, 16, 11, 8, 1, 4, 7, 14], "win_min": [0, 0, 0, 0, 0, 0, 0, 0, 0, 0, 0, 0, 0, 0, 0, 0, 8, 0], "win_max": [97, 97, 97, 97, 97, 97, 97, 97, 97, 97, 97, 97, 97, 97, 97, 97, 96, 97]}