{"subs": 1, "jobs": 13, "T": 97, "power_use": [2.3628774467304186, 2.843568595894566, 0.9951686760905364, 2.307073010633077, 2.22530220964794, 1.5174877160859195, 3.97572182881633, 2.422397339583057, 3.3654955091459273, 0.03840970102858087, 2.1092696404134204, 1.919813898179176, 1.8332724181263809], "power_resource": [7.428698352, 6.96786786, 6.473637162, 5.954625666, 5.42022237, 4.879816272, 4.610305854, 4.450846806, 4.212581742, 3.899666448, 3.517488054, 3.07220328, 2.571354108, 2.784530538, 2.980929906, 3.319857342, 3.902283054, 4.477782456, 5.03696655, 5.57029242, 6.068678904, 6.523506594, 6.926771754, 7.271548074, 7.551370998, 7.761007314, 7.896147318, 7.95371265, 7.931856294, 7.829962578, 7.648801092, 7.390218852, 7.0571403, 6.654029058, 6.954323076, 7.250923062, 7.49118906, 7.744999842, 8.128255662, 8.441478792, 8.681283036, 8.845975296, 8.9349399, 8.948638602, 0.0, 0.0, 0.0, 0.0, 0.0, 0.0, 0.0, 0.0, 0.0, 0.0, 0.0, 0.0, 0.0, 0.0, 0.0, 0.0, 0.0, 0.0, 0.0, 0.0, 0.0, 0.0, 0.0, 0.0, 0.0, 0.0, 0.0, 0.0, 0.0, 0.0, 0.0, 0.0, 0.0, 0.0, 0.0, 6.809794074, 6.832112184, 7.190895042, 7.507966122, 7.775783442, 7.987882446, 8.138722086, 8.40238362, 8.689132854, 8.902155366, 9.03883455, 9.098400816, 9.081008082, 8.987887692, 8.82181017, 8.586777384, 8.287560792, 7.930163196], "min_cpu_time": [6, 6, 18, 7, 4, 2, 17, 11, 4, 7, 13, 17, 10], "max_cpu_time": [24, 19, 19, 17, 10, 3, 20, 32, 18, 35, 15, 45, 10], "min_job_period": [8, 5, 35, 10, 9, 1, 25, 23, 11, 8, 25, 18, 25], "max_job_period": [19, 14, 80, 92, 73, 92, 57, 64, 18, 55, 27, 21, 55], "min_startup": [5, 5, 2, 4, 7, 14, 2, 3, 7, 4, 2, 2, 3], "max_startup": [40, 29, 83, 75, 65, 45, 39, 51, 91, 26, 55, 52, 21], "priority": [13, 10, 4, 11, 9, 5, 3, 7, 6, 1, 2, 12, 8], "win_min": [0, 0, 0, 0, 0, 0, 0, 0, 0, 0, 0, 0, 4], "win_max": [97, 97, 97, 97, 97, 97, 97, 97, 97, 97, 97, 97, 82]}