{"subs": 1, "jobs": 18, "T": 97, "power_use": [0.26804000309040615, 1.3558212608445324, 3.917978599817443, 3.3322654381714507, 0.9136915083296558, 1.0358210175496438, 2.875534445244957, 0.4618322228157744, 1.5741339879743361, 2.068115315199947, 3.3653658942689155, 2.762253985128438, 2.813353493737234, 0.4108474234032085, 1.088739019334373, 0.1450888168015756, 2.0521221240031693, 1.7599771982500818], "power_resource": [7.284785022, 7.593852366, 7.85212677, 8.053605432, 8.192593386, 8.469030114, 8.742234564, 8.941404456, 9.064077102, 9.109482912, 9.078237558, 8.97188022, 8.793489258, 8.54706654, 8.23769136, 7.871520438, 7.45578792, 6.998189706, 6.507191286, 5.991565986, 5.460856722, 4.924298574, 4.639396356, 4.48132257, 4.244442768, 3.93337449, 3.55319703, 3.110374944, 2.612142378, 2.709264636, 2.90366307, 3.277068138, 3.858108588, 4.431914892, 4.989098052, 5.520115152, 6.01588503, 6.467942196, 6.868282914, 7.209826956, 7.486109766, 7.692205968, 7.82365194, 7.877369322, 7.851665016, 7.746077268, 7.561067832, 7.298637642, 6.961865058, 6.714980586, 7.05867948, 7.35189327, 7.588773072, 7.80210342, 8.18151129, 8.490578634, 8.72638101, 8.886917484, 8.971572384, 8.9811153, 0.0, 0.0, 0.0, 0.0, 0.0, 0.0, 0.0, 0.0, 0.0, 0.0, 0.0, 0.0, 0.0, 0.0, 0.0, 0.0, 0.0, 0.0, 0.0, 0.0, 0.0, 0.0, 0.0, 0.0, 0.0, 0.0, 0.0, 0.0, 0.0, 0.0, 0.0, 0.0, 0.0, 0.0, 0.0, 6.771160656, 6.863665374], "min_cpu_time": [4, 6, 5, 16, 3, 4, 10, 11, 4, 18, 10, 15, 14, 17, 6, 17, 18, 7], "max_cpu_time": [22, 23, 17, 28, 40, 46, 10, 35, 11, 42, 44, 33, 23, 30, 11, 38, 44, 13], "min_job_period": [92, 23, 82, 72, 31, 27, 35, 33, 65, 72, 9, 58, 51, 81, 7, 83, 55, 75], "max_job_period": [92, 71, 91, 89, 59, 58, 70, 71, 67, 74, 60, 80, 69, 87, 52, 86, 72, 85], "min_startup": [1, 1, 1, 1, 1, 1, 1, 1, 1, 1, 1, 1, 1, 1, 1, 1, 1, 1], "max_startup": [20, 88, 51, 89, 94, 31, 76, 14, 10, 22, 3, 87, 5, 7, 49, 42, 69, 40], "priority": [8, 12, 18, 7, 11, 1, 17, 14, 10, 16, 4, 15, 3, 9, 5, 2, 13, 6], "win_min": [0, 0, 0, 0, 0, 0, 0, 0, 0, 0, 0, 3, 0, 0, 0, 0, 0, 0], "win_max": [97, 97, 97, 97, 97, 97, 97, 97, 97, 97, 97, 95, 97, 97, 97, 97, 97, 97]}