{"subs": 1, "jobs": 18, "T": 97, "power_use": [1.497095863851208, 0.24163239612443468, 2.4636543462835565, 2.1446504331247582, 0.9278411597932739, 2.334095627613305, 1.8041388905324507, 3.355565204860837, 2.267105652486029, 2.927628230983406, 1.0403508750693975, 3.310124343464461, 3.3551154234755156, 3.8527933262218457, 0.46774613713982366, 3.5701855305763845, 3.9077484726872735, 3.3169232998605334], "power_resource": [3.110374944, 2.612142378, 2.709264636, 2.90366307, 3.277068138, 3.858108588, 4.431914892, 4.989098052, 5.520115152, 6.01588503, 6.467942196, 6.868282914, 7.209826956, 7.486109766, 7.692205968, 7.82365194, 7.877369322, 7.851665016, 7.746077268, 7.561067832, 7.298637642, 6.961865058, 6.714980586, 7.05867948, 7.35189327, 7.588773072, 7.80210342, 8.18151129, 8.490578634, 8.72638101, 8.886917484, 8.971572384, 8.9811153, 0.0, 0.0, 0.0, 0.0, 0.0, 0.0, 0.0, 0.0, 0.0, 0.0, 0.0, 0.0, 0.0, 0.0, 0.0, 0.0, 0.0, 0.0, 0.0, 0.0, 0.0, 0.0, 0.0, 0.0, 0.0, 0.0, 0.0, 0.0, 0.0, 0.0, 0.0, 0.0, 0.0, 0.0, 0.0, 6.771160656, 6.863665374, 7.22414133, 7.54275159, 7.81210809, 8.025592356, 8.17766334, 8.406385488, 8.694519984, 8.908927758, 9.04730004, 9.108559404, 9.092859768, 9.001740312, 8.83797156, 8.605093626, 8.308339722, 7.95371265, 7.547830884, 7.098544242, 6.614010378, 6.103310454, 5.575525632, 5.040198828, 4.667255514, 4.525497036, 4.304470788, 4.00802472, 3.64169988], "min_cpu_time": [5, 7, 16, 2, 14, 11, 1, 15, 17, 9, 7, 14, 14, 2, 6, 14, 18, 18], "max_cpu_time": [11, 36, 37, 40, 29, 25, 42, 16, 36, 25, 13, 40, 14, 3, 36, 28, 29, 25], "min_job_period": [20, 41, 74, 1, 1, 58, 3, 5, 37, 22, 44, 40, 94, 7, 19, 35, 1, 14], "max_job_period": [42, 82, 79, 34, 78, 88, 28, 75, 87, 84, 55, 48, 96, 80, 29, 45, 66, 22], "min_startup": [3, 2, 1, 6, 1, 1, 12, 1, 1, 2, 2, 1, 1, 6, 2, 1, 1, 1], "max_startup": [25, 42, 65, 66, 4, 87, 13, 89, 75, 68, 95, 5, 60, 14, 11, 13, 54, 8], "priority": [7, 5, 9, 17, 14, 11, 4, 13, 12, 8, 3, 10, 2, 16, 6, 1, 18, 15], "win_min": [0, 0, 0, 0, 0, 6, 0, 0, 0, 0, 0, 0, 0, 0, 0, 0, 0, 0], "win_max": [97, 97, 97, 97, 97, 93, 97, 97, 97, 97, 97, 97, 97, 97, 97, 97, 97, 97]}