{"subs": 1, "jobs": 13, "T": 97, "power_use": [2.894159273376258, 1.3582787157856757, 1.6219884534098208, 3.5418468117013124, 3.7955101971567275, 0.8269927228790668, 1.6716120642132213, 1.5261138366496536, 0.8630071342030539, 0.9786726961033224, 2.8603561454529816, 0.13853984116932574, 1.5616431876012176], "power_resource": [8.9811153, 0.0, 0.0, 0.0, 0.0, 0.0, 0.0, 0.0, 0.0, 0.0, 0.0, 0.0, 0.0, 0.0, 0.0, 0.0, 0.0, 0.0, 0.0, 0.0, 0.0, 0.0, 0.0, 0.0, 0.0, 0.0, 0.0, 0.0, 0.0, 0.0, 0.0, 0.0, 0.0, 0.0, 0.0, 0.0, 6.771160656, 6.863665374, 7.22414133, 7.54275159, 7.81210809, 8.025592356, 8.17766334, 8.406385488, 8.694519984, 8.908927758, 9.04730004, 9.108559404, 9.092859768, 9.001740312, 8.83797156, 8.605093626, 8.308339722, 7.95371265, 7.547830884, 7.098544242, 6.614010378, 6.103310454, 5.575525632, 5.040198828, 4.667255514, 4.525497036, 4.304470788, 4.00802472, 3.64169988, 3.211191234, 2.724040764, 2.64585042, 2.856102408, 3.152086722, 3.733127172, 4.30893441, 4.869811602, 5.406215832, 5.909219856, 6.370204266, 6.78085749, 7.133945382, 7.423157304, 7.642952208, 7.788866472, 7.8575139, 7.847201394, 7.75669761, 7.58661822, 7.338656322, 7.015736358, 6.662032794, 7.014351096, 7.317569556, 7.565531454, 7.752541824, 8.121637188, 8.444249316, 8.69405823, 8.86875516, 8.967878352], "min_cpu_time": [11, 14, 18, 17, 7, 7, 1, 5, 5, 10, 18, 14, 8], "max_cpu_time": [39, 26, 41, 30, 14, 38, 3, 43, 39, 16, 19, 40, 35], "min_job_period": [1, 20, 41, 19, 5, 18, 1, 14, 6, 31, 36, 26, 17], "max_job_period": [34, 85, 51, 74, 15, 19, 83, 95, 79, 44, 60, 84, 26], "min_startup": [3, 2, 2, 2, 4, 4, 32, 6, 6, 3, 2, 2, 4], "max_startup": [61, 40, 91, 74, 49, 37, 49, 18, 64, 24, 20, 73, 70], "priority": [9, 1, 4, 2, 6, 7, 3, 13, 11, 12, 10, 8, 5], "win_min": [0, 13, 0, 0, 0, 0, 0, 0, 0, 0, 0, 0, 0], "win_max": [97, 90, 97, 97, 97, 97, 97, 97, 97, 97, 97, 97, 97]}