{"subs": 1, "jobs": 13, "T": 97, "power_use": [0.2687624501814434, 1.7960853159296721, 3.245177054088634, 3.927142149783027, 0.2364098359862324, 1.7968486174820117, 0.07508379783397937, 1.8425078058392126, 3.775025617829883, 3.2222688226017704, 0.40212775274734, 0.5418806366192089, 3.2373397400392165], "power_resource": [3.93337449, 3.55319703, 3.110374944, 2.612142378, 2.709264636, 2.90366307, 3.277068138, 3.858108588, 4.431914892, 4.989098052, 5.520115152, 6.01588503, 6.467942196, 6.868282914, 7.209826956, 7.486109766, 7.692205968, 7.82365194, 7.877369322, 7.851665016, 7.746077268, 7.561067832, 7.298637642, 6.961865058, 6.714980586, 7.05867948, 7.35189327, 7.588773072, 7.80210342, 8.18151129, 8.490578634, 8.72638101, 8.886917484, 8.971572384, 8.9811153, 0.0, 0.0, 0.0, 0.0, 0.0, 0.0, 0.0, 0.0, 0.0, 0.0, 0.0, 0.0, 0.0, 0.0, 0.0, 0.0, 0.0, 0.0, 0.0, 0.0, 0.0, 0.0, 0.0, 0.0, 0.0, 0.0, 0.0, 0.0, 0.0, 0.0, 0.0, 0.0, 0.0, 0.0, 0.0, 6.771160656, 6.863665374, 7.22414133, 7.54275159, 7.81210809, 8.025592356, 8.17766334, 8.406385488, 8.694519984, 8.908927758, 9.04730004, 9.108559404, 9.092859768, 9.001740312, 8.83797156, 8.605093626, 8.308339722, 7.95371265, 7.547830884, 7.098544242, 6.614010378, 6.103310454, 5.575525632, 5.040198828, 4.667255514, 4.525497036, 4.304470788], "min_cpu_time": [12, 8, 7, 18, 1, 4, 7, 15, 11, 5, 2, 5, 14], "max_cpu_time": [24, 11, 47, 22, 20, 36, 14, 39, 12, 27, 11, 36, 15], "min_job_period": [18, 27, 31, 74, 28, 19, 71, 63, 78, 84, 9, 77, 40], "max_job_period": [89, 66, 89, 85, 54, 51, 80, 78, 82, 95, 68, 84, 71], "min_startup": [1, 1, 1, 1, 2, 1, 1, 1, 1, 1, 1, 1, 1], "max_startup": [94, 21, 39, 69, 35, 31, 51, 70, 82, 48, 51, 77, 39], "priority": [2, 13, 12, 10, 3, 5, 7, 11, 9, 4, 6, 8, 1], "win_min": [0, 0, 0, 0, 11, 0, 0, 0, 0, 0, 0, 0, 0], "win_max": [97, 97, 97, 97, 88, 97, 97, 97, 97, 97, 97, 97, 97]}