{"subs": 1, "jobs": 18, "T": 97, "power_use": [2.6654611348640866, 0.9155374743943299, 1.6892017207418257, 3.6421095611378274, 0.19520890585031214, 0.4650654960638276, 2.1007306576416567, 0.1966251943972332, 3.0425076341004096, 1.069314986747586, 2.579085585948574, 3.807328251214458, 2.2253160188309673, 3.443113555098674, 3.408822113776516, 0.4153506284688079, 3.373977034609933, 1.0421052886962747], "power_resource": [6.178884192, 5.650945452, 5.113309878, 4.662637974, 4.536117378, 4.329405504, 4.04650422, 3.692031066, 3.272142762, 2.7936117, 2.653700238, 2.88134496, 3.070356264, 3.652320222, 4.23120582, 4.797316224, 5.341262436, 5.853655458, 6.325721964, 6.749458218, 7.11716832, 7.422387714, 7.659113598, 7.823036268, 7.910461692, 7.918927182, 7.847663148, 7.696515672, 7.467023934, 7.161650622, 6.784551522, 6.86397321, 7.179966864, 7.442089218, 7.644645306, 8.005429098, 8.34543396, 8.613405198, 8.806572288, 8.92416564, 8.966031336, 0.0, 0.0, 0.0, 0.0, 0.0, 0.0, 0.0, 0.0, 0.0, 0.0, 0.0, 0.0, 0.0, 0.0, 0.0, 0.0, 0.0, 0.0, 0.0, 0.0, 0.0, 0.0, 0.0, 0.0, 0.0, 0.0, 0.0, 0.0, 0.0, 0.0, 0.0, 0.0, 0.0, 0.0, 0.0, 0.0, 6.691123296, 7.065144036, 7.40037744, 7.689435444, 7.925083902, 8.101627848, 8.26924455, 8.585084286, 8.828582562, 8.996661018, 9.087780474, 9.101633094, 9.039450222, 8.902924956, 8.695905246, 8.422700796, 8.088698736, 7.700825376, 7.266007026, 6.792709176], "min_cpu_time": [15, 9, 13, 18, 7, 17, 9, 10, 16, 5, 2, 13, 10, 14, 3, 6, 10, 17], "max_cpu_time": [23, 17, 22, 29, 14, 21, 10, 40, 46, 13, 31, 39, 25, 17, 36, 32, 17, 27], "min_job_period": [62, 24, 93, 77, 43, 15, 31, 1, 31, 12, 4, 88, 25, 95, 15, 27, 48, 65], "max_job_period": [69, 59, 93, 87, 68, 77, 59, 80, 46, 70, 68, 91, 88, 95, 52, 75, 85, 76], "min_startup": [1, 2, 1, 1, 2, 1, 2, 1, 1, 3, 6, 1, 1, 1, 4, 2, 1, 1], "max_startup": [77, 86, 45, 87, 45, 92, 54, 2, 81, 53, 86, 52, 5, 32, 55, 56, 8, 74], "priority": [3, 4, 1, 8, 9, 17, 7, 16, 18, 15, 14, 12, 13, 5, 10, 2, 11, 6], "win_min": [0, 0, 2, 0, 0, 0, 0, 0, 0, 0, 0, 0, 0, 0, 0, 0, 0, 0], "win_max": [97, 97, 79, 97, 97, 97, 97, 97, 97, 97, 97, 97, 97, 97, 97, 97, 97, 97]}