{"subs": 1, "jobs": 13, "T": 97, "power_use": [2.4684020664601607, 2.845979895713445, 2.3696642446555995, 1.936522432054633, 3.399803322842279, 0.1593461770735125, 0.36985576394858755, 2.35056375129151, 2.8618283209554503, 1.6561950775391356, 1.8641052431643856, 2.078519184780085, 1.3413417418782274], "power_resource": [0.0, 0.0, 0.0, 0.0, 0.0, 0.0, 0.0, 6.76238733, 7.128866088, 7.455172248, 7.733763828, 7.957714518, 8.12148327, 8.337276306, 8.63864775, 8.866908144, 9.019286964, 9.094706784, 9.093013686, 9.015285096, 8.863983702, 8.642803536, 8.356362138, 8.01066231, 7.612168608, 7.168423014, 6.6877371, 6.178884192, 5.650945452, 5.113309878, 4.662637974, 4.536117378, 4.329405504, 4.04650422, 3.692031066, 3.272142762, 2.7936117, 2.653700238, 2.88134496, 3.070356264, 3.652320222, 4.23120582, 4.797316224, 5.341262436, 5.853655458, 6.325721964, 6.749458218, 7.11716832, 7.422387714, 7.659113598, 7.823036268, 7.910461692, 7.918927182, 7.847663148, 7.696515672, 7.467023934, 7.161650622, 6.784551522, 6.86397321, 7.179966864, 7.442089218, 7.644645306, 8.005429098, 8.34543396, 8.613405198, 8.806572288, 8.92416564, 8.966031336, 0.0, 0.0, 0.0, 0.0, 0.0, 0.0, 0.0, 0.0, 0.0, 0.0, 0.0, 0.0, 0.0, 0.0, 0.0, 0.0, 0.0, 0.0, 0.0, 0.0, 0.0, 0.0, 0.0, 0.0, 0.0, 0.0, 0.0, 0.0, 0.0], "min_cpu_time": [17, 3, 4, 5, 11, 10, 8, 18, 1, 11, 12, 11, 6], "max_cpu_time": [28, 35, 8, 31, 13, 36, 27, 27, 6, 12, 22, 31, 27], "min_job_period": [5, 3, 8, 13, 27, 10, 18, 31, 1, 26, 21, 29, 15], "max_job_period": [90, 69, 60, 17, 88, 84, 30, 70, 19, 94, 21, 74, 44], "min_startup": [2, 10, 8, 6, 3, 3, 4, 2, 31, 3, 3, 3, 5], "max_startup": [73, 27, 19, 17, 43, 87, 30, 14, 87, 73, 91, 73, 80], "priority": [8, 7, 3, 12, 5, 6, 10, 11, 13, 4, 1, 2, 9], "win_min": [0, 0, 13, 0, 0, 0, 0, 0, 0, 0, 0, 0, 0], "win_max": [97, 97, 94, 97, 97, 97, 97, 97, 97, 97, 97, 97, 97]}