{"subs": 1, "jobs": 13, "T": 97, "power_use": [0.21315358362806688, 3.72152118318337, 1.2838003146581076, 2.4178661484885264, 1.37915394560835, 0.8597696047862922, 2.0616003740050908, 3.6499729602551145, 1.7720186405294656, 1.0380037907668693, 1.6799465841009815, 0.8891281168930736, 3.6273654299752716], "power_resource": [4.55443362, 5.107460994, 5.63262921, 6.120857106, 6.56383311, 6.953553486, 7.283091924, 7.546445622, 7.738535286, 7.855512966, 7.894146384, 7.853358114, 7.732532484, 7.532593002, 7.25569452, 6.905223234, 6.766389198, 7.10100693, 7.384062132, 7.60970592, 7.872290028, 8.238768786, 8.534291346, 8.755933266, 8.902155366, 8.972495892, 8.96803227, 0.0, 0.0, 0.0, 0.0, 0.0, 0.0, 0.0, 0.0, 0.0, 0.0, 0.0, 0.0, 0.0, 0.0, 0.0, 0.0, 0.0, 0.0, 0.0, 0.0, 0.0, 0.0, 0.0, 0.0, 0.0, 0.0, 0.0, 0.0, 0.0, 0.0, 0.0, 0.0, 0.0, 0.0, 0.0, 6.716058012, 6.93246672, 7.284785022, 7.593852366, 7.85212677, 8.053605432, 8.192593386, 8.469030114, 8.742234564, 8.941404456, 9.064077102, 9.109482912, 9.078237558, 8.97188022, 8.793489258, 8.54706654, 8.23769136, 7.871520438, 7.45578792, 6.998189706, 6.507191286, 5.991565986, 5.460856722, 4.924298574, 4.639396356, 4.48132257, 4.244442768, 3.93337449, 3.55319703, 3.110374944, 2.612142378, 2.709264636, 2.90366307, 3.277068138, 3.858108588], "min_cpu_time": [8, 9, 17, 2, 8, 7, 6, 14, 8, 7, 7, 4, 4], "max_cpu_time": [42, 9, 28, 23, 14, 43, 45, 17, 43, 37, 12, 31, 34], "min_job_period": [13, 4, 25, 1, 15, 12, 10, 10, 15, 4, 8, 6, 2], "max_job_period": [59, 18, 84, 9, 65, 17, 76, 35, 65, 22, 65, 90, 52], "min_startup": [6, 5, 3, 24, 6, 7, 8, 3, 6, 7, 7, 12, 12], "max_startup": [34, 28, 69, 89, 16, 38, 9, 47, 59, 83, 39, 53, 25], "priority": [12, 11, 7, 5, 6, 4, 10, 3, 13, 1, 8, 9, 2], "win_min": [0, 0, 0, 0, 0, 0, 0, 0, 9, 0, 0, 0, 0], "win_max": [97, 97, 97, 97, 97, 97, 97, 97, 92, 97, 97, 97, 97]}