{"subs": 1, "jobs": 13, "T": 97, "power_use": [2.94060857436785, 1.5021136405843847, 0.623714033892686, 2.1646333751380227, 3.7358537989366205, 2.374250242536924, 0.5553198094166719, 0.20348970245866477, 3.350928818546105, 2.5258905841478123, 3.8678795781920035, 0.37384216331437903, 0.5582632948087373], "power_resource": [4.181490306, 3.8556459, 3.462077574, 3.007095966, 2.511018252, 2.769600492, 2.948145372, 3.402203472, 3.982782168, 4.55443362, 5.107460994, 5.63262921, 6.120857106, 6.56383311, 6.953553486, 7.283091924, 7.546445622, 7.738535286, 7.855512966, 7.894146384, 7.853358114, 7.732532484, 7.532593002, 7.25569452, 6.905223234, 6.766389198, 7.10100693, 7.384062132, 7.60970592, 7.872290028, 8.238768786, 8.534291346, 8.755933266, 8.902155366, 8.972495892, 8.96803227, 0.0, 0.0, 0.0, 0.0, 0.0, 0.0, 0.0, 0.0, 0.0, 0.0, 0.0, 0.0, 0.0, 0.0, 0.0, 0.0, 0.0, 0.0, 0.0, 0.0, 0.0, 0.0, 0.0, 0.0, 0.0, 0.0, 0.0, 0.0, 0.0, 0.0, 0.0, 0.0, 0.0, 0.0, 0.0, 6.716058012, 6.93246672, 7.284785022, 7.593852366, 7.85212677, 8.053605432, 8.192593386, 8.469030114, 8.742234564, 8.941404456, 9.064077102, 9.109482912, 9.078237558, 8.97188022, 8.793489258, 8.54706654, 8.23769136, 7.871520438, 7.45578792, 6.998189706, 6.507191286, 5.991565986, 5.460856722, 4.924298574, 4.639396356, 4.48132257], "min_cpu_time": [1, 12, 3, 6, 2, 8, 17, 2, 4, 7, 11, 4, 10], "max_cpu_time": [37, 25, 47, 7, 29, 39, 17, 43, 35, 37, 37, 9, 35], "min_job_period": [1, 7, 2, 9, 2, 22, 6, 1, 13, 28, 33, 18, 14], "max_job_period": [52, 19, 53, 63, 87, 67, 56, 57, 88, 56, 36, 40, 40], "min_startup": [21, 2, 7, 4, 10, 3, 1, 10, 5, 3, 2, 5, 2], "max_startup": [94, 15, 28, 83, 65, 50, 58, 22, 62, 23, 17, 48, 96], "priority": [11, 3, 13, 8, 5, 1, 2, 9, 6, 4, 10, 12, 7], "win_min": [0, 0, 10, 0, 0, 0, 0, 0, 0, 0, 0, 0, 0], "win_max": [97, 97, 82, 97, 97, 97, 97, 97, 97, 97, 97, 97, 97]}