{"subs": 1, "jobs": 13, "T": 97, "power_use": [2.635593562470098, 1.8777863203043046, 1.8273863594271176, 1.6150654988145594, 2.388350586567769, 2.3835624864528513, 0.4811814536134842, 2.751786544170405, 1.5648363148007722, 3.0500704368901483, 2.9831756791435984, 1.213729500774403, 2.874958196446027], "power_resource": [6.815950794, 7.141487364, 7.41423006, 7.628329998, 7.940167866, 8.293563594, 8.575233534, 8.782714998, 8.914468806, 8.970648876, 8.952178716, 0.0, 0.0, 0.0, 0.0, 0.0, 0.0, 0.0, 0.0, 0.0, 0.0, 0.0, 0.0, 0.0, 0.0, 0.0, 0.0, 0.0, 0.0, 0.0, 0.0, 0.0, 0.0, 0.0, 0.0, 0.0, 0.0, 0.0, 0.0, 0.0, 0.0, 0.0, 0.0, 0.0, 0.0, 0.0, 6.658030926, 6.999574968, 7.343581698, 7.642644372, 7.88983668, 8.079001902, 8.20459899, 8.52859638, 8.787024702, 8.970648876, 9.077467968, 9.107174142, 9.06038307, 8.938941768, 8.746236432, 8.486115012, 8.164426392, 7.787327292, 7.36189794, 6.89629599, 6.398986932, 5.87889801, 5.345418222, 4.808090484, 4.60830492, 4.433761908, 4.181490306, 3.8556459, 3.462077574, 3.007095966, 2.511018252, 2.769600492, 2.948145372, 3.402203472, 3.982782168, 4.55443362, 5.107460994, 5.63262921, 6.120857106, 6.56383311, 6.953553486, 7.283091924, 7.546445622, 7.738535286, 7.855512966, 7.894146384, 7.853358114, 7.732532484, 7.532593002, 7.25569452, 6.905223234], "min_cpu_time": [3, 7, 17, 2, 11, 2, 3, 5, 16, 12, 9, 5, 10], "max_cpu_time": [22, 38, 29, 37, 11, 3, 42, 26, 37, 44, 25, 7, 23], "min_job_period": [3, 26, 34, 8, 77, 10, 12, 26, 39, 68, 37, 1, 2], "max_job_period": [89, 73, 75, 39, 95, 59, 59, 53, 39, 81, 49, 93, 62], "min_startup": [5, 2, 1, 7, 1, 7, 5, 3, 1, 1, 2, 3, 2], "max_startup": [30, 28, 61, 96, 91, 13, 34, 7, 65, 45, 65, 69, 94], "priority": [6, 7, 8, 5, 12, 10, 9, 4, 13, 11, 2, 3, 1], "win_min": [0, 0, 6, 0, 0, 0, 0, 0, 0, 0, 0, 0, 0], "win_max": [97, 97, 91, 97, 97, 97, 97, 97, 97, 97, 97, 97, 97]}