{"subs": 1, "jobs": 13, "T": 97, "power_use": [0.8529965143609705, 2.376870584896618, 1.1770872749486192, 3.8166391612349773, 2.3234164436030214, 3.5543686794609934, 3.1456781430369047, 0.7794754007819528, 0.3730602786570688, 0.6573997433558354, 3.139609241947716, 3.283953890040895, 2.2102283065510564], "power_resource": [0.0, 0.0, 0.0, 0.0, 0.0, 0.0, 0.0, 0.0, 0.0, 0.0, 0.0, 0.0, 0.0, 0.0, 0.0, 0.0, 0.0, 0.0, 0.0, 0.0, 0.0, 0.0, 0.0, 0.0, 0.0, 0.0, 0.0, 0.0, 0.0, 0.0, 0.0, 0.0, 0.0, 0.0, 6.658030926, 6.999574968, 7.343581698, 7.642644372, 7.88983668, 8.079001902, 8.20459899, 8.52859638, 8.787024702, 8.970648876, 9.077467968, 9.107174142, 9.06038307, 8.938941768, 8.746236432, 8.486115012, 8.164426392, 7.787327292, 7.36189794, 6.89629599, 6.398986932, 5.87889801, 5.345418222, 4.808090484, 4.60830492, 4.433761908, 4.181490306, 3.8556459, 3.462077574, 3.007095966, 2.511018252, 2.769600492, 2.948145372, 3.402203472, 3.982782168, 4.55443362, 5.107460994, 5.63262921, 6.120857106, 6.56383311, 6.953553486, 7.283091924, 7.546445622, 7.738535286, 7.855512966, 7.894146384, 7.853358114, 7.732532484, 7.532593002, 7.25569452, 6.905223234, 6.766389198, 7.10100693, 7.384062132, 7.60970592, 7.872290028, 8.238768786, 8.534291346, 8.755933266, 8.902155366, 8.972495892, 8.96803227, 0.0], "min_cpu_time": [18, 6, 18, 5, 8, 5, 8, 10, 14, 4, 12, 10, 14], "max_cpu_time": [45, 29, 18, 38, 46, 13, 13, 37, 15, 40, 40, 25, 23], "min_job_period": [38, 4, 87, 33, 36, 53, 64, 56, 51, 74, 23, 40, 32], "max_job_period": [61, 81, 95, 89, 74, 79, 84, 85, 52, 77, 89, 91, 39], "min_startup": [1, 1, 1, 1, 1, 1, 1, 1, 1, 1, 1, 1, 1], "max_startup": [6, 31, 34, 57, 13, 55, 56, 85, 12, 8, 21, 43, 83], "priority": [6, 11, 7, 10, 8, 1, 12, 5, 13, 4, 3, 9, 2], "win_min": [6, 0, 0, 0, 0, 0, 0, 0, 0, 0, 0, 0, 0], "win_max": [96, 97, 97, 97, 97, 97, 97, 97, 97, 97, 97, 97, 97]}