{"subs": 1, "jobs": 13, "T": 97, "power_use": [3.2388761899189085, 1.7436044387492282, 2.9655517696162463, 2.921942711631923, 1.81429361702617, 0.5548293435688156, 3.4231619768580575, 0.16600999290143806, 0.7412390474641096, 2.050798373439218, 3.7245951224716856, 2.6037345149601654, 0.5288924902107047], "power_resource": [3.858108588, 4.431914892, 4.989098052, 5.520115152, 6.01588503, 6.467942196, 6.868282914, 7.209826956, 7.486109766, 7.692205968, 7.82365194, 7.877369322, 7.851665016, 7.746077268, 7.561067832, 7.298637642, 6.961865058, 6.714980586, 7.05867948, 7.35189327, 7.588773072, 7.80210342, 8.18151129, 8.490578634, 8.72638101, 8.886917484, 8.971572384, 8.9811153, 0.0, 0.0, 0.0, 0.0, 0.0, 0.0, 0.0, 0.0, 0.0, 0.0, 0.0, 0.0, 0.0, 0.0, 0.0, 0.0, 0.0, 0.0, 0.0, 0.0, 0.0, 0.0, 0.0, 0.0, 0.0, 0.0, 0.0, 0.0, 0.0, 0.0, 0.0, 0.0, 0.0, 0.0, 0.0, 6.771160656, 6.863665374, 7.22414133, 7.54275159, 7.81210809, 8.025592356, 8.17766334, 8.406385488, 8.694519984, 8.908927758, 9.04730004, 9.108559404, 9.092859768, 9.001740312, 8.83797156, 8.605093626, 8.308339722, 7.95371265, 7.547830884, 7.098544242, 6.614010378, 6.103310454, 5.575525632, 5.040198828, 4.667255514, 4.525497036, 4.304470788, 4.00802472, 3.64169988, 3.211191234, 2.724040764, 2.64585042, 2.856102408, 3.152086722], "min_cpu_time": [12, 4, 7, 12, 11, 4, 5, 2, 12, 14, 12, 9, 17], "max_cpu_time": [20, 20, 39, 25, 36, 21, 45, 14, 20, 20, 32, 47, 43], "min_job_period": [18, 3, 3, 22, 18, 3, 8, 2, 4, 5, 18, 10, 22], "max_job_period": [58, 39, 51, 80, 23, 72, 87, 11, 17, 70, 50, 41, 29], "min_startup": [4, 13, 7, 4, 4, 13, 10, 25, 4, 3, 4, 5, 3], "max_startup": [91, 42, 55, 92, 51, 29, 26, 91, 29, 24, 18, 45, 50], "priority": [11, 4, 9, 10, 5, 3, 2, 8, 7, 1, 6, 12, 13], "win_min": [0, 5, 0, 0, 0, 0, 0, 0, 0, 0, 0, 0, 0], "win_max": [97, 95, 97, 97, 97, 97, 97, 97, 97, 97, 97, 97, 97]}