{"subs": 1, "jobs": 18, "T": 97, "power_use": [3.17998918160634, 2.50495494207956, 3.6963760822315845, 0.35820170039988297, 0.18376474186799788, 3.114348751140051, 3.278448624572859, 0.6852274480676904, 0.041574671510458454, 3.980293449308491, 2.225988122308529, 3.630879050337988, 1.1815607454411017, 1.3947922752622515, 3.497277800954071, 2.693884423887263, 1.2346890534001616, 2.400641228343263], "power_resource": [7.209980874, 6.846118722, 6.815950794, 7.141487364, 7.41423006, 7.628329998, 7.940167866, 8.293563594, 8.575233534, 8.782714998, 8.914468806, 8.970648876, 8.952178716, 0.0, 0.0, 0.0, 0.0, 0.0, 0.0, 0.0, 0.0, 0.0, 0.0, 0.0, 0.0, 0.0, 0.0, 0.0, 0.0, 0.0, 0.0, 0.0, 0.0, 0.0, 0.0, 0.0, 0.0, 0.0, 0.0, 0.0, 0.0, 0.0, 0.0, 0.0, 0.0, 0.0, 0.0, 0.0, 6.658030926, 6.999574968, 7.343581698, 7.642644372, 7.88983668, 8.079001902, 8.20459899, 8.52859638, 8.787024702, 8.970648876, 9.077467968, 9.107174142, 9.06038307, 8.938941768, 8.746236432, 8.486115012, 8.164426392, 7.787327292, 7.36189794, 6.89629599, 6.398986932, 5.87889801, 5.345418222, 4.808090484, 4.60830492, 4.433761908, 4.181490306, 3.8556459, 3.462077574, 3.007095966, 2.511018252, 2.769600492, 2.948145372, 3.402203472, 3.982782168, 4.55443362, 5.107460994, 5.63262921, 6.120857106, 6.56383311, 6.953553486, 7.283091924, 7.546445622, 7.738535286, 7.855512966, 7.894146384, 7.853358114, 7.732532484, 7.532593002], "min_cpu_time": [9, 2, 7, 17, 12, 16, 3, 6, 15, 18, 1, 6, 14, 18, 7, 3, 4, 5], "max_cpu_time": [9, 31, 29, 21, 15, 46, 46, 19, 28, 21, 12, 19, 37, 31, 32, 32, 27, 28], "min_job_period": [39, 48, 7, 49, 69, 27, 45, 6, 58, 68, 3, 46, 9, 95, 42, 48, 48, 90], "max_job_period": [76, 83, 60, 74, 91, 85, 75, 52, 74, 82, 8, 59, 79, 96, 42, 48, 93, 95], "min_startup": [1, 1, 1, 1, 1, 1, 1, 1, 1, 1, 1, 1, 1, 1, 1, 1, 1, 1], "max_startup": [61, 67, 95, 45, 66, 41, 21, 14, 9, 22, 40, 6, 1, 75, 86, 29, 39, 89], "priority": [4, 5, 6, 18, 9, 14, 16, 8, 1, 2, 13, 7, 10, 3, 12, 15, 11, 17], "win_min": [0, 0, 0, 0, 0, 0, 0, 0, 12, 0, 0, 0, 0, 0, 0, 0, 0, 0], "win_max": [97, 97, 97, 97, 97, 97, 97, 97, 85, 97, 97, 97, 97, 97, 97, 97, 97, 97]}