{"subs": 1, "jobs": 18, "T": 97, "power_use": [0.3753102022944352, 2.284565975060217, 1.6775268913694512, 1.4776945301473339, 3.253849931840035, 1.1661424109307477, 2.872392489018661, 2.4556628899839814, 1.713370204460114, 3.009973149381692, 1.7169724040433656, 1.7192457966093446, 1.4539987265994518, 0.621820526899102, 3.749389394356027, 3.6664753943599875, 3.130014265332969, 2.4691524909796265], "power_resource": [8.642803536, 8.356362138, 8.01066231, 7.612168608, 7.168423014, 6.6877371, 6.178884192, 5.650945452, 5.113309878, 4.662637974, 4.536117378, 4.329405504, 4.04650422, 3.692031066, 3.272142762, 2.7936117, 2.653700238, 2.88134496, 3.070356264, 3.652320222, 4.23120582, 4.797316224, 5.341262436, 5.853655458, 6.325721964, 6.749458218, 7.11716832, 7.422387714, 7.659113598, 7.823036268, 7.910461692, 7.918927182, 7.847663148, 7.696515672, 7.467023934, 7.161650622, 6.784551522, 6.86397321, 7.179966864, 7.442089218, 7.644645306, 8.005429098, 8.34543396, 8.613405198, 8.806572288, 8.92416564, 8.966031336, 0.0, 0.0, 0.0, 0.0, 0.0, 0.0, 0.0, 0.0, 0.0, 0.0, 0.0, 0.0, 0.0, 0.0, 0.0, 0.0, 0.0, 0.0, 0.0, 0.0, 0.0, 0.0, 0.0, 0.0, 0.0, 0.0, 0.0, 0.0, 0.0, 0.0, 0.0, 0.0, 0.0, 0.0, 0.0, 0.0, 6.691123296, 7.065144036, 7.40037744, 7.689435444, 7.925083902, 8.101627848, 8.26924455, 8.585084286, 8.828582562, 8.996661018, 9.087780474, 9.101633094, 9.039450222, 8.902924956], "min_cpu_time": [15, 3, 5, 5, 1, 4, 6, 7, 16, 8, 6, 16, 18, 1, 11, 11, 3, 3], "max_cpu_time": [27, 28, 37, 34, 13, 6, 21, 33, 22, 38, 8, 24, 42, 10, 34, 30, 45, 14], "min_job_period": [38, 30, 9, 6, 2, 24, 3, 92, 80, 2, 17, 32, 13, 10, 34, 91, 19, 28], "max_job_period": [87, 90, 49, 55, 77, 44, 49, 94, 80, 58, 51, 84, 39, 87, 70, 92, 80, 70], "min_startup": [1, 3, 2, 2, 7, 2, 1, 1, 1, 1, 1, 1, 1, 7, 1, 1, 3, 3], "max_startup": [71, 75, 88, 90, 8, 24, 60, 92, 92, 54, 88, 62, 38, 50, 59, 53, 90, 89], "priority": [18, 17, 12, 6, 7, 3, 8, 15, 14, 5, 11, 2, 9, 4, 13, 1, 10, 16], "win_min": [0, 0, 0, 0, 0, 0, 0, 0, 0, 0, 0, 0, 0, 0, 9, 0, 0, 0], "win_max": [97, 97, 97, 97, 97, 97, 97, 97, 97, 97, 97, 97, 97, 97, 79, 97, 97, 97]}