{"subs": 1, "jobs": 13, "T": 97, "power_use": [2.648643700511449, 1.3219369416270137, 2.547264963324425, 3.987963918971646, 1.4199185585051783, 1.0992028484838472, 2.7368253557794735, 2.464151820402692, 2.09421845814757, 0.46986144034924493, 1.5769159020523253, 2.1466478964713858, 3.4251354933820317], "power_resource": [7.823036268, 7.910461692, 7.918927182, 7.847663148, 7.696515672, 7.467023934, 7.161650622, 6.784551522, 6.86397321, 7.179966864, 7.442089218, 7.644645306, 8.005429098, 8.34543396, 8.613405198, 8.806572288, 8.92416564, 8.966031336, 0.0, 0.0, 0.0, 0.0, 0.0, 0.0, 0.0, 0.0, 0.0, 0.0, 0.0, 0.0, 0.0, 0.0, 0.0, 0.0, 0.0, 0.0, 0.0, 0.0, 0.0, 0.0, 0.0, 0.0, 0.0, 0.0, 0.0, 0.0, 0.0, 0.0, 0.0, 0.0, 0.0, 0.0, 0.0, 0.0, 6.691123296, 7.065144036, 7.40037744, 7.689435444, 7.925083902, 8.101627848, 8.26924455, 8.585084286, 8.828582562, 8.996661018, 9.087780474, 9.101633094, 9.039450222, 8.902924956, 8.695905246, 8.422700796, 8.088698736, 7.700825376, 7.266007026, 6.792709176, 6.289551234, 5.765306526, 5.229671886, 4.691882394, 4.573827288, 4.383276804, 4.115459484, 3.775300704, 3.368341512, 2.901508218, 2.583821466, 2.827011906, 2.989549314, 3.527338806, 4.10730183, 4.676336676, 5.224900428, 5.743911924, 6.224136084, 6.657569172, 7.036515288, 7.354048122, 7.604164872], "min_cpu_time": [9, 13, 9, 9, 12, 14, 1, 2, 12, 17, 9, 4, 10], "max_cpu_time": [47, 34, 17, 23, 15, 16, 36, 48, 47, 18, 31, 19, 34], "min_job_period": [13, 18, 11, 19, 22, 22, 1, 1, 15, 8, 17, 4, 8], "max_job_period": [26, 74, 75, 69, 95, 47, 49, 96, 66, 96, 61, 18, 18], "min_startup": [4, 3, 4, 4, 4, 3, 42, 21, 4, 2, 4, 11, 4], "max_startup": [56, 57, 96, 48, 45, 63, 75, 29, 35, 87, 77, 80, 64], "priority": [7, 8, 11, 5, 3, 6, 2, 10, 9, 12, 1, 4, 13], "win_min": [12, 0, 0, 0, 0, 0, 0, 0, 0, 0, 0, 0, 0], "win_max": [95, 97, 97, 97, 97, 97, 97, 97, 97, 97, 97, 97, 97]}