{"subs": 1, "jobs": 13, "T": 97, "power_use": [1.9116565953123812, 1.406666349749713, 1.435015781318514, 2.2200312017676715, 3.6877764057114844, 0.692404011965169, 1.3540855439917847, 2.3389535481971695, 1.402592018209681, 1.2752144839270603, 2.135874389199737, 1.959556172514058, 2.077481566002853], "power_resource": [0.0, 0.0, 0.0, 0.0, 0.0, 0.0, 0.0, 0.0, 0.0, 0.0, 0.0, 0.0, 0.0, 0.0, 0.0, 0.0, 0.0, 0.0, 0.0, 0.0, 0.0, 0.0, 0.0, 0.0, 0.0, 0.0, 0.0, 6.716058012, 6.93246672, 7.284785022, 7.593852366, 7.85212677, 8.053605432, 8.192593386, 8.469030114, 8.742234564, 8.941404456, 9.064077102, 9.109482912, 9.078237558, 8.97188022, 8.793489258, 8.54706654, 8.23769136, 7.871520438, 7.45578792, 6.998189706, 6.507191286, 5.991565986, 5.460856722, 4.924298574, 4.639396356, 4.48132257, 4.244442768, 3.93337449, 3.55319703, 3.110374944, 2.612142378, 2.709264636, 2.90366307, 3.277068138, 3.858108588, 4.431914892, 4.989098052, 5.520115152, 6.01588503, 6.467942196, 6.868282914, 7.209826956, 7.486109766, 7.692205968, 7.82365194, 7.877369322, 7.851665016, 7.746077268, 7.561067832, 7.298637642, 6.961865058, 6.714980586, 7.05867948, 7.35189327, 7.588773072, 7.80210342, 8.18151129, 8.490578634, 8.72638101, 8.886917484, 8.971572384, 8.9811153, 0.0, 0.0, 0.0, 0.0, 0.0, 0.0, 0.0, 0.0], "min_cpu_time": [5, 4, 13, 1, 1, 15, 4, 15, 17, 12, 3, 15, 4], "max_cpu_time": [8, 10, 42, 24, 12, 45, 5, 27, 22, 41, 32, 37, 48], "min_job_period": [1, 9, 24, 2, 1, 43, 6, 29, 18, 25, 7, 47, 5], "max_job_period": [15, 73, 40, 95, 48, 88, 93, 55, 32, 64, 32, 63, 64], "min_startup": [6, 8, 2, 32, 32, 2, 8, 2, 2, 3, 11, 2, 8], "max_startup": [15, 72, 18, 37, 46, 28, 54, 25, 15, 43, 41, 25, 95], "priority": [13, 10, 12, 3, 1, 7, 8, 2, 11, 6, 5, 4, 9], "win_min": [0, 0, 0, 0, 0, 1, 0, 0, 0, 0, 0, 0, 0], "win_max": [97, 97, 97, 97, 97, 87, 97, 97, 97, 97, 97, 97, 97]}