{"subs": 1, "jobs": 18, "T": 97, "power_use": [0.8183163449521722, 0.43460650918006155, 3.987751896861909, 0.34375382724286385, 1.7074901900421953, 2.424083860547478, 1.0322396640299867, 3.9105536104179257, 0.266559714997914, 1.7624632517598167, 2.982307864269367, 3.990931917083297, 0.37493825911653905, 3.0025517249927423, 1.9499963091848806, 3.933782071958659, 1.9310738545958817, 2.7608109078754133], "power_resource": [3.8556459, 3.462077574, 3.007095966, 2.511018252, 2.769600492, 2.948145372, 3.402203472, 3.982782168, 4.55443362, 5.107460994, 5.63262921, 6.120857106, 6.56383311, 6.953553486, 7.283091924, 7.546445622, 7.738535286, 7.855512966, 7.894146384, 7.853358114, 7.732532484, 7.532593002, 7.25569452, 6.905223234, 6.766389198, 7.10100693, 7.384062132, 7.60970592, 7.872290028, 8.238768786, 8.534291346, 8.755933266, 8.902155366, 8.972495892, 8.96803227, 0.0, 0.0, 0.0, 0.0, 0.0, 0.0, 0.0, 0.0, 0.0, 0.0, 0.0, 0.0, 0.0, 0.0, 0.0, 0.0, 0.0, 0.0, 0.0, 0.0, 0.0, 0.0, 0.0, 0.0, 0.0, 0.0, 0.0, 0.0, 0.0, 0.0, 0.0, 0.0, 0.0, 0.0, 0.0, 6.716058012, 6.93246672, 7.284785022, 7.593852366, 7.85212677, 8.053605432, 8.192593386, 8.469030114, 8.742234564, 8.941404456, 9.064077102, 9.109482912, 9.078237558, 8.97188022, 8.793489258, 8.54706654, 8.23769136, 7.871520438, 7.45578792, 6.998189706, 6.507191286, 5.991565986, 5.460856722, 4.924298574, 4.639396356, 4.48132257, 4.244442768], "min_cpu_time": [7, 1, 5, 7, 6, 4, 9, 18, 3, 12, 2, 17, 15, 10, 6, 9, 13, 15], "max_cpu_time": [33, 1, 22, 19, 16, 14, 21, 37, 15, 16, 33, 35, 36, 28, 25, 23, 40, 44], "min_job_period": [25, 45, 72, 63, 46, 27, 71, 77, 63, 16, 94, 65, 72, 17, 41, 59, 9, 72], "max_job_period": [31, 71, 96, 89, 65, 81, 84, 93, 73, 54, 95, 86, 95, 84, 43, 79, 62, 94], "min_startup": [1, 2, 1, 1, 1, 1, 1, 1, 1, 1, 1, 1, 1, 1, 1, 1, 1, 1], "max_startup": [88, 67, 83, 92, 82, 69, 92, 38, 30, 17, 69, 87, 83, 89, 63, 71, 10, 19], "priority": [15, 1, 17, 13, 10, 3, 12, 14, 9, 18, 8, 4, 5, 6, 16, 2, 7, 11], "win_min": [0, 0, 0, 0, 0, 0, 0, 0, 18, 0, 0, 0, 0, 0, 0, 0, 0, 0], "win_max": [97, 97, 97, 97, 97, 97, 97, 97, 88, 97, 97, 97, 97, 97, 97, 97, 97, 97]}