{"subs": 1, "jobs": 18, "T": 97, "power_use": [2.513373759181592, 2.844046088314161, 0.6902896894225973, 2.3274931709912345, 0.26921215164150625, 0.9925474057130711, 0.96369755633576, 2.6150651725016028, 2.711807037860778, 1.957808952281663, 0.06921682765866308, 1.4102828361560575, 3.5628073099300193, 0.6911399246662911, 2.6207293101605034, 1.0515508962761546, 1.3384213767710307, 0.8134607676650943], "power_resource": [8.886917484, 8.971572384, 8.9811153, 0.0, 0.0, 0.0, 0.0, 0.0, 0.0, 0.0, 0.0, 0.0, 0.0, 0.0, 0.0, 0.0, 0.0, 0.0, 0.0, 0.0, 0.0, 0.0, 0.0, 0.0, 0.0, 0.0, 0.0, 0.0, 0.0, 0.0, 0.0, 0.0, 0.0, 0.0, 0.0, 0.0, 0.0, 0.0, 6.771160656, 6.863665374, 7.22414133, 7.54275159, 7.81210809, 8.025592356, 8.17766334, 8.406385488, 8.694519984, 8.908927758, 9.04730004, 9.108559404, 9.092859768, 9.001740312, 8.83797156, 8.605093626, 8.308339722, 7.95371265, 7.547830884, 7.098544242, 6.614010378, 6.103310454, 5.575525632, 5.040198828, 4.667255514, 4.525497036, 4.304470788, 4.00802472, 3.64169988, 3.211191234, 2.724040764, 2.64585042, 2.856102408, 3.152086722, 3.733127172, 4.30893441, 4.869811602, 5.406215832, 5.909219856, 6.370204266, 6.78085749, 7.133945382, 7.423157304, 7.642952208, 7.788866472, 7.8575139, 7.847201394, 7.75669761, 7.58661822, 7.338656322, 7.015736358, 6.662032794, 7.014351096, 7.317569556, 7.565531454, 7.752541824, 8.121637188, 8.444249316, 8.69405823], "min_cpu_time": [9, 13, 13, 3, 4, 5, 17, 2, 9, 6, 16, 5, 5, 8, 11, 10, 6, 16], "max_cpu_time": [37, 25, 22, 31, 9, 22, 23, 18, 42, 9, 36, 38, 38, 28, 33, 28, 44, 46], "min_job_period": [3, 64, 64, 27, 22, 25, 34, 2, 31, 94, 26, 4, 6, 59, 82, 28, 59, 75], "max_job_period": [17, 74, 79, 83, 40, 71, 77, 31, 71, 95, 64, 72, 30, 61, 93, 95, 81, 85], "min_startup": [1, 1, 1, 2, 2, 2, 1, 3, 1, 1, 1, 2, 2, 1, 1, 1, 1, 1], "max_startup": [36, 47, 70, 59, 58, 17, 91, 74, 38, 72, 68, 66, 75, 4, 83, 80, 63, 17], "priority": [11, 10, 16, 14, 5, 17, 8, 13, 12, 2, 15, 7, 3, 4, 1, 6, 9, 18], "win_min": [0, 0, 0, 0, 7, 0, 0, 0, 0, 0, 0, 0, 0, 0, 0, 0, 0, 0], "win_max": [97, 97, 97, 97, 85, 97, 97, 97, 97, 97, 97, 97, 97, 97, 97, 97, 97, 97]}