{"subs": 1, "jobs": 13, "T": 97, "power_use": [1.6487729132050666, 0.2618219131958886, 1.170833030494927, 2.3209906640447096, 1.3676747444609196, 2.736203848596324, 0.972735801605784, 3.7946599102695213, 1.6621943261481598, 0.045696255561016474, 1.900312041859313, 0.7884357768523037, 2.21013559489626], "power_resource": [0.0, 0.0, 0.0, 0.0, 0.0, 0.0, 0.0, 0.0, 0.0, 0.0, 0.0, 0.0, 0.0, 0.0, 0.0, 6.771160656, 6.863665374, 7.22414133, 7.54275159, 7.81210809, 8.025592356, 8.17766334, 8.406385488, 8.694519984, 8.908927758, 9.04730004, 9.108559404, 9.092859768, 9.001740312, 8.83797156, 8.605093626, 8.308339722, 7.95371265, 7.547830884, 7.098544242, 6.614010378, 6.103310454, 5.575525632, 5.040198828, 4.667255514, 4.525497036, 4.304470788, 4.00802472, 3.64169988, 3.211191234, 2.724040764, 2.64585042, 2.856102408, 3.152086722, 3.733127172, 4.30893441, 4.869811602, 5.406215832, 5.909219856, 6.370204266, 6.78085749, 7.133945382, 7.423157304, 7.642952208, 7.788866472, 7.8575139, 7.847201394, 7.75669761, 7.58661822, 7.338656322, 7.015736358, 6.662032794, 7.014351096, 7.317569556, 7.565531454, 7.752541824, 8.121637188, 8.444249316, 8.69405823, 8.86875516, 8.967878352, 8.991427806, 0.0, 0.0, 0.0, 0.0, 0.0, 0.0, 0.0, 0.0, 0.0, 0.0, 0.0, 0.0, 0.0, 0.0, 0.0, 0.0, 0.0, 0.0, 0.0, 0.0], "min_cpu_time": [11, 14, 15, 15, 10, 8, 9, 16, 2, 2, 14, 14, 16], "max_cpu_time": [35, 23, 29, 45, 17, 27, 11, 19, 40, 33, 38, 18, 26], "min_job_period": [23, 63, 58, 95, 17, 29, 3, 21, 6, 7, 66, 62, 73], "max_job_period": [81, 94, 82, 95, 22, 92, 22, 38, 27, 51, 95, 85, 93], "min_startup": [2, 1, 1, 1, 2, 3, 2, 1, 9, 9, 1, 1, 1], "max_startup": [53, 12, 65, 16, 62, 24, 66, 80, 93, 88, 6, 10, 17], "priority": [5, 4, 2, 8, 7, 11, 3, 12, 10, 9, 1, 6, 13], "win_min": [0, 0, 12, 0, 0, 0, 0, 0, 0, 0, 0, 0, 0], "win_max": [97, 97, 94, 97, 97, 97, 97, 97, 97, 97, 97, 97, 97]}