{"subs": 1, "jobs": 18, "T": 97, "power_use": [1.3418106077197816, 0.7846980294002327, 3.110443729882217, 2.681593468176102, 0.4535832152573683, 0.42985802785123767, 3.6016292447397915, 3.1514212594987794, 0.837900573282323, 1.7828009638443112, 2.3303133346281846, 0.9846645831423846, 3.4291845731291093, 1.9392979006485407, 3.5112948492697353, 1.5735443267715785, 1.3903392665186902, 2.167393045578373], "power_resource": [0.0, 0.0, 0.0, 0.0, 0.0, 0.0, 0.0, 0.0, 0.0, 0.0, 0.0, 0.0, 0.0, 0.0, 0.0, 0.0, 0.0, 0.0, 0.0, 0.0, 6.76238733, 7.128866088, 7.455172248, 7.733763828, 7.957714518, 8.12148327, 8.337276306, 8.63864775, 8.866908144, 9.019286964, 9.094706784, 9.093013686, 9.015285096, 8.863983702, 8.642803536, 8.356362138, 8.01066231, 7.612168608, 7.168423014, 6.6877371, 6.178884192, 5.650945452, 5.113309878, 4.662637974, 4.536117378, 4.329405504, 4.04650422, 3.692031066, 3.272142762, 2.7936117, 2.653700238, 2.88134496, 3.070356264, 3.652320222, 4.23120582, 4.797316224, 5.341262436, 5.853655458, 6.325721964, 6.749458218, 7.11716832, 7.422387714, 7.659113598, 7.823036268, 7.910461692, 7.918927182, 7.847663148, 7.696515672, 7.467023934, 7.161650622, 6.784551522, 6.86397321, 7.179966864, 7.442089218, 7.644645306, 8.005429098, 8.34543396, 8.613405198, 8.806572288, 8.92416564, 8.966031336, 0.0, 0.0, 0.0, 0.0, 0.0, 0.0, 0.0, 0.0, 0.0, 0.0, 0.0, 0.0, 0.0, 0.0, 0.0, 0.0], "min_cpu_time": [17, 13, 8, 14, 17, 14, 10, 15, 13, 14, 9, 11, 14, 3, 5, 2, 11, 8], "max_cpu_time": [34, 16, 46, 21, 24, 38, 13, 35, 32, 37, 19, 34, 35, 5, 12, 16, 40, 36], "min_job_period": [92, 71, 37, 60, 69, 72, 50, 89, 89, 52, 21, 93, 46, 6, 31, 11, 51, 55], "max_job_period": [94, 76, 70, 82, 78, 81, 65, 89, 90, 96, 60, 96, 74, 69, 32, 15, 95, 56], "min_startup": [1, 1, 1, 1, 1, 1, 1, 1, 1, 1, 1, 1, 1, 3, 2, 4, 1, 1], "max_startup": [36, 92, 82, 50, 33, 16, 4, 26, 68, 14, 69, 22, 33, 48, 5, 96, 61, 92], "priority": [5, 6, 13, 2, 3, 9, 15, 11, 18, 14, 8, 16, 4, 10, 1, 12, 7, 17], "win_min": [0, 0, 0, 16, 0, 0, 0, 0, 0, 0, 0, 0, 0, 0, 0, 0, 0, 0], "win_max": [97, 97, 97, 80, 97, 97, 97, 97, 97, 97, 97, 97, 97, 97, 97, 97, 97, 97]}