{"subs": 1, "jobs": 13, "T": 97, "power_use": [3.2724368499037992, 0.7760986249151883, 1.0332718054545174, 0.7720173467170452, 1.0589289667081887, 0.15452834624907927, 2.327026983918636, 0.6154494728191604, 2.96810685067686, 2.4590499404132458, 2.228842566187333, 3.2443975272174588, 2.7523200949782556], "power_resource": [4.181490306, 3.8556459, 3.462077574, 3.007095966, 2.511018252, 2.769600492, 2.948145372, 3.402203472, 3.982782168, 4.55443362, 5.107460994, 5.63262921, 6.120857106, 6.56383311, 6.953553486, 7.283091924, 7.546445622, 7.738535286, 7.855512966, 7.894146384, 7.853358114, 7.732532484, 7.532593002, 7.25569452, 6.905223234, 6.766389198, 7.10100693, 7.384062132, 7.60970592, 7.872290028, 8.238768786, 8.534291346, 8.755933266, 8.902155366, 8.972495892, 8.96803227, 0.0, 0.0, 0.0, 0.0, 0.0, 0.0, 0.0, 0.0, 0.0, 0.0, 0.0, 0.0, 0.0, 0.0, 0.0, 0.0, 0.0, 0.0, 0.0, 0.0, 0.0, 0.0, 0.0, 0.0, 0.0, 0.0, 0.0, 0.0, 0.0, 0.0, 0.0, 0.0, 0.0, 0.0, 0.0, 6.716058012, 6.93246672, 7.284785022, 7.593852366, 7.85212677, 8.053605432, 8.192593386, 8.469030114, 8.742234564, 8.941404456, 9.064077102, 9.109482912, 9.078237558, 8.97188022, 8.793489258, 8.54706654, 8.23769136, 7.871520438, 7.45578792, 6.998189706, 6.507191286, 5.991565986, 5.460856722, 4.924298574, 4.639396356, 4.48132257], "min_cpu_time": [11, 7, 17, 6, 13, 10, 16, 1, 16, 4, 8, 12, 2], "max_cpu_time": [32, 10, 39, 42, 40, 13, 46, 18, 16, 4, 45, 39, 38], "min_job_period": [8, 13, 29, 22, 42, 2, 25, 3, 13, 5, 8, 22, 5], "max_job_period": [80, 92, 90, 62, 57, 70, 89, 21, 45, 46, 96, 68, 38], "min_startup": [2, 3, 1, 4, 2, 2, 2, 20, 2, 5, 3, 2, 10], "max_startup": [8, 83, 29, 62, 46, 88, 66, 86, 50, 88, 59, 26, 51], "priority": [1, 10, 13, 3, 11, 8, 5, 6, 2, 9, 7, 12, 4], "win_min": [0, 0, 0, 0, 0, 0, 0, 1, 0, 0, 0, 0, 0], "win_max": [97, 97, 97, 97, 97, 97, 97, 91, 97, 97, 97, 97, 97]}