{"subs": 1, "jobs": 13, "T": 97, "power_use": [3.599395186041009, 1.3381911401684872, 1.8332418856534027, 0.11042162940326104, 0.31173427248470387, 0.9504117606253292, 0.5068027897451496, 3.919990130189361, 2.6124401136780784, 0.9658639937509274, 0.18288624362945977, 1.6783838014449952, 0.46449984880429207], "power_resource": [7.674043644, 7.429929696, 7.110703764, 6.720521634, 6.909994692, 7.21644543, 7.467793524, 7.67204271, 8.068227642, 8.394841638, 8.648806338, 8.827659054, 8.930938032, 8.958643272, 0.0, 0.0, 0.0, 0.0, 0.0, 0.0, 0.0, 0.0, 0.0, 0.0, 0.0, 0.0, 0.0, 0.0, 0.0, 0.0, 0.0, 0.0, 0.0, 0.0, 0.0, 0.0, 0.0, 0.0, 0.0, 0.0, 0.0, 0.0, 0.0, 0.0, 0.0, 0.0, 0.0, 0.0, 0.0, 0.0, 6.76238733, 7.128866088, 7.455172248, 7.733763828, 7.957714518, 8.12148327, 8.337276306, 8.63864775, 8.866908144, 9.019286964, 9.094706784, 9.093013686, 9.015285096, 8.863983702, 8.642803536, 8.356362138, 8.01066231, 7.612168608, 7.168423014, 6.6877371, 6.178884192, 5.650945452, 5.113309878, 4.662637974, 4.536117378, 4.329405504, 4.04650422, 3.692031066, 3.272142762, 2.7936117, 2.653700238, 2.88134496, 3.070356264, 3.652320222, 4.23120582, 4.797316224, 5.341262436, 5.853655458, 6.325721964, 6.749458218, 7.11716832, 7.422387714, 7.659113598, 7.823036268, 7.910461692, 7.918927182, 7.847663148], "min_cpu_time": [10, 3, 17, 15, 8, 16, 10, 18, 16, 8, 2, 12, 14], "max_cpu_time": [28, 29, 46, 29, 12, 34, 14, 24, 25, 25, 8, 40, 46], "min_job_period": [17, 9, 41, 12, 6, 27, 45, 84, 8, 29, 7, 23, 4], "max_job_period": [45, 50, 66, 47, 35, 60, 86, 88, 53, 48, 11, 85, 62], "min_startup": [2, 8, 1, 2, 3, 2, 2, 1, 2, 3, 12, 2, 2], "max_startup": [89, 56, 20, 80, 33, 4, 90, 54, 78, 39, 54, 21, 55], "priority": [7, 10, 4, 8, 11, 3, 6, 5, 13, 2, 1, 9, 12], "win_min": [0, 0, 0, 0, 0, 0, 0, 0, 0, 5, 0, 0, 0], "win_max": [97, 97, 97, 97, 97, 97, 97, 97, 97, 89, 97, 97, 97]}