{"subs": 1, "jobs": 13, "T": 97, "power_use": [0.9834101113134964, 2.7343697753033935, 3.9332195614097314, 0.09132515857318077, 1.0547448457605044, 3.7582592819307545, 2.322430550317343, 1.267064840254292, 0.24188938288014133, 0.6568323856906046, 0.6346816355646864, 2.6085807641524, 2.759452374251939], "power_resource": [9.078237558, 8.97188022, 8.793489258, 8.54706654, 8.23769136, 7.871520438, 7.45578792, 6.998189706, 6.507191286, 5.991565986, 5.460856722, 4.924298574, 4.639396356, 4.48132257, 4.244442768, 3.93337449, 3.55319703, 3.110374944, 2.612142378, 2.709264636, 2.90366307, 3.277068138, 3.858108588, 4.431914892, 4.989098052, 5.520115152, 6.01588503, 6.467942196, 6.868282914, 7.209826956, 7.486109766, 7.692205968, 7.82365194, 7.877369322, 7.851665016, 7.746077268, 7.561067832, 7.298637642, 6.961865058, 6.714980586, 7.05867948, 7.35189327, 7.588773072, 7.80210342, 8.18151129, 8.490578634, 8.72638101, 8.886917484, 8.971572384, 8.9811153, 0.0, 0.0, 0.0, 0.0, 0.0, 0.0, 0.0, 0.0, 0.0, 0.0, 0.0, 0.0, 0.0, 0.0, 0.0, 0.0, 0.0, 0.0, 0.0, 0.0, 0.0, 0.0, 0.0, 0.0, 0.0, 0.0, 0.0, 0.0, 0.0, 0.0, 0.0, 0.0, 0.0, 0.0, 0.0, 6.771160656, 6.863665374, 7.22414133, 7.54275159, 7.81210809, 8.025592356, 8.17766334, 8.406385488, 8.694519984, 8.908927758, 9.04730004, 9.108559404], "min_cpu_time": [1, 13, 12, 16, 8, 5, 5, 10, 16, 12, 7, 15, 16], "max_cpu_time": [21, 18, 16, 35, 33, 24, 21, 12, 22, 18, 26, 45, 33], "min_job_period": [1, 25, 1, 14, 8, 8, 2, 31, 8, 23, 10, 3, 18], "max_job_period": [37, 83, 81, 26, 32, 22, 40, 31, 63, 64, 61, 29, 20], "min_startup": [34, 3, 3, 2, 4, 7, 7, 3, 2, 3, 5, 2, 2], "max_startup": [90, 73, 62, 25, 6, 83, 32, 72, 81, 55, 70, 49, 26], "priority": [11, 8, 5, 6, 12, 13, 3, 7, 1, 2, 9, 4, 10], "win_min": [0, 0, 8, 0, 0, 0, 0, 0, 0, 0, 0, 0, 0], "win_max": [97, 97, 88, 97, 97, 97, 97, 97, 97, 97, 97, 97, 97]}