{"subs": 1, "jobs": 13, "T": 97, "power_use": [1.8431883374211517, 3.034092714325949, 0.11856926644320838, 1.6740797100921059, 2.5158067938141997, 1.8978874699880466, 1.430787339390436, 3.1782511060802303, 2.942859040818933, 1.7755152968202175, 0.7175977457411148, 3.7160067943475683, 2.4935551288719617], "power_resource": [7.872290028, 8.238768786, 8.534291346, 8.755933266, 8.902155366, 8.972495892, 8.96803227, 0.0, 0.0, 0.0, 0.0, 0.0, 0.0, 0.0, 0.0, 0.0, 0.0, 0.0, 0.0, 0.0, 0.0, 0.0, 0.0, 0.0, 0.0, 0.0, 0.0, 0.0, 0.0, 0.0, 0.0, 0.0, 0.0, 0.0, 0.0, 0.0, 0.0, 0.0, 0.0, 0.0, 0.0, 0.0, 6.716058012, 6.93246672, 7.284785022, 7.593852366, 7.85212677, 8.053605432, 8.192593386, 8.469030114, 8.742234564, 8.941404456, 9.064077102, 9.109482912, 9.078237558, 8.97188022, 8.793489258, 8.54706654, 8.23769136, 7.871520438, 7.45578792, 6.998189706, 6.507191286, 5.991565986, 5.460856722, 4.924298574, 4.639396356, 4.48132257, 4.244442768, 3.93337449, 3.55319703, 3.110374944, 2.612142378, 2.709264636, 2.90366307, 3.277068138, 3.858108588, 4.431914892, 4.989098052, 5.520115152, 6.01588503, 6.467942196, 6.868282914, 7.209826956, 7.486109766, 7.692205968, 7.82365194, 7.877369322, 7.851665016, 7.746077268, 7.561067832, 7.298637642, 6.961865058, 6.714980586, 7.05867948, 7.35189327, 7.588773072], "min_cpu_time": [2, 9, 12, 8, 4, 15, 16, 15, 1, 14, 17, 6, 10], "max_cpu_time": [2, 14, 35, 10, 21, 42, 21, 27, 46, 31, 20, 44, 46], "min_job_period": [58, 20, 77, 79, 13, 50, 82, 83, 50, 66, 73, 28, 31], "max_job_period": [70, 27, 95, 85, 57, 86, 88, 91, 90, 81, 78, 66, 54], "min_startup": [1, 1, 1, 1, 1, 1, 1, 1, 1, 1, 1, 1, 1], "max_startup": [77, 10, 45, 2, 94, 18, 63, 17, 45, 68, 13, 29, 89], "priority": [8, 4, 12, 11, 13, 1, 3, 10, 5, 6, 2, 7, 9], "win_min": [0, 0, 0, 0, 0, 0, 1, 0, 0, 0, 0, 0, 0], "win_max": [97, 97, 97, 97, 97, 97, 95, 97, 97, 97, 97, 97, 97]}