{"subs": 1, "jobs": 13, "T": 97, "power_use": [3.8040936684916686, 0.25927597892461196, 1.3941414959678509, 3.7298876827084095, 2.7496870345371387, 3.2497429432396427, 3.6336833401736968, 3.5202163281739955, 3.655106328332595, 1.246648385079911, 3.010917214562635, 2.5787477833821493, 1.8343001428956665], "power_resource": [7.25569452, 6.905223234, 6.766389198, 7.10100693, 7.384062132, 7.60970592, 7.872290028, 8.238768786, 8.534291346, 8.755933266, 8.902155366, 8.972495892, 8.96803227, 0.0, 0.0, 0.0, 0.0, 0.0, 0.0, 0.0, 0.0, 0.0, 0.0, 0.0, 0.0, 0.0, 0.0, 0.0, 0.0, 0.0, 0.0, 0.0, 0.0, 0.0, 0.0, 0.0, 0.0, 0.0, 0.0, 0.0, 0.0, 0.0, 0.0, 0.0, 0.0, 0.0, 0.0, 0.0, 6.716058012, 6.93246672, 7.284785022, 7.593852366, 7.85212677, 8.053605432, 8.192593386, 8.469030114, 8.742234564, 8.941404456, 9.064077102, 9.109482912, 9.078237558, 8.97188022, 8.793489258, 8.54706654, 8.23769136, 7.871520438, 7.45578792, 6.998189706, 6.507191286, 5.991565986, 5.460856722, 4.924298574, 4.639396356, 4.48132257, 4.244442768, 3.93337449, 3.55319703, 3.110374944, 2.612142378, 2.709264636, 2.90366307, 3.277068138, 3.858108588, 4.431914892, 4.989098052, 5.520115152, 6.01588503, 6.467942196, 6.868282914, 7.209826956, 7.486109766, 7.692205968, 7.82365194, 7.877369322, 7.851665016, 7.746077268, 7.561067832], "min_cpu_time": [16, 5, 13, 13, 5, 18, 10, 3, 10, 11, 18, 9, 4], "max_cpu_time": [28, 43, 29, 14, 12, 23, 20, 39, 32, 27, 21, 46, 30], "min_job_period": [44, 24, 87, 62, 40, 57, 23, 23, 69, 55, 8, 91, 1], "max_job_period": [96, 52, 87, 93, 54, 72, 31, 61, 86, 55, 70, 95, 52], "min_startup": [1, 2, 1, 1, 2, 1, 1, 3, 1, 1, 1, 1, 3], "max_startup": [37, 32, 89, 13, 54, 93, 75, 36, 40, 27, 88, 46, 45], "priority": [5, 12, 6, 11, 4, 13, 10, 2, 7, 3, 9, 8, 1], "win_min": [0, 0, 0, 0, 0, 0, 0, 0, 0, 0, 0, 0, 15], "win_max": [97, 97, 97, 97, 97, 97, 97, 97, 97, 97, 97, 97, 82]}