{"subs": 1, "jobs": 18, "T": 97, "power_use": [1.2709625106500932, 0.5229051338249286, 0.47570448894309836, 3.2559614290067356, 2.8899809121753783, 3.9677837207754414, 1.1382665656743924, 1.893928779490811, 2.1338081085413187, 1.7538293693685953, 1.2672778908002162, 3.2866873110300916, 3.4494865732643616, 1.8173624664953751, 0.36661557927570826, 0.1602390249856782, 2.9557978040613277, 2.35031079611917], "power_resource": [4.573827288, 4.383276804, 4.115459484, 3.775300704, 3.368341512, 2.901508218, 2.583821466, 2.827011906, 2.989549314, 3.527338806, 4.10730183, 4.676336676, 5.224900428, 5.743911924, 6.224136084, 6.657569172, 7.036515288, 7.354048122, 7.604164872, 7.782247998, 7.88444955, 7.908152922, 7.851972852, 7.71590934, 7.50119373, 7.209980874, 6.846118722, 6.815950794, 7.141487364, 7.41423006, 7.628329998, 7.940167866, 8.293563594, 8.575233534, 8.782714998, 8.914468806, 8.970648876, 8.952178716, 0.0, 0.0, 0.0, 0.0, 0.0, 0.0, 0.0, 0.0, 0.0, 0.0, 0.0, 0.0, 0.0, 0.0, 0.0, 0.0, 0.0, 0.0, 0.0, 0.0, 0.0, 0.0, 0.0, 0.0, 0.0, 0.0, 0.0, 0.0, 0.0, 0.0, 0.0, 0.0, 0.0, 0.0, 0.0, 6.658030926, 6.999574968, 7.343581698, 7.642644372, 7.88983668, 8.079001902, 8.20459899, 8.52859638, 8.787024702, 8.970648876, 9.077467968, 9.107174142, 9.06038307, 8.938941768, 8.746236432, 8.486115012, 8.164426392, 7.787327292, 7.36189794, 6.89629599, 6.398986932, 5.87889801, 5.345418222, 4.808090484], "min_cpu_time": [14, 7, 6, 13, 7, 17, 6, 9, 4, 8, 2, 9, 4, 14, 10, 8, 1, 14], "max_cpu_time": [40, 21, 38, 13, 43, 18, 25, 11, 10, 13, 4, 18, 20, 29, 34, 8, 32, 16], "min_job_period": [6, 69, 65, 2, 73, 80, 46, 1, 11, 75, 35, 50, 83, 24, 15, 4, 24, 77], "max_job_period": [33, 73, 79, 77, 73, 93, 75, 45, 58, 80, 41, 56, 87, 50, 21, 22, 62, 94], "min_startup": [1, 1, 1, 1, 1, 1, 1, 1, 1, 1, 2, 1, 1, 1, 1, 1, 3, 1], "max_startup": [70, 29, 70, 31, 60, 34, 25, 77, 54, 61, 57, 64, 61, 20, 94, 21, 31, 72], "priority": [10, 14, 9, 12, 1, 16, 6, 18, 13, 2, 4, 7, 3, 5, 11, 15, 17, 8], "win_min": [0, 0, 0, 0, 0, 0, 0, 0, 0, 0, 0, 0, 7, 0, 0, 0, 0, 0], "win_max": [97, 97, 97, 97, 97, 97, 97, 97, 97, 97, 97, 97, 96, 97, 97, 97, 97, 97]}