{"subs": 1, "jobs": 13, "T": 97, "power_use": [3.7758217501531504, 3.9788086819594897, 2.4743636767168766, 2.772778055074295, 3.082949108522392, 2.545455703190088, 1.8161094720493356, 2.7692531231486788, 2.803597652163215, 3.11337795439191, 2.674190837080517, 3.3256540394046823, 3.852944833369046], "power_resource": [8.34543396, 8.613405198, 8.806572288, 8.92416564, 8.966031336, 0.0, 0.0, 0.0, 0.0, 0.0, 0.0, 0.0, 0.0, 0.0, 0.0, 0.0, 0.0, 0.0, 0.0, 0.0, 0.0, 0.0, 0.0, 0.0, 0.0, 0.0, 0.0, 0.0, 0.0, 0.0, 0.0, 0.0, 0.0, 0.0, 0.0, 0.0, 0.0, 0.0, 0.0, 0.0, 0.0, 6.691123296, 7.065144036, 7.40037744, 7.689435444, 7.925083902, 8.101627848, 8.26924455, 8.585084286, 8.828582562, 8.996661018, 9.087780474, 9.101633094, 9.039450222, 8.902924956, 8.695905246, 8.422700796, 8.088698736, 7.700825376, 7.266007026, 6.792709176, 6.289551234, 5.765306526, 5.229671886, 4.691882394, 4.573827288, 4.383276804, 4.115459484, 3.775300704, 3.368341512, 2.901508218, 2.583821466, 2.827011906, 2.989549314, 3.527338806, 4.10730183, 4.676336676, 5.224900428, 5.743911924, 6.224136084, 6.657569172, 7.036515288, 7.354048122, 7.604164872, 7.782247998, 7.88444955, 7.908152922, 7.851972852, 7.71590934, 7.50119373, 7.209980874, 6.846118722, 6.815950794, 7.141487364, 7.41423006, 7.628329998, 7.940167866], "min_cpu_time": [4, 10, 10, 5, 3, 17, 9, 3, 7, 9, 2, 1, 17], "max_cpu_time": [8, 19, 12, 6, 37, 45, 32, 32, 22, 37, 48, 4, 19], "min_job_period": [15, 1, 40, 9, 6, 70, 18, 8, 20, 31, 3, 2, 56], "max_job_period": [94, 58, 91, 67, 10, 83, 42, 49, 79, 60, 96, 15, 69], "min_startup": [6, 2, 2, 5, 8, 1, 3, 8, 3, 3, 12, 24, 1], "max_startup": [63, 14, 54, 18, 39, 93, 77, 43, 67, 62, 58, 54, 52], "priority": [2, 6, 9, 5, 3, 7, 4, 11, 8, 12, 1, 13, 10], "win_min": [0, 0, 0, 0, 0, 0, 0, 0, 0, 0, 17, 0, 0], "win_max": [97, 97, 97, 97, 97, 97, 97, 97, 97, 97, 79, 97, 97]}