{"subs": 1, "jobs": 13, "T": 97, "power_use": [1.1537896165833819, 0.1296754043399269, 2.6545260268681545, 0.28623468255432666, 1.7673191665598664, 1.7152691420981097, 3.5822238629924885, 1.915704044269518, 1.3054895881097828, 3.8186218943065486, 2.8935652462020456, 2.5199391593674307, 3.8272053286327177], "power_resource": [0.0, 6.76238733, 7.128866088, 7.455172248, 7.733763828, 7.957714518, 8.12148327, 8.337276306, 8.63864775, 8.866908144, 9.019286964, 9.094706784, 9.093013686, 9.015285096, 8.863983702, 8.642803536, 8.356362138, 8.01066231, 7.612168608, 7.168423014, 6.6877371, 6.178884192, 5.650945452, 5.113309878, 4.662637974, 4.536117378, 4.329405504, 4.04650422, 3.692031066, 3.272142762, 2.7936117, 2.653700238, 2.88134496, 3.070356264, 3.652320222, 4.23120582, 4.797316224, 5.341262436, 5.853655458, 6.325721964, 6.749458218, 7.11716832, 7.422387714, 7.659113598, 7.823036268, 7.910461692, 7.918927182, 7.847663148, 7.696515672, 7.467023934, 7.161650622, 6.784551522, 6.86397321, 7.179966864, 7.442089218, 7.644645306, 8.005429098, 8.34543396, 8.613405198, 8.806572288, 8.92416564, 8.966031336, 0.0, 0.0, 0.0, 0.0, 0.0, 0.0, 0.0, 0.0, 0.0, 0.0, 0.0, 0.0, 0.0, 0.0, 0.0, 0.0, 0.0, 0.0, 0.0, 0.0, 0.0, 0.0, 0.0, 0.0, 0.0, 0.0, 0.0, 0.0, 0.0, 0.0, 0.0, 0.0, 0.0, 0.0, 0.0], "min_cpu_time": [8, 8, 14, 16, 18, 6, 2, 11, 8, 18, 8, 15, 16], "max_cpu_time": [13, 45, 41, 46, 24, 35, 11, 14, 29, 42, 10, 15, 21], "min_job_period": [6, 10, 30, 10, 30, 8, 2, 22, 6, 12, 17, 23, 2], "max_job_period": [52, 43, 71, 55, 59, 52, 92, 45, 43, 42, 70, 25, 68], "min_startup": [5, 5, 3, 3, 2, 7, 20, 3, 5, 2, 5, 3, 3], "max_startup": [34, 81, 26, 53, 70, 21, 31, 88, 26, 4, 86, 42, 37], "priority": [4, 3, 1, 7, 2, 10, 13, 9, 8, 5, 12, 11, 6], "win_min": [0, 0, 0, 0, 0, 0, 0, 0, 0, 0, 8, 0, 0], "win_max": [97, 97, 97, 97, 97, 97, 97, 97, 97, 97, 93, 97, 97]}