{"subs": 1, "jobs": 13, "T": 97, "power_use": [3.2866856696864954, 0.2744018711386251, 0.8410417093660497, 1.039783616646541, 3.776143577506915, 3.538044560185487, 3.294576212309573, 0.1938506328103144, 2.732457807157177, 1.4218955219319453, 0.03582532613407485, 1.674332298332532, 1.2640636358011461], "power_resource": [0.0, 0.0, 0.0, 0.0, 0.0, 0.0, 0.0, 0.0, 0.0, 0.0, 0.0, 6.76238733, 7.128866088, 7.455172248, 7.733763828, 7.957714518, 8.12148327, 8.337276306, 8.63864775, 8.866908144, 9.019286964, 9.094706784, 9.093013686, 9.015285096, 8.863983702, 8.642803536, 8.356362138, 8.01066231, 7.612168608, 7.168423014, 6.6877371, 6.178884192, 5.650945452, 5.113309878, 4.662637974, 4.536117378, 4.329405504, 4.04650422, 3.692031066, 3.272142762, 2.7936117, 2.653700238, 2.88134496, 3.070356264, 3.652320222, 4.23120582, 4.797316224, 5.341262436, 5.853655458, 6.325721964, 6.749458218, 7.11716832, 7.422387714, 7.659113598, 7.823036268, 7.910461692, 7.918927182, 7.847663148, 7.696515672, 7.467023934, 7.161650622, 6.784551522, 6.86397321, 7.179966864, 7.442089218, 7.644645306, 8.005429098, 8.34543396, 8.613405198, 8.806572288, 8.92416564, 8.966031336, 0.0, 0.0, 0.0, 0.0, 0.0, 0.0, 0.0, 0.0, 0.0, 0.0, 0.0, 0.0, 0.0, 0.0, 0.0, 0.0, 0.0, 0.0, 0.0, 0.0, 0.0, 0.0, 0.0, 0.0, 0.0], "min_cpu_time": [11, 6, 14, 12, 5, 11, 5, 14, 7, 14, 5, 11, 4], "max_cpu_time": [23, 46, 38, 24, 11, 28, 18, 26, 15, 24, 33, 35, 8], "min_job_period": [27, 1, 44, 10, 8, 18, 12, 34, 11, 7, 8, 27, 4], "max_job_period": [78, 18, 74, 53, 38, 74, 12, 35, 81, 92, 37, 57, 75], "min_startup": [3, 6, 2, 3, 7, 3, 7, 2, 5, 2, 7, 3, 9], "max_startup": [37, 57, 74, 88, 63, 79, 25, 17, 66, 53, 11, 59, 57], "priority": [2, 13, 3, 5, 6, 1, 12, 7, 8, 10, 4, 9, 11], "win_min": [0, 9, 0, 0, 0, 0, 0, 0, 0, 0, 0, 0, 0], "win_max": [97, 96, 97, 97, 97, 97, 97, 97, 97, 97, 97, 97, 97]}