{"subs": 1, "jobs": 13, "T": 97, "power_use": [3.81149713197334, 0.5210959701934162, 3.4342550314039766, 1.988385085982112, 3.580493118475334, 2.915301040548718, 2.1234948975030523, 1.6796716848698543, 0.09899802554074545, 1.8046276853574725, 1.058469752664187, 2.5045440503638927, 1.4464115406842464], "power_resource": [8.164426392, 7.787327292, 7.36189794, 6.89629599, 6.398986932, 5.87889801, 5.345418222, 4.808090484, 4.60830492, 4.433761908, 4.181490306, 3.8556459, 3.462077574, 3.007095966, 2.511018252, 2.769600492, 2.948145372, 3.402203472, 3.982782168, 4.55443362, 5.107460994, 5.63262921, 6.120857106, 6.56383311, 6.953553486, 7.283091924, 7.546445622, 7.738535286, 7.855512966, 7.894146384, 7.853358114, 7.732532484, 7.532593002, 7.25569452, 6.905223234, 6.766389198, 7.10100693, 7.384062132, 7.60970592, 7.872290028, 8.238768786, 8.534291346, 8.755933266, 8.902155366, 8.972495892, 8.96803227, 0.0, 0.0, 0.0, 0.0, 0.0, 0.0, 0.0, 0.0, 0.0, 0.0, 0.0, 0.0, 0.0, 0.0, 0.0, 0.0, 0.0, 0.0, 0.0, 0.0, 0.0, 0.0, 0.0, 0.0, 0.0, 0.0, 0.0, 0.0, 0.0, 0.0, 0.0, 0.0, 0.0, 0.0, 0.0, 6.716058012, 6.93246672, 7.284785022, 7.593852366, 7.85212677, 8.053605432, 8.192593386, 8.469030114, 8.742234564, 8.941404456, 9.064077102, 9.109482912, 9.078237558, 8.97188022, 8.793489258, 8.54706654], "min_cpu_time": [4, 4, 9, 17, 4, 18, 1, 14, 10, 13, 13, 6, 1], "max_cpu_time": [30, 18, 10, 35, 24, 24, 17, 15, 14, 35, 17, 28, 19], "min_job_period": [50, 13, 22, 51, 58, 64, 13, 55, 34, 70, 79, 47, 1], "max_job_period": [62, 79, 70, 73, 87, 77, 25, 95, 90, 83, 84, 89, 84], "min_startup": [1, 1, 1, 1, 1, 1, 4, 1, 1, 1, 1, 1, 4], "max_startup": [10, 18, 75, 43, 13, 31, 16, 76, 10, 3, 82, 2, 23], "priority": [5, 2, 11, 7, 6, 4, 1, 12, 8, 3, 13, 9, 10], "win_min": [0, 0, 0, 0, 0, 0, 0, 6, 0, 0, 0, 0, 0], "win_max": [97, 97, 97, 97, 97, 97, 97, 81, 97, 97, 97, 97, 97]}