{"subs": 1, "jobs": 13, "T": 97, "power_use": [2.745414479647288, 0.8125449824572756, 0.31637993979398854, 3.35696999205353, 3.902537662690295, 1.1932750931699, 1.0340737741843162, 0.3362728043762827, 3.796464499624877, 2.808597679795554, 1.0420165353143818, 1.630770763808565, 2.9078951504001087], "power_resource": [0.0, 0.0, 0.0, 0.0, 0.0, 0.0, 0.0, 0.0, 0.0, 0.0, 0.0, 6.754383594, 6.900297858, 7.25107698, 7.558451226, 7.815340368, 8.015433768, 8.153190378, 8.464566492, 8.736539598, 8.934016392, 9.055149858, 9.09886257, 9.0657702, 8.957411928, 8.776866114, 8.527980708, 8.21614284, 7.847355312, 7.428698352, 6.96786786, 6.473637162, 5.954625666, 5.42022237, 4.879816272, 4.610305854, 4.450846806, 4.212581742, 3.899666448, 3.517488054, 3.07220328, 2.571354108, 2.784530538, 2.980929906, 3.319857342, 3.902283054, 4.477782456, 5.03696655, 5.57029242, 6.068678904, 6.523506594, 6.926771754, 7.271548074, 7.551370998, 7.761007314, 7.896147318, 7.95371265, 7.931856294, 7.829962578, 7.648801092, 7.390218852, 7.0571403, 6.654029058, 6.954323076, 7.250923062, 7.49118906, 7.744999842, 8.128255662, 8.441478792, 8.681283036, 8.845975296, 8.9349399, 8.948638602, 0.0, 0.0, 0.0, 0.0, 0.0, 0.0, 0.0, 0.0, 0.0, 0.0, 0.0, 0.0, 0.0, 0.0, 0.0, 0.0, 0.0, 0.0, 0.0, 0.0, 0.0, 0.0, 0.0, 0.0], "min_cpu_time": [6, 11, 2, 12, 13, 12, 13, 6, 1, 7, 1, 13, 1], "max_cpu_time": [22, 15, 15, 35, 24, 16, 19, 32, 27, 21, 29, 30, 30], "min_job_period": [19, 40, 7, 23, 39, 39, 34, 6, 3, 2, 2, 39, 2], "max_job_period": [41, 45, 31, 91, 88, 87, 46, 83, 18, 17, 95, 60, 58], "min_startup": [4, 2, 10, 2, 2, 2, 2, 4, 20, 3, 20, 2, 20], "max_startup": [73, 35, 36, 71, 79, 77, 44, 91, 47, 89, 39, 94, 71], "priority": [8, 3, 10, 9, 1, 13, 4, 12, 2, 6, 11, 5, 7], "win_min": [0, 0, 0, 0, 0, 0, 0, 0, 0, 0, 0, 11, 0], "win_max": [97, 97, 97, 97, 97, 97, 97, 97, 97, 97, 97, 79, 97]}