{"subs": 1, "jobs": 13, "T": 97, "power_use": [2.3631367795900746, 3.133667154365293, 3.883059320118371, 1.98187592751601, 1.7899635459398777, 0.020345452364993667, 3.6858974949673704, 0.35005289037212306, 0.2769026390736616, 0.1289092597794939, 1.749772023341101, 2.7473761869192206, 0.3262468750280644], "power_resource": [0.0, 0.0, 0.0, 0.0, 0.0, 0.0, 0.0, 0.0, 0.0, 0.0, 0.0, 0.0, 0.0, 0.0, 0.0, 0.0, 0.0, 0.0, 0.0, 0.0, 0.0, 0.0, 0.0, 0.0, 0.0, 0.0, 0.0, 0.0, 6.76238733, 7.128866088, 7.455172248, 7.733763828, 7.957714518, 8.12148327, 8.337276306, 8.63864775, 8.866908144, 9.019286964, 9.094706784, 9.093013686, 9.015285096, 8.863983702, 8.642803536, 8.356362138, 8.01066231, 7.612168608, 7.168423014, 6.6877371, 6.178884192, 5.650945452, 5.113309878, 4.662637974, 4.536117378, 4.329405504, 4.04650422, 3.692031066, 3.272142762, 2.7936117, 2.653700238, 2.88134496, 3.070356264, 3.652320222, 4.23120582, 4.797316224, 5.341262436, 5.853655458, 6.325721964, 6.749458218, 7.11716832, 7.422387714, 7.659113598, 7.823036268, 7.910461692, 7.918927182, 7.847663148, 7.696515672, 7.467023934, 7.161650622, 6.784551522, 6.86397321, 7.179966864, 7.442089218, 7.644645306, 8.005429098, 8.34543396, 8.613405198, 8.806572288, 8.92416564, 8.966031336, 0.0, 0.0, 0.0, 0.0, 0.0, 0.0, 0.0, 0.0], "min_cpu_time": [17, 2, 2, 14, 9, 9, 12, 5, 8, 9, 16, 12, 6], "max_cpu_time": [40, 31, 26, 22, 38, 44, 48, 13, 46, 41, 22, 20, 13], "min_job_period": [31, 2, 1, 3, 14, 7, 11, 1, 10, 2, 18, 2, 3], "max_job_period": [81, 52, 91, 19, 34, 42, 14, 86, 45, 21, 61, 30, 71], "min_startup": [3, 29, 29, 4, 6, 6, 5, 11, 7, 6, 4, 5, 10], "max_startup": [22, 41, 80, 55, 61, 50, 44, 84, 70, 30, 54, 21, 34], "priority": [12, 3, 13, 6, 5, 2, 7, 10, 4, 1, 8, 9, 11], "win_min": [0, 0, 0, 0, 0, 0, 0, 0, 0, 0, 0, 0, 8], "win_max": [97, 97, 97, 97, 97, 97, 97, 97, 97, 97, 97, 97, 77]}