{"subs": 1, "jobs": 18, "T": 97, "power_use": [1.6350286229546522, 3.977653678553544, 3.768665210328588, 2.0340292223197722, 0.20352633631759617, 1.3220369140459127, 3.7329994302951426, 1.1487014400038313, 3.3000797997008764, 1.527192740743188, 2.6146372012180294, 1.3679616286978935, 0.3748471767016757, 0.5496836463381926, 2.719679398755403, 1.7265538711664128, 1.445968317298156, 3.1461560848698804], "power_resource": [6.01588503, 6.467942196, 6.868282914, 7.209826956, 7.486109766, 7.692205968, 7.82365194, 7.877369322, 7.851665016, 7.746077268, 7.561067832, 7.298637642, 6.961865058, 6.714980586, 7.05867948, 7.35189327, 7.588773072, 7.80210342, 8.18151129, 8.490578634, 8.72638101, 8.886917484, 8.971572384, 8.9811153, 0.0, 0.0, 0.0, 0.0, 0.0, 0.0, 0.0, 0.0, 0.0, 0.0, 0.0, 0.0, 0.0, 0.0, 0.0, 0.0, 0.0, 0.0, 0.0, 0.0, 0.0, 0.0, 0.0, 0.0, 0.0, 0.0, 0.0, 0.0, 0.0, 0.0, 0.0, 0.0, 0.0, 0.0, 0.0, 6.771160656, 6.863665374, 7.22414133, 7.54275159, 7.81210809, 8.025592356, 8.17766334, 8.406385488, 8.694519984, 8.908927758, 9.04730004, 9.108559404, 9.092859768, 9.001740312, 8.83797156, 8.605093626, 8.308339722, 7.95371265, 7.547830884, 7.098544242, 6.614010378, 6.103310454, 5.575525632, 5.040198828, 4.667255514, 4.525497036, 4.304470788, 4.00802472, 3.64169988, 3.211191234, 2.724040764, 2.64585042, 2.856102408, 3.152086722, 3.733127172, 4.30893441, 4.869811602, 5.406215832], "min_cpu_time": [17, 7, 5, 4, 15, 4, 13, 18, 7, 10, 14, 14, 7, 16, 16, 3, 14, 5], "max_cpu_time": [41, 33, 35, 30, 38, 11, 33, 30, 7, 31, 42, 16, 21, 42, 21, 33, 40, 19], "min_job_period": [66, 23, 26, 2, 52, 3, 53, 46, 31, 17, 18, 3, 47, 59, 31, 15, 27, 16], "max_job_period": [94, 60, 58, 29, 81, 34, 57, 56, 83, 53, 96, 52, 66, 75, 95, 79, 38, 59], "min_startup": [1, 2, 2, 3, 1, 3, 1, 1, 2, 1, 1, 1, 2, 1, 1, 3, 1, 2], "max_startup": [13, 17, 68, 96, 79, 64, 48, 85, 82, 47, 78, 76, 64, 14, 23, 29, 89, 79], "priority": [11, 15, 18, 3, 6, 7, 9, 16, 17, 12, 8, 5, 4, 1, 2, 10, 13, 14], "win_min": [0, 0, 0, 0, 0, 17, 0, 0, 0, 0, 0, 0, 0, 0, 0, 0, 0, 0], "win_max": [97, 97, 97, 97, 97, 80, 97, 97, 97, 97, 97, 97, 97, 97, 97, 97, 97, 97]}