{"subs": 1, "jobs": 13, "T": 97, "power_use": [1.0362313255540565, 1.576070840573653, 3.7072859013548274, 0.32164709022555643, 1.1538635294431572, 0.40965529938760215, 3.0275968203898858, 3.6214724260893165, 2.323197346687306, 3.679266155497737, 2.706649740635313, 3.242996958147505, 1.3981125158890584], "power_resource": [0.0, 0.0, 0.0, 0.0, 6.716058012, 6.93246672, 7.284785022, 7.593852366, 7.85212677, 8.053605432, 8.192593386, 8.469030114, 8.742234564, 8.941404456, 9.064077102, 9.109482912, 9.078237558, 8.97188022, 8.793489258, 8.54706654, 8.23769136, 7.871520438, 7.45578792, 6.998189706, 6.507191286, 5.991565986, 5.460856722, 4.924298574, 4.639396356, 4.48132257, 4.244442768, 3.93337449, 3.55319703, 3.110374944, 2.612142378, 2.709264636, 2.90366307, 3.277068138, 3.858108588, 4.431914892, 4.989098052, 5.520115152, 6.01588503, 6.467942196, 6.868282914, 7.209826956, 7.486109766, 7.692205968, 7.82365194, 7.877369322, 7.851665016, 7.746077268, 7.561067832, 7.298637642, 6.961865058, 6.714980586, 7.05867948, 7.35189327, 7.588773072, 7.80210342, 8.18151129, 8.490578634, 8.72638101, 8.886917484, 8.971572384, 8.9811153, 0.0, 0.0, 0.0, 0.0, 0.0, 0.0, 0.0, 0.0, 0.0, 0.0, 0.0, 0.0, 0.0, 0.0, 0.0, 0.0, 0.0, 0.0, 0.0, 0.0, 0.0, 0.0, 0.0, 0.0, 0.0, 0.0, 0.0, 0.0, 0.0, 0.0, 0.0], "min_cpu_time": [17, 3, 11, 14, 3, 12, 7, 7, 9, 16, 17, 17, 6], "max_cpu_time": [43, 7, 26, 26, 20, 15, 18, 46, 23, 38, 27, 33, 45], "min_job_period": [32, 5, 28, 22, 1, 13, 8, 22, 25, 4, 27, 22, 7], "max_job_period": [75, 91, 48, 23, 28, 42, 90, 63, 87, 71, 74, 85, 48], "min_startup": [2, 10, 3, 2, 10, 3, 4, 4, 3, 2, 2, 2, 5], "max_startup": [83, 58, 40, 19, 55, 7, 53, 41, 8, 73, 40, 10, 44], "priority": [10, 8, 12, 9, 3, 11, 6, 7, 5, 1, 4, 2, 13], "win_min": [15, 0, 0, 0, 0, 0, 0, 0, 0, 0, 0, 0, 0], "win_max": [93, 97, 97, 97, 97, 97, 97, 97, 97, 97, 97, 97, 97]}