{"subs": 1, "jobs": 18, "T": 97, "power_use": [2.8515947142503144, 2.2760690217903914, 0.39566217034005574, 0.14956984228756792, 1.9856755038970995, 0.7118038036348459, 3.570845599815361, 1.7181163484364674, 0.01893219313584404, 3.403683254183847, 3.4594888243612685, 1.1766391112058656, 3.673777302115947, 2.5990954472870036, 3.7238187100053723, 3.0167748291637797, 2.4478590925569006, 2.910681463520053], "power_resource": [4.9176801, 5.4563931, 5.961859812, 6.425460828, 6.839192412, 7.195512582, 7.4881107, 7.711445718, 7.861054014, 7.933549392, 7.926930918, 7.840275084, 7.674043644, 7.429929696, 7.110703764, 6.720521634, 6.909994692, 7.21644543, 7.467793524, 7.67204271, 8.068227642, 8.394841638, 8.648806338, 8.827659054, 8.930938032, 8.958643272, 0.0, 0.0, 0.0, 0.0, 0.0, 0.0, 0.0, 0.0, 0.0, 0.0, 0.0, 0.0, 0.0, 0.0, 0.0, 0.0, 0.0, 0.0, 0.0, 0.0, 0.0, 0.0, 0.0, 0.0, 0.0, 0.0, 0.0, 0.0, 0.0, 0.0, 0.0, 0.0, 0.0, 0.0, 0.0, 0.0, 6.76238733, 7.128866088, 7.455172248, 7.733763828, 7.957714518, 8.12148327, 8.337276306, 8.63864775, 8.866908144, 9.019286964, 9.094706784, 9.093013686, 9.015285096, 8.863983702, 8.642803536, 8.356362138, 8.01066231, 7.612168608, 7.168423014, 6.6877371, 6.178884192, 5.650945452, 5.113309878, 4.662637974, 4.536117378, 4.329405504, 4.04650422, 3.692031066, 3.272142762, 2.7936117, 2.653700238, 2.88134496, 3.070356264, 3.652320222, 4.23120582], "min_cpu_time": [4, 16, 11, 5, 8, 4, 1, 5, 4, 14, 5, 17, 5, 9, 17, 8, 3, 12], "max_cpu_time": [30, 39, 25, 44, 43, 35, 13, 26, 13, 17, 30, 32, 15, 26, 21, 29, 47, 42], "min_job_period": [52, 75, 84, 77, 21, 66, 1, 77, 21, 95, 91, 57, 16, 68, 41, 45, 30, 84], "max_job_period": [73, 92, 94, 88, 50, 87, 66, 80, 79, 95, 92, 91, 62, 75, 92, 79, 67, 96], "min_startup": [1, 1, 1, 1, 1, 1, 1, 1, 1, 1, 1, 1, 1, 1, 1, 1, 1, 1], "max_startup": [9, 3, 30, 95, 45, 40, 40, 80, 56, 12, 43, 15, 64, 12, 9, 68, 40, 96], "priority": [10, 5, 18, 17, 14, 12, 11, 15, 13, 8, 7, 6, 3, 1, 4, 2, 16, 9], "win_min": [0, 0, 0, 0, 0, 4, 0, 0, 0, 0, 0, 0, 0, 0, 0, 0, 0, 0], "win_max": [97, 97, 97, 97, 97, 81, 97, 97, 97, 97, 97, 97, 97, 97, 97, 97, 97, 97]}