{"subs": 1, "jobs": 18, "T": 97, "power_use": [0.9405387824901494, 3.6177269872949003, 1.5907895111067811, 3.416266571291321, 3.910109678863481, 1.4378905240098094, 0.06154155422825885, 2.9138771148621436, 1.9468981599848973, 3.550813047041631, 0.6852240706437387, 0.9805577253483535, 1.8918505257150353, 0.5517454021730643, 1.4477326536482513, 0.0720992616764494, 3.2091039188333834, 0.41180928551294443], "power_resource": [3.319857342, 3.902283054, 4.477782456, 5.03696655, 5.57029242, 6.068678904, 6.523506594, 6.926771754, 7.271548074, 7.551370998, 7.761007314, 7.896147318, 7.95371265, 7.931856294, 7.829962578, 7.648801092, 7.390218852, 7.0571403, 6.654029058, 6.954323076, 7.250923062, 7.49118906, 7.744999842, 8.128255662, 8.441478792, 8.681283036, 8.845975296, 8.9349399, 8.948638602, 0.0, 0.0, 0.0, 0.0, 0.0, 0.0, 0.0, 0.0, 0.0, 0.0, 0.0, 0.0, 0.0, 0.0, 0.0, 0.0, 0.0, 0.0, 0.0, 0.0, 0.0, 0.0, 0.0, 0.0, 0.0, 0.0, 0.0, 0.0, 0.0, 0.0, 0.0, 0.0, 0.0, 0.0, 0.0, 6.809794074, 6.832112184, 7.190895042, 7.507966122, 7.775783442, 7.987882446, 8.138722086, 8.40238362, 8.689132854, 8.902155366, 9.03883455, 9.098400816, 9.081008082, 8.987887692, 8.82181017, 8.586777384, 8.287560792, 7.930163196, 7.521356988, 7.068991986, 6.581379762, 6.067293642, 5.535814788, 4.996793952, 4.638165012, 4.495021272, 4.272609762, 3.974470596, 3.606144822, 3.173327406, 2.68356033, 2.720654568, 2.932753572], "min_cpu_time": [15, 1, 13, 13, 13, 6, 3, 7, 17, 3, 2, 14, 15, 18, 3, 12, 14, 18], "max_cpu_time": [20, 36, 38, 32, 33, 9, 30, 22, 44, 17, 28, 28, 44, 25, 6, 39, 28, 35], "min_job_period": [54, 16, 77, 41, 54, 72, 87, 37, 58, 67, 3, 77, 37, 65, 46, 68, 70, 19], "max_job_period": [82, 84, 81, 83, 81, 95, 89, 46, 70, 74, 74, 91, 77, 71, 89, 95, 84, 69], "min_startup": [1, 3, 1, 1, 1, 1, 1, 1, 1, 1, 2, 1, 1, 1, 1, 1, 1, 1], "max_startup": [92, 85, 60, 2, 37, 94, 66, 16, 45, 93, 52, 3, 60, 27, 10, 39, 54, 2], "priority": [4, 6, 2, 15, 9, 13, 3, 11, 12, 5, 14, 7, 16, 10, 18, 1, 17, 8], "win_min": [0, 0, 0, 0, 0, 0, 0, 0, 3, 0, 0, 0, 0, 0, 0, 0, 0, 0], "win_max": [97, 97, 97, 97, 97, 97, 97, 97, 77, 97, 97, 97, 97, 97, 97, 97, 97, 97]}