{"subs": 1, "jobs": 18, "T": 97, "power_use": [0.8354292357668973, 0.6193488365337035, 1.4638301632970552, 2.208141390459045, 2.6613522789548996, 1.44965088047387, 0.9214821367899756, 0.03084547732813627, 0.7419535261848281, 0.409253622071038, 0.9760183631560204, 1.2970721457517413, 0.32416622162376796, 1.6293253758957436, 0.6788280581757946, 2.329656531242944, 1.517730885745758, 2.5622117422517645], "power_resource": [5.224900428, 5.743911924, 6.224136084, 6.657569172, 7.036515288, 7.354048122, 7.604164872, 7.782247998, 7.88444955, 7.908152922, 7.851972852, 7.71590934, 7.50119373, 7.209980874, 6.846118722, 6.815950794, 7.141487364, 7.41423006, 7.628329998, 7.940167866, 8.293563594, 8.575233534, 8.782714998, 8.914468806, 8.970648876, 8.952178716, 0.0, 0.0, 0.0, 0.0, 0.0, 0.0, 0.0, 0.0, 0.0, 0.0, 0.0, 0.0, 0.0, 0.0, 0.0, 0.0, 0.0, 0.0, 0.0, 0.0, 0.0, 0.0, 0.0, 0.0, 0.0, 0.0, 0.0, 0.0, 0.0, 0.0, 0.0, 0.0, 0.0, 0.0, 0.0, 6.658030926, 6.999574968, 7.343581698, 7.642644372, 7.88983668, 8.079001902, 8.20459899, 8.52859638, 8.787024702, 8.970648876, 9.077467968, 9.107174142, 9.06038307, 8.938941768, 8.746236432, 8.486115012, 8.164426392, 7.787327292, 7.36189794, 6.89629599, 6.398986932, 5.87889801, 5.345418222, 4.808090484, 4.60830492, 4.433761908, 4.181490306, 3.8556459, 3.462077574, 3.007095966, 2.511018252, 2.769600492, 2.948145372, 3.402203472, 3.982782168, 4.55443362], "min_cpu_time": [13, 18, 10, 10, 14, 8, 4, 9, 15, 9, 3, 6, 15, 2, 5, 2, 9, 2], "max_cpu_time": [42, 18, 43, 14, 18, 14, 10, 40, 42, 15, 8, 30, 38, 27, 6, 37, 37, 35], "min_job_period": [21, 21, 21, 40, 35, 14, 18, 37, 3, 36, 9, 2, 44, 4, 6, 4, 40, 3], "max_job_period": [90, 25, 27, 74, 66, 69, 21, 52, 69, 57, 35, 79, 86, 73, 63, 92, 41, 17], "min_startup": [2, 1, 2, 2, 2, 3, 5, 2, 2, 2, 7, 4, 2, 10, 4, 10, 2, 10], "max_startup": [8, 96, 47, 70, 11, 50, 51, 13, 35, 86, 69, 72, 85, 36, 77, 18, 56, 56], "priority": [9, 13, 2, 16, 7, 18, 4, 1, 5, 17, 10, 12, 14, 15, 8, 11, 3, 6], "win_min": [0, 0, 0, 0, 0, 0, 0, 0, 0, 0, 0, 0, 0, 0, 17, 0, 0, 0], "win_max": [97, 97, 97, 97, 97, 97, 97, 97, 97, 97, 97, 97, 97, 97, 91, 97, 97, 97]}