{"subs": 1, "jobs": 18, "T": 97, "power_use": [0.5125291840297665, 2.0528972316241445, 0.3545938792606066, 3.2243862748993273, 2.4660827146422344, 3.054789226366519, 0.66865467937382, 1.011702710234671, 3.9070841787357904, 2.2981929061428548, 1.7934135961352544, 0.27717828260550803, 1.7865092342343634, 2.0061560233985833, 3.39483147403164, 1.1837278266029667, 0.9158666806945969, 2.154022519273989], "power_resource": [8.613405198, 8.806572288, 8.92416564, 8.966031336, 0.0, 0.0, 0.0, 0.0, 0.0, 0.0, 0.0, 0.0, 0.0, 0.0, 0.0, 0.0, 0.0, 0.0, 0.0, 0.0, 0.0, 0.0, 0.0, 0.0, 0.0, 0.0, 0.0, 0.0, 0.0, 0.0, 0.0, 0.0, 0.0, 0.0, 0.0, 0.0, 0.0, 0.0, 0.0, 0.0, 6.691123296, 7.065144036, 7.40037744, 7.689435444, 7.925083902, 8.101627848, 8.26924455, 8.585084286, 8.828582562, 8.996661018, 9.087780474, 9.101633094, 9.039450222, 8.902924956, 8.695905246, 8.422700796, 8.088698736, 7.700825376, 7.266007026, 6.792709176, 6.289551234, 5.765306526, 5.229671886, 4.691882394, 4.573827288, 4.383276804, 4.115459484, 3.775300704, 3.368341512, 2.901508218, 2.583821466, 2.827011906, 2.989549314, 3.527338806, 4.10730183, 4.676336676, 5.224900428, 5.743911924, 6.224136084, 6.657569172, 7.036515288, 7.354048122, 7.604164872, 7.782247998, 7.88444955, 7.908152922, 7.851972852, 7.71590934, 7.50119373, 7.209980874, 6.846118722, 6.815950794, 7.141487364, 7.41423006, 7.628329998, 7.940167866, 8.293563594], "min_cpu_time": [15, 5, 15, 7, 17, 12, 7, 17, 14, 1, 12, 6, 13, 2, 3, 1, 11, 10], "max_cpu_time": [47, 8, 25, 28, 31, 23, 9, 22, 41, 28, 37, 41, 14, 43, 41, 43, 46, 39], "min_job_period": [79, 5, 55, 27, 22, 93, 7, 48, 38, 4, 8, 15, 92, 7, 2, 2, 22, 34], "max_job_period": [95, 69, 89, 84, 92, 96, 20, 57, 69, 92, 79, 90, 92, 11, 34, 65, 40, 74], "min_startup": [1, 3, 1, 2, 1, 1, 2, 1, 1, 14, 1, 3, 1, 7, 5, 14, 1, 2], "max_startup": [50, 92, 53, 2, 43, 82, 28, 11, 74, 53, 33, 6, 14, 39, 41, 72, 66, 41], "priority": [8, 3, 15, 10, 16, 13, 9, 2, 11, 4, 18, 1, 5, 6, 14, 12, 7, 17], "win_min": [0, 0, 0, 0, 2, 0, 0, 0, 0, 0, 0, 0, 0, 0, 0, 0, 0, 0], "win_max": [97, 97, 97, 97, 94, 97, 97, 97, 97, 97, 97, 97, 97, 97, 97, 97, 97, 97]}