{"subs": 1, "jobs": 13, "T": 97, "power_use": [0.8707510742422899, 0.4067705041892677, 0.531747384062049, 2.034163858519589, 1.5649943292554203, 1.2829213396817407, 3.4849033039137476, 1.68115592008077, 1.3523677601042654, 2.902100742449035, 2.14318670261932, 1.716052441620502, 3.0717730025364745], "power_resource": [0.0, 0.0, 0.0, 0.0, 0.0, 0.0, 0.0, 0.0, 0.0, 0.0, 0.0, 0.0, 6.691123296, 7.065144036, 7.40037744, 7.689435444, 7.925083902, 8.101627848, 8.26924455, 8.585084286, 8.828582562, 8.996661018, 9.087780474, 9.101633094, 9.039450222, 8.902924956, 8.695905246, 8.422700796, 8.088698736, 7.700825376, 7.266007026, 6.792709176, 6.289551234, 5.765306526, 5.229671886, 4.691882394, 4.573827288, 4.383276804, 4.115459484, 3.775300704, 3.368341512, 2.901508218, 2.583821466, 2.827011906, 2.989549314, 3.527338806, 4.10730183, 4.676336676, 5.224900428, 5.743911924, 6.224136084, 6.657569172, 7.036515288, 7.354048122, 7.604164872, 7.782247998, 7.88444955, 7.908152922, 7.851972852, 7.71590934, 7.50119373, 7.209980874, 6.846118722, 6.815950794, 7.141487364, 7.41423006, 7.628329998, 7.940167866, 8.293563594, 8.575233534, 8.782714998, 8.914468806, 8.970648876, 8.952178716, 0.0, 0.0, 0.0, 0.0, 0.0, 0.0, 0.0, 0.0, 0.0, 0.0, 0.0, 0.0, 0.0, 0.0, 0.0, 0.0, 0.0, 0.0, 0.0, 0.0, 0.0, 0.0, 0.0], "min_cpu_time": [10, 2, 4, 18, 14, 9, 4, 14, 3, 16, 15, 17, 7], "max_cpu_time": [24, 15, 10, 34, 14, 17, 24, 20, 24, 17, 30, 32, 48], "min_job_period": [38, 21, 15, 33, 79, 15, 14, 29, 25, 47, 29, 34, 92], "max_job_period": [58, 96, 21, 94, 80, 34, 80, 36, 92, 90, 66, 83, 94], "min_startup": [1, 3, 2, 1, 1, 1, 2, 1, 2, 1, 1, 1, 1], "max_startup": [18, 21, 66, 59, 69, 55, 10, 52, 73, 14, 63, 27, 71], "priority": [9, 11, 13, 4, 1, 2, 8, 6, 5, 3, 10, 12, 7], "win_min": [0, 0, 0, 0, 0, 0, 11, 0, 0, 0, 0, 0, 0], "win_max": [97, 97, 97, 97, 97, 97, 79, 97, 97, 97, 97, 97, 97]}