{"subs": 1, "jobs": 18, "T": 97, "power_use": [1.1000096396355918, 0.11049796650794336, 2.1974628893791053, 1.7951403861024353, 3.218212505183502, 1.590791536418267, 0.09168077450172445, 3.617867215726454, 2.646024971339007, 3.772206227752686, 2.7347049137984407, 2.6159370912793727, 2.2956314201266315, 3.9097862579114153, 1.0961350628245958, 0.6263990260998099, 3.024050515109799, 0.3108788859224235], "power_resource": [9.087780474, 9.101633094, 9.039450222, 8.902924956, 8.695905246, 8.422700796, 8.088698736, 7.700825376, 7.266007026, 6.792709176, 6.289551234, 5.765306526, 5.229671886, 4.691882394, 4.573827288, 4.383276804, 4.115459484, 3.775300704, 3.368341512, 2.901508218, 2.583821466, 2.827011906, 2.989549314, 3.527338806, 4.10730183, 4.676336676, 5.224900428, 5.743911924, 6.224136084, 6.657569172, 7.036515288, 7.354048122, 7.604164872, 7.782247998, 7.88444955, 7.908152922, 7.851972852, 7.71590934, 7.50119373, 7.209980874, 6.846118722, 6.815950794, 7.141487364, 7.41423006, 7.628329998, 7.940167866, 8.293563594, 8.575233534, 8.782714998, 8.914468806, 8.970648876, 8.952178716, 0.0, 0.0, 0.0, 0.0, 0.0, 0.0, 0.0, 0.0, 0.0, 0.0, 0.0, 0.0, 0.0, 0.0, 0.0, 0.0, 0.0, 0.0, 0.0, 0.0, 0.0, 0.0, 0.0, 0.0, 0.0, 0.0, 0.0, 0.0, 0.0, 0.0, 0.0, 0.0, 0.0, 0.0, 0.0, 6.658030926, 6.999574968, 7.343581698, 7.642644372, 7.88983668, 8.079001902, 8.20459899, 8.52859638, 8.787024702, 8.970648876], "min_cpu_time": [13, 1, 1, 10, 7, 17, 6, 8, 11, 15, 7, 1, 12, 3, 8, 3, 5, 11], "max_cpu_time": [16, 34, 41, 47, 25, 28, 32, 31, 34, 16, 46, 7, 32, 48, 26, 38, 22, 13], "min_job_period": [69, 1, 55, 85, 29, 31, 23, 60, 79, 57, 6, 3, 90, 42, 22, 91, 35, 25], "max_job_period": [83, 68, 83, 93, 74, 41, 77, 92, 93, 62, 93, 76, 96, 61, 88, 93, 53, 46], "min_startup": [1, 1, 1, 1, 1, 1, 1, 1, 1, 1, 1, 1, 1, 1, 1, 1, 1, 1], "max_startup": [96, 31, 89, 70, 29, 5, 19, 93, 89, 35, 50, 39, 36, 10, 62, 13, 18, 9], "priority": [16, 10, 4, 17, 6, 9, 15, 8, 14, 3, 2, 18, 13, 12, 7, 5, 1, 11], "win_min": [0, 0, 0, 0, 0, 0, 0, 17, 0, 0, 0, 0, 0, 0, 0, 0, 0, 0], "win_max": [97, 97, 97, 97, 97, 97, 97, 90, 97, 97, 97, 97, 97, 97, 97, 97, 97, 97]}