{"subs": 1, "jobs": 18, "T": 97, "power_use": [1.895076282140616, 0.034224906561059955, 2.294366369504805, 2.073093047183622, 3.3907547162214726, 2.2225098876836427, 1.503881109524771, 2.4883530090798307, 3.5478990371650285, 0.9185137274591147, 3.66880534848485, 2.070430676643212, 0.9196507821007412, 2.7461118233567587, 1.1231291913436858, 0.8887360642864637, 1.9824230262774236, 1.967894505894647], "power_resource": [0.0, 0.0, 0.0, 0.0, 0.0, 0.0, 0.0, 0.0, 0.0, 6.771160656, 6.863665374, 7.22414133, 7.54275159, 7.81210809, 8.025592356, 8.17766334, 8.406385488, 8.694519984, 8.908927758, 9.04730004, 9.108559404, 9.092859768, 9.001740312, 8.83797156, 8.605093626, 8.308339722, 7.95371265, 7.547830884, 7.098544242, 6.614010378, 6.103310454, 5.575525632, 5.040198828, 4.667255514, 4.525497036, 4.304470788, 4.00802472, 3.64169988, 3.211191234, 2.724040764, 2.64585042, 2.856102408, 3.152086722, 3.733127172, 4.30893441, 4.869811602, 5.406215832, 5.909219856, 6.370204266, 6.78085749, 7.133945382, 7.423157304, 7.642952208, 7.788866472, 7.8575139, 7.847201394, 7.75669761, 7.58661822, 7.338656322, 7.015736358, 6.662032794, 7.014351096, 7.317569556, 7.565531454, 7.752541824, 8.121637188, 8.444249316, 8.69405823, 8.86875516, 8.967878352, 8.991427806, 0.0, 0.0, 0.0, 0.0, 0.0, 0.0, 0.0, 0.0, 0.0, 0.0, 0.0, 0.0, 0.0, 0.0, 0.0, 0.0, 0.0, 0.0, 0.0, 0.0, 0.0, 0.0, 0.0, 0.0, 0.0, 0.0], "min_cpu_time": [17, 6, 14, 4, 11, 2, 16, 7, 9, 5, 4, 17, 5, 14, 18, 12, 1, 4], "max_cpu_time": [26, 9, 21, 30, 23, 9, 24, 23, 37, 37, 28, 40, 18, 25, 27, 27, 36, 11], "min_job_period": [6, 15, 24, 40, 79, 8, 11, 54, 41, 14, 66, 83, 23, 70, 9, 51, 27, 72], "max_job_period": [85, 90, 88, 45, 89, 38, 76, 64, 69, 93, 76, 86, 38, 85, 66, 65, 28, 91], "min_startup": [1, 1, 1, 1, 1, 2, 1, 1, 1, 1, 1, 1, 1, 1, 1, 1, 3, 1], "max_startup": [39, 34, 1, 71, 36, 91, 54, 18, 10, 2, 34, 48, 51, 13, 88, 64, 71, 60], "priority": [3, 9, 15, 2, 13, 11, 5, 8, 10, 18, 14, 7, 4, 17, 12, 6, 16, 1], "win_min": [0, 0, 0, 1, 0, 0, 0, 0, 0, 0, 0, 0, 0, 0, 0, 0, 0, 0], "win_max": [97, 97, 97, 96, 97, 97, 97, 97, 97, 97, 97, 97, 97, 97, 97, 97, 97, 97]}