{"subs": 1, "jobs": 13, "T": 97, "power_use": [3.914252123408599, 3.411177999561289, 3.6911834727511526, 2.4089437543968164, 3.401582990222297, 0.146961317949009, 1.1792655120297675, 1.0726925772034261, 3.9274305050645615, 0.561335888802235, 3.962689075878138, 3.8325457647529957, 0.3641219690689137], "power_resource": [6.953553486, 7.283091924, 7.546445622, 7.738535286, 7.855512966, 7.894146384, 7.853358114, 7.732532484, 7.532593002, 7.25569452, 6.905223234, 6.766389198, 7.10100693, 7.384062132, 7.60970592, 7.872290028, 8.238768786, 8.534291346, 8.755933266, 8.902155366, 8.972495892, 8.96803227, 0.0, 0.0, 0.0, 0.0, 0.0, 0.0, 0.0, 0.0, 0.0, 0.0, 0.0, 0.0, 0.0, 0.0, 0.0, 0.0, 0.0, 0.0, 0.0, 0.0, 0.0, 0.0, 0.0, 0.0, 0.0, 0.0, 0.0, 0.0, 0.0, 0.0, 0.0, 0.0, 0.0, 0.0, 0.0, 6.716058012, 6.93246672, 7.284785022, 7.593852366, 7.85212677, 8.053605432, 8.192593386, 8.469030114, 8.742234564, 8.941404456, 9.064077102, 9.109482912, 9.078237558, 8.97188022, 8.793489258, 8.54706654, 8.23769136, 7.871520438, 7.45578792, 6.998189706, 6.507191286, 5.991565986, 5.460856722, 4.924298574, 4.639396356, 4.48132257, 4.244442768, 3.93337449, 3.55319703, 3.110374944, 2.612142378, 2.709264636, 2.90366307, 3.277068138, 3.858108588, 4.431914892, 4.989098052, 5.520115152, 6.01588503, 6.467942196], "min_cpu_time": [16, 12, 4, 5, 17, 16, 15, 14, 9, 2, 8, 1, 6], "max_cpu_time": [36, 39, 10, 38, 25, 38, 46, 48, 35, 43, 20, 28, 34], "min_job_period": [15, 22, 6, 9, 6, 40, 37, 22, 26, 2, 15, 2, 15], "max_job_period": [57, 75, 77, 56, 80, 51, 81, 40, 36, 25, 91, 5, 57], "min_startup": [2, 3, 8, 6, 2, 2, 2, 2, 3, 15, 4, 30, 5], "max_startup": [57, 90, 29, 25, 40, 56, 44, 22, 95, 19, 37, 38, 9], "priority": [4, 5, 10, 9, 1, 3, 12, 13, 7, 2, 8, 11, 6], "win_min": [0, 0, 0, 9, 0, 0, 0, 0, 0, 0, 0, 0, 0], "win_max": [97, 97, 97, 93, 97, 97, 97, 97, 97, 97, 97, 97, 97]}