{"subs": 1, "jobs": 18, "T": 97, "power_use": [1.4363088944514135, 0.22960925760214385, 3.895063854054891, 3.0585661703764986, 2.9880016524295376, 3.3391372089334235, 0.5929438453080159, 0.5776211453804695, 0.19072582877972752, 1.0309126817883023, 2.9660632508358313, 0.5908447308913684, 3.8175996469057205, 1.9090862447169978, 3.3480982689133283, 2.32245185893977, 2.1824027760794222, 1.5543562620950075], "power_resource": [0.0, 0.0, 0.0, 0.0, 0.0, 0.0, 0.0, 0.0, 0.0, 0.0, 0.0, 0.0, 0.0, 0.0, 0.0, 0.0, 0.0, 0.0, 0.0, 0.0, 0.0, 0.0, 0.0, 0.0, 0.0, 0.0, 0.0, 0.0, 0.0, 0.0, 6.76238733, 7.128866088, 7.455172248, 7.733763828, 7.957714518, 8.12148327, 8.337276306, 8.63864775, 8.866908144, 9.019286964, 9.094706784, 9.093013686, 9.015285096, 8.863983702, 8.642803536, 8.356362138, 8.01066231, 7.612168608, 7.168423014, 6.6877371, 6.178884192, 5.650945452, 5.113309878, 4.662637974, 4.536117378, 4.329405504, 4.04650422, 3.692031066, 3.272142762, 2.7936117, 2.653700238, 2.88134496, 3.070356264, 3.652320222, 4.23120582, 4.797316224, 5.341262436, 5.853655458, 6.325721964, 6.749458218, 7.11716832, 7.422387714, 7.659113598, 7.823036268, 7.910461692, 7.918927182, 7.847663148, 7.696515672, 7.467023934, 7.161650622, 6.784551522, 6.86397321, 7.179966864, 7.442089218, 7.644645306, 8.005429098, 8.34543396, 8.613405198, 8.806572288, 8.92416564, 8.966031336, 0.0, 0.0, 0.0, 0.0, 0.0, 0.0], "min_cpu_time": [1, 4, 9, 7, 16, 15, 8, 8, 14, 5, 9, 13, 7, 3, 15, 1, 12, 11], "max_cpu_time": [7, 47, 28, 43, 34, 25, 36, 26, 19, 38, 48, 43, 34, 38, 41, 1, 45, 12], "min_job_period": [7, 21, 44, 5, 45, 78, 87, 76, 34, 31, 36, 45, 92, 16, 65, 6, 61, 55], "max_job_period": [9, 39, 81, 52, 86, 81, 87, 90, 71, 71, 84, 57, 96, 87, 93, 76, 70, 90], "min_startup": [7, 2, 1, 1, 1, 1, 1, 1, 1, 2, 1, 1, 1, 3, 1, 7, 1, 1], "max_startup": [64, 15, 73, 95, 70, 13, 27, 76, 59, 48, 27, 16, 32, 37, 29, 77, 20, 26], "priority": [3, 7, 4, 1, 11, 5, 2, 9, 6, 8, 13, 18, 10, 14, 12, 17, 15, 16], "win_min": [0, 0, 0, 0, 0, 0, 0, 0, 0, 2, 0, 0, 0, 0, 0, 0, 0, 0], "win_max": [97, 97, 97, 97, 97, 97, 97, 97, 97, 93, 97, 97, 97, 97, 97, 97, 97, 97]}