{"subs": 1, "jobs": 18, "T": 97, "power_use": [3.715503311912937, 3.2823538302914135, 3.737689863913016, 3.1889817506314553, 1.5637369221092365, 1.8475233198508234, 2.0909347775039295, 2.945950856772357, 3.9621882644212807, 2.1805511566403473, 1.431068584372413, 0.8874953311226319, 3.167540962669489, 2.8733875611910284, 1.3223098624482772, 0.08683765563237741, 1.3356959216601896, 3.5188016186160374], "power_resource": [7.689435444, 7.925083902, 8.101627848, 8.26924455, 8.585084286, 8.828582562, 8.996661018, 9.087780474, 9.101633094, 9.039450222, 8.902924956, 8.695905246, 8.422700796, 8.088698736, 7.700825376, 7.266007026, 6.792709176, 6.289551234, 5.765306526, 5.229671886, 4.691882394, 4.573827288, 4.383276804, 4.115459484, 3.775300704, 3.368341512, 2.901508218, 2.583821466, 2.827011906, 2.989549314, 3.527338806, 4.10730183, 4.676336676, 5.224900428, 5.743911924, 6.224136084, 6.657569172, 7.036515288, 7.354048122, 7.604164872, 7.782247998, 7.88444955, 7.908152922, 7.851972852, 7.71590934, 7.50119373, 7.209980874, 6.846118722, 6.815950794, 7.141487364, 7.41423006, 7.628329998, 7.940167866, 8.293563594, 8.575233534, 8.782714998, 8.914468806, 8.970648876, 8.952178716, 0.0, 0.0, 0.0, 0.0, 0.0, 0.0, 0.0, 0.0, 0.0, 0.0, 0.0, 0.0, 0.0, 0.0, 0.0, 0.0, 0.0, 0.0, 0.0, 0.0, 0.0, 0.0, 0.0, 0.0, 0.0, 0.0, 0.0, 0.0, 0.0, 0.0, 0.0, 0.0, 0.0, 0.0, 0.0, 6.658030926, 6.999574968, 7.343581698], "min_cpu_time": [17, 6, 6, 16, 13, 6, 6, 10, 2, 12, 15, 4, 1, 11, 16, 8, 3, 11], "max_cpu_time": [40, 43, 10, 25, 39, 7, 32, 32, 29, 16, 20, 34, 13, 14, 31, 35, 33, 36], "min_job_period": [61, 77, 34, 9, 61, 93, 88, 29, 2, 14, 95, 21, 3, 73, 37, 90, 29, 48], "max_job_period": [88, 89, 42, 57, 77, 96, 92, 54, 31, 14, 95, 40, 88, 84, 85, 91, 77, 79], "min_startup": [1, 1, 1, 1, 1, 1, 1, 1, 4, 1, 1, 2, 7, 1, 1, 1, 3, 1], "max_startup": [7, 94, 24, 36, 66, 21, 25, 52, 63, 44, 31, 33, 82, 62, 7, 90, 83, 63], "priority": [7, 10, 8, 9, 2, 14, 4, 11, 13, 16, 18, 3, 17, 15, 1, 12, 5, 6], "win_min": [0, 0, 0, 0, 0, 0, 0, 0, 0, 0, 0, 0, 0, 0, 13, 0, 0, 0], "win_max": [97, 97, 97, 97, 97, 97, 97, 97, 97, 97, 97, 97, 97, 97, 95, 97, 97, 97]}