{"subs": 1, "jobs": 13, "T": 97, "power_use": [1.6803471891728934, 0.4044888159823814, 0.6806927319827875, 0.035019694609969725, 3.8123901574707912, 1.4286719447999725, 1.0494389011476914, 2.340435213348166, 1.8075991651942935, 2.1003786705932987, 2.011246433884107, 2.6197422931328846, 2.0436186714663758], "power_resource": [7.4881107, 7.711445718, 7.861054014, 7.933549392, 7.926930918, 7.840275084, 7.674043644, 7.429929696, 7.110703764, 6.720521634, 6.909994692, 7.21644543, 7.467793524, 7.67204271, 8.068227642, 8.394841638, 8.648806338, 8.827659054, 8.930938032, 8.958643272, 0.0, 0.0, 0.0, 0.0, 0.0, 0.0, 0.0, 0.0, 0.0, 0.0, 0.0, 0.0, 0.0, 0.0, 0.0, 0.0, 0.0, 0.0, 0.0, 0.0, 0.0, 0.0, 0.0, 0.0, 0.0, 0.0, 0.0, 0.0, 0.0, 0.0, 0.0, 0.0, 0.0, 0.0, 0.0, 0.0, 6.76238733, 7.128866088, 7.455172248, 7.733763828, 7.957714518, 8.12148327, 8.337276306, 8.63864775, 8.866908144, 9.019286964, 9.094706784, 9.093013686, 9.015285096, 8.863983702, 8.642803536, 8.356362138, 8.01066231, 7.612168608, 7.168423014, 6.6877371, 6.178884192, 5.650945452, 5.113309878, 4.662637974, 4.536117378, 4.329405504, 4.04650422, 3.692031066, 3.272142762, 2.7936117, 2.653700238, 2.88134496, 3.070356264, 3.652320222, 4.23120582, 4.797316224, 5.341262436, 5.853655458, 6.325721964, 6.749458218, 7.11716832], "min_cpu_time": [18, 13, 11, 14, 4, 10, 12, 18, 12, 15, 12, 9, 9], "max_cpu_time": [44, 38, 44, 47, 12, 41, 44, 36, 25, 26, 22, 40, 44], "min_job_period": [29, 13, 8, 18, 1, 8, 14, 2, 6, 20, 15, 6, 8], "max_job_period": [52, 45, 79, 42, 31, 27, 48, 28, 82, 35, 53, 16, 14], "min_startup": [3, 5, 6, 4, 17, 6, 6, 3, 6, 4, 6, 7, 7], "max_startup": [92, 33, 37, 53, 95, 73, 23, 74, 15, 12, 27, 42, 95], "priority": [6, 10, 4, 7, 8, 1, 2, 3, 12, 9, 11, 13, 5], "win_min": [0, 0, 0, 0, 0, 3, 0, 0, 0, 0, 0, 0, 0], "win_max": [97, 97, 97, 97, 97, 90, 97, 97, 97, 97, 97, 97, 97]}