{"subs": 1, "jobs": 13, "T": 97, "power_use": [3.9811486731129273, 2.1223292638242137, 2.331116309068836, 0.2889432759298503, 3.519991016008794, 3.5005018083117587, 0.03261964520872322, 1.5999237914219757, 3.6932290217555894, 0.9689493654609649, 0.4697529409841991, 2.993896283853902, 2.6465922034193645], "power_resource": [7.49118906, 7.744999842, 8.128255662, 8.441478792, 8.681283036, 8.845975296, 8.9349399, 8.948638602, 0.0, 0.0, 0.0, 0.0, 0.0, 0.0, 0.0, 0.0, 0.0, 0.0, 0.0, 0.0, 0.0, 0.0, 0.0, 0.0, 0.0, 0.0, 0.0, 0.0, 0.0, 0.0, 0.0, 0.0, 0.0, 0.0, 0.0, 0.0, 0.0, 0.0, 0.0, 0.0, 0.0, 0.0, 0.0, 6.809794074, 6.832112184, 7.190895042, 7.507966122, 7.775783442, 7.987882446, 8.138722086, 8.40238362, 8.689132854, 8.902155366, 9.03883455, 9.098400816, 9.081008082, 8.987887692, 8.82181017, 8.586777384, 8.287560792, 7.930163196, 7.521356988, 7.068991986, 6.581379762, 6.067293642, 5.535814788, 4.996793952, 4.638165012, 4.495021272, 4.272609762, 3.974470596, 3.606144822, 3.173327406, 2.68356033, 2.720654568, 2.932753572, 3.195029844, 3.777455556, 4.354801974, 4.9176801, 5.4563931, 5.961859812, 6.425460828, 6.839192412, 7.195512582, 7.4881107, 7.711445718, 7.861054014, 7.933549392, 7.926930918, 7.840275084, 7.674043644, 7.429929696, 7.110703764, 6.720521634, 6.909994692, 7.21644543], "min_cpu_time": [1, 8, 9, 6, 1, 17, 6, 5, 13, 12, 9, 3, 7], "max_cpu_time": [31, 14, 35, 26, 31, 41, 15, 43, 18, 13, 18, 37, 11], "min_job_period": [78, 17, 69, 83, 74, 68, 40, 18, 7, 29, 25, 70, 55], "max_job_period": [91, 66, 94, 88, 79, 78, 41, 40, 39, 85, 55, 82, 88], "min_startup": [1, 1, 1, 1, 1, 1, 1, 1, 1, 1, 1, 1, 1], "max_startup": [76, 20, 33, 31, 74, 74, 17, 44, 8, 8, 49, 8, 54], "priority": [9, 5, 4, 12, 7, 11, 3, 6, 10, 2, 13, 1, 8], "win_min": [0, 0, 0, 0, 0, 0, 0, 0, 0, 0, 12, 0, 0], "win_max": [97, 97, 97, 97, 97, 97, 97, 97, 97, 97, 88, 97, 97]}