{"subs": 1, "jobs": 18, "T": 97, "power_use": [2.3095546823250865, 0.08350259761785998, 1.8755403932590922, 3.2901194617479477, 2.802985908207299, 1.7205330485111183, 1.607664842129729, 1.8886698458859814, 1.758750550196634, 0.7342886235077971, 1.3264517552731245, 1.2878415232448368, 3.9204564580782715, 0.22867110286587156, 1.377700001007738, 0.2513551728830401, 1.9804993462427367, 0.04102692367469406], "power_resource": [7.45578792, 6.998189706, 6.507191286, 5.991565986, 5.460856722, 4.924298574, 4.639396356, 4.48132257, 4.244442768, 3.93337449, 3.55319703, 3.110374944, 2.612142378, 2.709264636, 2.90366307, 3.277068138, 3.858108588, 4.431914892, 4.989098052, 5.520115152, 6.01588503, 6.467942196, 6.868282914, 7.209826956, 7.486109766, 7.692205968, 7.82365194, 7.877369322, 7.851665016, 7.746077268, 7.561067832, 7.298637642, 6.961865058, 6.714980586, 7.05867948, 7.35189327, 7.588773072, 7.80210342, 8.18151129, 8.490578634, 8.72638101, 8.886917484, 8.971572384, 8.9811153, 0.0, 0.0, 0.0, 0.0, 0.0, 0.0, 0.0, 0.0, 0.0, 0.0, 0.0, 0.0, 0.0, 0.0, 0.0, 0.0, 0.0, 0.0, 0.0, 0.0, 0.0, 0.0, 0.0, 0.0, 0.0, 0.0, 0.0, 0.0, 0.0, 0.0, 0.0, 0.0, 0.0, 0.0, 0.0, 6.771160656, 6.863665374, 7.22414133, 7.54275159, 7.81210809, 8.025592356, 8.17766334, 8.406385488, 8.694519984, 8.908927758, 9.04730004, 9.108559404, 9.092859768, 9.001740312, 8.83797156, 8.605093626, 8.308339722, 7.95371265], "min_cpu_time": [14, 8, 11, 14, 17, 9, 17, 10, 7, 7, 14, 13, 5, 12, 10, 12, 14, 13], "max_cpu_time": [44, 28, 18, 16, 18, 20, 48, 15, 11, 24, 26, 13, 44, 41, 17, 35, 38, 34], "min_job_period": [27, 2, 36, 63, 17, 14, 82, 34, 22, 15, 40, 63, 18, 44, 1, 18, 87, 68], "max_job_period": [54, 56, 62, 96, 51, 46, 83, 57, 60, 23, 53, 72, 65, 91, 57, 42, 96, 70], "min_startup": [1, 2, 2, 1, 1, 2, 1, 2, 2, 2, 1, 1, 3, 2, 2, 2, 1, 1], "max_startup": [89, 93, 48, 12, 5, 31, 63, 30, 60, 68, 92, 6, 16, 86, 60, 71, 60, 50], "priority": [17, 6, 7, 13, 9, 5, 2, 3, 15, 18, 8, 1, 4, 16, 10, 11, 14, 12], "win_min": [15, 0, 0, 0, 0, 0, 0, 0, 0, 0, 0, 0, 0, 0, 0, 0, 0, 0], "win_max": [94, 97, 97, 97, 97, 97, 97, 97, 97, 97, 97, 97, 97, 97, 97, 97, 97, 97]}