{"subs": 1, "jobs": 18, "T": 97, "power_use": [0.991830055360133, 2.8493236275032277, 0.35915607572316194, 2.5981008489553297, 2.8209081298190566, 3.822838164347707, 3.521134588208872, 3.496957597621618, 3.9087250987293323, 3.135396663296524, 2.0597528656753923, 0.2628059003755164, 3.905483482272209, 0.4941041739272465, 0.9020035288044623, 3.8213028673774416, 3.222841761783097, 3.9142040280842214], "power_resource": [0.0, 0.0, 0.0, 6.76238733, 7.128866088, 7.455172248, 7.733763828, 7.957714518, 8.12148327, 8.337276306, 8.63864775, 8.866908144, 9.019286964, 9.094706784, 9.093013686, 9.015285096, 8.863983702, 8.642803536, 8.356362138, 8.01066231, 7.612168608, 7.168423014, 6.6877371, 6.178884192, 5.650945452, 5.113309878, 4.662637974, 4.536117378, 4.329405504, 4.04650422, 3.692031066, 3.272142762, 2.7936117, 2.653700238, 2.88134496, 3.070356264, 3.652320222, 4.23120582, 4.797316224, 5.341262436, 5.853655458, 6.325721964, 6.749458218, 7.11716832, 7.422387714, 7.659113598, 7.823036268, 7.910461692, 7.918927182, 7.847663148, 7.696515672, 7.467023934, 7.161650622, 6.784551522, 6.86397321, 7.179966864, 7.442089218, 7.644645306, 8.005429098, 8.34543396, 8.613405198, 8.806572288, 8.92416564, 8.966031336, 0.0, 0.0, 0.0, 0.0, 0.0, 0.0, 0.0, 0.0, 0.0, 0.0, 0.0, 0.0, 0.0, 0.0, 0.0, 0.0, 0.0, 0.0, 0.0, 0.0, 0.0, 0.0, 0.0, 0.0, 0.0, 0.0, 0.0, 0.0, 0.0, 0.0, 0.0, 0.0, 0.0], "min_cpu_time": [16, 5, 18, 9, 17, 8, 17, 18, 14, 10, 18, 13, 6, 13, 12, 3, 8, 6], "max_cpu_time": [46, 19, 24, 26, 18, 15, 42, 36, 45, 48, 45, 30, 48, 43, 24, 39, 18, 14], "min_job_period": [91, 2, 77, 62, 7, 48, 15, 20, 24, 48, 28, 46, 8, 37, 52, 90, 42, 1], "max_job_period": [94, 25, 81, 94, 81, 79, 94, 56, 28, 51, 73, 51, 18, 61, 68, 90, 68, 61], "min_startup": [1, 1, 1, 1, 1, 1, 1, 1, 1, 1, 1, 1, 1, 1, 1, 1, 1, 1], "max_startup": [20, 82, 12, 26, 18, 78, 82, 59, 32, 31, 46, 11, 64, 24, 33, 48, 39, 13], "priority": [5, 3, 15, 14, 11, 8, 6, 2, 10, 1, 16, 4, 12, 9, 13, 18, 7, 17], "win_min": [0, 0, 0, 0, 0, 0, 0, 0, 0, 0, 0, 0, 4, 0, 0, 0, 0, 0], "win_max": [97, 97, 97, 97, 97, 97, 97, 97, 97, 97, 97, 97, 90, 97, 97, 97, 97, 97]}