{"subs": 1, "jobs": 13, "T": 97, "power_use": [0.710508233996569, 1.6830511933882557, 3.6072820282486124, 1.7031715815818709, 1.3946932861244996, 2.69227427400375, 0.909113286691849, 1.119357683718084, 2.898191057053999, 2.4349786111099285, 2.106408684268211, 1.7864702461590902, 1.7647536180639303], "power_resource": [0.0, 0.0, 0.0, 0.0, 0.0, 0.0, 0.0, 0.0, 0.0, 0.0, 0.0, 0.0, 0.0, 0.0, 0.0, 0.0, 0.0, 0.0, 0.0, 0.0, 0.0, 0.0, 0.0, 0.0, 0.0, 0.0, 6.771160656, 6.863665374, 7.22414133, 7.54275159, 7.81210809, 8.025592356, 8.17766334, 8.406385488, 8.694519984, 8.908927758, 9.04730004, 9.108559404, 9.092859768, 9.001740312, 8.83797156, 8.605093626, 8.308339722, 7.95371265, 7.547830884, 7.098544242, 6.614010378, 6.103310454, 5.575525632, 5.040198828, 4.667255514, 4.525497036, 4.304470788, 4.00802472, 3.64169988, 3.211191234, 2.724040764, 2.64585042, 2.856102408, 3.152086722, 3.733127172, 4.30893441, 4.869811602, 5.406215832, 5.909219856, 6.370204266, 6.78085749, 7.133945382, 7.423157304, 7.642952208, 7.788866472, 7.8575139, 7.847201394, 7.75669761, 7.58661822, 7.338656322, 7.015736358, 6.662032794, 7.014351096, 7.317569556, 7.565531454, 7.752541824, 8.121637188, 8.444249316, 8.69405823, 8.86875516, 8.967878352, 8.991427806, 0.0, 0.0, 0.0, 0.0, 0.0, 0.0, 0.0, 0.0, 0.0], "min_cpu_time": [3, 1, 13, 10, 7, 13, 5, 12, 8, 6, 8, 16, 14], "max_cpu_time": [17, 11, 42, 13, 28, 17, 20, 47, 28, 29, 27, 34, 47], "min_job_period": [7, 1, 25, 12, 4, 5, 1, 10, 5, 17, 14, 39, 45], "max_job_period": [59, 44, 89, 22, 64, 57, 26, 78, 49, 94, 29, 61, 95], "min_startup": [10, 29, 2, 3, 4, 2, 6, 3, 4, 5, 4, 2, 2], "max_startup": [54, 63, 94, 42, 88, 38, 64, 63, 32, 7, 47, 62, 23], "priority": [11, 4, 9, 5, 12, 1, 7, 3, 6, 13, 2, 8, 10], "win_min": [0, 0, 12, 0, 0, 0, 0, 0, 0, 0, 0, 0, 0], "win_max": [97, 97, 85, 97, 97, 97, 97, 97, 97, 97, 97, 97, 97]}