{"subs": 1, "jobs": 18, "T": 97, "power_use": [3.0334145768360963, 1.2316381391064146, 3.8377802337861686, 3.1210369518098147, 2.806530955652007, 2.8148390962261383, 1.6945582053136086, 1.9912028517869527, 3.9420998569071797, 2.387194506199698, 3.7171881378824456, 1.9548486234096338, 2.7583220714446726, 3.644484222946931, 2.7947866312010037, 0.8500852140393725, 1.6522862450090123, 0.6800410166349581], "power_resource": [7.896147318, 7.95371265, 7.931856294, 7.829962578, 7.648801092, 7.390218852, 7.0571403, 6.654029058, 6.954323076, 7.250923062, 7.49118906, 7.744999842, 8.128255662, 8.441478792, 8.681283036, 8.845975296, 8.9349399, 8.948638602, 0.0, 0.0, 0.0, 0.0, 0.0, 0.0, 0.0, 0.0, 0.0, 0.0, 0.0, 0.0, 0.0, 0.0, 0.0, 0.0, 0.0, 0.0, 0.0, 0.0, 0.0, 0.0, 0.0, 0.0, 0.0, 0.0, 0.0, 0.0, 0.0, 0.0, 0.0, 0.0, 0.0, 0.0, 0.0, 6.809794074, 6.832112184, 7.190895042, 7.507966122, 7.775783442, 7.987882446, 8.138722086, 8.40238362, 8.689132854, 8.902155366, 9.03883455, 9.098400816, 9.081008082, 8.987887692, 8.82181017, 8.586777384, 8.287560792, 7.930163196, 7.521356988, 7.068991986, 6.581379762, 6.067293642, 5.535814788, 4.996793952, 4.638165012, 4.495021272, 4.272609762, 3.974470596, 3.606144822, 3.173327406, 2.68356033, 2.720654568, 2.932753572, 3.195029844, 3.777455556, 4.354801974, 4.9176801, 5.4563931, 5.961859812, 6.425460828, 6.839192412, 7.195512582, 7.4881107, 7.711445718], "min_cpu_time": [2, 15, 9, 2, 15, 13, 11, 11, 2, 12, 2, 4, 17, 4, 7, 4, 5, 15], "max_cpu_time": [17, 35, 45, 35, 21, 47, 18, 37, 38, 30, 12, 18, 17, 6, 12, 39, 45, 28], "min_job_period": [4, 84, 83, 19, 93, 33, 31, 93, 93, 3, 83, 50, 33, 49, 32, 4, 72, 72], "max_job_period": [17, 90, 86, 79, 93, 65, 73, 94, 96, 31, 84, 75, 50, 50, 46, 36, 88, 91], "min_startup": [1, 1, 1, 1, 1, 1, 1, 1, 1, 1, 1, 1, 1, 1, 1, 1, 1, 1], "max_startup": [22, 43, 32, 51, 93, 40, 18, 84, 25, 89, 67, 51, 4, 72, 66, 35, 20, 5], "priority": [15, 8, 6, 17, 18, 7, 11, 3, 4, 14, 1, 9, 12, 2, 10, 5, 16, 13], "win_min": [0, 0, 11, 0, 0, 0, 0, 0, 0, 0, 0, 0, 0, 0, 0, 0, 0, 0], "win_max": [97, 97, 93, 97, 97, 97, 97, 97, 97, 97, 97, 97, 97, 97, 97, 97, 97, 97]}