{"subs": 1, "jobs": 18, "T": 97, "power_use": [2.7102550609685996, 0.8215944650293789, 2.811892197586844, 0.6039743789640599, 3.622178799788486, 3.7918313840925153, 3.269648710845658, 1.824345811115638, 3.5810912817197718, 1.4593786266625592, 1.4801319316024544, 3.546936353401217, 2.754209736129083, 0.3243321346708707, 2.13339290425017, 2.012369573962687, 2.1801692957350483, 2.203147128647209], "power_resource": [0.0, 0.0, 0.0, 0.0, 0.0, 0.0, 0.0, 0.0, 0.0, 0.0, 0.0, 6.809794074, 6.832112184, 7.190895042, 7.507966122, 7.775783442, 7.987882446, 8.138722086, 8.40238362, 8.689132854, 8.902155366, 9.03883455, 9.098400816, 9.081008082, 8.987887692, 8.82181017, 8.586777384, 8.287560792, 7.930163196, 7.521356988, 7.068991986, 6.581379762, 6.067293642, 5.535814788, 4.996793952, 4.638165012, 4.495021272, 4.272609762, 3.974470596, 3.606144822, 3.173327406, 2.68356033, 2.720654568, 2.932753572, 3.195029844, 3.777455556, 4.354801974, 4.9176801, 5.4563931, 5.961859812, 6.425460828, 6.839192412, 7.195512582, 7.4881107, 7.711445718, 7.861054014, 7.933549392, 7.926930918, 7.840275084, 7.674043644, 7.429929696, 7.110703764, 6.720521634, 6.909994692, 7.21644543, 7.467793524, 7.67204271, 8.068227642, 8.394841638, 8.648806338, 8.827659054, 8.930938032, 8.958643272, 0.0, 0.0, 0.0, 0.0, 0.0, 0.0, 0.0, 0.0, 0.0, 0.0, 0.0, 0.0, 0.0, 0.0, 0.0, 0.0, 0.0, 0.0, 0.0, 0.0, 0.0, 0.0, 0.0, 0.0], "min_cpu_time": [2, 1, 13, 13, 13, 12, 4, 16, 3, 14, 18, 13, 2, 9, 17, 18, 5, 16], "max_cpu_time": [24, 48, 25, 48, 31, 38, 6, 31, 32, 42, 37, 37, 48, 44, 39, 29, 19, 29], "min_job_period": [19, 2, 40, 65, 57, 1, 49, 84, 57, 5, 13, 14, 41, 44, 33, 95, 63, 68], "max_job_period": [27, 10, 41, 82, 77, 56, 87, 89, 63, 30, 64, 94, 48, 45, 54, 96, 88, 96], "min_startup": [2, 3, 1, 1, 1, 1, 1, 1, 1, 1, 1, 1, 2, 1, 1, 1, 1, 1], "max_startup": [72, 49, 23, 73, 82, 28, 13, 8, 66, 81, 72, 40, 88, 45, 50, 3, 52, 73], "priority": [8, 7, 1, 3, 9, 4, 14, 10, 6, 16, 18, 5, 2, 13, 15, 11, 17, 12], "win_min": [0, 0, 0, 0, 0, 0, 0, 0, 15, 0, 0, 0, 0, 0, 0, 0, 0, 0], "win_max": [97, 97, 97, 97, 97, 97, 97, 97, 92, 97, 97, 97, 97, 97, 97, 97, 97, 97]}