{"subs": 1, "jobs": 20, "T": 97, "power_use": [2.556352192091533, 3.285933996139732, 1.2882091043624004, 3.7768489511436734, 3.162732061535134, 1.3969723733133763, 0.3730522788474997, 2.447834345527334, 0.9116417588164624, 2.0817709129882, 1.2650758133487365, 2.7297864767668965, 0.6471512387474684, 2.872343092886124, 3.2143723721506405, 1.1467059340337769, 2.9210392225622828, 1.3738649887719578, 3.701070950171909, 3.991404503536527], "power_resource": [6.749458218, 7.11716832, 7.422387714, 7.659113598, 7.823036268, 7.910461692, 7.918927182, 7.847663148, 7.696515672, 7.467023934, 7.161650622, 6.784551522, 6.86397321, 7.179966864, 7.442089218, 7.644645306, 8.005429098, 8.34543396, 8.613405198, 8.806572288, 8.92416564, 8.966031336, 0.0, 0.0, 0.0, 0.0, 0.0, 0.0, 0.0, 0.0, 0.0, 0.0, 0.0, 0.0, 0.0, 0.0, 0.0, 0.0, 0.0, 0.0, 0.0, 0.0, 0.0, 0.0, 0.0, 0.0, 0.0, 0.0, 0.0, 0.0, 0.0, 0.0, 0.0, 0.0, 0.0, 0.0, 0.0, 0.0, 6.691123296, 7.065144036, 7.40037744, 7.689435444, 7.925083902, 8.101627848, 8.26924455, 8.585084286, 8.828582562, 8.996661018, 9.087780474, 9.101633094, 9.039450222, 8.902924956, 8.695905246, 8.422700796, 8.088698736, 7.700825376, 7.266007026, 6.792709176, 6.289551234, 5.765306526, 5.229671886, 4.691882394, 4.573827288, 4.383276804, 4.115459484, 3.775300704, 3.368341512, 2.901508218, 2.583821466, 2.827011906, 2.989549314, 3.527338806, 4.10730183, 4.676336676, 5.224900428, 5.743911924, 6.224136084], "min_cpu_time": [2, 2, 3, 9, 6, 17, 4, 12, 17, 16, 12, 8, 17, 13, 2, 9, 15, 4, 10, 8], "max_cpu_time": [21, 45, 47, 41, 32, 17, 46, 48, 30, 22, 26, 8, 31, 45, 38, 38, 29, 44, 41, 32], "min_job_period": [10, 19, 85, 95, 52, 82, 67, 70, 6, 41, 68, 2, 24, 88, 68, 91, 6, 26, 46, 23], "max_job_period": [81, 20, 91, 96, 76, 92, 73, 74, 89, 67, 85, 53, 40, 89, 83, 96, 29, 94, 56, 95], "min_startup": [1, 1, 1, 1, 1, 1, 1, 1, 1, 1, 1, 1, 1, 1, 1, 1, 1, 1, 1, 1], "max_startup": [80, 26, 13, 43, 93, 72, 13, 85, 62, 8, 75, 38, 38, 19, 32, 52, 93, 34, 32, 34], "priority": [18, 17, 20, 2, 8, 3, 19, 14, 16, 11, 13, 1, 15, 10, 5, 6, 12, 9, 4, 7], "win_min": [0, 0, 0, 0, 0, 0, 0, 0, 0, 0, 0, 0, 0, 0, 0, 0, 0, 0, 11, 0], "win_max": [97, 97, 97, 97, 97, 97, 97, 97, 97, 97, 97, 97, 97, 97, 97, 97, 97, 97, 83, 97]}