{"subs": 1, "jobs": 20, "T": 97, "power_use": [1.6668197882679299, 3.4579446279118486, 3.7402447987619394, 2.1419473590067764, 2.9415896467577336, 3.8985924973883512, 2.205853181627936, 1.3447580984522174, 1.4599787928352592, 2.0432213832827975, 3.221564886221061, 2.0452963848183803, 0.43361519977918067, 0.03467260966016565, 3.1238622536793494, 0.9729371209087581, 0.9711009432527045, 2.879938994487502, 2.505000399482817, 3.0793039316562214], "power_resource": [7.872290028, 8.238768786, 8.534291346, 8.755933266, 8.902155366, 8.972495892, 8.96803227, 0.0, 0.0, 0.0, 0.0, 0.0, 0.0, 0.0, 0.0, 0.0, 0.0, 0.0, 0.0, 0.0, 0.0, 0.0, 0.0, 0.0, 0.0, 0.0, 0.0, 0.0, 0.0, 0.0, 0.0, 0.0, 0.0, 0.0, 0.0, 0.0, 0.0, 0.0, 0.0, 0.0, 0.0, 0.0, 6.716058012, 6.93246672, 7.284785022, 7.593852366, 7.85212677, 8.053605432, 8.192593386, 8.469030114, 8.742234564, 8.941404456, 9.064077102, 9.109482912, 9.078237558, 8.97188022, 8.793489258, 8.54706654, 8.23769136, 7.871520438, 7.45578792, 6.998189706, 6.507191286, 5.991565986, 5.460856722, 4.924298574, 4.639396356, 4.48132257, 4.244442768, 3.93337449, 3.55319703, 3.110374944, 2.612142378, 2.709264636, 2.90366307, 3.277068138, 3.858108588, 4.431914892, 4.989098052, 5.520115152, 6.01588503, 6.467942196, 6.868282914, 7.209826956, 7.486109766, 7.692205968, 7.82365194, 7.877369322, 7.851665016, 7.746077268, 7.561067832, 7.298637642, 6.961865058, 6.714980586, 7.05867948, 7.35189327, 7.588773072], "min_cpu_time": [15, 1, 11, 1, 17, 6, 12, 13, 5, 15, 1, 14, 17, 7, 3, 11, 16, 16, 17, 14], "max_cpu_time": [34, 32, 43, 16, 41, 28, 41, 31, 46, 47, 43, 40, 36, 20, 24, 46, 33, 24, 22, 32], "min_job_period": [10, 2, 42, 1, 41, 5, 5, 44, 18, 6, 2, 15, 3, 17, 1, 10, 19, 23, 17, 37], "max_job_period": [19, 20, 63, 87, 72, 68, 20, 56, 55, 58, 20, 20, 22, 46, 7, 75, 44, 74, 65, 61], "min_startup": [2, 26, 2, 26, 2, 4, 2, 2, 5, 2, 26, 2, 2, 4, 9, 2, 2, 2, 2, 2], "max_startup": [87, 27, 65, 43, 64, 58, 66, 68, 69, 49, 74, 93, 44, 41, 44, 67, 34, 26, 75, 68], "priority": [10, 6, 8, 1, 5, 9, 12, 15, 16, 3, 13, 19, 7, 14, 11, 2, 17, 18, 4, 20], "win_min": [0, 0, 0, 0, 0, 0, 0, 0, 0, 12, 0, 0, 0, 0, 0, 0, 0, 0, 0, 0], "win_max": [97, 97, 97, 97, 97, 97, 97, 97, 97, 90, 97, 97, 97, 97, 97, 97, 97, 97, 97, 97]}