{"subs": 1, "jobs": 20, "T": 97, "power_use": [0.9074863532327875, 2.043044478006003, 3.4863523389892492, 1.0232195772010506, 2.1009226443528175, 3.0005917444647006, 2.8315466800570106, 1.4282493018469928, 0.1328852166267838, 0.2833365732411463, 1.2535799600039352, 0.9905621369092499, 2.6464611129839453, 0.6915364410277322, 3.9056768327430436, 2.507724430368746, 1.3515160376675142, 1.2785580052012142, 0.6310542096122909, 1.0066107616307316], "power_resource": [3.982782168, 4.55443362, 5.107460994, 5.63262921, 6.120857106, 6.56383311, 6.953553486, 7.283091924, 7.546445622, 7.738535286, 7.855512966, 7.894146384, 7.853358114, 7.732532484, 7.532593002, 7.25569452, 6.905223234, 6.766389198, 7.10100693, 7.384062132, 7.60970592, 7.872290028, 8.238768786, 8.534291346, 8.755933266, 8.902155366, 8.972495892, 8.96803227, 0.0, 0.0, 0.0, 0.0, 0.0, 0.0, 0.0, 0.0, 0.0, 0.0, 0.0, 0.0, 0.0, 0.0, 0.0, 0.0, 0.0, 0.0, 0.0, 0.0, 0.0, 0.0, 0.0, 0.0, 0.0, 0.0, 0.0, 0.0, 0.0, 0.0, 0.0, 0.0, 0.0, 0.0, 0.0, 6.716058012, 6.93246672, 7.284785022, 7.593852366, 7.85212677, 8.053605432, 8.192593386, 8.469030114, 8.742234564, 8.941404456, 9.064077102, 9.109482912, 9.078237558, 8.97188022, 8.793489258, 8.54706654, 8.23769136, 7.871520438, 7.45578792, 6.998189706, 6.507191286, 5.991565986, 5.460856722, 4.924298574, 4.639396356, 4.48132257, 4.244442768, 3.93337449, 3.55319703, 3.110374944, 2.612142378, 2.709264636, 2.90366307, 3.277068138], "min_cpu_time": [9, 1, 5, 9, 11, 14, 4, 14, 15, 17, 3, 9, 8, 10, 13, 5, 10, 5, 11, 2], "max_cpu_time": [28, 16, 5, 36, 11, 31, 30, 19, 35, 20, 20, 30, 29, 39, 36, 44, 23, 42, 44, 18], "min_job_period": [30, 11, 24, 31, 52, 60, 29, 51, 51, 54, 20, 24, 31, 16, 95, 32, 47, 17, 67, 14], "max_job_period": [71, 43, 77, 35, 54, 85, 30, 58, 76, 87, 69, 87, 87, 94, 96, 41, 49, 86, 72, 39], "min_startup": [1, 6, 2, 1, 1, 1, 2, 1, 1, 1, 2, 1, 1, 1, 1, 2, 1, 2, 1, 3], "max_startup": [61, 45, 88, 38, 96, 9, 20, 89, 28, 66, 42, 27, 22, 16, 9, 45, 34, 79, 69, 22], "priority": [5, 17, 20, 1, 2, 11, 7, 6, 13, 4, 18, 9, 16, 3, 19, 12, 8, 14, 15, 10], "win_min": [0, 0, 0, 0, 0, 0, 0, 0, 0, 0, 0, 0, 13, 0, 0, 0, 0, 0, 0, 0], "win_max": [97, 97, 97, 97, 97, 97, 97, 97, 97, 97, 97, 97, 95, 97, 97, 97, 97, 97, 97, 97]}