{"subs": 1, "jobs": 24, "T": 97, "power_use": [3.6454256455770158, 0.5611284988397954, 2.241821615535309, 1.2501851242869442, 1.501192842364757, 0.9928329355811366, 0.35882367405575044, 1.6385860008082636, 3.7320584252810853, 0.12978385944474538, 3.792972390997411, 2.0283239243218016, 1.8266459871426686, 3.6470317275764086, 1.557426199362695, 3.926705507542324, 0.6152937596734365, 0.4490300712630248, 0.4762473465897611, 3.072138025127695, 0.6800335586310741, 3.602288253192976, 1.3637645705423818, 1.6479685290843153], "power_resource": [0.0, 0.0, 0.0, 0.0, 0.0, 0.0, 0.0, 0.0, 0.0, 0.0, 0.0, 0.0, 6.658030926, 6.999574968, 7.343581698, 7.642644372, 7.88983668, 8.079001902, 8.20459899, 8.52859638, 8.787024702, 8.970648876, 9.077467968, 9.107174142, 9.06038307, 8.938941768, 8.746236432, 8.486115012, 8.164426392, 7.787327292, 7.36189794, 6.89629599, 6.398986932, 5.87889801, 5.345418222, 4.808090484, 4.60830492, 4.433761908, 4.181490306, 3.8556459, 3.462077574, 3.007095966, 2.511018252, 2.769600492, 2.948145372, 3.402203472, 3.982782168, 4.55443362, 5.107460994, 5.63262921, 6.120857106, 6.56383311, 6.953553486, 7.283091924, 7.546445622, 7.738535286, 7.855512966, 7.894146384, 7.853358114, 7.732532484, 7.532593002, 7.25569452, 6.905223234, 6.766389198, 7.10100693, 7.384062132, 7.60970592, 7.872290028, 8.238768786, 8.534291346, 8.755933266, 8.902155366, 8.972495892, 8.96803227, 0.0, 0.0, 0.0, 0.0, 0.0, 0.0, 0.0, 0.0, 0.0, 0.0, 0.0, 0.0, 0.0, 0.0, 0.0, 0.0, 0.0, 0.0, 0.0, 0.0, 0.0, 0.0, 0.0], "min_cpu_time": [10, 10, 14, 3, 13, 1, 8, 5, 5, 6, 11, 14, 9, 12, 2, 17, 14, 7, 8, 13, 14, 2, 3, 11], "max_cpu_time": [24, 30, 25, 26, 39, 22, 42, 41, 37, 31, 15, 20, 11, 16, 7, 45, 22, 25, 14, 25, 36, 6, 3, 21], "min_job_period": [83, 73, 35, 3, 21, 41, 22, 47, 49, 50, 16, 96, 58, 35, 85, 13, 66, 88, 3, 43, 49, 3, 41, 25], "max_job_period": [86, 75, 77, 24, 30, 69, 44, 91, 91, 86, 24, 96, 96, 63, 95, 76, 87, 95, 58, 70, 64, 76, 42, 41], "min_startup": [1, 1, 1, 1, 1, 1, 1, 1, 1, 1, 1, 1, 1, 1, 1, 1, 1, 1, 1, 1, 1, 1, 1, 1], "max_startup": [59, 53, 14, 35, 37, 38, 69, 47, 17, 73, 29, 16, 61, 72, 80, 26, 94, 51, 32, 28, 25, 24, 55, 79], "priority": [13, 3, 23, 11, 15, 8, 2, 1, 10, 21, 12, 5, 7, 17, 19, 24, 9, 6, 18, 4, 22, 20, 16, 14], "win_min": [0, 0, 0, 0, 0, 0, 0, 0, 0, 0, 0, 0, 0, 0, 0, 11, 0, 0, 0, 0, 0, 0, 0, 0], "win_max": [97, 97, 97, 97, 97, 97, 97, 97, 97, 97, 97, 97, 97, 97, 97, 86, 97, 97, 97, 97, 97, 97, 97, 97]}