{"subs": 1, "jobs": 22, "T": 97, "power_use": [0.5642079426853844, 2.0614158200532504, 3.507142682810842, 0.09176709665548968, 2.930202962167702, 1.3932706201309577, 3.1505415516036623, 3.3470900787976645, 0.11118893169952129, 2.538454058790352, 0.4498508580347942, 3.086879966505146, 0.5180271062212848, 1.89830020503446, 2.5173669112823065, 2.062662003294575, 0.029161871684885515, 2.240140540077077, 1.7392796452453558, 2.466250853325364, 2.8406513982255803, 1.980936529344067], "power_resource": [0.0, 0.0, 0.0, 0.0, 0.0, 0.0, 0.0, 0.0, 0.0, 0.0, 0.0, 0.0, 0.0, 0.0, 0.0, 0.0, 0.0, 0.0, 0.0, 0.0, 0.0, 0.0, 0.0, 0.0, 0.0, 0.0, 0.0, 0.0, 0.0, 0.0, 0.0, 0.0, 0.0, 6.771160656, 6.863665374, 7.22414133, 7.54275159, 7.81210809, 8.025592356, 8.17766334, 8.406385488, 8.694519984, 8.908927758, 9.04730004, 9.108559404, 9.092859768, 9.001740312, 8.83797156, 8.605093626, 8.308339722, 7.95371265, 7.547830884, 7.098544242, 6.614010378, 6.103310454, 5.575525632, 5.040198828, 4.667255514, 4.525497036, 4.304470788, 4.00802472, 3.64169988, 3.211191234, 2.724040764, 2.64585042, 2.856102408, 3.152086722, 3.733127172, 4.30893441, 4.869811602, 5.406215832, 5.909219856, 6.370204266, 6.78085749, 7.133945382, 7.423157304, 7.642952208, 7.788866472, 7.8575139, 7.847201394, 7.75669761, 7.58661822, 7.338656322, 7.015736358, 6.662032794, 7.014351096, 7.317569556, 7.565531454, 7.752541824, 8.121637188, 8.444249316, 8.69405823, 8.86875516, 8.967878352, 8.991427806, 0.0, 0.0], "min_cpu_time": [8, 5, 11, 10, 13, 14, 12, 12, 14, 14, 4, 4, 2, 13, 2, 13, 8, 11, 3, 12, 18, 18], "max_cpu_time": [39, 27, 20, 29, 36, 46, 30, 46, 43, 15, 26, 37, 3, 18, 14, 25, 27, 13, 26, 29, 26, 22], "min_job_period": [12, 10, 37, 6, 11, 36, 42, 41, 3, 29, 11, 7, 1, 45, 3, 18, 29, 27, 9, 31, 43, 66], "max_job_period": [28, 19, 44, 94, 37, 73, 75, 69, 24, 69, 11, 9, 66, 65, 51, 50, 70, 77, 90, 59, 62, 70], "min_startup": [3, 4, 2, 2, 2, 1, 2, 2, 1, 1, 5, 5, 10, 2, 10, 2, 3, 2, 7, 2, 1, 1], "max_startup": [16, 9, 67, 10, 42, 15, 44, 5, 23, 51, 36, 74, 96, 62, 32, 87, 8, 25, 90, 2, 95, 79], "priority": [14, 16, 7, 13, 3, 5, 8, 18, 9, 2, 12, 17, 19, 15, 1, 4, 20, 10, 22, 21, 6, 11], "win_min": [0, 0, 0, 0, 0, 0, 0, 0, 0, 0, 0, 0, 0, 0, 0, 0, 0, 0, 0, 0, 8, 0], "win_max": [97, 97, 97, 97, 97, 97, 97, 97, 97, 97, 97, 97, 97, 97, 97, 97, 97, 97, 97, 97, 94, 97]}