{"subs": 1, "jobs": 22, "T": 97, "power_use": [3.5703973905753728, 0.5440077470012793, 0.8429504313696399, 1.6978448660389893, 0.2509715462848654, 1.1522436895264154, 0.3191018200251908, 1.9134040480843675, 2.2977811120629776, 2.999636598453756, 3.69372512667891, 1.7561073675387755, 2.5149617069913432, 0.24967248065766004, 1.9065021749968325, 3.4813293782091956, 2.3731919614594372, 1.50665463786295, 0.3660926186838197, 1.999357656671136, 3.675626236176011, 0.30483797038206184], "power_resource": [0.0, 0.0, 0.0, 0.0, 0.0, 0.0, 0.0, 0.0, 0.0, 0.0, 6.691123296, 7.065144036, 7.40037744, 7.689435444, 7.925083902, 8.101627848, 8.26924455, 8.585084286, 8.828582562, 8.996661018, 9.087780474, 9.101633094, 9.039450222, 8.902924956, 8.695905246, 8.422700796, 8.088698736, 7.700825376, 7.266007026, 6.792709176, 6.289551234, 5.765306526, 5.229671886, 4.691882394, 4.573827288, 4.383276804, 4.115459484, 3.775300704, 3.368341512, 2.901508218, 2.583821466, 2.827011906, 2.989549314, 3.527338806, 4.10730183, 4.676336676, 5.224900428, 5.743911924, 6.224136084, 6.657569172, 7.036515288, 7.354048122, 7.604164872, 7.782247998, 7.88444955, 7.908152922, 7.851972852, 7.71590934, 7.50119373, 7.209980874, 6.846118722, 6.815950794, 7.141487364, 7.41423006, 7.628329998, 7.940167866, 8.293563594, 8.575233534, 8.782714998, 8.914468806, 8.970648876, 8.952178716, 0.0, 0.0, 0.0, 0.0, 0.0, 0.0, 0.0, 0.0, 0.0, 0.0, 0.0, 0.0, 0.0, 0.0, 0.0, 0.0, 0.0, 0.0, 0.0, 0.0, 0.0, 0.0, 0.0, 0.0, 0.0], "min_cpu_time": [13, 10, 9, 6, 5, 15, 8, 4, 8, 4, 17, 6, 11, 17, 7, 12, 4, 18, 16, 10, 7, 3], "max_cpu_time": [33, 46, 24, 46, 46, 41, 11, 14, 10, 12, 28, 31, 25, 29, 23, 14, 42, 38, 26, 33, 28, 20], "min_job_period": [85, 32, 35, 18, 7, 67, 16, 14, 17, 13, 12, 2, 6, 95, 35, 88, 8, 54, 51, 4, 9, 11], "max_job_period": [92, 54, 96, 63, 66, 91, 50, 34, 52, 50, 57, 46, 71, 96, 43, 89, 72, 72, 74, 17, 21, 31], "min_startup": [1, 2, 2, 3, 3, 1, 2, 4, 2, 4, 1, 3, 1, 1, 2, 1, 4, 1, 1, 2, 2, 5], "max_startup": [75, 9, 20, 9, 29, 73, 92, 87, 52, 50, 95, 50, 73, 92, 2, 7, 52, 1, 63, 86, 89, 6], "priority": [15, 14, 13, 22, 1, 2, 9, 12, 20, 11, 16, 10, 19, 3, 7, 18, 5, 8, 21, 4, 17, 6], "win_min": [0, 0, 16, 0, 0, 0, 0, 0, 0, 0, 0, 0, 0, 0, 0, 0, 0, 0, 0, 0, 0, 0], "win_max": [97, 97, 96, 97, 97, 97, 97, 97, 97, 97, 97, 97, 97, 97, 97, 97, 97, 97, 97, 97, 97, 97]}