{"subs": 1, "jobs": 22, "T": 97, "power_use": [1.5325290581283475, 1.8884060309535196, 3.300977782372677, 3.8143001506652476, 3.0664337856219754, 3.5154875761008326, 1.8062149015411255, 3.477711557628035, 1.7040644742300406, 2.294656867826822, 0.37039629900213844, 1.326121342604613, 0.9637982113218201, 3.3489219071923078, 2.255606692757402, 0.6755830451518613, 2.1539915559456086, 1.7665739712423885, 3.3460142153577284, 0.7457986791938863, 3.2040572231622826, 1.1465795998649908], "power_resource": [8.18151129, 8.490578634, 8.72638101, 8.886917484, 8.971572384, 8.9811153, 0.0, 0.0, 0.0, 0.0, 0.0, 0.0, 0.0, 0.0, 0.0, 0.0, 0.0, 0.0, 0.0, 0.0, 0.0, 0.0, 0.0, 0.0, 0.0, 0.0, 0.0, 0.0, 0.0, 0.0, 0.0, 0.0, 0.0, 0.0, 0.0, 0.0, 0.0, 0.0, 0.0, 0.0, 0.0, 6.771160656, 6.863665374, 7.22414133, 7.54275159, 7.81210809, 8.025592356, 8.17766334, 8.406385488, 8.694519984, 8.908927758, 9.04730004, 9.108559404, 9.092859768, 9.001740312, 8.83797156, 8.605093626, 8.308339722, 7.95371265, 7.547830884, 7.098544242, 6.614010378, 6.103310454, 5.575525632, 5.040198828, 4.667255514, 4.525497036, 4.304470788, 4.00802472, 3.64169988, 3.211191234, 2.724040764, 2.64585042, 2.856102408, 3.152086722, 3.733127172, 4.30893441, 4.869811602, 5.406215832, 5.909219856, 6.370204266, 6.78085749, 7.133945382, 7.423157304, 7.642952208, 7.788866472, 7.8575139, 7.847201394, 7.75669761, 7.58661822, 7.338656322, 7.015736358, 6.662032794, 7.014351096, 7.317569556, 7.565531454, 7.752541824], "min_cpu_time": [17, 13, 12, 9, 17, 7, 15, 16, 18, 5, 5, 10, 4, 10, 7, 5, 5, 15, 12, 13, 4, 17], "max_cpu_time": [24, 14, 34, 46, 19, 30, 20, 33, 47, 27, 32, 32, 14, 38, 46, 17, 45, 18, 33, 42, 6, 32], "min_job_period": [27, 58, 38, 40, 42, 46, 54, 13, 69, 23, 20, 3, 8, 19, 18, 18, 28, 63, 12, 76, 19, 63], "max_job_period": [68, 88, 84, 90, 84, 47, 82, 40, 94, 88, 88, 61, 40, 36, 43, 33, 78, 82, 82, 83, 81, 88], "min_startup": [1, 1, 2, 2, 1, 2, 1, 1, 1, 3, 3, 2, 4, 2, 2, 3, 3, 1, 2, 1, 4, 1], "max_startup": [15, 33, 47, 34, 63, 77, 2, 84, 6, 56, 42, 81, 61, 79, 44, 84, 30, 6, 56, 1, 52, 15], "priority": [11, 10, 21, 9, 22, 13, 17, 19, 5, 2, 3, 8, 7, 1, 16, 18, 12, 14, 20, 15, 6, 4], "win_min": [0, 0, 0, 0, 0, 0, 0, 0, 0, 0, 0, 0, 0, 0, 0, 14, 0, 0, 0, 0, 0, 0], "win_max": [97, 97, 97, 97, 97, 97, 97, 97, 97, 97, 97, 97, 97, 97, 97, 87, 97, 97, 97, 97, 97, 97]}