{"subs": 1, "jobs": 20, "T": 97, "power_use": [2.9155451186806425, 0.4070306598981922, 1.6553164100294384, 0.4075609420427576, 2.2265791199187013, 2.2514280495094985, 2.09630239131542, 3.090756792009767, 3.38713898828117, 0.38344744856898755, 2.3530628123737225, 2.7760803911957903, 2.732760494681994, 1.6854211683733133, 0.9935301012024977, 2.1341776959041217, 0.13861699159959662, 2.06308792946557, 3.2454610354252793, 1.084942997987441], "power_resource": [0.0, 0.0, 0.0, 0.0, 0.0, 0.0, 6.658030926, 6.999574968, 7.343581698, 7.642644372, 7.88983668, 8.079001902, 8.20459899, 8.52859638, 8.787024702, 8.970648876, 9.077467968, 9.107174142, 9.06038307, 8.938941768, 8.746236432, 8.486115012, 8.164426392, 7.787327292, 7.36189794, 6.89629599, 6.398986932, 5.87889801, 5.345418222, 4.808090484, 4.60830492, 4.433761908, 4.181490306, 3.8556459, 3.462077574, 3.007095966, 2.511018252, 2.769600492, 2.948145372, 3.402203472, 3.982782168, 4.55443362, 5.107460994, 5.63262921, 6.120857106, 6.56383311, 6.953553486, 7.283091924, 7.546445622, 7.738535286, 7.855512966, 7.894146384, 7.853358114, 7.732532484, 7.532593002, 7.25569452, 6.905223234, 6.766389198, 7.10100693, 7.384062132, 7.60970592, 7.872290028, 8.238768786, 8.534291346, 8.755933266, 8.902155366, 8.972495892, 8.96803227, 0.0, 0.0, 0.0, 0.0, 0.0, 0.0, 0.0, 0.0, 0.0, 0.0, 0.0, 0.0, 0.0, 0.0, 0.0, 0.0, 0.0, 0.0, 0.0, 0.0, 0.0, 0.0, 0.0, 0.0, 0.0, 0.0, 0.0, 0.0, 0.0], "min_cpu_time": [3, 14, 12, 13, 4, 12, 6, 2, 11, 13, 3, 8, 3, 15, 1, 9, 4, 3, 9, 16], "max_cpu_time": [21, 41, 28, 34, 39, 25, 12, 31, 35, 28, 20, 45, 5, 30, 14, 40, 44, 25, 11, 29], "min_job_period": [22, 79, 25, 20, 10, 96, 48, 14, 2, 96, 25, 28, 11, 67, 12, 45, 2, 41, 13, 85], "max_job_period": [48, 85, 94, 58, 43, 96, 93, 72, 38, 96, 28, 77, 45, 82, 79, 75, 87, 90, 50, 87], "min_startup": [2, 1, 1, 1, 2, 1, 1, 4, 1, 1, 2, 1, 2, 1, 7, 1, 2, 2, 1, 1], "max_startup": [75, 62, 73, 29, 42, 38, 62, 89, 86, 6, 73, 15, 74, 67, 92, 92, 64, 61, 28, 46], "priority": [13, 10, 15, 2, 18, 20, 16, 7, 4, 3, 17, 1, 11, 5, 12, 9, 6, 14, 19, 8], "win_min": [0, 0, 0, 0, 0, 0, 0, 0, 0, 0, 0, 0, 0, 0, 0, 13, 0, 0, 0, 0], "win_max": [97, 97, 97, 97, 97, 97, 97, 97, 97, 97, 97, 97, 97, 97, 97, 79, 97, 97, 97, 97]}