{"subs": 1, "jobs": 20, "T": 97, "power_use": [3.0810932263779227, 0.5184458256507777, 0.37358709174588434, 2.511558939893819, 3.0696524076421667, 3.027822274274296, 1.7380805733148832, 3.667235191085402, 0.6119924026001389, 1.7716709953187786, 1.4834557494393275, 2.189282241667821, 0.7811164247927037, 0.5970203374655536, 3.93359975645784, 1.2154834478938092, 2.0038105434881426, 3.6659107240774196, 1.2175809362996706, 1.4727181209717997], "power_resource": [0.0, 0.0, 0.0, 0.0, 0.0, 0.0, 0.0, 0.0, 0.0, 0.0, 0.0, 0.0, 0.0, 0.0, 0.0, 0.0, 0.0, 0.0, 0.0, 0.0, 0.0, 0.0, 0.0, 6.658030926, 6.999574968, 7.343581698, 7.642644372, 7.88983668, 8.079001902, 8.20459899, 8.52859638, 8.787024702, 8.970648876, 9.077467968, 9.107174142, 9.06038307, 8.938941768, 8.746236432, 8.486115012, 8.164426392, 7.787327292, 7.36189794, 6.89629599, 6.398986932, 5.87889801, 5.345418222, 4.808090484, 4.60830492, 4.433761908, 4.181490306, 3.8556459, 3.462077574, 3.007095966, 2.511018252, 2.769600492, 2.948145372, 3.402203472, 3.982782168, 4.55443362, 5.107460994, 5.63262921, 6.120857106, 6.56383311, 6.953553486, 7.283091924, 7.546445622, 7.738535286, 7.855512966, 7.894146384, 7.853358114, 7.732532484, 7.532593002, 7.25569452, 6.905223234, 6.766389198, 7.10100693, 7.384062132, 7.60970592, 7.872290028, 8.238768786, 8.534291346, 8.755933266, 8.902155366, 8.972495892, 8.96803227, 0.0, 0.0, 0.0, 0.0, 0.0, 0.0, 0.0, 0.0, 0.0, 0.0, 0.0, 0.0], "min_cpu_time": [18, 18, 1, 2, 5, 17, 15, 14, 1, 12, 18, 2, 6, 9, 10, 4, 11, 1, 6, 11], "max_cpu_time": [37, 44, 10, 42, 29, 28, 26, 47, 45, 31, 28, 47, 6, 10, 28, 30, 11, 9, 9, 20], "min_job_period": [54, 28, 1, 3, 18, 21, 6, 37, 2, 33, 54, 5, 31, 40, 7, 5, 20, 1, 24, 37], "max_job_period": [66, 90, 54, 24, 67, 72, 71, 95, 88, 59, 72, 7, 58, 50, 17, 80, 21, 13, 72, 71], "min_startup": [1, 1, 18, 9, 4, 1, 1, 1, 18, 2, 1, 9, 3, 2, 2, 5, 2, 18, 3, 2], "max_startup": [12, 13, 47, 20, 75, 39, 12, 63, 80, 36, 1, 66, 73, 86, 69, 59, 34, 37, 9, 79], "priority": [20, 14, 19, 9, 5, 1, 8, 16, 18, 4, 12, 11, 7, 15, 6, 3, 13, 2, 17, 10], "win_min": [0, 0, 0, 14, 0, 0, 0, 0, 0, 0, 0, 0, 0, 0, 0, 0, 0, 0, 0, 0], "win_max": [97, 97, 97, 78, 97, 97, 97, 97, 97, 97, 97, 97, 97, 97, 97, 97, 97, 97, 97, 97]}