{"subs": 1, "jobs": 20, "T": 97, "power_use": [3.604635134819708, 2.0630618068381077, 1.4077234615117837, 2.086221014319267, 0.7057375077855349, 3.6024027032297954, 2.7324123686821373, 3.4839773987901355, 1.216626657592344, 3.5760996312809596, 0.6161459859604569, 1.4871188762813883, 0.29553448886663924, 2.4482929680244823, 0.9770893074952071, 0.9447076519930073, 3.974097938676201, 0.9674806585108323, 2.0548171688982486, 2.4700078423015306], "power_resource": [7.711445718, 7.861054014, 7.933549392, 7.926930918, 7.840275084, 7.674043644, 7.429929696, 7.110703764, 6.720521634, 6.909994692, 7.21644543, 7.467793524, 7.67204271, 8.068227642, 8.394841638, 8.648806338, 8.827659054, 8.930938032, 8.958643272, 0.0, 0.0, 0.0, 0.0, 0.0, 0.0, 0.0, 0.0, 0.0, 0.0, 0.0, 0.0, 0.0, 0.0, 0.0, 0.0, 0.0, 0.0, 0.0, 0.0, 0.0, 0.0, 0.0, 0.0, 0.0, 0.0, 0.0, 0.0, 0.0, 0.0, 0.0, 0.0, 0.0, 0.0, 0.0, 0.0, 6.76238733, 7.128866088, 7.455172248, 7.733763828, 7.957714518, 8.12148327, 8.337276306, 8.63864775, 8.866908144, 9.019286964, 9.094706784, 9.093013686, 9.015285096, 8.863983702, 8.642803536, 8.356362138, 8.01066231, 7.612168608, 7.168423014, 6.6877371, 6.178884192, 5.650945452, 5.113309878, 4.662637974, 4.536117378, 4.329405504, 4.04650422, 3.692031066, 3.272142762, 2.7936117, 2.653700238, 2.88134496, 3.070356264, 3.652320222, 4.23120582, 4.797316224, 5.341262436, 5.853655458, 6.325721964, 6.749458218, 7.11716832, 7.422387714], "min_cpu_time": [18, 18, 9, 10, 9, 14, 11, 16, 9, 8, 7, 5, 2, 11, 3, 3, 16, 5, 5, 3], "max_cpu_time": [22, 29, 42, 29, 41, 31, 36, 44, 11, 43, 14, 37, 28, 23, 46, 41, 25, 13, 20, 18], "min_job_period": [4, 42, 10, 40, 7, 46, 19, 82, 27, 23, 29, 8, 6, 17, 2, 15, 35, 9, 1, 1], "max_job_period": [27, 60, 70, 61, 78, 75, 46, 84, 27, 51, 56, 40, 79, 24, 12, 34, 66, 72, 87, 26], "min_startup": [1, 1, 2, 2, 2, 1, 2, 1, 2, 2, 2, 3, 8, 2, 5, 5, 1, 3, 3, 5], "max_startup": [90, 86, 85, 45, 77, 35, 83, 88, 53, 47, 52, 25, 16, 38, 77, 67, 81, 45, 14, 53], "priority": [18, 15, 7, 12, 11, 6, 4, 10, 16, 17, 20, 9, 13, 3, 2, 8, 1, 14, 19, 5], "win_min": [0, 0, 0, 0, 0, 0, 0, 0, 0, 0, 0, 0, 0, 0, 0, 6, 0, 0, 0, 0], "win_max": [97, 97, 97, 97, 97, 97, 97, 97, 97, 97, 97, 97, 97, 97, 97, 78, 97, 97, 97, 97]}