{"subs": 1, "jobs": 24, "T": 97, "power_use": [1.036609059704816, 1.4464888047535522, 1.5458000614934488, 2.140193366113068, 0.35898223018256964, 1.3448240298231158, 3.5739536201191413, 3.2644286514467, 3.249550410529542, 2.6157493689380513, 1.2606724844074424, 3.50070731211867, 1.5424470151341836, 1.9354901674761698, 0.5366073627397416, 1.2923251850103483, 1.6324166727613627, 2.3637713181143827, 2.210505909525732, 3.373062771131001, 1.7935322637111086, 3.931382864296681, 1.3000047031513002, 0.534509044372771], "power_resource": [0.0, 0.0, 0.0, 0.0, 0.0, 0.0, 0.0, 6.691123296, 7.065144036, 7.40037744, 7.689435444, 7.925083902, 8.101627848, 8.26924455, 8.585084286, 8.828582562, 8.996661018, 9.087780474, 9.101633094, 9.039450222, 8.902924956, 8.695905246, 8.422700796, 8.088698736, 7.700825376, 7.266007026, 6.792709176, 6.289551234, 5.765306526, 5.229671886, 4.691882394, 4.573827288, 4.383276804, 4.115459484, 3.775300704, 3.368341512, 2.901508218, 2.583821466, 2.827011906, 2.989549314, 3.527338806, 4.10730183, 4.676336676, 5.224900428, 5.743911924, 6.224136084, 6.657569172, 7.036515288, 7.354048122, 7.604164872, 7.782247998, 7.88444955, 7.908152922, 7.851972852, 7.71590934, 7.50119373, 7.209980874, 6.846118722, 6.815950794, 7.141487364, 7.41423006, 7.628329998, 7.940167866, 8.293563594, 8.575233534, 8.782714998, 8.914468806, 8.970648876, 8.952178716, 0.0, 0.0, 0.0, 0.0, 0.0, 0.0, 0.0, 0.0, 0.0, 0.0, 0.0, 0.0, 0.0, 0.0, 0.0, 0.0, 0.0, 0.0, 0.0, 0.0, 0.0, 0.0, 0.0, 0.0, 0.0, 0.0, 0.0, 0.0], "min_cpu_time": [11, 1, 12, 17, 2, 2, 2, 11, 11, 5, 13, 4, 17, 13, 16, 13, 2, 6, 3, 1, 11, 14, 10, 4], "max_cpu_time": [19, 46, 28, 34, 18, 41, 3, 21, 14, 42, 42, 26, 25, 13, 17, 13, 3, 34, 28, 23, 29, 38, 31, 30], "min_job_period": [35, 2, 36, 15, 2, 11, 11, 29, 38, 29, 14, 19, 53, 6, 63, 62, 2, 23, 2, 1, 16, 81, 36, 11], "max_job_period": [36, 38, 71, 23, 79, 70, 54, 51, 59, 54, 50, 79, 59, 57, 70, 76, 87, 83, 39, 92, 75, 92, 94, 34], "min_startup": [2, 15, 2, 1, 8, 8, 8, 2, 2, 3, 1, 4, 1, 1, 1, 1, 8, 3, 5, 15, 2, 1, 2, 4], "max_startup": [14, 92, 77, 78, 63, 74, 94, 38, 52, 45, 96, 6, 25, 66, 81, 75, 87, 39, 37, 89, 35, 63, 15, 37], "priority": [6, 24, 3, 7, 8, 13, 2, 11, 10, 20, 12, 16, 19, 21, 23, 17, 5, 9, 22, 15, 1, 4, 14, 18], "win_min": [0, 0, 0, 0, 0, 0, 0, 0, 0, 0, 0, 0, 6, 0, 0, 0, 0, 0, 0, 0, 0, 0, 0, 0], "win_max": [97, 97, 97, 97, 97, 97, 97, 97, 97, 97, 97, 97, 83, 97, 97, 97, 97, 97, 97, 97, 97, 97, 97, 97]}