{"subs": 1, "jobs": 20, "T": 97, "power_use": [0.3257795772706265, 2.558722613054754, 0.780164457497228, 2.401520579922281, 0.8173903530145298, 0.4706499688130822, 3.8403805496853085, 0.4080575327527065, 0.781532705024362, 2.6929557199165854, 3.175687297924788, 1.012040659805177, 3.6785871664881626, 1.1361544684641465, 1.429016747485623, 0.5590461957002616, 0.18741699003128423, 0.49473060806583913, 2.854888799962025, 2.99956638826678], "power_resource": [7.71590934, 7.50119373, 7.209980874, 6.846118722, 6.815950794, 7.141487364, 7.41423006, 7.628329998, 7.940167866, 8.293563594, 8.575233534, 8.782714998, 8.914468806, 8.970648876, 8.952178716, 0.0, 0.0, 0.0, 0.0, 0.0, 0.0, 0.0, 0.0, 0.0, 0.0, 0.0, 0.0, 0.0, 0.0, 0.0, 0.0, 0.0, 0.0, 0.0, 0.0, 0.0, 0.0, 0.0, 0.0, 0.0, 0.0, 0.0, 0.0, 0.0, 0.0, 0.0, 0.0, 0.0, 0.0, 0.0, 6.658030926, 6.999574968, 7.343581698, 7.642644372, 7.88983668, 8.079001902, 8.20459899, 8.52859638, 8.787024702, 8.970648876, 9.077467968, 9.107174142, 9.06038307, 8.938941768, 8.746236432, 8.486115012, 8.164426392, 7.787327292, 7.36189794, 6.89629599, 6.398986932, 5.87889801, 5.345418222, 4.808090484, 4.60830492, 4.433761908, 4.181490306, 3.8556459, 3.462077574, 3.007095966, 2.511018252, 2.769600492, 2.948145372, 3.402203472, 3.982782168, 4.55443362, 5.107460994, 5.63262921, 6.120857106, 6.56383311, 6.953553486, 7.283091924, 7.546445622, 7.738535286, 7.855512966, 7.894146384, 7.853358114], "min_cpu_time": [16, 17, 18, 7, 10, 9, 9, 10, 16, 12, 13, 17, 7, 4, 14, 4, 15, 18, 14, 17], "max_cpu_time": [42, 30, 33, 14, 12, 35, 14, 18, 20, 45, 42, 35, 24, 38, 32, 19, 31, 19, 21, 22], "min_job_period": [25, 60, 21, 17, 11, 31, 5, 13, 27, 38, 28, 48, 17, 9, 39, 4, 23, 44, 13, 65], "max_job_period": [90, 73, 49, 75, 40, 93, 69, 29, 71, 47, 56, 50, 49, 20, 86, 66, 45, 46, 56, 89], "min_startup": [2, 1, 1, 3, 2, 3, 3, 2, 2, 2, 2, 1, 3, 6, 2, 6, 2, 1, 2, 1], "max_startup": [28, 75, 32, 75, 29, 69, 93, 18, 72, 65, 87, 55, 66, 11, 69, 54, 22, 71, 34, 87], "priority": [6, 12, 18, 17, 7, 16, 9, 19, 3, 1, 8, 20, 15, 14, 13, 4, 10, 11, 2, 5], "win_min": [0, 0, 0, 0, 0, 0, 0, 0, 0, 12, 0, 0, 0, 0, 0, 0, 0, 0, 0, 0], "win_max": [97, 97, 97, 97, 97, 97, 97, 97, 97, 86, 97, 97, 97, 97, 97, 97, 97, 97, 97, 97]}