{"subs": 1, "jobs": 22, "T": 97, "power_use": [3.311217422193092, 0.7095884283812266, 1.2222187893130732, 0.8974467037162345, 2.083613962818634, 2.3705538034171445, 0.27797571671691895, 0.7153210515609216, 3.7034328145997537, 2.42851393873408, 1.2894874210508902, 3.0644329891760904, 2.689533651970907, 1.2179029678076227, 2.3455349016256704, 3.63652754885177, 1.1995820076124049, 1.6399079264465826, 2.829680254659054, 1.7783999435113085, 3.9783793214762624, 3.4575608715606645], "power_resource": [6.224136084, 6.657569172, 7.036515288, 7.354048122, 7.604164872, 7.782247998, 7.88444955, 7.908152922, 7.851972852, 7.71590934, 7.50119373, 7.209980874, 6.846118722, 6.815950794, 7.141487364, 7.41423006, 7.628329998, 7.940167866, 8.293563594, 8.575233534, 8.782714998, 8.914468806, 8.970648876, 8.952178716, 0.0, 0.0, 0.0, 0.0, 0.0, 0.0, 0.0, 0.0, 0.0, 0.0, 0.0, 0.0, 0.0, 0.0, 0.0, 0.0, 0.0, 0.0, 0.0, 0.0, 0.0, 0.0, 0.0, 0.0, 0.0, 0.0, 0.0, 0.0, 0.0, 0.0, 0.0, 0.0, 0.0, 0.0, 0.0, 6.658030926, 6.999574968, 7.343581698, 7.642644372, 7.88983668, 8.079001902, 8.20459899, 8.52859638, 8.787024702, 8.970648876, 9.077467968, 9.107174142, 9.06038307, 8.938941768, 8.746236432, 8.486115012, 8.164426392, 7.787327292, 7.36189794, 6.89629599, 6.398986932, 5.87889801, 5.345418222, 4.808090484, 4.60830492, 4.433761908, 4.181490306, 3.8556459, 3.462077574, 3.007095966, 2.511018252, 2.769600492, 2.948145372, 3.402203472, 3.982782168, 4.55443362, 5.107460994, 5.63262921], "min_cpu_time": [12, 11, 2, 18, 13, 16, 7, 4, 6, 1, 2, 6, 11, 2, 9, 7, 15, 18, 1, 15, 17, 12], "max_cpu_time": [39, 39, 25, 22, 27, 20, 31, 13, 34, 23, 44, 13, 31, 42, 48, 36, 23, 28, 20, 35, 46, 41], "min_job_period": [42, 60, 35, 85, 91, 15, 59, 54, 8, 46, 49, 48, 53, 67, 66, 34, 21, 59, 37, 60, 45, 27], "max_job_period": [47, 74, 77, 85, 94, 19, 64, 75, 92, 46, 67, 54, 93, 78, 88, 67, 54, 63, 89, 66, 84, 71], "min_startup": [1, 1, 1, 1, 1, 1, 1, 1, 1, 2, 1, 1, 1, 1, 1, 1, 1, 1, 2, 1, 1, 1], "max_startup": [34, 45, 21, 3, 73, 67, 11, 13, 27, 26, 45, 41, 57, 63, 20, 49, 55, 38, 82, 59, 50, 71], "priority": [18, 4, 21, 11, 17, 20, 22, 5, 12, 3, 8, 13, 2, 14, 10, 15, 16, 19, 9, 1, 6, 7], "win_min": [0, 0, 0, 0, 0, 0, 0, 0, 0, 0, 0, 0, 0, 0, 0, 0, 4, 0, 0, 0, 0, 0], "win_max": [97, 97, 97, 97, 97, 97, 97, 97, 97, 97, 97, 97, 97, 97, 97, 97, 82, 97, 97, 97, 97, 97]}