{"subs": 1, "jobs": 20, "T": 97, "power_use": [3.6864076131292864, 0.5368754278244715, 1.8015704924581097, 2.5252535379303764, 0.2397631219450804, 0.26677970440028936, 3.4940430321762688, 0.08389729505454327, 2.3822222149494703, 3.2054158449354904, 2.7247721170020998, 3.478019500899121, 0.23592657814343956, 3.855040785386767, 2.1752770973600226, 3.6390628467838146, 3.7065699617140586, 3.095299770114989, 3.878978976672362, 1.8255365758617808], "power_resource": [2.583821466, 2.827011906, 2.989549314, 3.527338806, 4.10730183, 4.676336676, 5.224900428, 5.743911924, 6.224136084, 6.657569172, 7.036515288, 7.354048122, 7.604164872, 7.782247998, 7.88444955, 7.908152922, 7.851972852, 7.71590934, 7.50119373, 7.209980874, 6.846118722, 6.815950794, 7.141487364, 7.41423006, 7.628329998, 7.940167866, 8.293563594, 8.575233534, 8.782714998, 8.914468806, 8.970648876, 8.952178716, 0.0, 0.0, 0.0, 0.0, 0.0, 0.0, 0.0, 0.0, 0.0, 0.0, 0.0, 0.0, 0.0, 0.0, 0.0, 0.0, 0.0, 0.0, 0.0, 0.0, 0.0, 0.0, 0.0, 0.0, 0.0, 0.0, 0.0, 0.0, 0.0, 0.0, 0.0, 0.0, 0.0, 0.0, 0.0, 6.658030926, 6.999574968, 7.343581698, 7.642644372, 7.88983668, 8.079001902, 8.20459899, 8.52859638, 8.787024702, 8.970648876, 9.077467968, 9.107174142, 9.06038307, 8.938941768, 8.746236432, 8.486115012, 8.164426392, 7.787327292, 7.36189794, 6.89629599, 6.398986932, 5.87889801, 5.345418222, 4.808090484, 4.60830492, 4.433761908, 4.181490306, 3.8556459, 3.462077574, 3.007095966], "min_cpu_time": [16, 1, 2, 15, 13, 13, 13, 5, 3, 7, 14, 5, 11, 7, 8, 13, 10, 2, 8, 9], "max_cpu_time": [21, 45, 4, 43, 18, 20, 43, 36, 23, 17, 42, 23, 44, 13, 33, 26, 29, 48, 25, 27], "min_job_period": [81, 4, 5, 46, 16, 7, 22, 3, 15, 19, 18, 12, 38, 12, 27, 2, 3, 1, 21, 21], "max_job_period": [95, 21, 13, 90, 24, 49, 53, 6, 31, 84, 62, 42, 96, 14, 69, 36, 69, 64, 60, 52], "min_startup": [1, 19, 9, 1, 2, 2, 2, 4, 6, 3, 1, 4, 2, 3, 3, 2, 2, 9, 3, 2], "max_startup": [31, 77, 77, 6, 96, 30, 66, 57, 80, 88, 79, 18, 94, 71, 52, 34, 53, 75, 32, 73], "priority": [3, 20, 15, 1, 2, 16, 7, 6, 8, 13, 10, 11, 17, 12, 19, 18, 14, 5, 4, 9], "win_min": [0, 0, 7, 0, 0, 0, 0, 0, 0, 0, 0, 0, 0, 0, 0, 0, 0, 0, 0, 0], "win_max": [97, 97, 96, 97, 97, 97, 97, 97, 97, 97, 97, 97, 97, 97, 97, 97, 97, 97, 97, 97]}