{"subs": 1, "jobs": 24, "T": 97, "power_use": [1.610059792657075, 2.9578465020673184, 2.7706409124475053, 3.4538688545845395, 3.033216568259623, 0.6968723944317634, 1.2277778429175121, 2.1399201378495505, 1.1764373931503371, 2.834378852647412, 0.778600409467155, 2.7266348190482335, 2.432175352354539, 0.11963728626342993, 3.8116660476383957, 2.8197047601014975, 2.588434457159581, 2.467358763066074, 2.24757182681887, 2.5356988349894607, 3.41043385693989, 2.0757788665961385, 2.7679420052578947, 0.7974262858344582], "power_resource": [0.0, 0.0, 0.0, 0.0, 0.0, 0.0, 0.0, 0.0, 0.0, 0.0, 0.0, 0.0, 0.0, 0.0, 0.0, 0.0, 0.0, 0.0, 0.0, 0.0, 0.0, 0.0, 0.0, 0.0, 0.0, 0.0, 0.0, 0.0, 6.76238733, 7.128866088, 7.455172248, 7.733763828, 7.957714518, 8.12148327, 8.337276306, 8.63864775, 8.866908144, 9.019286964, 9.094706784, 9.093013686, 9.015285096, 8.863983702, 8.642803536, 8.356362138, 8.01066231, 7.612168608, 7.168423014, 6.6877371, 6.178884192, 5.650945452, 5.113309878, 4.662637974, 4.536117378, 4.329405504, 4.04650422, 3.692031066, 3.272142762, 2.7936117, 2.653700238, 2.88134496, 3.070356264, 3.652320222, 4.23120582, 4.797316224, 5.341262436, 5.853655458, 6.325721964, 6.749458218, 7.11716832, 7.422387714, 7.659113598, 7.823036268, 7.910461692, 7.918927182, 7.847663148, 7.696515672, 7.467023934, 7.161650622, 6.784551522, 6.86397321, 7.179966864, 7.442089218, 7.644645306, 8.005429098, 8.34543396, 8.613405198, 8.806572288, 8.92416564, 8.966031336, 0.0, 0.0, 0.0, 0.0, 0.0, 0.0, 0.0, 0.0], "min_cpu_time": [17, 12, 7, 14, 15, 4, 12, 16, 5, 11, 17, 14, 5, 5, 3, 1, 1, 4, 11, 2, 3, 8, 18, 18], "max_cpu_time": [45, 31, 28, 21, 24, 21, 16, 29, 31, 44, 46, 40, 30, 32, 34, 26, 10, 34, 29, 34, 47, 30, 28, 25], "min_job_period": [28, 64, 54, 91, 66, 39, 71, 84, 50, 76, 85, 37, 81, 94, 27, 5, 15, 79, 48, 14, 17, 1, 58, 91], "max_job_period": [54, 79, 78, 96, 88, 61, 73, 94, 55, 81, 87, 71, 96, 95, 55, 8, 85, 79, 85, 79, 86, 26, 92, 96], "min_startup": [1, 1, 1, 1, 1, 1, 1, 1, 1, 1, 1, 1, 1, 1, 2, 4, 4, 1, 1, 2, 2, 1, 1, 1], "max_startup": [92, 93, 82, 60, 1, 82, 26, 66, 22, 76, 17, 4, 63, 8, 40, 81, 16, 7, 60, 86, 30, 82, 65, 76], "priority": [21, 2, 22, 4, 13, 11, 24, 18, 10, 20, 12, 14, 6, 8, 16, 17, 19, 1, 23, 5, 7, 3, 15, 9], "win_min": [0, 0, 0, 0, 0, 0, 0, 0, 8, 0, 0, 0, 0, 0, 0, 0, 0, 0, 0, 0, 0, 0, 0, 0], "win_max": [97, 97, 97, 97, 97, 97, 97, 97, 82, 97, 97, 97, 97, 97, 97, 97, 97, 97, 97, 97, 97, 97, 97, 97]}