{"subs": 1, "jobs": 20, "T": 97, "power_use": [1.1577244560938393, 3.3727031098246303, 2.208640677428956, 3.6698629913086007, 1.6336806361897156, 0.7626515637648397, 2.7583393577118342, 0.7299611133465304, 3.0906893920106024, 2.858552344560218, 0.3051235050906802, 1.2992905098309855, 2.3083261394586203, 0.07281359793038983, 2.7950737997678994, 0.47097436491366884, 0.6126437243455912, 0.25857900723108346, 1.3379379419668362, 2.3581440761211345], "power_resource": [0.0, 0.0, 0.0, 0.0, 0.0, 0.0, 0.0, 0.0, 0.0, 0.0, 0.0, 0.0, 0.0, 0.0, 0.0, 0.0, 0.0, 0.0, 0.0, 0.0, 0.0, 0.0, 0.0, 0.0, 0.0, 0.0, 0.0, 6.691123296, 7.065144036, 7.40037744, 7.689435444, 7.925083902, 8.101627848, 8.26924455, 8.585084286, 8.828582562, 8.996661018, 9.087780474, 9.101633094, 9.039450222, 8.902924956, 8.695905246, 8.422700796, 8.088698736, 7.700825376, 7.266007026, 6.792709176, 6.289551234, 5.765306526, 5.229671886, 4.691882394, 4.573827288, 4.383276804, 4.115459484, 3.775300704, 3.368341512, 2.901508218, 2.583821466, 2.827011906, 2.989549314, 3.527338806, 4.10730183, 4.676336676, 5.224900428, 5.743911924, 6.224136084, 6.657569172, 7.036515288, 7.354048122, 7.604164872, 7.782247998, 7.88444955, 7.908152922, 7.851972852, 7.71590934, 7.50119373, 7.209980874, 6.846118722, 6.815950794, 7.141487364, 7.41423006, 7.628329998, 7.940167866, 8.293563594, 8.575233534, 8.782714998, 8.914468806, 8.970648876, 8.952178716, 0.0, 0.0, 0.0, 0.0, 0.0, 0.0, 0.0, 0.0], "min_cpu_time": [15, 18, 1, 14, 10, 8, 1, 11, 13, 12, 16, 17, 6, 14, 9, 5, 9, 15, 13, 14], "max_cpu_time": [33, 41, 25, 38, 36, 41, 42, 36, 25, 13, 34, 25, 40, 32, 14, 21, 42, 40, 34, 14], "min_job_period": [44, 47, 1, 39, 20, 17, 1, 10, 4, 24, 16, 31, 14, 43, 8, 4, 17, 10, 28, 18], "max_job_period": [65, 57, 20, 43, 60, 23, 83, 82, 75, 50, 87, 53, 63, 76, 63, 42, 91, 43, 59, 96], "min_startup": [2, 2, 36, 2, 3, 5, 36, 3, 3, 3, 2, 2, 6, 2, 4, 7, 4, 2, 3, 2], "max_startup": [25, 19, 60, 49, 70, 52, 76, 94, 75, 22, 68, 46, 82, 75, 19, 80, 48, 40, 34, 55], "priority": [10, 16, 5, 12, 19, 13, 14, 4, 18, 11, 6, 3, 15, 20, 7, 9, 17, 8, 2, 1], "win_min": [0, 0, 0, 0, 0, 0, 0, 0, 0, 0, 0, 0, 0, 0, 0, 0, 16, 0, 0, 0], "win_max": [97, 97, 97, 97, 97, 97, 97, 97, 97, 97, 97, 97, 97, 97, 97, 97, 88, 97, 97, 97]}