{"subs": 1, "jobs": 20, "T": 97, "power_use": [1.8963194137040515, 0.14139251657426263, 0.6234842861971038, 2.429245696727425, 0.09415065310113155, 2.011863137750348, 1.5447510092807792, 3.183838458307025, 0.33334359184414575, 1.9714686349781383, 0.6501965999620289, 2.5751964997265198, 3.731725460867843, 3.8065017450330147, 0.20287094883828768, 2.8046815424821046, 2.1799499153090642, 1.1540255341068697, 1.1587114121894746, 2.826330733339594], "power_resource": [4.23120582, 4.797316224, 5.341262436, 5.853655458, 6.325721964, 6.749458218, 7.11716832, 7.422387714, 7.659113598, 7.823036268, 7.910461692, 7.918927182, 7.847663148, 7.696515672, 7.467023934, 7.161650622, 6.784551522, 6.86397321, 7.179966864, 7.442089218, 7.644645306, 8.005429098, 8.34543396, 8.613405198, 8.806572288, 8.92416564, 8.966031336, 0.0, 0.0, 0.0, 0.0, 0.0, 0.0, 0.0, 0.0, 0.0, 0.0, 0.0, 0.0, 0.0, 0.0, 0.0, 0.0, 0.0, 0.0, 0.0, 0.0, 0.0, 0.0, 0.0, 0.0, 0.0, 0.0, 0.0, 0.0, 0.0, 0.0, 0.0, 0.0, 0.0, 0.0, 0.0, 0.0, 6.691123296, 7.065144036, 7.40037744, 7.689435444, 7.925083902, 8.101627848, 8.26924455, 8.585084286, 8.828582562, 8.996661018, 9.087780474, 9.101633094, 9.039450222, 8.902924956, 8.695905246, 8.422700796, 8.088698736, 7.700825376, 7.266007026, 6.792709176, 6.289551234, 5.765306526, 5.229671886, 4.691882394, 4.573827288, 4.383276804, 4.115459484, 3.775300704, 3.368341512, 2.901508218, 2.583821466, 2.827011906, 2.989549314, 3.527338806], "min_cpu_time": [5, 6, 6, 4, 9, 16, 1, 10, 17, 3, 13, 17, 11, 16, 16, 13, 6, 4, 13, 16], "max_cpu_time": [5, 19, 22, 5, 41, 36, 21, 26, 35, 3, 13, 20, 23, 22, 37, 24, 43, 8, 37, 46], "min_job_period": [52, 86, 83, 76, 22, 53, 11, 49, 53, 23, 86, 55, 71, 63, 9, 18, 85, 30, 59, 57], "max_job_period": [93, 96, 95, 87, 92, 63, 51, 53, 60, 66, 91, 55, 90, 93, 72, 64, 88, 35, 81, 95], "min_startup": [1, 1, 1, 1, 1, 1, 4, 1, 1, 2, 1, 1, 1, 1, 1, 1, 1, 1, 1, 1], "max_startup": [41, 52, 12, 18, 96, 50, 55, 68, 30, 4, 68, 15, 90, 61, 69, 89, 84, 76, 62, 61], "priority": [8, 10, 4, 3, 18, 6, 13, 19, 2, 5, 7, 16, 17, 11, 14, 12, 9, 20, 15, 1], "win_min": [0, 0, 0, 0, 0, 0, 0, 0, 0, 0, 10, 0, 0, 0, 0, 0, 0, 0, 0, 0], "win_max": [97, 97, 97, 97, 97, 97, 97, 97, 97, 97, 77, 97, 97, 97, 97, 97, 97, 97, 97, 97]}