{"subs": 1, "jobs": 20, "T": 97, "power_use": [2.7188501672875884, 2.610237193440553, 2.9344699406674586, 1.7127255217865298, 2.244933230331153, 3.5911436639737437, 0.6247266764371932, 2.7919026888998313, 2.6260095758827466, 0.34963892101614896, 3.760593528372154, 0.5170433073716333, 3.205917121797558, 1.7924689247892518, 2.8081978979780478, 2.4054280125745344, 2.000535510284719, 0.83889564962306, 1.366237484984119, 2.6276141771186703], "power_resource": [0.0, 0.0, 0.0, 6.76238733, 7.128866088, 7.455172248, 7.733763828, 7.957714518, 8.12148327, 8.337276306, 8.63864775, 8.866908144, 9.019286964, 9.094706784, 9.093013686, 9.015285096, 8.863983702, 8.642803536, 8.356362138, 8.01066231, 7.612168608, 7.168423014, 6.6877371, 6.178884192, 5.650945452, 5.113309878, 4.662637974, 4.536117378, 4.329405504, 4.04650422, 3.692031066, 3.272142762, 2.7936117, 2.653700238, 2.88134496, 3.070356264, 3.652320222, 4.23120582, 4.797316224, 5.341262436, 5.853655458, 6.325721964, 6.749458218, 7.11716832, 7.422387714, 7.659113598, 7.823036268, 7.910461692, 7.918927182, 7.847663148, 7.696515672, 7.467023934, 7.161650622, 6.784551522, 6.86397321, 7.179966864, 7.442089218, 7.644645306, 8.005429098, 8.34543396, 8.613405198, 8.806572288, 8.92416564, 8.966031336, 0.0, 0.0, 0.0, 0.0, 0.0, 0.0, 0.0, 0.0, 0.0, 0.0, 0.0, 0.0, 0.0, 0.0, 0.0, 0.0, 0.0, 0.0, 0.0, 0.0, 0.0, 0.0, 0.0, 0.0, 0.0, 0.0, 0.0, 0.0, 0.0, 0.0, 0.0, 0.0, 0.0], "min_cpu_time": [18, 12, 10, 13, 9, 11, 15, 13, 3, 15, 2, 7, 5, 16, 2, 17, 3, 17, 6, 9], "max_cpu_time": [44, 25, 33, 23, 11, 38, 26, 32, 15, 47, 18, 39, 39, 30, 15, 20, 13, 44, 47, 28], "min_job_period": [23, 19, 19, 15, 5, 28, 43, 28, 4, 6, 4, 14, 2, 47, 1, 20, 3, 28, 4, 27], "max_job_period": [54, 87, 45, 93, 45, 64, 61, 73, 65, 59, 10, 36, 49, 55, 53, 44, 32, 55, 18, 77], "min_startup": [2, 3, 3, 2, 3, 3, 2, 2, 10, 2, 14, 4, 6, 2, 14, 2, 10, 2, 5, 3], "max_startup": [34, 51, 17, 89, 71, 49, 51, 32, 51, 67, 67, 40, 48, 3, 43, 95, 44, 26, 45, 11], "priority": [17, 4, 11, 5, 6, 9, 8, 7, 1, 13, 12, 18, 15, 10, 19, 16, 2, 3, 20, 14], "win_min": [0, 0, 0, 0, 0, 0, 0, 0, 0, 0, 0, 0, 0, 0, 4, 0, 0, 0, 0, 0], "win_max": [97, 97, 97, 97, 97, 97, 97, 97, 97, 97, 97, 97, 97, 97, 77, 97, 97, 97, 97, 97]}