{"subs": 1, "jobs": 24, "T": 97, "power_use": [3.735212846144665, 0.5414205283829875, 0.28569823027444147, 3.3404631945531724, 3.3785125165451255, 3.6603804684346137, 3.1640236745975927, 3.3471426586576514, 3.272813420169959, 0.1688397857981162, 0.7126197694647689, 0.18389185199785094, 0.013617614159003139, 3.906622056038076, 3.997462518144171, 2.2265658252076723, 0.6004624645980164, 0.5533352626294258, 3.6469094179601305, 3.6717879659335617, 2.3432017117282005, 2.892008144385324, 2.4024488717579464, 2.8546557977067857], "power_resource": [0.0, 0.0, 0.0, 0.0, 0.0, 0.0, 0.0, 0.0, 0.0, 0.0, 0.0, 0.0, 0.0, 0.0, 0.0, 0.0, 0.0, 0.0, 0.0, 0.0, 0.0, 0.0, 0.0, 0.0, 0.0, 0.0, 0.0, 6.76238733, 7.128866088, 7.455172248, 7.733763828, 7.957714518, 8.12148327, 8.337276306, 8.63864775, 8.866908144, 9.019286964, 9.094706784, 9.093013686, 9.015285096, 8.863983702, 8.642803536, 8.356362138, 8.01066231, 7.612168608, 7.168423014, 6.6877371, 6.178884192, 5.650945452, 5.113309878, 4.662637974, 4.536117378, 4.329405504, 4.04650422, 3.692031066, 3.272142762, 2.7936117, 2.653700238, 2.88134496, 3.070356264, 3.652320222, 4.23120582, 4.797316224, 5.341262436, 5.853655458, 6.325721964, 6.749458218, 7.11716832, 7.422387714, 7.659113598, 7.823036268, 7.910461692, 7.918927182, 7.847663148, 7.696515672, 7.467023934, 7.161650622, 6.784551522, 6.86397321, 7.179966864, 7.442089218, 7.644645306, 8.005429098, 8.34543396, 8.613405198, 8.806572288, 8.92416564, 8.966031336, 0.0, 0.0, 0.0, 0.0, 0.0, 0.0, 0.0, 0.0, 0.0], "min_cpu_time": [2, 16, 10, 12, 5, 14, 15, 1, 6, 7, 2, 10, 6, 17, 11, 10, 12, 3, 6, 16, 18, 10, 17, 11], "max_cpu_time": [20, 25, 35, 17, 47, 15, 18, 8, 48, 17, 33, 36, 22, 26, 38, 13, 12, 21, 19, 18, 20, 29, 47, 37], "min_job_period": [6, 2, 13, 27, 16, 12, 52, 3, 2, 15, 4, 4, 19, 8, 33, 24, 41, 8, 27, 35, 46, 29, 67, 15], "max_job_period": [10, 68, 76, 88, 65, 79, 60, 35, 39, 42, 34, 63, 84, 54, 79, 67, 80, 61, 36, 88, 54, 47, 83, 70], "min_startup": [9, 1, 2, 2, 4, 1, 1, 18, 3, 3, 9, 2, 3, 1, 2, 2, 2, 6, 3, 1, 1, 2, 1, 2], "max_startup": [40, 66, 9, 20, 10, 46, 53, 86, 5, 15, 33, 41, 31, 96, 35, 88, 96, 32, 17, 82, 2, 13, 19, 4], "priority": [18, 9, 4, 13, 17, 24, 2, 1, 7, 22, 5, 10, 6, 20, 16, 8, 11, 21, 23, 3, 19, 14, 15, 12], "win_min": [0, 0, 0, 0, 0, 0, 0, 0, 0, 0, 0, 0, 0, 0, 15, 0, 0, 0, 0, 0, 0, 0, 0, 0], "win_max": [97, 97, 97, 97, 97, 97, 97, 97, 97, 97, 97, 97, 97, 97, 90, 97, 97, 97, 97, 97, 97, 97, 97, 97]}