{"subs": 1, "jobs": 20, "T": 97, "power_use": [3.3275514405637074, 2.372309697032875, 2.2409612283138753, 3.819615776857593, 2.706390712490174, 1.688700651369371, 1.267052230123872, 2.549656967080602, 2.7330827679684617, 3.291197461597825, 3.854253717059788, 2.7327113461819343, 3.5315156180087475, 1.767690452121567, 3.0418544615952237, 0.3775249253807539, 3.263845982825415, 0.4532720604822533, 0.6134016804114915, 2.315188387509078], "power_resource": [7.738535286, 7.855512966, 7.894146384, 7.853358114, 7.732532484, 7.532593002, 7.25569452, 6.905223234, 6.766389198, 7.10100693, 7.384062132, 7.60970592, 7.872290028, 8.238768786, 8.534291346, 8.755933266, 8.902155366, 8.972495892, 8.96803227, 0.0, 0.0, 0.0, 0.0, 0.0, 0.0, 0.0, 0.0, 0.0, 0.0, 0.0, 0.0, 0.0, 0.0, 0.0, 0.0, 0.0, 0.0, 0.0, 0.0, 0.0, 0.0, 0.0, 0.0, 0.0, 0.0, 0.0, 0.0, 0.0, 0.0, 0.0, 0.0, 0.0, 0.0, 0.0, 6.716058012, 6.93246672, 7.284785022, 7.593852366, 7.85212677, 8.053605432, 8.192593386, 8.469030114, 8.742234564, 8.941404456, 9.064077102, 9.109482912, 9.078237558, 8.97188022, 8.793489258, 8.54706654, 8.23769136, 7.871520438, 7.45578792, 6.998189706, 6.507191286, 5.991565986, 5.460856722, 4.924298574, 4.639396356, 4.48132257, 4.244442768, 3.93337449, 3.55319703, 3.110374944, 2.612142378, 2.709264636, 2.90366307, 3.277068138, 3.858108588, 4.431914892, 4.989098052, 5.520115152, 6.01588503, 6.467942196, 6.868282914, 7.209826956, 7.486109766], "min_cpu_time": [18, 15, 18, 13, 7, 14, 9, 18, 10, 6, 16, 15, 14, 13, 3, 10, 6, 11, 14, 1], "max_cpu_time": [26, 27, 45, 22, 35, 34, 22, 25, 30, 40, 20, 15, 37, 16, 11, 44, 7, 35, 29, 47], "min_job_period": [41, 7, 59, 40, 15, 42, 27, 8, 12, 14, 16, 35, 37, 30, 2, 6, 23, 12, 14, 3], "max_job_period": [90, 28, 70, 65, 87, 77, 66, 71, 80, 42, 45, 62, 56, 48, 14, 95, 36, 83, 96, 69], "min_startup": [1, 2, 1, 2, 3, 2, 3, 1, 2, 4, 2, 2, 2, 2, 8, 2, 4, 2, 2, 24], "max_startup": [80, 91, 11, 33, 27, 67, 17, 81, 69, 18, 45, 73, 83, 15, 15, 19, 46, 47, 77, 51], "priority": [7, 5, 14, 19, 20, 8, 1, 6, 16, 17, 4, 12, 18, 10, 13, 15, 9, 11, 2, 3], "win_min": [0, 0, 0, 0, 0, 0, 0, 2, 0, 0, 0, 0, 0, 0, 0, 0, 0, 0, 0, 0], "win_max": [97, 97, 97, 97, 97, 97, 97, 85, 97, 97, 97, 97, 97, 97, 97, 97, 97, 97, 97, 97]}