{"subs": 1, "jobs": 22, "T": 97, "power_use": [1.8317579361972818, 3.6607718746157896, 3.843215350916134, 3.946164506760599, 0.395050392996771, 1.9155192147228923, 2.9153557435224404, 0.31495199025524784, 1.23418238305635, 1.4163178862055403, 1.3346174967828535, 0.5394004853044418, 1.6035757820907155, 0.9278375051474809, 0.8240053090781478, 0.43152928856832706, 1.80663499710103, 2.860500728022784, 0.5595033081350227, 2.3424114892731045, 1.7055653023841593, 0.7560768898358655], "power_resource": [8.996661018, 9.087780474, 9.101633094, 9.039450222, 8.902924956, 8.695905246, 8.422700796, 8.088698736, 7.700825376, 7.266007026, 6.792709176, 6.289551234, 5.765306526, 5.229671886, 4.691882394, 4.573827288, 4.383276804, 4.115459484, 3.775300704, 3.368341512, 2.901508218, 2.583821466, 2.827011906, 2.989549314, 3.527338806, 4.10730183, 4.676336676, 5.224900428, 5.743911924, 6.224136084, 6.657569172, 7.036515288, 7.354048122, 7.604164872, 7.782247998, 7.88444955, 7.908152922, 7.851972852, 7.71590934, 7.50119373, 7.209980874, 6.846118722, 6.815950794, 7.141487364, 7.41423006, 7.628329998, 7.940167866, 8.293563594, 8.575233534, 8.782714998, 8.914468806, 8.970648876, 8.952178716, 0.0, 0.0, 0.0, 0.0, 0.0, 0.0, 0.0, 0.0, 0.0, 0.0, 0.0, 0.0, 0.0, 0.0, 0.0, 0.0, 0.0, 0.0, 0.0, 0.0, 0.0, 0.0, 0.0, 0.0, 0.0, 0.0, 0.0, 0.0, 0.0, 0.0, 0.0, 0.0, 0.0, 0.0, 0.0, 6.658030926, 6.999574968, 7.343581698, 7.642644372, 7.88983668, 8.079001902, 8.20459899, 8.52859638, 8.787024702], "min_cpu_time": [10, 9, 17, 6, 3, 15, 18, 14, 6, 6, 10, 5, 10, 16, 8, 17, 5, 11, 11, 16, 11, 6], "max_cpu_time": [42, 12, 31, 27, 12, 29, 34, 15, 34, 8, 46, 18, 10, 43, 40, 17, 24, 43, 45, 37, 18, 35], "min_job_period": [17, 13, 43, 22, 7, 46, 34, 48, 27, 3, 15, 11, 12, 42, 28, 80, 13, 26, 6, 68, 9, 2], "max_job_period": [84, 19, 62, 94, 80, 58, 51, 49, 30, 8, 56, 78, 44, 82, 42, 81, 81, 49, 45, 72, 40, 30], "min_startup": [2, 2, 1, 3, 7, 1, 1, 1, 3, 3, 2, 4, 2, 1, 3, 1, 4, 2, 2, 1, 2, 3], "max_startup": [47, 59, 38, 10, 23, 58, 58, 92, 27, 41, 19, 88, 71, 76, 50, 8, 96, 62, 54, 49, 84, 72], "priority": [15, 22, 4, 19, 5, 9, 6, 7, 18, 16, 17, 1, 21, 11, 2, 10, 14, 8, 12, 13, 3, 20], "win_min": [0, 0, 0, 0, 10, 0, 0, 0, 0, 0, 0, 0, 0, 0, 0, 0, 0, 0, 0, 0, 0, 0], "win_max": [97, 97, 97, 97, 96, 97, 97, 97, 97, 97, 97, 97, 97, 97, 97, 97, 97, 97, 97, 97, 97, 97]}