{"subs": 1, "jobs": 24, "T": 97, "power_use": [2.0500157197770217, 2.575589230210286, 1.9646989102419417, 0.37325151414091295, 3.761675976157674, 2.6642881058543453, 3.0008684205459706, 1.2623024185484664, 0.03432281107428563, 2.669190658404732, 1.3145044878027203, 3.9634018267565545, 2.897302114865539, 2.731730256148634, 1.107874161069849, 1.1274194399933255, 2.7661830812176276, 1.4758010137707118, 1.9493799488141828, 2.506550050708929, 0.6217256889047286, 3.0112532325217534, 2.5025108823961175, 0.5115569133501956], "power_resource": [5.229671886, 4.691882394, 4.573827288, 4.383276804, 4.115459484, 3.775300704, 3.368341512, 2.901508218, 2.583821466, 2.827011906, 2.989549314, 3.527338806, 4.10730183, 4.676336676, 5.224900428, 5.743911924, 6.224136084, 6.657569172, 7.036515288, 7.354048122, 7.604164872, 7.782247998, 7.88444955, 7.908152922, 7.851972852, 7.71590934, 7.50119373, 7.209980874, 6.846118722, 6.815950794, 7.141487364, 7.41423006, 7.628329998, 7.940167866, 8.293563594, 8.575233534, 8.782714998, 8.914468806, 8.970648876, 8.952178716, 0.0, 0.0, 0.0, 0.0, 0.0, 0.0, 0.0, 0.0, 0.0, 0.0, 0.0, 0.0, 0.0, 0.0, 0.0, 0.0, 0.0, 0.0, 0.0, 0.0, 0.0, 0.0, 0.0, 0.0, 0.0, 0.0, 0.0, 0.0, 0.0, 0.0, 0.0, 0.0, 0.0, 0.0, 0.0, 6.658030926, 6.999574968, 7.343581698, 7.642644372, 7.88983668, 8.079001902, 8.20459899, 8.52859638, 8.787024702, 8.970648876, 9.077467968, 9.107174142, 9.06038307, 8.938941768, 8.746236432, 8.486115012, 8.164426392, 7.787327292, 7.36189794, 6.89629599, 6.398986932, 5.87889801], "min_cpu_time": [13, 12, 17, 7, 13, 1, 5, 7, 15, 10, 9, 6, 2, 2, 14, 18, 6, 13, 10, 5, 7, 8, 7, 8], "max_cpu_time": [21, 14, 34, 32, 39, 25, 8, 29, 34, 25, 28, 46, 34, 25, 16, 26, 13, 47, 10, 41, 36, 36, 35, 29], "min_job_period": [72, 85, 95, 33, 77, 49, 11, 36, 35, 29, 58, 3, 62, 74, 71, 9, 34, 67, 2, 77, 19, 83, 69, 46], "max_job_period": [78, 90, 95, 40, 86, 80, 66, 95, 56, 33, 95, 71, 93, 79, 74, 38, 77, 79, 26, 93, 71, 93, 80, 51], "min_startup": [1, 1, 1, 1, 1, 1, 1, 1, 1, 1, 1, 1, 1, 1, 1, 1, 1, 1, 1, 1, 1, 1, 1, 1], "max_startup": [19, 32, 87, 45, 34, 71, 57, 71, 95, 44, 60, 65, 50, 7, 64, 47, 8, 4, 19, 71, 60, 64, 25, 1], "priority": [3, 11, 17, 8, 20, 2, 1, 4, 22, 14, 9, 5, 21, 23, 7, 10, 6, 24, 12, 15, 16, 13, 18, 19], "win_min": [0, 0, 17, 0, 0, 0, 0, 0, 0, 0, 0, 0, 0, 0, 0, 0, 0, 0, 0, 0, 0, 0, 0, 0], "win_max": [97, 97, 90, 97, 97, 97, 97, 97, 97, 97, 97, 97, 97, 97, 97, 97, 97, 97, 97, 97, 97, 97, 97, 97]}