{"subs": 1, "jobs": 24, "T": 97, "power_use": [1.5412224234137795, 0.2950342508244362, 0.4892247409569336, 3.9764082189264807, 1.77303334886982, 0.13318827619936696, 0.05547391628593499, 2.930455525251864, 1.7705120042647153, 0.9934864772028059, 3.0085806766992333, 2.5197258312239548, 1.3310595930846951, 2.159351386815883, 1.6486620094309932, 2.405918595597334, 0.4108369952383154, 3.0632424878881896, 1.146676814387623, 1.3015637742101747, 3.5758313754874975, 1.7802161812364081, 0.19311928239092885, 3.029657850573299], "power_resource": [2.90366307, 3.277068138, 3.858108588, 4.431914892, 4.989098052, 5.520115152, 6.01588503, 6.467942196, 6.868282914, 7.209826956, 7.486109766, 7.692205968, 7.82365194, 7.877369322, 7.851665016, 7.746077268, 7.561067832, 7.298637642, 6.961865058, 6.714980586, 7.05867948, 7.35189327, 7.588773072, 7.80210342, 8.18151129, 8.490578634, 8.72638101, 8.886917484, 8.971572384, 8.9811153, 0.0, 0.0, 0.0, 0.0, 0.0, 0.0, 0.0, 0.0, 0.0, 0.0, 0.0, 0.0, 0.0, 0.0, 0.0, 0.0, 0.0, 0.0, 0.0, 0.0, 0.0, 0.0, 0.0, 0.0, 0.0, 0.0, 0.0, 0.0, 0.0, 0.0, 0.0, 0.0, 0.0, 0.0, 0.0, 6.771160656, 6.863665374, 7.22414133, 7.54275159, 7.81210809, 8.025592356, 8.17766334, 8.406385488, 8.694519984, 8.908927758, 9.04730004, 9.108559404, 9.092859768, 9.001740312, 8.83797156, 8.605093626, 8.308339722, 7.95371265, 7.547830884, 7.098544242, 6.614010378, 6.103310454, 5.575525632, 5.040198828, 4.667255514, 4.525497036, 4.304470788, 4.00802472, 3.64169988, 3.211191234, 2.724040764, 2.64585042], "min_cpu_time": [12, 14, 12, 4, 13, 11, 4, 7, 7, 1, 5, 16, 18, 5, 14, 15, 7, 15, 15, 2, 1, 5, 18, 6], "max_cpu_time": [41, 37, 20, 32, 13, 34, 4, 11, 31, 43, 28, 43, 35, 37, 25, 40, 46, 31, 39, 36, 29, 17, 47, 7], "min_job_period": [18, 22, 8, 18, 41, 9, 12, 42, 23, 3, 26, 50, 18, 26, 24, 81, 23, 11, 82, 6, 2, 28, 84, 7], "max_job_period": [84, 77, 32, 51, 88, 95, 83, 51, 96, 14, 41, 59, 91, 89, 55, 82, 33, 44, 91, 84, 30, 37, 94, 30], "min_startup": [2, 1, 2, 4, 1, 2, 4, 2, 2, 16, 3, 1, 1, 3, 1, 1, 2, 1, 1, 8, 16, 3, 1, 3], "max_startup": [17, 66, 93, 4, 35, 38, 64, 35, 35, 51, 74, 55, 36, 27, 75, 45, 15, 68, 47, 62, 64, 34, 19, 46], "priority": [16, 15, 10, 8, 14, 4, 1, 12, 20, 5, 19, 21, 24, 17, 13, 22, 3, 2, 23, 11, 18, 9, 7, 6], "win_min": [0, 0, 0, 0, 0, 0, 0, 0, 0, 0, 0, 0, 0, 0, 0, 0, 0, 0, 0, 0, 0, 0, 17, 0], "win_max": [97, 97, 97, 97, 97, 97, 97, 97, 97, 97, 97, 97, 97, 97, 97, 97, 97, 97, 97, 97, 97, 97, 84, 97]}