{"subs": 1, "jobs": 20, "T": 97, "power_use": [3.6190885464916387, 1.8063202717334328, 3.8415914613642643, 3.324708311715218, 1.51116420921315, 2.893554219863191, 0.30613014508459035, 3.946657072232188, 3.535148182949554, 2.4193131373523817, 1.160097539648666, 1.2979665713539204, 0.2770859989275228, 2.7993346496517333, 0.30859534028671853, 0.868419998114341, 1.333451309018141, 3.9730669136688457, 3.715337348726188, 3.824399946495034], "power_resource": [2.784530538, 2.980929906, 3.319857342, 3.902283054, 4.477782456, 5.03696655, 5.57029242, 6.068678904, 6.523506594, 6.926771754, 7.271548074, 7.551370998, 7.761007314, 7.896147318, 7.95371265, 7.931856294, 7.829962578, 7.648801092, 7.390218852, 7.0571403, 6.654029058, 6.954323076, 7.250923062, 7.49118906, 7.744999842, 8.128255662, 8.441478792, 8.681283036, 8.845975296, 8.9349399, 8.948638602, 0.0, 0.0, 0.0, 0.0, 0.0, 0.0, 0.0, 0.0, 0.0, 0.0, 0.0, 0.0, 0.0, 0.0, 0.0, 0.0, 0.0, 0.0, 0.0, 0.0, 0.0, 0.0, 0.0, 0.0, 0.0, 0.0, 0.0, 0.0, 0.0, 0.0, 0.0, 0.0, 0.0, 0.0, 0.0, 6.809794074, 6.832112184, 7.190895042, 7.507966122, 7.775783442, 7.987882446, 8.138722086, 8.40238362, 8.689132854, 8.902155366, 9.03883455, 9.098400816, 9.081008082, 8.987887692, 8.82181017, 8.586777384, 8.287560792, 7.930163196, 7.521356988, 7.068991986, 6.581379762, 6.067293642, 5.535814788, 4.996793952, 4.638165012, 4.495021272, 4.272609762, 3.974470596, 3.606144822, 3.173327406, 2.68356033], "min_cpu_time": [16, 8, 1, 4, 10, 4, 4, 12, 5, 5, 16, 2, 7, 10, 3, 13, 3, 14, 16, 6], "max_cpu_time": [40, 31, 28, 46, 22, 27, 33, 13, 27, 37, 34, 22, 47, 12, 25, 16, 25, 31, 24, 40], "min_job_period": [36, 6, 3, 14, 46, 12, 8, 23, 20, 21, 2, 4, 13, 7, 6, 36, 11, 40, 37, 23], "max_job_period": [75, 19, 53, 27, 53, 90, 80, 45, 84, 70, 41, 95, 83, 77, 68, 62, 76, 71, 90, 63], "min_startup": [2, 3, 22, 6, 2, 6, 6, 2, 4, 4, 2, 11, 3, 2, 7, 2, 7, 2, 2, 4], "max_startup": [75, 26, 26, 73, 57, 37, 90, 44, 8, 96, 72, 54, 20, 26, 60, 60, 43, 71, 48, 81], "priority": [20, 5, 12, 7, 14, 18, 2, 17, 4, 10, 13, 16, 1, 3, 15, 6, 8, 19, 11, 9], "win_min": [0, 0, 0, 0, 14, 0, 0, 0, 0, 0, 0, 0, 0, 0, 0, 0, 0, 0, 0, 0], "win_max": [97, 97, 97, 97, 88, 97, 97, 97, 97, 97, 97, 97, 97, 97, 97, 97, 97, 97, 97, 97]}