{"subs": 1, "jobs": 22, "T": 97, "power_use": [2.8810282174501354, 3.655179884004236, 2.918551188604854, 0.4375098182689689, 2.6633293470979087, 1.6541167574693456, 1.045862960775209, 2.411786175383968, 1.2157387676839149, 2.128116739466693, 2.308149767572073, 2.120976992117019, 0.052639215811576316, 1.401468267526326, 3.1639444344878553, 1.3941136201430988, 2.042424204094392, 1.393061997968143, 0.8049592508789228, 0.8070163479544944, 2.997949742715204, 2.5155311119509753], "power_resource": [0.0, 0.0, 0.0, 0.0, 0.0, 0.0, 0.0, 0.0, 0.0, 0.0, 0.0, 0.0, 0.0, 0.0, 0.0, 0.0, 0.0, 0.0, 0.0, 0.0, 0.0, 0.0, 0.0, 6.809794074, 6.832112184, 7.190895042, 7.507966122, 7.775783442, 7.987882446, 8.138722086, 8.40238362, 8.689132854, 8.902155366, 9.03883455, 9.098400816, 9.081008082, 8.987887692, 8.82181017, 8.586777384, 8.287560792, 7.930163196, 7.521356988, 7.068991986, 6.581379762, 6.067293642, 5.535814788, 4.996793952, 4.638165012, 4.495021272, 4.272609762, 3.974470596, 3.606144822, 3.173327406, 2.68356033, 2.720654568, 2.932753572, 3.195029844, 3.777455556, 4.354801974, 4.9176801, 5.4563931, 5.961859812, 6.425460828, 6.839192412, 7.195512582, 7.4881107, 7.711445718, 7.861054014, 7.933549392, 7.926930918, 7.840275084, 7.674043644, 7.429929696, 7.110703764, 6.720521634, 6.909994692, 7.21644543, 7.467793524, 7.67204271, 8.068227642, 8.394841638, 8.648806338, 8.827659054, 8.930938032, 8.958643272, 0.0, 0.0, 0.0, 0.0, 0.0, 0.0, 0.0, 0.0, 0.0, 0.0, 0.0, 0.0], "min_cpu_time": [2, 9, 9, 4, 6, 13, 3, 13, 16, 9, 17, 6, 9, 1, 12, 17, 17, 6, 11, 15, 12, 13], "max_cpu_time": [38, 19, 15, 4, 11, 35, 35, 35, 18, 39, 33, 16, 32, 20, 37, 32, 18, 33, 37, 36, 45, 24], "min_job_period": [5, 18, 11, 11, 16, 11, 5, 20, 42, 21, 68, 5, 31, 1, 24, 11, 24, 4, 37, 44, 32, 38], "max_job_period": [20, 52, 19, 90, 71, 19, 72, 43, 92, 25, 77, 83, 37, 27, 36, 87, 59, 83, 56, 79, 38, 63], "min_startup": [11, 3, 3, 6, 4, 2, 8, 2, 2, 3, 1, 4, 3, 22, 2, 1, 1, 4, 2, 2, 2, 2], "max_startup": [54, 78, 67, 44, 19, 18, 46, 87, 42, 90, 45, 7, 27, 22, 20, 45, 46, 96, 15, 57, 12, 35], "priority": [8, 10, 18, 12, 7, 14, 22, 4, 2, 20, 1, 9, 21, 3, 17, 16, 6, 15, 5, 11, 19, 13], "win_min": [0, 0, 0, 0, 0, 0, 0, 0, 0, 0, 0, 11, 0, 0, 0, 0, 0, 0, 0, 0, 0, 0], "win_max": [97, 97, 97, 97, 97, 97, 97, 97, 97, 97, 97, 94, 97, 97, 97, 97, 97, 97, 97, 97, 97, 97]}