{"subs": 1, "jobs": 24, "T": 97, "power_use": [1.2946362481312617, 3.7492285318077134, 0.9673329986051603, 2.9342387895094175, 0.3329122262070135, 2.134573797373681, 2.63586331372393, 0.8467949509584746, 1.317244184981479, 2.2065312161564576, 2.3640399844679596, 0.6253280489400594, 1.6489908632833412, 3.99893472652755, 1.2965154230935596, 3.1435706814254556, 0.8144395541149017, 1.850163914179807, 2.0774965208022502, 2.388112976804856, 2.873435369572199, 3.1856824050600947, 2.8036612041840465, 3.2307300768345444], "power_resource": [0.0, 0.0, 0.0, 0.0, 0.0, 0.0, 6.658030926, 6.999574968, 7.343581698, 7.642644372, 7.88983668, 8.079001902, 8.20459899, 8.52859638, 8.787024702, 8.970648876, 9.077467968, 9.107174142, 9.06038307, 8.938941768, 8.746236432, 8.486115012, 8.164426392, 7.787327292, 7.36189794, 6.89629599, 6.398986932, 5.87889801, 5.345418222, 4.808090484, 4.60830492, 4.433761908, 4.181490306, 3.8556459, 3.462077574, 3.007095966, 2.511018252, 2.769600492, 2.948145372, 3.402203472, 3.982782168, 4.55443362, 5.107460994, 5.63262921, 6.120857106, 6.56383311, 6.953553486, 7.283091924, 7.546445622, 7.738535286, 7.855512966, 7.894146384, 7.853358114, 7.732532484, 7.532593002, 7.25569452, 6.905223234, 6.766389198, 7.10100693, 7.384062132, 7.60970592, 7.872290028, 8.238768786, 8.534291346, 8.755933266, 8.902155366, 8.972495892, 8.96803227, 0.0, 0.0, 0.0, 0.0, 0.0, 0.0, 0.0, 0.0, 0.0, 0.0, 0.0, 0.0, 0.0, 0.0, 0.0, 0.0, 0.0, 0.0, 0.0, 0.0, 0.0, 0.0, 0.0, 0.0, 0.0, 0.0, 0.0, 0.0, 0.0], "min_cpu_time": [1, 16, 13, 11, 5, 16, 16, 12, 10, 4, 17, 18, 1, 13, 15, 12, 4, 17, 14, 3, 11, 18, 8, 7], "max_cpu_time": [9, 27, 42, 27, 36, 35, 19, 30, 34, 16, 20, 41, 5, 40, 35, 33, 13, 27, 24, 31, 29, 30, 31, 41], "min_job_period": [7, 56, 87, 33, 33, 28, 46, 37, 17, 38, 83, 29, 11, 67, 71, 84, 22, 59, 5, 21, 53, 11, 12, 52], "max_job_period": [32, 81, 91, 73, 74, 45, 59, 92, 63, 76, 88, 50, 77, 73, 89, 89, 93, 85, 85, 90, 80, 91, 59, 65], "min_startup": [6, 1, 1, 1, 2, 1, 1, 1, 1, 2, 1, 1, 6, 1, 1, 1, 2, 1, 1, 2, 1, 1, 1, 1], "max_startup": [72, 30, 22, 50, 19, 68, 30, 30, 93, 31, 12, 8, 72, 22, 39, 77, 81, 22, 42, 74, 41, 74, 53, 80], "priority": [1, 2, 5, 23, 16, 19, 9, 17, 13, 8, 3, 12, 18, 6, 24, 14, 7, 10, 4, 15, 21, 22, 20, 11], "win_min": [0, 0, 0, 0, 0, 18, 0, 0, 0, 0, 0, 0, 0, 0, 0, 0, 0, 0, 0, 0, 0, 0, 0, 0], "win_max": [97, 97, 97, 97, 97, 91, 97, 97, 97, 97, 97, 97, 97, 97, 97, 97, 97, 97, 97, 97, 97, 97, 97, 97]}