{"subs": 1, "jobs": 20, "T": 97, "power_use": [3.443066206234182, 3.464587253866468, 2.9874841731590305, 3.6843030097168024, 3.692753555831442, 2.5899271883549493, 0.05998349300623069, 0.1934231879289507, 2.6144682129167705, 1.6091008943488239, 0.4890898566894884, 1.467527079241282, 2.717430441744068, 1.5658889656922437, 1.0860799249287236, 3.8351606848438617, 0.08129371220076048, 3.4292221741296567, 2.1045735959671306, 2.328007706069723], "power_resource": [0.0, 6.754383594, 6.900297858, 7.25107698, 7.558451226, 7.815340368, 8.015433768, 8.153190378, 8.464566492, 8.736539598, 8.934016392, 9.055149858, 9.09886257, 9.0657702, 8.957411928, 8.776866114, 8.527980708, 8.21614284, 7.847355312, 7.428698352, 6.96786786, 6.473637162, 5.954625666, 5.42022237, 4.879816272, 4.610305854, 4.450846806, 4.212581742, 3.899666448, 3.517488054, 3.07220328, 2.571354108, 2.784530538, 2.980929906, 3.319857342, 3.902283054, 4.477782456, 5.03696655, 5.57029242, 6.068678904, 6.523506594, 6.926771754, 7.271548074, 7.551370998, 7.761007314, 7.896147318, 7.95371265, 7.931856294, 7.829962578, 7.648801092, 7.390218852, 7.0571403, 6.654029058, 6.954323076, 7.250923062, 7.49118906, 7.744999842, 8.128255662, 8.441478792, 8.681283036, 8.845975296, 8.9349399, 8.948638602, 0.0, 0.0, 0.0, 0.0, 0.0, 0.0, 0.0, 0.0, 0.0, 0.0, 0.0, 0.0, 0.0, 0.0, 0.0, 0.0, 0.0, 0.0, 0.0, 0.0, 0.0, 0.0, 0.0, 0.0, 0.0, 0.0, 0.0, 0.0, 0.0, 0.0, 0.0, 0.0, 0.0, 0.0], "min_cpu_time": [11, 6, 11, 17, 2, 3, 11, 14, 1, 2, 11, 6, 11, 1, 4, 4, 6, 14, 13, 9], "max_cpu_time": [44, 37, 36, 31, 20, 41, 24, 43, 38, 34, 21, 27, 31, 17, 8, 6, 45, 14, 45, 37], "min_job_period": [21, 12, 28, 10, 1, 5, 12, 14, 2, 2, 27, 17, 6, 2, 9, 7, 3, 45, 14, 23], "max_job_period": [45, 95, 68, 57, 22, 92, 82, 32, 46, 68, 93, 73, 78, 39, 72, 56, 55, 80, 79, 61], "min_startup": [3, 5, 3, 2, 15, 10, 3, 2, 31, 15, 3, 5, 3, 31, 8, 8, 5, 2, 2, 3], "max_startup": [48, 49, 24, 38, 74, 51, 51, 43, 55, 33, 59, 40, 42, 93, 38, 37, 64, 15, 43, 40], "priority": [12, 15, 19, 8, 10, 16, 1, 11, 6, 17, 4, 13, 14, 2, 3, 18, 20, 5, 9, 7], "win_min": [0, 0, 0, 0, 0, 0, 0, 0, 0, 0, 0, 0, 0, 0, 0, 0, 9, 0, 0, 0], "win_max": [97, 97, 97, 97, 97, 97, 97, 97, 97, 97, 97, 97, 97, 97, 97, 97, 95, 97, 97, 97]}