{"subs": 1, "jobs": 24, "T": 97, "power_use": [1.0730052191055637, 3.8716212901229454, 3.330851776076332, 1.7271104747221178, 0.7199880643295447, 3.1595225923122707, 0.08610398943092286, 3.814782063732482, 3.1685708637138568, 2.400749045861954, 1.3659594695094206, 2.949496950872084, 2.6114915755244446, 0.9579876043293927, 2.359225118657833, 2.6229553528765446, 0.11330523268035947, 3.7409635442760716, 2.140213159121495, 2.907699495097932, 1.738568622492531, 3.5283963016537085, 0.7793908276445318, 3.020771285037265], "power_resource": [6.720521634, 6.909994692, 7.21644543, 7.467793524, 7.67204271, 8.068227642, 8.394841638, 8.648806338, 8.827659054, 8.930938032, 8.958643272, 0.0, 0.0, 0.0, 0.0, 0.0, 0.0, 0.0, 0.0, 0.0, 0.0, 0.0, 0.0, 0.0, 0.0, 0.0, 0.0, 0.0, 0.0, 0.0, 0.0, 0.0, 0.0, 0.0, 0.0, 0.0, 0.0, 0.0, 0.0, 0.0, 0.0, 0.0, 0.0, 0.0, 0.0, 0.0, 0.0, 6.76238733, 7.128866088, 7.455172248, 7.733763828, 7.957714518, 8.12148327, 8.337276306, 8.63864775, 8.866908144, 9.019286964, 9.094706784, 9.093013686, 9.015285096, 8.863983702, 8.642803536, 8.356362138, 8.01066231, 7.612168608, 7.168423014, 6.6877371, 6.178884192, 5.650945452, 5.113309878, 4.662637974, 4.536117378, 4.329405504, 4.04650422, 3.692031066, 3.272142762, 2.7936117, 2.653700238, 2.88134496, 3.070356264, 3.652320222, 4.23120582, 4.797316224, 5.341262436, 5.853655458, 6.325721964, 6.749458218, 7.11716832, 7.422387714, 7.659113598, 7.823036268, 7.910461692, 7.918927182, 7.847663148, 7.696515672, 7.467023934, 7.161650622], "min_cpu_time": [17, 17, 12, 18, 2, 18, 12, 14, 8, 3, 12, 15, 4, 10, 12, 3, 8, 11, 16, 9, 8, 1, 12, 15], "max_cpu_time": [33, 46, 43, 32, 43, 30, 48, 30, 8, 22, 17, 36, 36, 42, 34, 9, 18, 38, 32, 23, 21, 29, 25, 45], "min_job_period": [57, 35, 71, 14, 24, 76, 31, 44, 4, 8, 66, 92, 17, 69, 44, 84, 34, 24, 43, 69, 5, 4, 76, 70], "max_job_period": [67, 67, 85, 60, 85, 96, 52, 68, 18, 57, 78, 92, 59, 72, 84, 96, 47, 82, 65, 86, 15, 48, 96, 76], "min_startup": [1, 1, 1, 1, 2, 1, 1, 1, 1, 1, 1, 1, 1, 1, 1, 1, 1, 1, 1, 1, 1, 3, 1, 1], "max_startup": [47, 70, 88, 80, 91, 32, 94, 77, 57, 14, 4, 10, 38, 70, 21, 5, 30, 35, 96, 90, 83, 36, 42, 90], "priority": [11, 17, 13, 16, 14, 5, 3, 1, 12, 4, 19, 2, 10, 18, 7, 24, 9, 8, 6, 15, 22, 20, 21, 23], "win_min": [0, 0, 0, 0, 0, 0, 0, 0, 0, 0, 0, 0, 0, 0, 0, 0, 0, 0, 0, 0, 0, 17, 0, 0], "win_max": [97, 97, 97, 97, 97, 97, 97, 97, 97, 97, 97, 97, 97, 97, 97, 97, 97, 97, 97, 97, 97, 87, 97, 97]}