{"subs": 1, "jobs": 24, "T": 97, "power_use": [2.5857293324820088, 1.864413947861041, 0.15323665576738715, 1.7010215207384651, 1.7583804142189787, 2.602950812472879, 0.5798926066232545, 1.645131293121041, 3.09172573435274, 0.6152130408811869, 3.9454400598121726, 0.40905921988581057, 0.22174510252672602, 0.11263753511789751, 1.2309538178226331, 2.0818039498150362, 1.2091854656927594, 3.0181323328384027, 1.090492504700312, 3.817876899756933, 2.7299503089995683, 3.549774898347169, 2.0231248047296413, 0.47388583053738836], "power_resource": [0.0, 0.0, 0.0, 0.0, 0.0, 0.0, 6.691123296, 7.065144036, 7.40037744, 7.689435444, 7.925083902, 8.101627848, 8.26924455, 8.585084286, 8.828582562, 8.996661018, 9.087780474, 9.101633094, 9.039450222, 8.902924956, 8.695905246, 8.422700796, 8.088698736, 7.700825376, 7.266007026, 6.792709176, 6.289551234, 5.765306526, 5.229671886, 4.691882394, 4.573827288, 4.383276804, 4.115459484, 3.775300704, 3.368341512, 2.901508218, 2.583821466, 2.827011906, 2.989549314, 3.527338806, 4.10730183, 4.676336676, 5.224900428, 5.743911924, 6.224136084, 6.657569172, 7.036515288, 7.354048122, 7.604164872, 7.782247998, 7.88444955, 7.908152922, 7.851972852, 7.71590934, 7.50119373, 7.209980874, 6.846118722, 6.815950794, 7.141487364, 7.41423006, 7.628329998, 7.940167866, 8.293563594, 8.575233534, 8.782714998, 8.914468806, 8.970648876, 8.952178716, 0.0, 0.0, 0.0, 0.0, 0.0, 0.0, 0.0, 0.0, 0.0, 0.0, 0.0, 0.0, 0.0, 0.0, 0.0, 0.0, 0.0, 0.0, 0.0, 0.0, 0.0, 0.0, 0.0, 0.0, 0.0, 0.0, 0.0, 0.0, 0.0], "min_cpu_time": [18, 15, 9, 5, 4, 11, 9, 14, 8, 8, 14, 2, 11, 18, 7, 2, 8, 8, 17, 18, 18, 3, 1, 6], "max_cpu_time": [29, 28, 35, 42, 35, 46, 29, 28, 45, 9, 41, 27, 19, 19, 39, 13, 26, 41, 45, 37, 34, 12, 27, 14], "min_job_period": [91, 8, 59, 22, 12, 24, 21, 21, 51, 24, 82, 22, 80, 27, 13, 14, 87, 67, 72, 26, 34, 40, 12, 84], "max_job_period": [94, 72, 94, 81, 47, 66, 81, 89, 92, 53, 82, 85, 80, 61, 88, 44, 92, 70, 75, 36, 53, 54, 35, 96], "min_startup": [1, 1, 1, 2, 2, 1, 1, 1, 1, 1, 1, 3, 1, 1, 1, 3, 1, 1, 1, 1, 1, 2, 6, 1], "max_startup": [32, 35, 29, 91, 77, 2, 17, 2, 35, 55, 81, 11, 39, 21, 81, 78, 2, 76, 38, 25, 89, 86, 10, 77], "priority": [11, 14, 15, 2, 10, 8, 17, 5, 9, 20, 16, 1, 24, 13, 3, 21, 6, 18, 19, 7, 23, 12, 22, 4], "win_min": [0, 0, 0, 0, 0, 0, 0, 0, 0, 0, 0, 0, 0, 0, 0, 2, 0, 0, 0, 0, 0, 0, 0, 0], "win_max": [97, 97, 97, 97, 97, 97, 97, 97, 97, 97, 97, 97, 97, 97, 97, 89, 97, 97, 97, 97, 97, 97, 97, 97]}