{"subs": 1, "jobs": 20, "T": 97, "power_use": [1.1366008712559748, 0.560890672293927, 3.7984865045255627, 1.2948378153310294, 0.1052011196133751, 0.5372290519306906, 0.5738997142110983, 1.0172743930064765, 1.8248124250429787, 3.8204604794869037, 1.9960266089185563, 0.2936928700681091, 0.9670652217132434, 1.8424756752634668, 3.1859903959477514, 1.1363757166118507, 1.6170097267396226, 0.6119882153902022, 1.0896628880573473, 2.8815151201393143], "power_resource": [6.961865058, 6.714980586, 7.05867948, 7.35189327, 7.588773072, 7.80210342, 8.18151129, 8.490578634, 8.72638101, 8.886917484, 8.971572384, 8.9811153, 0.0, 0.0, 0.0, 0.0, 0.0, 0.0, 0.0, 0.0, 0.0, 0.0, 0.0, 0.0, 0.0, 0.0, 0.0, 0.0, 0.0, 0.0, 0.0, 0.0, 0.0, 0.0, 0.0, 0.0, 0.0, 0.0, 0.0, 0.0, 0.0, 0.0, 0.0, 0.0, 0.0, 0.0, 0.0, 6.771160656, 6.863665374, 7.22414133, 7.54275159, 7.81210809, 8.025592356, 8.17766334, 8.406385488, 8.694519984, 8.908927758, 9.04730004, 9.108559404, 9.092859768, 9.001740312, 8.83797156, 8.605093626, 8.308339722, 7.95371265, 7.547830884, 7.098544242, 6.614010378, 6.103310454, 5.575525632, 5.040198828, 4.667255514, 4.525497036, 4.304470788, 4.00802472, 3.64169988, 3.211191234, 2.724040764, 2.64585042, 2.856102408, 3.152086722, 3.733127172, 4.30893441, 4.869811602, 5.406215832, 5.909219856, 6.370204266, 6.78085749, 7.133945382, 7.423157304, 7.642952208, 7.788866472, 7.8575139, 7.847201394, 7.75669761, 7.58661822, 7.338656322], "min_cpu_time": [17, 8, 5, 10, 5, 14, 17, 6, 13, 13, 10, 13, 12, 17, 7, 4, 2, 15, 18, 18], "max_cpu_time": [17, 37, 39, 41, 16, 44, 32, 34, 38, 18, 10, 35, 21, 39, 45, 38, 20, 22, 32, 24], "min_job_period": [44, 31, 19, 56, 92, 6, 2, 71, 28, 38, 89, 47, 38, 38, 16, 38, 12, 49, 52, 52], "max_job_period": [88, 71, 86, 63, 93, 24, 56, 92, 36, 76, 93, 96, 38, 91, 51, 95, 33, 96, 58, 88], "min_startup": [1, 1, 1, 1, 1, 1, 1, 1, 1, 1, 1, 1, 1, 1, 1, 1, 1, 1, 1, 1], "max_startup": [27, 95, 22, 76, 87, 12, 50, 31, 6, 65, 80, 61, 6, 4, 37, 24, 55, 78, 33, 41], "priority": [7, 13, 19, 5, 14, 6, 11, 20, 18, 17, 16, 1, 2, 12, 10, 3, 15, 4, 9, 8], "win_min": [0, 5, 0, 0, 0, 0, 0, 0, 0, 0, 0, 0, 0, 0, 0, 0, 0, 0, 0, 0], "win_max": [97, 84, 97, 97, 97, 97, 97, 97, 97, 97, 97, 97, 97, 97, 97, 97, 97, 97, 97, 97]}