{"subs": 1, "jobs": 24, "T": 97, "power_use": [1.175247030377367, 1.2082645309133102, 1.6021202358004194, 0.1812113893739503, 0.33432419203395636, 1.22542879658139, 3.8630350409201224, 3.305901789425778, 2.4727137598130495, 2.7251244485693924, 1.3518445313894316, 0.9574573240375815, 3.4796329895758737, 2.8221848213874505, 1.7226411926921124, 0.2633436552149785, 2.423139172460151, 3.4422652493378423, 1.983929676624606, 2.8416153557858763, 0.9733091793457138, 0.38785289207641244, 1.1953251042729, 0.4781039896672481], "power_resource": [9.03883455, 9.098400816, 9.081008082, 8.987887692, 8.82181017, 8.586777384, 8.287560792, 7.930163196, 7.521356988, 7.068991986, 6.581379762, 6.067293642, 5.535814788, 4.996793952, 4.638165012, 4.495021272, 4.272609762, 3.974470596, 3.606144822, 3.173327406, 2.68356033, 2.720654568, 2.932753572, 3.195029844, 3.777455556, 4.354801974, 4.9176801, 5.4563931, 5.961859812, 6.425460828, 6.839192412, 7.195512582, 7.4881107, 7.711445718, 7.861054014, 7.933549392, 7.926930918, 7.840275084, 7.674043644, 7.429929696, 7.110703764, 6.720521634, 6.909994692, 7.21644543, 7.467793524, 7.67204271, 8.068227642, 8.394841638, 8.648806338, 8.827659054, 8.930938032, 8.958643272, 0.0, 0.0, 0.0, 0.0, 0.0, 0.0, 0.0, 0.0, 0.0, 0.0, 0.0, 0.0, 0.0, 0.0, 0.0, 0.0, 0.0, 0.0, 0.0, 0.0, 0.0, 0.0, 0.0, 0.0, 0.0, 0.0, 0.0, 0.0, 0.0, 0.0, 0.0, 0.0, 0.0, 0.0, 0.0, 0.0, 6.76238733, 7.128866088, 7.455172248, 7.733763828, 7.957714518, 8.12148327, 8.337276306, 8.63864775, 8.866908144], "min_cpu_time": [4, 9, 17, 17, 13, 1, 2, 1, 4, 3, 8, 12, 17, 8, 4, 14, 3, 5, 8, 6, 3, 3, 14, 18], "max_cpu_time": [10, 16, 41, 46, 37, 31, 18, 22, 21, 44, 20, 29, 48, 40, 21, 32, 30, 40, 30, 28, 14, 21, 44, 32], "min_job_period": [4, 80, 80, 28, 19, 1, 8, 9, 16, 20, 31, 95, 94, 5, 2, 3, 29, 43, 3, 44, 27, 17, 91, 73], "max_job_period": [64, 87, 96, 62, 24, 95, 90, 14, 95, 42, 34, 95, 95, 69, 83, 38, 70, 93, 13, 90, 53, 77, 92, 82], "min_startup": [3, 1, 1, 1, 1, 9, 5, 9, 3, 3, 2, 1, 1, 2, 3, 1, 3, 2, 2, 2, 3, 3, 1, 1], "max_startup": [33, 76, 12, 35, 94, 80, 7, 21, 14, 44, 76, 51, 6, 16, 94, 6, 96, 84, 83, 50, 53, 87, 8, 24], "priority": [12, 2, 24, 21, 4, 11, 19, 22, 10, 5, 16, 15, 8, 3, 7, 20, 14, 6, 23, 13, 18, 1, 17, 9], "win_min": [0, 0, 0, 0, 0, 0, 0, 0, 0, 0, 0, 8, 0, 0, 0, 0, 0, 0, 0, 0, 0, 0, 0, 0], "win_max": [97, 97, 97, 97, 97, 97, 97, 97, 97, 97, 97, 87, 97, 97, 97, 97, 97, 97, 97, 97, 97, 97, 97, 97]}