{"subs": 1, "jobs": 24, "T": 97, "power_use": [3.7534021273643488, 1.0139446854095775, 1.8050729052903456, 3.3876341529766196, 1.3861167813560926, 2.7403325654331114, 1.6669319386304193, 3.2285019755037356, 2.312606123605909, 1.5166948977314867, 3.233696472044292, 0.9893864350966626, 3.748906024716315, 2.2066084787068982, 0.47868170790662856, 0.19258800531604228, 3.247925630947216, 3.103734697782188, 2.653772519697952, 2.895132528826102, 2.046424607067358, 0.24571018169994394, 1.8887810541078542, 2.9383886849861653], "power_resource": [0.0, 0.0, 0.0, 0.0, 0.0, 0.0, 0.0, 0.0, 0.0, 0.0, 0.0, 0.0, 0.0, 0.0, 0.0, 0.0, 0.0, 0.0, 0.0, 0.0, 0.0, 0.0, 6.809794074, 6.832112184, 7.190895042, 7.507966122, 7.775783442, 7.987882446, 8.138722086, 8.40238362, 8.689132854, 8.902155366, 9.03883455, 9.098400816, 9.081008082, 8.987887692, 8.82181017, 8.586777384, 8.287560792, 7.930163196, 7.521356988, 7.068991986, 6.581379762, 6.067293642, 5.535814788, 4.996793952, 4.638165012, 4.495021272, 4.272609762, 3.974470596, 3.606144822, 3.173327406, 2.68356033, 2.720654568, 2.932753572, 3.195029844, 3.777455556, 4.354801974, 4.9176801, 5.4563931, 5.961859812, 6.425460828, 6.839192412, 7.195512582, 7.4881107, 7.711445718, 7.861054014, 7.933549392, 7.926930918, 7.840275084, 7.674043644, 7.429929696, 7.110703764, 6.720521634, 6.909994692, 7.21644543, 7.467793524, 7.67204271, 8.068227642, 8.394841638, 8.648806338, 8.827659054, 8.930938032, 8.958643272, 0.0, 0.0, 0.0, 0.0, 0.0, 0.0, 0.0, 0.0, 0.0, 0.0, 0.0, 0.0, 0.0], "min_cpu_time": [7, 5, 15, 17, 10, 6, 4, 6, 7, 17, 13, 17, 11, 16, 13, 4, 2, 2, 12, 6, 18, 7, 4, 9], "max_cpu_time": [31, 27, 48, 38, 36, 48, 31, 6, 35, 36, 38, 47, 38, 48, 40, 47, 22, 13, 32, 43, 44, 34, 21, 19], "min_job_period": [15, 6, 69, 71, 50, 15, 32, 11, 22, 7, 64, 75, 50, 64, 15, 88, 28, 6, 52, 45, 84, 72, 10, 63], "max_job_period": [19, 51, 92, 75, 80, 48, 39, 87, 75, 31, 70, 82, 83, 94, 57, 88, 28, 28, 87, 53, 91, 72, 38, 85], "min_startup": [1, 1, 1, 1, 1, 1, 1, 1, 1, 1, 1, 1, 1, 1, 1, 1, 2, 2, 1, 1, 1, 1, 1, 1], "max_startup": [41, 49, 95, 55, 56, 45, 2, 28, 64, 68, 92, 47, 67, 77, 73, 13, 86, 73, 65, 14, 91, 66, 19, 57], "priority": [7, 16, 9, 18, 4, 15, 10, 2, 20, 17, 1, 14, 23, 3, 21, 6, 11, 5, 24, 22, 12, 13, 8, 19], "win_min": [0, 0, 0, 0, 0, 0, 0, 0, 0, 0, 0, 0, 0, 4, 0, 0, 0, 0, 0, 0, 0, 0, 0, 0], "win_max": [97, 97, 97, 97, 97, 97, 97, 97, 97, 97, 97, 97, 97, 88, 97, 97, 97, 97, 97, 97, 97, 97, 97, 97]}