{"subs": 1, "jobs": 20, "T": 97, "power_use": [2.8703859089838164, 3.8304949983237764, 2.4463642866964483, 0.4520162615133476, 1.0536929770483503, 1.3898402260223026, 3.119613912793276, 1.358526979443954, 2.2488173714926827, 1.9138504614792058, 0.8839851620607285, 3.0228811170872727, 0.26804000309040615, 1.3558212608445324, 3.917978599817443, 3.3322654381714507, 0.9136915083296558, 1.0358210175496438, 2.875534445244957, 0.4618322228157744], "power_resource": [4.691882394, 4.573827288, 4.383276804, 4.115459484, 3.775300704, 3.368341512, 2.901508218, 2.583821466, 2.827011906, 2.989549314, 3.527338806, 4.10730183, 4.676336676, 5.224900428, 5.743911924, 6.224136084, 6.657569172, 7.036515288, 7.354048122, 7.604164872, 7.782247998, 7.88444955, 7.908152922, 7.851972852, 7.71590934, 7.50119373, 7.209980874, 6.846118722, 6.815950794, 7.141487364, 7.41423006, 7.628329998, 7.940167866, 8.293563594, 8.575233534, 8.782714998, 8.914468806, 8.970648876, 8.952178716, 0.0, 0.0, 0.0, 0.0, 0.0, 0.0, 0.0, 0.0, 0.0, 0.0, 0.0, 0.0, 0.0, 0.0, 0.0, 0.0, 0.0, 0.0, 0.0, 0.0, 0.0, 0.0, 0.0, 0.0, 0.0, 0.0, 0.0, 0.0, 0.0, 0.0, 0.0, 0.0, 0.0, 0.0, 0.0, 6.658030926, 6.999574968, 7.343581698, 7.642644372, 7.88983668, 8.079001902, 8.20459899, 8.52859638, 8.787024702, 8.970648876, 9.077467968, 9.107174142, 9.06038307, 8.938941768, 8.746236432, 8.486115012, 8.164426392, 7.787327292, 7.36189794, 6.89629599, 6.398986932, 5.87889801, 5.345418222], "min_cpu_time": [6, 13, 18, 15, 5, 13, 18, 18, 10, 1, 7, 3, 1, 4, 6, 5, 16, 3, 4, 10], "max_cpu_time": [25, 42, 29, 23, 34, 32, 46, 26, 14, 11, 12, 40, 5, 19, 41, 44, 37, 16, 27, 20], "min_job_period": [47, 18, 21, 36, 14, 32, 89, 33, 47, 5, 13, 6, 5, 23, 2, 21, 16, 5, 18, 62], "max_job_period": [70, 43, 84, 52, 83, 92, 91, 60, 95, 95, 74, 41, 34, 77, 12, 74, 72, 12, 75, 85], "min_startup": [2, 1, 1, 1, 3, 1, 1, 1, 1, 12, 2, 4, 12, 3, 2, 3, 1, 4, 3, 1], "max_startup": [73, 78, 35, 68, 33, 70, 90, 40, 94, 95, 74, 26, 94, 93, 72, 11, 16, 11, 88, 47], "priority": [20, 3, 16, 11, 18, 9, 2, 4, 19, 1, 15, 5, 7, 17, 8, 12, 13, 10, 6, 14], "win_min": [0, 0, 0, 0, 0, 0, 0, 0, 0, 0, 0, 0, 0, 0, 6, 0, 0, 0, 0, 0], "win_max": [97, 97, 97, 97, 97, 97, 97, 97, 97, 97, 97, 97, 97, 97, 92, 97, 97, 97, 97, 97]}