{"subs": 1, "jobs": 24, "T": 97, "power_use": [0.016198418649304297, 3.4572216254800314, 2.1009710604740106, 1.5027853366197261, 1.183687662142671, 3.848360865345082, 2.7020132055286186, 1.0831269691027567, 0.3749688607416648, 0.3559737391677483, 1.9722513016359853, 1.1670202821621989, 2.3063445788935923, 1.6279449254610634, 3.3461128405878706, 2.4338038238862225, 0.3250154502244378, 2.7982975926440123, 3.5922950065501724, 3.8492867550698957, 2.7464543567864443, 2.143282590044726, 3.990165563588852, 2.4198673376746287], "power_resource": [0.0, 0.0, 0.0, 0.0, 0.0, 0.0, 0.0, 0.0, 0.0, 0.0, 0.0, 0.0, 0.0, 0.0, 0.0, 0.0, 0.0, 0.0, 0.0, 0.0, 0.0, 0.0, 0.0, 0.0, 0.0, 0.0, 0.0, 0.0, 6.76238733, 7.128866088, 7.455172248, 7.733763828, 7.957714518, 8.12148327, 8.337276306, 8.63864775, 8.866908144, 9.019286964, 9.094706784, 9.093013686, 9.015285096, 8.863983702, 8.642803536, 8.356362138, 8.01066231, 7.612168608, 7.168423014, 6.6877371, 6.178884192, 5.650945452, 5.113309878, 4.662637974, 4.536117378, 4.329405504, 4.04650422, 3.692031066, 3.272142762, 2.7936117, 2.653700238, 2.88134496, 3.070356264, 3.652320222, 4.23120582, 4.797316224, 5.341262436, 5.853655458, 6.325721964, 6.749458218, 7.11716832, 7.422387714, 7.659113598, 7.823036268, 7.910461692, 7.918927182, 7.847663148, 7.696515672, 7.467023934, 7.161650622, 6.784551522, 6.86397321, 7.179966864, 7.442089218, 7.644645306, 8.005429098, 8.34543396, 8.613405198, 8.806572288, 8.92416564, 8.966031336, 0.0, 0.0, 0.0, 0.0, 0.0, 0.0, 0.0, 0.0], "min_cpu_time": [17, 6, 9, 10, 18, 10, 15, 2, 13, 4, 11, 17, 16, 6, 4, 3, 2, 9, 1, 3, 18, 1, 14, 18], "max_cpu_time": [22, 18, 9, 22, 28, 20, 45, 46, 15, 15, 33, 27, 25, 6, 31, 36, 5, 22, 23, 34, 29, 29, 17, 38], "min_job_period": [63, 46, 62, 24, 15, 3, 62, 5, 14, 28, 2, 46, 13, 46, 5, 18, 13, 86, 1, 4, 31, 9, 65, 11], "max_job_period": [73, 96, 75, 42, 46, 74, 69, 51, 36, 74, 53, 54, 44, 68, 56, 29, 93, 96, 19, 6, 82, 21, 88, 83], "min_startup": [1, 2, 1, 1, 1, 1, 1, 4, 1, 2, 1, 1, 1, 2, 2, 3, 4, 1, 8, 3, 1, 8, 1, 1], "max_startup": [33, 55, 16, 2, 78, 39, 27, 27, 95, 50, 59, 30, 44, 2, 70, 92, 12, 75, 16, 95, 41, 87, 27, 90], "priority": [13, 22, 16, 20, 9, 10, 18, 17, 21, 7, 15, 11, 4, 14, 6, 3, 2, 19, 8, 23, 1, 5, 24, 12], "win_min": [0, 0, 0, 0, 0, 0, 0, 14, 0, 0, 0, 0, 0, 0, 0, 0, 0, 0, 0, 0, 0, 0, 0, 0], "win_max": [97, 97, 97, 97, 97, 97, 97, 83, 97, 97, 97, 97, 97, 97, 97, 97, 97, 97, 97, 97, 97, 97, 97, 97]}