{"subs": 1, "jobs": 24, "T": 97, "power_use": [1.0979560541564075, 2.1118348234443576, 2.212145609324901, 0.4971951450330462, 3.517236620319479, 1.9132201029608817, 3.4103658316313528, 1.8259149296434742, 1.5201725581749375, 0.4955394168382076, 3.0672144759852604, 3.458967201522211, 1.9348627797718816, 3.4112783291350217, 2.545266230133638, 1.4348443803214597, 1.1920491001327234, 3.1784353314667597, 0.9773525566748038, 2.813098629192625, 3.3747783108679292, 0.7313625731961644, 0.32014319559180565, 2.097821191491892], "power_resource": [8.005429098, 8.34543396, 8.613405198, 8.806572288, 8.92416564, 8.966031336, 0.0, 0.0, 0.0, 0.0, 0.0, 0.0, 0.0, 0.0, 0.0, 0.0, 0.0, 0.0, 0.0, 0.0, 0.0, 0.0, 0.0, 0.0, 0.0, 0.0, 0.0, 0.0, 0.0, 0.0, 0.0, 0.0, 0.0, 0.0, 0.0, 0.0, 0.0, 0.0, 0.0, 0.0, 0.0, 0.0, 6.691123296, 7.065144036, 7.40037744, 7.689435444, 7.925083902, 8.101627848, 8.26924455, 8.585084286, 8.828582562, 8.996661018, 9.087780474, 9.101633094, 9.039450222, 8.902924956, 8.695905246, 8.422700796, 8.088698736, 7.700825376, 7.266007026, 6.792709176, 6.289551234, 5.765306526, 5.229671886, 4.691882394, 4.573827288, 4.383276804, 4.115459484, 3.775300704, 3.368341512, 2.901508218, 2.583821466, 2.827011906, 2.989549314, 3.527338806, 4.10730183, 4.676336676, 5.224900428, 5.743911924, 6.224136084, 6.657569172, 7.036515288, 7.354048122, 7.604164872, 7.782247998, 7.88444955, 7.908152922, 7.851972852, 7.71590934, 7.50119373, 7.209980874, 6.846118722, 6.815950794, 7.141487364, 7.41423006, 7.628329998], "min_cpu_time": [6, 7, 7, 2, 16, 4, 16, 18, 18, 13, 17, 4, 12, 8, 6, 10, 5, 11, 6, 15, 18, 3, 4, 12], "max_cpu_time": [12, 23, 36, 31, 32, 36, 35, 44, 43, 33, 22, 8, 41, 16, 31, 30, 44, 11, 43, 16, 40, 23, 40, 16], "min_job_period": [46, 23, 42, 13, 15, 22, 18, 43, 12, 20, 53, 21, 79, 12, 18, 1, 21, 28, 33, 13, 96, 18, 17, 60], "max_job_period": [90, 81, 79, 18, 58, 81, 62, 55, 77, 86, 66, 60, 90, 67, 77, 40, 30, 30, 35, 86, 96, 41, 36, 91], "min_startup": [2, 2, 2, 6, 1, 3, 1, 1, 1, 1, 1, 3, 1, 2, 2, 1, 3, 1, 2, 1, 1, 4, 3, 1], "max_startup": [92, 26, 31, 37, 91, 53, 96, 54, 13, 30, 62, 41, 87, 95, 86, 64, 28, 55, 41, 55, 83, 20, 90, 43], "priority": [4, 5, 3, 12, 10, 2, 15, 18, 11, 23, 17, 13, 1, 21, 22, 16, 14, 20, 24, 7, 8, 19, 9, 6], "win_min": [0, 0, 0, 0, 0, 0, 0, 0, 0, 0, 0, 0, 0, 0, 0, 0, 0, 0, 0, 0, 0, 0, 0, 9], "win_max": [97, 97, 97, 97, 97, 97, 97, 97, 97, 97, 97, 97, 97, 97, 97, 97, 97, 97, 97, 97, 97, 97, 97, 91]}