{"subs": 1, "jobs": 20, "T": 97, "power_use": [0.4144749431571376, 2.5995472291284627, 2.9805003060812045, 3.4006825566150845, 3.435598443656308, 2.3513310897221977, 1.003970685736046, 3.365998419091896, 3.973469436952431, 3.2323963771563813, 1.954711005091699, 0.4244896127476865, 3.639109084983323, 1.2500048623127809, 0.5370224764464089, 0.8725062218742133, 3.054161306202356, 0.4402640827182706, 0.2866189652641502, 0.4451478757612959], "power_resource": [7.384062132, 7.60970592, 7.872290028, 8.238768786, 8.534291346, 8.755933266, 8.902155366, 8.972495892, 8.96803227, 0.0, 0.0, 0.0, 0.0, 0.0, 0.0, 0.0, 0.0, 0.0, 0.0, 0.0, 0.0, 0.0, 0.0, 0.0, 0.0, 0.0, 0.0, 0.0, 0.0, 0.0, 0.0, 0.0, 0.0, 0.0, 0.0, 0.0, 0.0, 0.0, 0.0, 0.0, 0.0, 0.0, 0.0, 0.0, 6.716058012, 6.93246672, 7.284785022, 7.593852366, 7.85212677, 8.053605432, 8.192593386, 8.469030114, 8.742234564, 8.941404456, 9.064077102, 9.109482912, 9.078237558, 8.97188022, 8.793489258, 8.54706654, 8.23769136, 7.871520438, 7.45578792, 6.998189706, 6.507191286, 5.991565986, 5.460856722, 4.924298574, 4.639396356, 4.48132257, 4.244442768, 3.93337449, 3.55319703, 3.110374944, 2.612142378, 2.709264636, 2.90366307, 3.277068138, 3.858108588, 4.431914892, 4.989098052, 5.520115152, 6.01588503, 6.467942196, 6.868282914, 7.209826956, 7.486109766, 7.692205968, 7.82365194, 7.877369322, 7.851665016, 7.746077268, 7.561067832, 7.298637642, 6.961865058, 6.714980586, 7.05867948], "min_cpu_time": [18, 9, 8, 14, 3, 7, 8, 2, 10, 8, 6, 9, 12, 11, 16, 3, 8, 13, 2, 14], "max_cpu_time": [29, 15, 36, 31, 6, 18, 10, 39, 33, 32, 42, 40, 42, 47, 39, 15, 16, 46, 34, 43], "min_job_period": [55, 39, 22, 29, 2, 29, 15, 4, 30, 30, 4, 42, 29, 41, 13, 2, 27, 46, 6, 30], "max_job_period": [57, 53, 54, 29, 22, 75, 24, 6, 91, 36, 41, 44, 83, 84, 72, 29, 27, 82, 79, 71], "min_startup": [1, 2, 3, 2, 7, 3, 3, 11, 2, 3, 4, 2, 2, 2, 2, 7, 3, 2, 11, 2], "max_startup": [74, 83, 11, 57, 87, 8, 40, 20, 45, 12, 62, 92, 62, 80, 14, 68, 63, 64, 88, 60], "priority": [7, 3, 16, 5, 13, 15, 17, 19, 6, 11, 18, 4, 8, 1, 9, 12, 2, 20, 14, 10], "win_min": [0, 0, 0, 13, 0, 0, 0, 0, 0, 0, 0, 0, 0, 0, 0, 0, 0, 0, 0, 0], "win_max": [97, 97, 97, 85, 97, 97, 97, 97, 97, 97, 97, 97, 97, 97, 97, 97, 97, 97, 97, 97]}