{"subs": 1, "jobs": 20, "T": 97, "power_use": [2.703057142575499, 0.31988241290935254, 0.6035321117730948, 1.7877296651766066, 2.8782557741845474, 1.735842750823257, 0.2201594336013539, 3.9376675694493484, 1.554415465646101, 0.65955468628524, 0.3996207768640652, 1.337292707236939, 3.678732806102748, 1.0513001716286952, 2.985765019097667, 3.360749090434251, 3.901766305725545, 2.112060269052608, 2.138940204384276, 3.967047329138944], "power_resource": [2.88134496, 3.070356264, 3.652320222, 4.23120582, 4.797316224, 5.341262436, 5.853655458, 6.325721964, 6.749458218, 7.11716832, 7.422387714, 7.659113598, 7.823036268, 7.910461692, 7.918927182, 7.847663148, 7.696515672, 7.467023934, 7.161650622, 6.784551522, 6.86397321, 7.179966864, 7.442089218, 7.644645306, 8.005429098, 8.34543396, 8.613405198, 8.806572288, 8.92416564, 8.966031336, 0.0, 0.0, 0.0, 0.0, 0.0, 0.0, 0.0, 0.0, 0.0, 0.0, 0.0, 0.0, 0.0, 0.0, 0.0, 0.0, 0.0, 0.0, 0.0, 0.0, 0.0, 0.0, 0.0, 0.0, 0.0, 0.0, 0.0, 0.0, 0.0, 0.0, 0.0, 0.0, 0.0, 0.0, 0.0, 0.0, 6.691123296, 7.065144036, 7.40037744, 7.689435444, 7.925083902, 8.101627848, 8.26924455, 8.585084286, 8.828582562, 8.996661018, 9.087780474, 9.101633094, 9.039450222, 8.902924956, 8.695905246, 8.422700796, 8.088698736, 7.700825376, 7.266007026, 6.792709176, 6.289551234, 5.765306526, 5.229671886, 4.691882394, 4.573827288, 4.383276804, 4.115459484, 3.775300704, 3.368341512, 2.901508218, 2.583821466], "min_cpu_time": [14, 17, 6, 4, 7, 16, 1, 4, 15, 1, 8, 3, 14, 14, 2, 13, 1, 12, 17, 18], "max_cpu_time": [17, 22, 40, 21, 45, 19, 43, 33, 42, 25, 36, 16, 48, 19, 32, 34, 18, 48, 19, 30], "min_job_period": [37, 37, 42, 22, 41, 6, 1, 14, 50, 1, 22, 5, 77, 77, 16, 14, 7, 57, 26, 70], "max_job_period": [94, 95, 95, 44, 58, 37, 96, 41, 94, 6, 66, 73, 93, 95, 18, 69, 73, 67, 42, 71], "min_startup": [1, 1, 2, 3, 2, 1, 9, 3, 1, 9, 2, 3, 1, 1, 5, 1, 9, 1, 1, 1], "max_startup": [83, 1, 76, 76, 21, 17, 53, 54, 28, 56, 36, 65, 64, 31, 37, 55, 20, 50, 26, 40], "priority": [1, 19, 4, 3, 14, 20, 7, 8, 17, 12, 13, 18, 16, 11, 15, 6, 9, 2, 10, 5], "win_min": [0, 0, 0, 16, 0, 0, 0, 0, 0, 0, 0, 0, 0, 0, 0, 0, 0, 0, 0, 0], "win_max": [97, 97, 97, 96, 97, 97, 97, 97, 97, 97, 97, 97, 97, 97, 97, 97, 97, 97, 97, 97]}