{"subs": 1, "jobs": 20, "T": 97, "power_use": [2.8336445012930613, 2.1205112054273285, 2.404163745606001, 0.7350588826916321, 3.839576283738798, 2.3583477435347615, 3.8167638306939637, 0.06579687294412037, 0.3132430626333172, 0.9011225730237789, 3.4143212430265018, 2.800017405268411, 2.0272822985654, 0.8560452526444271, 2.043269275166077, 0.3553742227745997, 2.421094773809739, 0.9686231381884151, 3.003795281800624, 2.242124476064653], "power_resource": [5.853655458, 6.325721964, 6.749458218, 7.11716832, 7.422387714, 7.659113598, 7.823036268, 7.910461692, 7.918927182, 7.847663148, 7.696515672, 7.467023934, 7.161650622, 6.784551522, 6.86397321, 7.179966864, 7.442089218, 7.644645306, 8.005429098, 8.34543396, 8.613405198, 8.806572288, 8.92416564, 8.966031336, 0.0, 0.0, 0.0, 0.0, 0.0, 0.0, 0.0, 0.0, 0.0, 0.0, 0.0, 0.0, 0.0, 0.0, 0.0, 0.0, 0.0, 0.0, 0.0, 0.0, 0.0, 0.0, 0.0, 0.0, 0.0, 0.0, 0.0, 0.0, 0.0, 0.0, 0.0, 0.0, 0.0, 0.0, 0.0, 0.0, 6.691123296, 7.065144036, 7.40037744, 7.689435444, 7.925083902, 8.101627848, 8.26924455, 8.585084286, 8.828582562, 8.996661018, 9.087780474, 9.101633094, 9.039450222, 8.902924956, 8.695905246, 8.422700796, 8.088698736, 7.700825376, 7.266007026, 6.792709176, 6.289551234, 5.765306526, 5.229671886, 4.691882394, 4.573827288, 4.383276804, 4.115459484, 3.775300704, 3.368341512, 2.901508218, 2.583821466, 2.827011906, 2.989549314, 3.527338806, 4.10730183, 4.676336676, 5.224900428], "min_cpu_time": [8, 14, 5, 4, 1, 12, 2, 11, 6, 2, 2, 17, 12, 17, 12, 3, 18, 9, 12, 17], "max_cpu_time": [10, 37, 38, 25, 35, 45, 39, 15, 33, 32, 40, 43, 34, 36, 19, 37, 48, 24, 28, 30], "min_job_period": [30, 1, 28, 7, 6, 46, 1, 61, 2, 10, 7, 50, 22, 24, 37, 19, 54, 37, 37, 50], "max_job_period": [44, 31, 53, 30, 30, 85, 52, 86, 59, 17, 38, 79, 69, 55, 42, 58, 94, 75, 47, 56], "min_startup": [2, 1, 3, 3, 13, 1, 6, 1, 2, 6, 6, 1, 1, 1, 1, 4, 1, 2, 1, 1], "max_startup": [84, 91, 32, 11, 41, 1, 43, 44, 85, 27, 34, 26, 82, 14, 84, 75, 85, 55, 96, 18], "priority": [19, 15, 7, 18, 14, 5, 3, 16, 8, 9, 4, 17, 13, 10, 12, 11, 20, 2, 6, 1], "win_min": [0, 0, 0, 0, 0, 13, 0, 0, 0, 0, 0, 0, 0, 0, 0, 0, 0, 0, 0, 0], "win_max": [97, 97, 97, 97, 97, 87, 97, 97, 97, 97, 97, 97, 97, 97, 97, 97, 97, 97, 97, 97]}