{"subs": 1, "jobs": 22, "T": 97, "power_use": [2.6592034030742, 0.07348888400301476, 2.3611730805651043, 3.451161164400693, 1.5012964540863054, 3.2953326515630925, 2.056074422922466, 2.327019221780393, 1.883938114602256, 2.3721399343132084, 3.418879891103266, 3.463880734738862, 3.527778016473335, 3.82474762975581, 2.2816370228238045, 3.2300297217948106, 0.793357888026261, 2.1275460858250437, 2.457286774873085, 2.971414288495274, 3.4847789577872796, 2.7654730738353086], "power_resource": [8.914468806, 8.970648876, 8.952178716, 0.0, 0.0, 0.0, 0.0, 0.0, 0.0, 0.0, 0.0, 0.0, 0.0, 0.0, 0.0, 0.0, 0.0, 0.0, 0.0, 0.0, 0.0, 0.0, 0.0, 0.0, 0.0, 0.0, 0.0, 0.0, 0.0, 0.0, 0.0, 0.0, 0.0, 0.0, 0.0, 0.0, 0.0, 0.0, 6.658030926, 6.999574968, 7.343581698, 7.642644372, 7.88983668, 8.079001902, 8.20459899, 8.52859638, 8.787024702, 8.970648876, 9.077467968, 9.107174142, 9.06038307, 8.938941768, 8.746236432, 8.486115012, 8.164426392, 7.787327292, 7.36189794, 6.89629599, 6.398986932, 5.87889801, 5.345418222, 4.808090484, 4.60830492, 4.433761908, 4.181490306, 3.8556459, 3.462077574, 3.007095966, 2.511018252, 2.769600492, 2.948145372, 3.402203472, 3.982782168, 4.55443362, 5.107460994, 5.63262921, 6.120857106, 6.56383311, 6.953553486, 7.283091924, 7.546445622, 7.738535286, 7.855512966, 7.894146384, 7.853358114, 7.732532484, 7.532593002, 7.25569452, 6.905223234, 6.766389198, 7.10100693, 7.384062132, 7.60970592, 7.872290028, 8.238768786, 8.534291346, 8.755933266], "min_cpu_time": [15, 8, 18, 3, 10, 10, 10, 7, 2, 5, 17, 9, 18, 10, 15, 1, 4, 18, 3, 1, 12, 11], "max_cpu_time": [37, 46, 36, 25, 29, 32, 32, 39, 11, 22, 19, 40, 38, 19, 34, 37, 34, 45, 36, 37, 40, 26], "min_job_period": [42, 28, 19, 6, 94, 50, 89, 30, 4, 29, 72, 1, 34, 25, 29, 3, 11, 72, 21, 4, 84, 70], "max_job_period": [58, 44, 53, 71, 96, 70, 94, 79, 47, 37, 72, 31, 69, 55, 57, 6, 88, 84, 90, 69, 85, 77], "min_startup": [1, 2, 1, 4, 1, 1, 1, 2, 6, 3, 1, 2, 1, 1, 1, 12, 3, 1, 4, 12, 1, 1], "max_startup": [91, 18, 87, 48, 70, 22, 24, 85, 68, 13, 70, 73, 29, 65, 82, 88, 87, 93, 43, 96, 40, 69], "priority": [11, 13, 3, 6, 2, 22, 18, 14, 7, 1, 10, 20, 15, 17, 12, 8, 5, 21, 19, 16, 9, 4], "win_min": [0, 0, 0, 0, 0, 0, 0, 0, 0, 0, 15, 0, 0, 0, 0, 0, 0, 0, 0, 0, 0, 0], "win_max": [97, 97, 97, 97, 97, 97, 97, 97, 97, 97, 90, 97, 97, 97, 97, 97, 97, 97, 97, 97, 97, 97]}