{"subs": 1, "jobs": 22, "T": 97, "power_use": [3.191595141063129, 0.5257179561537544, 0.4573848210081317, 0.745615374649433, 0.6945343388101232, 2.9996279356404267, 3.9644033880076246, 1.2835537281929081, 2.6002327429633407, 0.7990926849380361, 2.770394463051474, 2.494079975619154, 1.8405858600735352, 0.9522017366646967, 1.7969001957311734, 1.5586319274877765, 3.8416116536644287, 0.1838994480750886, 2.622686916172999, 3.3767278030516064, 3.291249804975837, 1.6133107520496939], "power_resource": [4.272609762, 3.974470596, 3.606144822, 3.173327406, 2.68356033, 2.720654568, 2.932753572, 3.195029844, 3.777455556, 4.354801974, 4.9176801, 5.4563931, 5.961859812, 6.425460828, 6.839192412, 7.195512582, 7.4881107, 7.711445718, 7.861054014, 7.933549392, 7.926930918, 7.840275084, 7.674043644, 7.429929696, 7.110703764, 6.720521634, 6.909994692, 7.21644543, 7.467793524, 7.67204271, 8.068227642, 8.394841638, 8.648806338, 8.827659054, 8.930938032, 8.958643272, 0.0, 0.0, 0.0, 0.0, 0.0, 0.0, 0.0, 0.0, 0.0, 0.0, 0.0, 0.0, 0.0, 0.0, 0.0, 0.0, 0.0, 0.0, 0.0, 0.0, 0.0, 0.0, 0.0, 0.0, 0.0, 0.0, 0.0, 0.0, 0.0, 0.0, 0.0, 0.0, 0.0, 0.0, 0.0, 0.0, 6.76238733, 7.128866088, 7.455172248, 7.733763828, 7.957714518, 8.12148327, 8.337276306, 8.63864775, 8.866908144, 9.019286964, 9.094706784, 9.093013686, 9.015285096, 8.863983702, 8.642803536, 8.356362138, 8.01066231, 7.612168608, 7.168423014, 6.6877371, 6.178884192, 5.650945452, 5.113309878, 4.662637974, 4.536117378], "min_cpu_time": [17, 3, 16, 14, 5, 11, 18, 6, 3, 5, 12, 7, 4, 7, 17, 17, 6, 5, 8, 11, 14, 2], "max_cpu_time": [39, 38, 17, 26, 31, 45, 27, 18, 17, 40, 19, 11, 15, 28, 42, 38, 24, 6, 16, 44, 34, 13], "min_job_period": [49, 17, 34, 4, 22, 12, 77, 1, 1, 22, 37, 22, 21, 3, 30, 87, 29, 24, 23, 24, 43, 2], "max_job_period": [92, 89, 46, 90, 83, 87, 85, 38, 26, 37, 90, 35, 25, 92, 71, 96, 67, 75, 74, 95, 85, 60], "min_startup": [1, 5, 1, 1, 3, 2, 1, 3, 5, 3, 2, 2, 4, 2, 1, 1, 3, 3, 2, 2, 1, 8], "max_startup": [60, 86, 30, 85, 95, 34, 66, 57, 91, 81, 95, 4, 27, 79, 38, 86, 21, 50, 47, 14, 39, 41], "priority": [14, 15, 12, 8, 2, 11, 1, 6, 5, 7, 4, 10, 19, 17, 22, 16, 20, 18, 9, 3, 13, 21], "win_min": [0, 0, 0, 0, 0, 0, 0, 0, 0, 0, 0, 0, 0, 0, 0, 3, 0, 0, 0, 0, 0, 0], "win_max": [97, 97, 97, 97, 97, 97, 97, 97, 97, 97, 97, 97, 97, 97, 97, 90, 97, 97, 97, 97, 97, 97]}