{"subs": 1, "jobs": 24, "T": 97, "power_use": [1.2011176943277186, 1.3192589988115941, 1.2181267575277122, 1.9078664589998924, 3.9898426736532766, 3.6824599028889278, 2.161412789749582, 3.554700720472805, 0.655839675674469, 2.523620472454622, 3.2598131117459914, 1.0576658278011628, 2.244772938585158, 2.076849498657901, 0.43803135119567516, 3.8895390871433317, 1.4865036510276306, 2.2756942650975915, 0.10230969568943296, 2.0841637351129703, 1.7785355473564866, 3.5109206136450632, 0.2798097479640818, 3.5307733257505878], "power_resource": [8.20459899, 8.52859638, 8.787024702, 8.970648876, 9.077467968, 9.107174142, 9.06038307, 8.938941768, 8.746236432, 8.486115012, 8.164426392, 7.787327292, 7.36189794, 6.89629599, 6.398986932, 5.87889801, 5.345418222, 4.808090484, 4.60830492, 4.433761908, 4.181490306, 3.8556459, 3.462077574, 3.007095966, 2.511018252, 2.769600492, 2.948145372, 3.402203472, 3.982782168, 4.55443362, 5.107460994, 5.63262921, 6.120857106, 6.56383311, 6.953553486, 7.283091924, 7.546445622, 7.738535286, 7.855512966, 7.894146384, 7.853358114, 7.732532484, 7.532593002, 7.25569452, 6.905223234, 6.766389198, 7.10100693, 7.384062132, 7.60970592, 7.872290028, 8.238768786, 8.534291346, 8.755933266, 8.902155366, 8.972495892, 8.96803227, 0.0, 0.0, 0.0, 0.0, 0.0, 0.0, 0.0, 0.0, 0.0, 0.0, 0.0, 0.0, 0.0, 0.0, 0.0, 0.0, 0.0, 0.0, 0.0, 0.0, 0.0, 0.0, 0.0, 0.0, 0.0, 0.0, 0.0, 0.0, 0.0, 0.0, 0.0, 0.0, 0.0, 0.0, 0.0, 6.716058012, 6.93246672, 7.284785022, 7.593852366, 7.85212677, 8.053605432], "min_cpu_time": [6, 3, 2, 11, 12, 18, 7, 16, 16, 2, 18, 3, 12, 12, 18, 12, 1, 4, 5, 13, 2, 12, 12, 10], "max_cpu_time": [20, 27, 18, 39, 14, 19, 15, 20, 33, 29, 47, 42, 26, 36, 44, 16, 18, 28, 24, 15, 10, 42, 36, 17], "min_job_period": [25, 1, 2, 9, 25, 58, 11, 48, 7, 8, 61, 2, 25, 32, 24, 14, 2, 7, 18, 6, 4, 19, 47, 13], "max_job_period": [63, 28, 68, 34, 60, 86, 35, 61, 44, 96, 77, 90, 85, 50, 93, 49, 38, 77, 31, 82, 10, 76, 60, 84], "min_startup": [3, 7, 10, 2, 2, 1, 3, 1, 1, 10, 1, 7, 2, 2, 1, 2, 19, 5, 4, 2, 10, 2, 2, 2], "max_startup": [6, 69, 35, 31, 15, 45, 17, 7, 80, 64, 72, 23, 54, 18, 68, 30, 62, 70, 67, 82, 88, 96, 49, 30], "priority": [3, 20, 15, 7, 6, 18, 14, 17, 21, 4, 24, 13, 8, 19, 22, 1, 23, 10, 5, 2, 9, 11, 16, 12], "win_min": [0, 0, 0, 0, 0, 0, 0, 0, 0, 0, 0, 9, 0, 0, 0, 0, 0, 0, 0, 0, 0, 0, 0, 0], "win_max": [97, 97, 97, 97, 97, 97, 97, 97, 97, 97, 97, 96, 97, 97, 97, 97, 97, 97, 97, 97, 97, 97, 97, 97]}