{"subs": 1, "jobs": 22, "T": 97, "power_use": [3.4557075875194436, 0.41916746664660465, 0.7552993148716821, 1.3752134617658542, 0.7822009064340406, 1.0851513699049038, 0.5076646342165559, 3.4052539725328046, 3.131453346786452, 1.5001901497916366, 0.17812511633883824, 1.1349742578651343, 1.695919033876924, 0.38444555102280825, 1.2660055330455282, 3.6217248096675037, 0.15361994003051438, 1.6051028176956625, 0.6085066196184445, 0.9815966376953491, 0.4221245548415653, 3.4108257611947033], "power_resource": [0.0, 0.0, 0.0, 0.0, 0.0, 0.0, 0.0, 0.0, 0.0, 0.0, 0.0, 0.0, 0.0, 0.0, 6.658030926, 6.999574968, 7.343581698, 7.642644372, 7.88983668, 8.079001902, 8.20459899, 8.52859638, 8.787024702, 8.970648876, 9.077467968, 9.107174142, 9.06038307, 8.938941768, 8.746236432, 8.486115012, 8.164426392, 7.787327292, 7.36189794, 6.89629599, 6.398986932, 5.87889801, 5.345418222, 4.808090484, 4.60830492, 4.433761908, 4.181490306, 3.8556459, 3.462077574, 3.007095966, 2.511018252, 2.769600492, 2.948145372, 3.402203472, 3.982782168, 4.55443362, 5.107460994, 5.63262921, 6.120857106, 6.56383311, 6.953553486, 7.283091924, 7.546445622, 7.738535286, 7.855512966, 7.894146384, 7.853358114, 7.732532484, 7.532593002, 7.25569452, 6.905223234, 6.766389198, 7.10100693, 7.384062132, 7.60970592, 7.872290028, 8.238768786, 8.534291346, 8.755933266, 8.902155366, 8.972495892, 8.96803227, 0.0, 0.0, 0.0, 0.0, 0.0, 0.0, 0.0, 0.0, 0.0, 0.0, 0.0, 0.0, 0.0, 0.0, 0.0, 0.0, 0.0, 0.0, 0.0, 0.0, 0.0], "min_cpu_time": [13, 3, 3, 3, 17, 14, 1, 17, 8, 16, 8, 1, 13, 17, 11, 4, 18, 3, 2, 13, 1, 1], "max_cpu_time": [38, 34, 12, 40, 32, 15, 35, 48, 15, 26, 43, 15, 26, 41, 41, 26, 28, 37, 48, 43, 29, 4], "min_job_period": [9, 11, 10, 17, 13, 76, 5, 40, 6, 14, 39, 2, 63, 73, 29, 4, 75, 6, 8, 90, 5, 1], "max_job_period": [86, 24, 77, 37, 24, 83, 92, 41, 19, 78, 43, 68, 87, 89, 89, 48, 76, 19, 53, 94, 14, 8], "min_startup": [1, 5, 5, 5, 1, 1, 15, 1, 2, 1, 2, 15, 1, 1, 2, 4, 1, 5, 8, 1, 15, 15], "max_startup": [10, 90, 41, 86, 52, 27, 36, 50, 28, 90, 86, 82, 33, 54, 3, 56, 15, 64, 18, 39, 46, 23], "priority": [3, 19, 9, 13, 16, 4, 5, 21, 2, 22, 6, 12, 8, 1, 14, 7, 15, 10, 18, 17, 20, 11], "win_min": [0, 0, 0, 0, 0, 0, 0, 0, 17, 0, 0, 0, 0, 0, 0, 0, 0, 0, 0, 0, 0, 0], "win_max": [97, 97, 97, 97, 97, 97, 97, 97, 93, 97, 97, 97, 97, 97, 97, 97, 97, 97, 97, 97, 97, 97]}