{"subs": 1, "jobs": 20, "T": 97, "power_use": [1.3580673836671433, 2.01474791480225, 0.6695888653365036, 3.8611798366732475, 3.531343561301245, 1.5894462591764753, 3.1911656094045537, 3.9883853658526958, 3.4856896263999375, 0.4199693548413994, 0.32743540551088623, 1.3875680079755552, 1.9603854317475229, 0.9406878367296808, 0.6417949967285502, 0.9346203450007041, 3.8314697985053465, 3.240610461480938, 0.6294167765822175, 1.7239950262260697], "power_resource": [7.855512966, 7.894146384, 7.853358114, 7.732532484, 7.532593002, 7.25569452, 6.905223234, 6.766389198, 7.10100693, 7.384062132, 7.60970592, 7.872290028, 8.238768786, 8.534291346, 8.755933266, 8.902155366, 8.972495892, 8.96803227, 0.0, 0.0, 0.0, 0.0, 0.0, 0.0, 0.0, 0.0, 0.0, 0.0, 0.0, 0.0, 0.0, 0.0, 0.0, 0.0, 0.0, 0.0, 0.0, 0.0, 0.0, 0.0, 0.0, 0.0, 0.0, 0.0, 0.0, 0.0, 0.0, 0.0, 0.0, 0.0, 0.0, 0.0, 0.0, 6.716058012, 6.93246672, 7.284785022, 7.593852366, 7.85212677, 8.053605432, 8.192593386, 8.469030114, 8.742234564, 8.941404456, 9.064077102, 9.109482912, 9.078237558, 8.97188022, 8.793489258, 8.54706654, 8.23769136, 7.871520438, 7.45578792, 6.998189706, 6.507191286, 5.991565986, 5.460856722, 4.924298574, 4.639396356, 4.48132257, 4.244442768, 3.93337449, 3.55319703, 3.110374944, 2.612142378, 2.709264636, 2.90366307, 3.277068138, 3.858108588, 4.431914892, 4.989098052, 5.520115152, 6.01588503, 6.467942196, 6.868282914, 7.209826956, 7.486109766, 7.692205968], "min_cpu_time": [6, 2, 6, 4, 11, 2, 17, 4, 5, 8, 17, 3, 14, 11, 11, 16, 13, 8, 5, 9], "max_cpu_time": [25, 7, 40, 11, 31, 36, 36, 28, 47, 18, 32, 36, 47, 19, 12, 42, 35, 26, 44, 47], "min_job_period": [3, 4, 6, 3, 27, 4, 47, 3, 7, 2, 24, 6, 16, 16, 21, 4, 9, 7, 11, 17], "max_job_period": [61, 26, 83, 24, 80, 29, 94, 8, 17, 86, 36, 59, 45, 62, 67, 48, 52, 73, 26, 73], "min_startup": [6, 18, 6, 9, 3, 18, 2, 9, 7, 5, 2, 12, 2, 3, 3, 2, 3, 5, 7, 4], "max_startup": [44, 62, 41, 48, 25, 83, 44, 88, 80, 50, 21, 13, 28, 79, 55, 75, 12, 74, 95, 6], "priority": [8, 11, 7, 4, 1, 19, 13, 17, 16, 6, 5, 15, 20, 3, 10, 2, 12, 9, 14, 18], "win_min": [0, 0, 0, 0, 0, 0, 0, 0, 0, 0, 0, 0, 0, 0, 0, 0, 0, 0, 4, 0], "win_max": [97, 97, 97, 97, 97, 97, 97, 97, 97, 97, 97, 97, 97, 97, 97, 97, 97, 97, 82, 97]}