{"subs": 1, "jobs": 20, "T": 97, "power_use": [0.6312170446394647, 0.7517250400901607, 0.29698540380208543, 3.6275845482435027, 2.245454716200998, 2.877228226706593, 2.7771190090175106, 2.4121425701800825, 0.4524236247861406, 1.7763218334990583, 1.2454591506030466, 0.024392943269591037, 2.036673639780916, 3.705073475060026, 3.8470772958025727, 0.49648991061931735, 3.1389027923763555, 0.10726678154406401, 0.5812055791706036, 0.5858388938546426], "power_resource": [6.523506594, 6.926771754, 7.271548074, 7.551370998, 7.761007314, 7.896147318, 7.95371265, 7.931856294, 7.829962578, 7.648801092, 7.390218852, 7.0571403, 6.654029058, 6.954323076, 7.250923062, 7.49118906, 7.744999842, 8.128255662, 8.441478792, 8.681283036, 8.845975296, 8.9349399, 8.948638602, 0.0, 0.0, 0.0, 0.0, 0.0, 0.0, 0.0, 0.0, 0.0, 0.0, 0.0, 0.0, 0.0, 0.0, 0.0, 0.0, 0.0, 0.0, 0.0, 0.0, 0.0, 0.0, 0.0, 0.0, 0.0, 0.0, 0.0, 0.0, 0.0, 0.0, 0.0, 0.0, 0.0, 0.0, 0.0, 6.809794074, 6.832112184, 7.190895042, 7.507966122, 7.775783442, 7.987882446, 8.138722086, 8.40238362, 8.689132854, 8.902155366, 9.03883455, 9.098400816, 9.081008082, 8.987887692, 8.82181017, 8.586777384, 8.287560792, 7.930163196, 7.521356988, 7.068991986, 6.581379762, 6.067293642, 5.535814788, 4.996793952, 4.638165012, 4.495021272, 4.272609762, 3.974470596, 3.606144822, 3.173327406, 2.68356033, 2.720654568, 2.932753572, 3.195029844, 3.777455556, 4.354801974, 4.9176801, 5.4563931, 5.961859812], "min_cpu_time": [9, 17, 13, 8, 15, 5, 6, 8, 9, 12, 5, 1, 18, 17, 14, 9, 17, 16, 4, 16], "max_cpu_time": [36, 44, 38, 21, 25, 44, 45, 37, 38, 47, 7, 13, 21, 31, 25, 31, 30, 40, 24, 16], "min_job_period": [25, 8, 12, 20, 27, 6, 9, 22, 23, 37, 18, 2, 44, 25, 23, 5, 50, 23, 4, 12], "max_job_period": [33, 21, 90, 29, 51, 24, 18, 79, 49, 73, 84, 57, 87, 60, 85, 50, 76, 60, 90, 59], "min_startup": [3, 1, 2, 3, 2, 5, 4, 3, 3, 2, 5, 23, 1, 1, 2, 3, 1, 2, 6, 2], "max_startup": [91, 81, 66, 38, 18, 12, 45, 4, 13, 22, 30, 24, 78, 36, 17, 50, 52, 62, 43, 72], "priority": [6, 20, 11, 14, 8, 2, 17, 5, 16, 13, 1, 18, 9, 7, 15, 10, 19, 4, 3, 12], "win_min": [0, 0, 0, 0, 0, 0, 0, 15, 0, 0, 0, 0, 0, 0, 0, 0, 0, 0, 0, 0], "win_max": [97, 97, 97, 97, 97, 97, 97, 87, 97, 97, 97, 97, 97, 97, 97, 97, 97, 97, 97, 97]}