{"subs": 1, "jobs": 24, "T": 97, "power_use": [3.796033567508856, 0.8059598934118213, 1.2310962489697108, 0.6836525350473491, 1.0573031259880386, 2.5341671544979776, 1.983919103282712, 2.654680574327936, 2.0018182663318584, 0.2619518726444704, 1.585519301691201, 3.875901698379111, 3.906492236087105, 2.0423272007796958, 1.3409270261180863, 3.704157002173767, 3.4067280499392645, 2.3545546517633054, 2.0646560082312266, 1.724192995100472, 1.357460150585423, 0.961243750425412, 0.4984339291860236, 0.46145135042859736], "power_resource": [0.0, 0.0, 0.0, 0.0, 0.0, 0.0, 0.0, 0.0, 0.0, 0.0, 0.0, 0.0, 0.0, 0.0, 0.0, 0.0, 0.0, 0.0, 0.0, 6.754383594, 6.900297858, 7.25107698, 7.558451226, 7.815340368, 8.015433768, 8.153190378, 8.464566492, 8.736539598, 8.934016392, 9.055149858, 9.09886257, 9.0657702, 8.957411928, 8.776866114, 8.527980708, 8.21614284, 7.847355312, 7.428698352, 6.96786786, 6.473637162, 5.954625666, 5.42022237, 4.879816272, 4.610305854, 4.450846806, 4.212581742, 3.899666448, 3.517488054, 3.07220328, 2.571354108, 2.784530538, 2.980929906, 3.319857342, 3.902283054, 4.477782456, 5.03696655, 5.57029242, 6.068678904, 6.523506594, 6.926771754, 7.271548074, 7.551370998, 7.761007314, 7.896147318, 7.95371265, 7.931856294, 7.829962578, 7.648801092, 7.390218852, 7.0571403, 6.654029058, 6.954323076, 7.250923062, 7.49118906, 7.744999842, 8.128255662, 8.441478792, 8.681283036, 8.845975296, 8.9349399, 8.948638602, 0.0, 0.0, 0.0, 0.0, 0.0, 0.0, 0.0, 0.0, 0.0, 0.0, 0.0, 0.0, 0.0, 0.0, 0.0, 0.0], "min_cpu_time": [1, 2, 5, 2, 14, 14, 18, 2, 11, 4, 7, 8, 12, 1, 14, 5, 10, 3, 13, 15, 8, 3, 14, 1], "max_cpu_time": [46, 42, 11, 8, 16, 40, 24, 40, 15, 22, 42, 45, 31, 35, 47, 28, 22, 19, 31, 41, 28, 7, 14, 38], "min_job_period": [1, 3, 14, 1, 36, 1, 24, 4, 27, 12, 19, 12, 18, 2, 18, 1, 37, 4, 31, 4, 27, 1, 14, 2], "max_job_period": [86, 15, 28, 57, 66, 43, 24, 35, 61, 83, 42, 88, 87, 30, 70, 54, 48, 24, 61, 45, 96, 26, 89, 92], "min_startup": [24, 12, 5, 12, 2, 2, 1, 12, 2, 6, 3, 3, 2, 24, 2, 5, 2, 8, 2, 2, 3, 8, 2, 24], "max_startup": [41, 73, 62, 77, 27, 7, 86, 54, 16, 33, 49, 58, 2, 81, 82, 72, 13, 36, 55, 19, 87, 78, 77, 43], "priority": [19, 7, 12, 21, 6, 18, 13, 11, 14, 22, 4, 23, 17, 16, 8, 3, 24, 20, 10, 5, 2, 1, 15, 9], "win_min": [0, 0, 0, 0, 0, 0, 0, 0, 0, 0, 15, 0, 0, 0, 0, 0, 0, 0, 0, 0, 0, 0, 0, 0], "win_max": [97, 97, 97, 97, 97, 97, 97, 97, 97, 97, 94, 97, 97, 97, 97, 97, 97, 97, 97, 97, 97, 97, 97, 97]}