{"subs": 1, "jobs": 20, "T": 97, "power_use": [3.8150419079282036, 2.468766215331686, 1.9675116984051817, 1.032967196757714, 0.9551173758148643, 2.091247448814966, 2.6836710141334565, 2.203337106267973, 1.531729449990191, 2.579508182467973, 3.592128706256917, 2.076057063008439, 3.526077401725156, 0.7827371429065628, 3.2977656265935864, 1.3027535811549589, 2.7755635335890325, 2.8120517561672833, 3.1625597980265834, 0.8502036488811772], "power_resource": [0.0, 0.0, 0.0, 0.0, 0.0, 0.0, 0.0, 0.0, 0.0, 0.0, 6.771160656, 6.863665374, 7.22414133, 7.54275159, 7.81210809, 8.025592356, 8.17766334, 8.406385488, 8.694519984, 8.908927758, 9.04730004, 9.108559404, 9.092859768, 9.001740312, 8.83797156, 8.605093626, 8.308339722, 7.95371265, 7.547830884, 7.098544242, 6.614010378, 6.103310454, 5.575525632, 5.040198828, 4.667255514, 4.525497036, 4.304470788, 4.00802472, 3.64169988, 3.211191234, 2.724040764, 2.64585042, 2.856102408, 3.152086722, 3.733127172, 4.30893441, 4.869811602, 5.406215832, 5.909219856, 6.370204266, 6.78085749, 7.133945382, 7.423157304, 7.642952208, 7.788866472, 7.8575139, 7.847201394, 7.75669761, 7.58661822, 7.338656322, 7.015736358, 6.662032794, 7.014351096, 7.317569556, 7.565531454, 7.752541824, 8.121637188, 8.444249316, 8.69405823, 8.86875516, 8.967878352, 8.991427806, 0.0, 0.0, 0.0, 0.0, 0.0, 0.0, 0.0, 0.0, 0.0, 0.0, 0.0, 0.0, 0.0, 0.0, 0.0, 0.0, 0.0, 0.0, 0.0, 0.0, 0.0, 0.0, 0.0, 0.0, 0.0], "min_cpu_time": [3, 8, 16, 1, 6, 15, 15, 9, 11, 7, 2, 15, 6, 11, 12, 11, 12, 13, 2, 8], "max_cpu_time": [3, 33, 36, 33, 30, 41, 42, 34, 17, 37, 15, 43, 30, 14, 45, 28, 46, 14, 6, 38], "min_job_period": [30, 70, 30, 13, 49, 80, 66, 88, 12, 81, 45, 56, 1, 4, 40, 44, 46, 66, 36, 79], "max_job_period": [53, 86, 56, 73, 76, 90, 78, 93, 85, 91, 51, 59, 66, 37, 57, 91, 90, 90, 57, 90], "min_startup": [2, 1, 1, 5, 1, 1, 1, 1, 1, 1, 2, 1, 1, 1, 1, 1, 1, 1, 2, 1], "max_startup": [44, 79, 41, 22, 81, 11, 28, 21, 45, 31, 88, 76, 68, 14, 59, 82, 89, 64, 26, 27], "priority": [19, 16, 15, 20, 13, 1, 18, 10, 7, 5, 4, 6, 2, 8, 9, 17, 11, 12, 3, 14], "win_min": [0, 0, 0, 0, 0, 0, 0, 0, 0, 0, 0, 0, 9, 0, 0, 0, 0, 0, 0, 0], "win_max": [97, 97, 97, 97, 97, 97, 97, 97, 97, 97, 97, 97, 86, 97, 97, 97, 97, 97, 97, 97]}