{"subs": 1, "jobs": 24, "T": 97, "power_use": [1.2932681138832984, 3.1427077688666643, 3.193600680096377, 2.692422479794996, 1.0964930283717822, 1.4980207458679937, 3.4558464745029744, 3.0459773264749628, 2.878653569786609, 2.053199583795943, 0.38521771215606654, 1.6209655882296783, 0.17209039722995395, 2.4447544437118505, 1.9905972559810712, 2.6406630889659097, 0.4536881330278973, 2.7825235523243363, 0.14962353707104367, 2.5073425427280323, 1.3163520929478134, 3.852665913452955, 2.059081382897654, 1.124721114335376], "power_resource": [5.4563931, 5.961859812, 6.425460828, 6.839192412, 7.195512582, 7.4881107, 7.711445718, 7.861054014, 7.933549392, 7.926930918, 7.840275084, 7.674043644, 7.429929696, 7.110703764, 6.720521634, 6.909994692, 7.21644543, 7.467793524, 7.67204271, 8.068227642, 8.394841638, 8.648806338, 8.827659054, 8.930938032, 8.958643272, 0.0, 0.0, 0.0, 0.0, 0.0, 0.0, 0.0, 0.0, 0.0, 0.0, 0.0, 0.0, 0.0, 0.0, 0.0, 0.0, 0.0, 0.0, 0.0, 0.0, 0.0, 0.0, 0.0, 0.0, 0.0, 0.0, 0.0, 0.0, 0.0, 0.0, 0.0, 0.0, 0.0, 0.0, 0.0, 0.0, 6.76238733, 7.128866088, 7.455172248, 7.733763828, 7.957714518, 8.12148327, 8.337276306, 8.63864775, 8.866908144, 9.019286964, 9.094706784, 9.093013686, 9.015285096, 8.863983702, 8.642803536, 8.356362138, 8.01066231, 7.612168608, 7.168423014, 6.6877371, 6.178884192, 5.650945452, 5.113309878, 4.662637974, 4.536117378, 4.329405504, 4.04650422, 3.692031066, 3.272142762, 2.7936117, 2.653700238, 2.88134496, 3.070356264, 3.652320222, 4.23120582, 4.797316224], "min_cpu_time": [14, 18, 18, 16, 15, 8, 3, 3, 18, 14, 9, 2, 9, 2, 13, 5, 12, 8, 1, 4, 11, 3, 3, 17], "max_cpu_time": [29, 23, 29, 45, 20, 13, 6, 16, 23, 25, 33, 41, 45, 19, 47, 21, 40, 23, 13, 17, 38, 36, 27, 27], "min_job_period": [77, 21, 3, 54, 47, 33, 18, 8, 67, 87, 13, 10, 41, 9, 48, 26, 78, 28, 5, 21, 52, 16, 13, 37], "max_job_period": [94, 91, 38, 77, 79, 61, 61, 89, 77, 88, 88, 42, 72, 17, 62, 94, 79, 41, 7, 75, 92, 74, 70, 43], "min_startup": [1, 1, 1, 1, 1, 2, 5, 5, 1, 1, 2, 7, 2, 7, 1, 3, 1, 2, 13, 4, 1, 5, 5, 1], "max_startup": [14, 19, 17, 59, 7, 89, 30, 66, 47, 5, 42, 76, 59, 69, 93, 85, 84, 18, 83, 16, 72, 15, 62, 31], "priority": [1, 14, 2, 7, 20, 23, 24, 10, 16, 17, 15, 5, 3, 12, 9, 4, 11, 19, 13, 21, 6, 18, 22, 8], "win_min": [0, 0, 0, 0, 0, 0, 0, 0, 0, 0, 0, 0, 0, 0, 0, 0, 0, 0, 0, 0, 0, 0, 9, 0], "win_max": [97, 97, 97, 97, 97, 97, 97, 97, 97, 97, 97, 97, 97, 97, 97, 97, 97, 97, 97, 97, 97, 97, 91, 97]}