{"subs": 1, "jobs": 24, "T": 97, "power_use": [1.7870641838254404, 3.3921330646040806, 0.5590879152027537, 0.16482596202538943, 1.2443966006886105, 3.0741207263558192, 2.9422998690571625, 0.8345420177982711, 0.9165726486845618, 2.664956707864241, 3.194196557603778, 3.461192070809782, 3.55512697283542, 0.8199943094601451, 3.6032063228231372, 0.9622802019714438, 3.201445403699867, 1.767612950941357, 1.0044373308211252, 2.6584035279772946, 1.7090233900115035, 3.610708665923471, 2.952288114651921, 0.7600413394230381], "power_resource": [7.642644372, 7.88983668, 8.079001902, 8.20459899, 8.52859638, 8.787024702, 8.970648876, 9.077467968, 9.107174142, 9.06038307, 8.938941768, 8.746236432, 8.486115012, 8.164426392, 7.787327292, 7.36189794, 6.89629599, 6.398986932, 5.87889801, 5.345418222, 4.808090484, 4.60830492, 4.433761908, 4.181490306, 3.8556459, 3.462077574, 3.007095966, 2.511018252, 2.769600492, 2.948145372, 3.402203472, 3.982782168, 4.55443362, 5.107460994, 5.63262921, 6.120857106, 6.56383311, 6.953553486, 7.283091924, 7.546445622, 7.738535286, 7.855512966, 7.894146384, 7.853358114, 7.732532484, 7.532593002, 7.25569452, 6.905223234, 6.766389198, 7.10100693, 7.384062132, 7.60970592, 7.872290028, 8.238768786, 8.534291346, 8.755933266, 8.902155366, 8.972495892, 8.96803227, 0.0, 0.0, 0.0, 0.0, 0.0, 0.0, 0.0, 0.0, 0.0, 0.0, 0.0, 0.0, 0.0, 0.0, 0.0, 0.0, 0.0, 0.0, 0.0, 0.0, 0.0, 0.0, 0.0, 0.0, 0.0, 0.0, 0.0, 0.0, 0.0, 0.0, 0.0, 0.0, 0.0, 0.0, 0.0, 6.716058012, 6.93246672, 7.284785022], "min_cpu_time": [12, 17, 11, 18, 7, 13, 5, 2, 13, 3, 7, 17, 2, 3, 5, 7, 10, 15, 15, 11, 9, 2, 5, 13], "max_cpu_time": [30, 25, 26, 46, 24, 14, 19, 4, 13, 23, 45, 31, 20, 12, 13, 13, 17, 17, 23, 28, 19, 23, 42, 27], "min_job_period": [79, 63, 66, 67, 47, 31, 19, 21, 89, 27, 53, 55, 17, 16, 35, 31, 40, 25, 87, 78, 32, 1, 25, 16], "max_job_period": [88, 95, 87, 71, 95, 90, 47, 32, 93, 87, 60, 79, 96, 66, 90, 49, 49, 31, 92, 87, 54, 5, 67, 52], "min_startup": [1, 1, 1, 1, 1, 1, 2, 4, 1, 3, 1, 1, 4, 3, 2, 1, 1, 1, 1, 1, 1, 4, 2, 1], "max_startup": [32, 35, 35, 79, 8, 56, 3, 93, 69, 85, 78, 91, 6, 32, 17, 49, 49, 55, 24, 92, 45, 96, 69, 79], "priority": [2, 22, 24, 21, 1, 3, 9, 4, 23, 15, 6, 12, 10, 8, 14, 17, 19, 16, 5, 7, 20, 11, 13, 18], "win_min": [0, 0, 0, 0, 0, 0, 17, 0, 0, 0, 0, 0, 0, 0, 0, 0, 0, 0, 0, 0, 0, 0, 0, 0], "win_max": [97, 97, 97, 97, 97, 97, 92, 97, 97, 97, 97, 97, 97, 97, 97, 97, 97, 97, 97, 97, 97, 97, 97, 97]}