{"subs": 1, "jobs": 22, "T": 97, "power_use": [0.20010381512880926, 1.8124395923212722, 2.4842354132340847, 0.5534999234852509, 2.141888432002263, 3.786236118081253, 2.0653797227233945, 2.787401876658513, 0.34199118991819366, 0.5822271812688912, 2.6681799913638504, 3.835454229338001, 2.252435147342175, 1.5661406274641214, 0.8764701934346059, 1.4354824689243944, 3.8661101687497017, 0.4439539152611047, 0.03449369522087083, 0.8561684359657136, 3.8030083252848494, 3.1139143924800683], "power_resource": [0.0, 0.0, 0.0, 0.0, 0.0, 0.0, 0.0, 0.0, 0.0, 0.0, 0.0, 0.0, 0.0, 0.0, 0.0, 0.0, 0.0, 6.754383594, 6.900297858, 7.25107698, 7.558451226, 7.815340368, 8.015433768, 8.153190378, 8.464566492, 8.736539598, 8.934016392, 9.055149858, 9.09886257, 9.0657702, 8.957411928, 8.776866114, 8.527980708, 8.21614284, 7.847355312, 7.428698352, 6.96786786, 6.473637162, 5.954625666, 5.42022237, 4.879816272, 4.610305854, 4.450846806, 4.212581742, 3.899666448, 3.517488054, 3.07220328, 2.571354108, 2.784530538, 2.980929906, 3.319857342, 3.902283054, 4.477782456, 5.03696655, 5.57029242, 6.068678904, 6.523506594, 6.926771754, 7.271548074, 7.551370998, 7.761007314, 7.896147318, 7.95371265, 7.931856294, 7.829962578, 7.648801092, 7.390218852, 7.0571403, 6.654029058, 6.954323076, 7.250923062, 7.49118906, 7.744999842, 8.128255662, 8.441478792, 8.681283036, 8.845975296, 8.9349399, 8.948638602, 0.0, 0.0, 0.0, 0.0, 0.0, 0.0, 0.0, 0.0, 0.0, 0.0, 0.0, 0.0, 0.0, 0.0, 0.0, 0.0, 0.0, 0.0], "min_cpu_time": [1, 9, 12, 9, 1, 16, 17, 15, 12, 3, 5, 13, 5, 11, 11, 4, 10, 1, 18, 10, 10, 13], "max_cpu_time": [32, 42, 37, 35, 10, 25, 20, 41, 25, 9, 18, 29, 20, 37, 22, 43, 11, 30, 22, 21, 42, 28], "min_job_period": [15, 91, 65, 26, 25, 42, 14, 89, 96, 44, 81, 33, 38, 50, 3, 37, 23, 2, 72, 10, 47, 23], "max_job_period": [40, 94, 84, 31, 44, 45, 18, 96, 96, 66, 94, 65, 54, 59, 47, 58, 55, 37, 79, 84, 93, 72], "min_startup": [3, 1, 1, 1, 3, 1, 1, 1, 1, 1, 1, 1, 1, 1, 1, 1, 1, 3, 1, 1, 1, 1], "max_startup": [55, 77, 68, 82, 23, 8, 52, 34, 76, 49, 80, 93, 63, 26, 71, 43, 19, 92, 73, 85, 64, 46], "priority": [7, 20, 22, 10, 18, 16, 11, 9, 8, 2, 4, 15, 6, 1, 17, 14, 21, 13, 5, 12, 3, 19], "win_min": [0, 0, 0, 0, 0, 0, 0, 12, 0, 0, 0, 0, 0, 0, 0, 0, 0, 0, 0, 0, 0, 0], "win_max": [97, 97, 97, 97, 97, 97, 97, 88, 97, 97, 97, 97, 97, 97, 97, 97, 97, 97, 97, 97, 97, 97]}