{"subs": 1, "jobs": 24, "T": 97, "power_use": [2.4665873380075096, 2.7641671580717393, 2.7503700713269295, 2.478055645693036, 2.7425034136889597, 3.2656866255395425, 0.69053658615024, 0.09934328156291736, 2.033839911001474, 3.8763680533575693, 0.5719098918971941, 3.957658607000377, 2.0807344288545284, 3.243640254298931, 1.6760377149220096, 2.164161982818237, 2.6234322116751048, 1.3195362693920318, 3.5184333679644726, 3.917833024110832, 3.4919986293451224, 0.5285333755385021, 2.421120322937864, 3.293189559356847], "power_resource": [0.0, 0.0, 0.0, 0.0, 0.0, 0.0, 0.0, 0.0, 0.0, 0.0, 0.0, 0.0, 0.0, 0.0, 0.0, 0.0, 0.0, 0.0, 0.0, 0.0, 0.0, 0.0, 0.0, 0.0, 0.0, 0.0, 0.0, 0.0, 0.0, 0.0, 6.658030926, 6.999574968, 7.343581698, 7.642644372, 7.88983668, 8.079001902, 8.20459899, 8.52859638, 8.787024702, 8.970648876, 9.077467968, 9.107174142, 9.06038307, 8.938941768, 8.746236432, 8.486115012, 8.164426392, 7.787327292, 7.36189794, 6.89629599, 6.398986932, 5.87889801, 5.345418222, 4.808090484, 4.60830492, 4.433761908, 4.181490306, 3.8556459, 3.462077574, 3.007095966, 2.511018252, 2.769600492, 2.948145372, 3.402203472, 3.982782168, 4.55443362, 5.107460994, 5.63262921, 6.120857106, 6.56383311, 6.953553486, 7.283091924, 7.546445622, 7.738535286, 7.855512966, 7.894146384, 7.853358114, 7.732532484, 7.532593002, 7.25569452, 6.905223234, 6.766389198, 7.10100693, 7.384062132, 7.60970592, 7.872290028, 8.238768786, 8.534291346, 8.755933266, 8.902155366, 8.972495892, 8.96803227, 0.0, 0.0, 0.0, 0.0, 0.0], "min_cpu_time": [7, 17, 12, 12, 5, 4, 9, 2, 13, 13, 6, 2, 6, 16, 12, 6, 6, 16, 6, 4, 2, 3, 6, 10], "max_cpu_time": [20, 36, 24, 19, 47, 16, 43, 3, 35, 36, 16, 24, 15, 34, 26, 48, 13, 25, 40, 21, 42, 33, 13, 14], "min_job_period": [23, 4, 6, 44, 7, 5, 4, 2, 25, 19, 27, 7, 26, 67, 25, 22, 22, 90, 22, 5, 5, 9, 7, 26], "max_job_period": [65, 55, 45, 81, 92, 29, 31, 36, 64, 88, 54, 80, 29, 93, 69, 93, 46, 91, 32, 50, 35, 93, 77, 90], "min_startup": [3, 1, 2, 2, 4, 5, 2, 9, 2, 2, 3, 9, 3, 1, 2, 3, 3, 1, 3, 5, 9, 6, 3, 2], "max_startup": [8, 17, 23, 94, 52, 92, 19, 32, 40, 72, 23, 77, 93, 24, 7, 19, 19, 45, 47, 50, 90, 82, 49, 29], "priority": [11, 12, 3, 24, 13, 14, 4, 9, 21, 15, 18, 16, 10, 1, 23, 6, 8, 5, 22, 19, 17, 7, 20, 2], "win_min": [0, 0, 0, 0, 0, 0, 0, 0, 0, 0, 0, 0, 0, 0, 0, 0, 0, 0, 0, 0, 0, 0, 5, 0], "win_max": [97, 97, 97, 97, 97, 97, 97, 97, 97, 97, 97, 97, 97, 97, 97, 97, 97, 97, 97, 97, 97, 97, 96, 97]}