{"subs": 1, "jobs": 20, "T": 97, "power_use": [1.1389633553160103, 3.5068914149911548, 2.6024158688184182, 1.3888810112414864, 3.1335611062488264, 0.5942364062694093, 0.02387696384530462, 2.8559200345018123, 2.574368688589083, 0.6302589385132761, 3.372305583234387, 0.49641535489074234, 2.9309893558545075, 0.2793301737347324, 2.495726024234791, 2.4183790345386096, 3.723059310143094, 3.910910449553006, 2.5720721015667136, 2.229862636477075], "power_resource": [7.209980874, 6.846118722, 6.815950794, 7.141487364, 7.41423006, 7.628329998, 7.940167866, 8.293563594, 8.575233534, 8.782714998, 8.914468806, 8.970648876, 8.952178716, 0.0, 0.0, 0.0, 0.0, 0.0, 0.0, 0.0, 0.0, 0.0, 0.0, 0.0, 0.0, 0.0, 0.0, 0.0, 0.0, 0.0, 0.0, 0.0, 0.0, 0.0, 0.0, 0.0, 0.0, 0.0, 0.0, 0.0, 0.0, 0.0, 0.0, 0.0, 0.0, 0.0, 0.0, 0.0, 6.658030926, 6.999574968, 7.343581698, 7.642644372, 7.88983668, 8.079001902, 8.20459899, 8.52859638, 8.787024702, 8.970648876, 9.077467968, 9.107174142, 9.06038307, 8.938941768, 8.746236432, 8.486115012, 8.164426392, 7.787327292, 7.36189794, 6.89629599, 6.398986932, 5.87889801, 5.345418222, 4.808090484, 4.60830492, 4.433761908, 4.181490306, 3.8556459, 3.462077574, 3.007095966, 2.511018252, 2.769600492, 2.948145372, 3.402203472, 3.982782168, 4.55443362, 5.107460994, 5.63262921, 6.120857106, 6.56383311, 6.953553486, 7.283091924, 7.546445622, 7.738535286, 7.855512966, 7.894146384, 7.853358114, 7.732532484, 7.532593002], "min_cpu_time": [11, 2, 6, 6, 8, 5, 8, 14, 8, 12, 11, 2, 6, 6, 17, 16, 1, 16, 17, 8], "max_cpu_time": [23, 37, 29, 27, 26, 13, 46, 18, 13, 30, 23, 9, 29, 17, 38, 27, 28, 40, 23, 8], "min_job_period": [68, 12, 11, 42, 34, 15, 38, 31, 34, 69, 20, 8, 34, 42, 80, 37, 5, 58, 12, 26], "max_job_period": [71, 89, 29, 67, 58, 60, 83, 44, 85, 71, 37, 9, 36, 47, 86, 72, 96, 81, 40, 37], "min_startup": [1, 7, 2, 2, 2, 3, 2, 1, 2, 1, 1, 7, 2, 2, 1, 1, 13, 1, 1, 2], "max_startup": [53, 85, 49, 30, 84, 5, 13, 96, 33, 1, 74, 27, 53, 92, 38, 3, 16, 27, 22, 42], "priority": [19, 17, 2, 6, 15, 14, 11, 18, 3, 4, 16, 13, 7, 12, 10, 20, 5, 1, 9, 8], "win_min": [0, 0, 5, 0, 0, 0, 0, 0, 0, 0, 0, 0, 0, 0, 0, 0, 0, 0, 0, 0], "win_max": [97, 97, 90, 97, 97, 97, 97, 97, 97, 97, 97, 97, 97, 97, 97, 97, 97, 97, 97, 97]}