{"subs": 1, "jobs": 24, "T": 97, "power_use": [3.080198692024506, 0.2510159608151629, 3.3318858498894848, 3.292159336621094, 0.3318870455322479, 0.6575659545919812, 1.5494040317589233, 1.4420829230586487, 2.192703648238677, 1.681992200792883, 0.8304197419677829, 0.6483553920853384, 0.06797778101294671, 3.1892440624112224, 2.9708166222851013, 2.369290529246929, 3.0157474815143965, 2.2763201655889875, 2.0494381301574602, 2.0201215757023934, 1.3506081106769787, 0.6372674660753795, 2.972390122233992, 0.7649935550940983], "power_resource": [8.742234564, 8.941404456, 9.064077102, 9.109482912, 9.078237558, 8.97188022, 8.793489258, 8.54706654, 8.23769136, 7.871520438, 7.45578792, 6.998189706, 6.507191286, 5.991565986, 5.460856722, 4.924298574, 4.639396356, 4.48132257, 4.244442768, 3.93337449, 3.55319703, 3.110374944, 2.612142378, 2.709264636, 2.90366307, 3.277068138, 3.858108588, 4.431914892, 4.989098052, 5.520115152, 6.01588503, 6.467942196, 6.868282914, 7.209826956, 7.486109766, 7.692205968, 7.82365194, 7.877369322, 7.851665016, 7.746077268, 7.561067832, 7.298637642, 6.961865058, 6.714980586, 7.05867948, 7.35189327, 7.588773072, 7.80210342, 8.18151129, 8.490578634, 8.72638101, 8.886917484, 8.971572384, 8.9811153, 0.0, 0.0, 0.0, 0.0, 0.0, 0.0, 0.0, 0.0, 0.0, 0.0, 0.0, 0.0, 0.0, 0.0, 0.0, 0.0, 0.0, 0.0, 0.0, 0.0, 0.0, 0.0, 0.0, 0.0, 0.0, 0.0, 0.0, 0.0, 0.0, 0.0, 0.0, 0.0, 0.0, 0.0, 0.0, 6.771160656, 6.863665374, 7.22414133, 7.54275159, 7.81210809, 8.025592356, 8.17766334, 8.406385488], "min_cpu_time": [12, 14, 8, 8, 17, 16, 7, 10, 6, 4, 17, 9, 2, 18, 2, 7, 8, 8, 1, 10, 15, 12, 15, 11], "max_cpu_time": [36, 44, 31, 37, 20, 37, 40, 37, 28, 11, 18, 32, 44, 19, 11, 9, 41, 36, 31, 43, 20, 39, 43, 45], "min_job_period": [84, 84, 29, 47, 12, 68, 44, 78, 52, 56, 67, 9, 42, 25, 90, 95, 3, 69, 48, 77, 55, 1, 35, 76], "max_job_period": [84, 87, 41, 51, 38, 88, 78, 80, 68, 82, 87, 10, 57, 85, 96, 96, 21, 78, 81, 95, 73, 50, 66, 79], "min_startup": [1, 1, 1, 1, 1, 1, 1, 1, 1, 1, 1, 1, 1, 1, 1, 1, 1, 1, 1, 1, 1, 1, 1, 1], "max_startup": [73, 16, 45, 2, 59, 18, 40, 40, 35, 92, 40, 87, 61, 3, 18, 14, 27, 38, 93, 88, 61, 60, 73, 70], "priority": [22, 17, 4, 24, 20, 1, 18, 15, 23, 9, 5, 12, 11, 6, 8, 19, 16, 14, 21, 13, 3, 10, 7, 2], "win_min": [0, 0, 0, 0, 0, 0, 0, 0, 0, 0, 16, 0, 0, 0, 0, 0, 0, 0, 0, 0, 0, 0, 0, 0], "win_max": [97, 97, 97, 97, 97, 97, 97, 97, 97, 97, 96, 97, 97, 97, 97, 97, 97, 97, 97, 97, 97, 97, 97, 97]}