{"subs": 1, "jobs": 22, "T": 97, "power_use": [1.3493051436221613, 3.5898299358421015, 1.2700238710254406, 3.003492855147257, 3.1614316316156255, 1.4493690556495085, 2.1027266379142087, 1.8431334437737181, 2.5018533676650807, 2.9221334587789647, 3.6494414602511274, 2.339584881745561, 3.6104141413140165, 3.971726567454053, 2.1874793655535205, 1.015958897846188, 2.5736284604083544, 2.919471578549895, 2.5966195234389526, 0.23227847099013552, 0.7626912632446774, 0.9619486297187342], "power_resource": [8.356362138, 8.01066231, 7.612168608, 7.168423014, 6.6877371, 6.178884192, 5.650945452, 5.113309878, 4.662637974, 4.536117378, 4.329405504, 4.04650422, 3.692031066, 3.272142762, 2.7936117, 2.653700238, 2.88134496, 3.070356264, 3.652320222, 4.23120582, 4.797316224, 5.341262436, 5.853655458, 6.325721964, 6.749458218, 7.11716832, 7.422387714, 7.659113598, 7.823036268, 7.910461692, 7.918927182, 7.847663148, 7.696515672, 7.467023934, 7.161650622, 6.784551522, 6.86397321, 7.179966864, 7.442089218, 7.644645306, 8.005429098, 8.34543396, 8.613405198, 8.806572288, 8.92416564, 8.966031336, 0.0, 0.0, 0.0, 0.0, 0.0, 0.0, 0.0, 0.0, 0.0, 0.0, 0.0, 0.0, 0.0, 0.0, 0.0, 0.0, 0.0, 0.0, 0.0, 0.0, 0.0, 0.0, 0.0, 0.0, 0.0, 0.0, 0.0, 0.0, 0.0, 0.0, 0.0, 0.0, 0.0, 0.0, 0.0, 0.0, 6.691123296, 7.065144036, 7.40037744, 7.689435444, 7.925083902, 8.101627848, 8.26924455, 8.585084286, 8.828582562, 8.996661018, 9.087780474, 9.101633094, 9.039450222, 8.902924956, 8.695905246], "min_cpu_time": [12, 18, 8, 1, 15, 15, 11, 7, 4, 4, 6, 6, 8, 9, 18, 13, 17, 5, 6, 12, 1, 17], "max_cpu_time": [23, 45, 29, 15, 47, 18, 34, 7, 31, 36, 43, 9, 11, 18, 19, 35, 44, 10, 14, 44, 38, 46], "min_job_period": [17, 24, 20, 3, 43, 26, 2, 2, 16, 16, 17, 5, 19, 43, 49, 53, 90, 31, 22, 45, 2, 35], "max_job_period": [47, 49, 67, 26, 57, 53, 27, 87, 18, 68, 82, 41, 32, 54, 86, 69, 95, 92, 61, 45, 33, 75], "min_startup": [1, 1, 2, 14, 1, 1, 1, 2, 4, 4, 3, 3, 2, 2, 1, 1, 1, 3, 3, 1, 14, 1], "max_startup": [65, 33, 67, 26, 19, 20, 51, 38, 66, 59, 7, 83, 83, 79, 81, 3, 75, 39, 13, 96, 68, 79], "priority": [22, 10, 9, 6, 12, 4, 20, 19, 13, 16, 3, 15, 21, 1, 2, 14, 17, 5, 7, 11, 8, 18], "win_min": [0, 0, 0, 0, 0, 0, 0, 0, 0, 0, 0, 0, 0, 0, 7, 0, 0, 0, 0, 0, 0, 0], "win_max": [97, 97, 97, 97, 97, 97, 97, 97, 97, 97, 97, 97, 97, 97, 84, 97, 97, 97, 97, 97, 97, 97]}