{"subs": 1, "jobs": 24, "T": 97, "power_use": [1.0567321277543051, 3.3192367781309704, 0.10095997751695249, 0.4483226603851669, 2.724363624774072, 2.36796860568443, 2.174433762522911, 0.3511097576625204, 3.5260814486542857, 1.811340899267676, 1.6103540070003313, 3.1432475040306107, 3.435508399868831, 2.217797094471873, 3.6275403625548575, 0.8222671990859838, 2.873422462219129, 1.2349270998265516, 1.6072178746905246, 0.4734676791084117, 0.794987683351866, 2.8395225504567594, 0.8077136077341258, 3.4211922377553052], "power_resource": [0.0, 0.0, 6.658030926, 6.999574968, 7.343581698, 7.642644372, 7.88983668, 8.079001902, 8.20459899, 8.52859638, 8.787024702, 8.970648876, 9.077467968, 9.107174142, 9.06038307, 8.938941768, 8.746236432, 8.486115012, 8.164426392, 7.787327292, 7.36189794, 6.89629599, 6.398986932, 5.87889801, 5.345418222, 4.808090484, 4.60830492, 4.433761908, 4.181490306, 3.8556459, 3.462077574, 3.007095966, 2.511018252, 2.769600492, 2.948145372, 3.402203472, 3.982782168, 4.55443362, 5.107460994, 5.63262921, 6.120857106, 6.56383311, 6.953553486, 7.283091924, 7.546445622, 7.738535286, 7.855512966, 7.894146384, 7.853358114, 7.732532484, 7.532593002, 7.25569452, 6.905223234, 6.766389198, 7.10100693, 7.384062132, 7.60970592, 7.872290028, 8.238768786, 8.534291346, 8.755933266, 8.902155366, 8.972495892, 8.96803227, 0.0, 0.0, 0.0, 0.0, 0.0, 0.0, 0.0, 0.0, 0.0, 0.0, 0.0, 0.0, 0.0, 0.0, 0.0, 0.0, 0.0, 0.0, 0.0, 0.0, 0.0, 0.0, 0.0, 0.0, 0.0, 0.0, 0.0, 0.0, 0.0, 0.0, 0.0, 0.0, 0.0], "min_cpu_time": [16, 16, 7, 16, 15, 1, 18, 5, 1, 1, 5, 8, 14, 12, 3, 15, 10, 9, 2, 4, 13, 14, 13, 10], "max_cpu_time": [21, 20, 27, 41, 41, 41, 47, 21, 26, 29, 35, 16, 19, 30, 5, 32, 44, 37, 41, 33, 44, 19, 40, 13], "min_job_period": [89, 48, 32, 58, 16, 6, 7, 22, 6, 3, 4, 38, 92, 27, 6, 66, 18, 33, 7, 19, 67, 83, 15, 25], "max_job_period": [93, 66, 74, 93, 72, 30, 66, 54, 35, 53, 12, 88, 96, 90, 34, 75, 90, 95, 86, 34, 73, 89, 71, 52], "min_startup": [1, 1, 2, 1, 1, 13, 1, 3, 13, 13, 3, 2, 1, 1, 4, 1, 2, 2, 7, 3, 1, 1, 1, 2], "max_startup": [81, 74, 91, 77, 59, 58, 77, 91, 27, 90, 10, 36, 52, 92, 5, 36, 64, 72, 48, 16, 62, 61, 77, 19], "priority": [22, 21, 3, 12, 13, 7, 4, 11, 20, 5, 9, 18, 19, 1, 17, 2, 6, 10, 8, 15, 23, 24, 16, 14], "win_min": [0, 0, 0, 0, 0, 0, 0, 0, 0, 0, 0, 0, 0, 0, 0, 0, 0, 0, 0, 0, 0, 0, 11, 0], "win_max": [97, 97, 97, 97, 97, 97, 97, 97, 97, 97, 97, 97, 97, 97, 97, 97, 97, 97, 97, 97, 97, 97, 90, 97]}