{"subs": 1, "jobs": 20, "T": 97, "power_use": [2.877625120987267, 1.1436231772335064, 2.8929155819206573, 3.4392342244879703, 2.113340891605528, 0.5254800046830519, 2.9229843693002167, 2.806465229418202, 3.657967717988119, 0.30613955884355, 2.7384493565788284, 0.34581049623417187, 0.7984943010122152, 3.7257355894748203, 3.4167098416310298, 3.8955038786342766, 1.3365426597348786, 1.7015555817981842, 3.7321863611919435, 3.7322260378965497], "power_resource": [5.520115152, 6.01588503, 6.467942196, 6.868282914, 7.209826956, 7.486109766, 7.692205968, 7.82365194, 7.877369322, 7.851665016, 7.746077268, 7.561067832, 7.298637642, 6.961865058, 6.714980586, 7.05867948, 7.35189327, 7.588773072, 7.80210342, 8.18151129, 8.490578634, 8.72638101, 8.886917484, 8.971572384, 8.9811153, 0.0, 0.0, 0.0, 0.0, 0.0, 0.0, 0.0, 0.0, 0.0, 0.0, 0.0, 0.0, 0.0, 0.0, 0.0, 0.0, 0.0, 0.0, 0.0, 0.0, 0.0, 0.0, 0.0, 0.0, 0.0, 0.0, 0.0, 0.0, 0.0, 0.0, 0.0, 0.0, 0.0, 0.0, 0.0, 6.771160656, 6.863665374, 7.22414133, 7.54275159, 7.81210809, 8.025592356, 8.17766334, 8.406385488, 8.694519984, 8.908927758, 9.04730004, 9.108559404, 9.092859768, 9.001740312, 8.83797156, 8.605093626, 8.308339722, 7.95371265, 7.547830884, 7.098544242, 6.614010378, 6.103310454, 5.575525632, 5.040198828, 4.667255514, 4.525497036, 4.304470788, 4.00802472, 3.64169988, 3.211191234, 2.724040764, 2.64585042, 2.856102408, 3.152086722, 3.733127172, 4.30893441, 4.869811602], "min_cpu_time": [18, 8, 14, 2, 8, 5, 18, 4, 17, 14, 15, 16, 12, 1, 2, 15, 5, 3, 18, 7], "max_cpu_time": [37, 17, 47, 2, 27, 7, 34, 9, 26, 29, 44, 30, 28, 6, 6, 48, 43, 34, 18, 14], "min_job_period": [53, 3, 64, 18, 6, 43, 6, 3, 14, 62, 30, 12, 93, 7, 1, 7, 21, 23, 55, 70], "max_job_period": [91, 75, 87, 92, 46, 65, 35, 34, 90, 83, 51, 25, 94, 44, 92, 81, 89, 33, 77, 73], "min_startup": [1, 1, 1, 3, 1, 1, 1, 2, 1, 1, 1, 1, 1, 5, 3, 1, 1, 2, 1, 1], "max_startup": [50, 79, 83, 30, 65, 44, 32, 18, 10, 35, 67, 82, 84, 29, 32, 49, 16, 10, 39, 8], "priority": [10, 9, 13, 16, 1, 4, 17, 7, 8, 5, 15, 18, 6, 11, 12, 14, 20, 3, 19, 2], "win_min": [0, 0, 0, 0, 0, 0, 1, 0, 0, 0, 0, 0, 0, 0, 0, 0, 0, 0, 0, 0], "win_max": [97, 97, 97, 97, 97, 97, 80, 97, 97, 97, 97, 97, 97, 97, 97, 97, 97, 97, 97, 97]}