{"subs": 1, "jobs": 22, "T": 97, "power_use": [3.52388465624996, 0.1992473616818051, 1.0757204019516629, 1.3195912316104106, 1.805106209163393, 2.683460492148143, 0.48981463900618444, 3.425986967857027, 0.9577121358178649, 1.5363852895906607, 2.974848819722982, 1.7011627587681069, 1.8067669313211796, 1.9371371205493455, 0.23931498963708625, 1.6060614156174615, 0.43257350510432335, 2.2281799393205315, 2.0576417524883794, 2.6628749345792584, 1.0509404518240009, 0.9508380136020044], "power_resource": [2.88134496, 3.070356264, 3.652320222, 4.23120582, 4.797316224, 5.341262436, 5.853655458, 6.325721964, 6.749458218, 7.11716832, 7.422387714, 7.659113598, 7.823036268, 7.910461692, 7.918927182, 7.847663148, 7.696515672, 7.467023934, 7.161650622, 6.784551522, 6.86397321, 7.179966864, 7.442089218, 7.644645306, 8.005429098, 8.34543396, 8.613405198, 8.806572288, 8.92416564, 8.966031336, 0.0, 0.0, 0.0, 0.0, 0.0, 0.0, 0.0, 0.0, 0.0, 0.0, 0.0, 0.0, 0.0, 0.0, 0.0, 0.0, 0.0, 0.0, 0.0, 0.0, 0.0, 0.0, 0.0, 0.0, 0.0, 0.0, 0.0, 0.0, 0.0, 0.0, 0.0, 0.0, 0.0, 0.0, 0.0, 0.0, 6.691123296, 7.065144036, 7.40037744, 7.689435444, 7.925083902, 8.101627848, 8.26924455, 8.585084286, 8.828582562, 8.996661018, 9.087780474, 9.101633094, 9.039450222, 8.902924956, 8.695905246, 8.422700796, 8.088698736, 7.700825376, 7.266007026, 6.792709176, 6.289551234, 5.765306526, 5.229671886, 4.691882394, 4.573827288, 4.383276804, 4.115459484, 3.775300704, 3.368341512, 2.901508218, 2.583821466], "min_cpu_time": [4, 6, 16, 17, 12, 7, 4, 10, 12, 14, 12, 13, 18, 9, 7, 6, 5, 11, 8, 6, 3, 9], "max_cpu_time": [48, 32, 43, 30, 15, 31, 26, 19, 35, 30, 24, 31, 33, 26, 38, 19, 27, 20, 21, 27, 12, 20], "min_job_period": [13, 88, 66, 82, 94, 85, 23, 63, 89, 38, 13, 60, 66, 70, 13, 6, 15, 51, 69, 96, 93, 33], "max_job_period": [51, 90, 87, 90, 94, 88, 41, 64, 92, 65, 77, 84, 96, 71, 33, 26, 77, 94, 94, 96, 93, 74], "min_startup": [1, 1, 1, 1, 1, 1, 1, 1, 1, 1, 1, 1, 1, 1, 1, 1, 1, 1, 1, 1, 1, 1], "max_startup": [23, 39, 10, 11, 11, 91, 61, 64, 90, 15, 60, 15, 26, 47, 93, 8, 68, 68, 9, 83, 71, 87], "priority": [20, 12, 16, 2, 4, 22, 11, 13, 14, 15, 3, 10, 6, 17, 21, 9, 19, 5, 18, 1, 7, 8], "win_min": [0, 0, 0, 0, 0, 0, 0, 0, 0, 9, 0, 0, 0, 0, 0, 0, 0, 0, 0, 0, 0, 0], "win_max": [97, 97, 97, 97, 97, 97, 97, 97, 97, 83, 97, 97, 97, 97, 97, 97, 97, 97, 97, 97, 97, 97]}