{"subs": 1, "jobs": 24, "T": 97, "power_use": [1.450604624118357, 0.8304471266122041, 2.763557638149089, 0.9116042885676103, 0.6667901079892558, 1.3826212980080173, 3.8377844592930668, 3.193451793404998, 1.024124640919755, 0.06160720969738767, 0.01405408664044364, 0.888701778621629, 1.51525427992602, 0.9331930616240791, 0.7620233753346574, 3.7131347452784342, 0.0418621910055445, 1.7334183930393041, 2.9319386448260034, 3.1961015456579784, 2.5364174942698545, 2.110724364887498, 3.1106757768731503, 2.820561706688563], "power_resource": [0.0, 0.0, 0.0, 0.0, 0.0, 0.0, 0.0, 0.0, 0.0, 0.0, 0.0, 0.0, 0.0, 0.0, 0.0, 0.0, 0.0, 0.0, 0.0, 0.0, 0.0, 0.0, 0.0, 6.691123296, 7.065144036, 7.40037744, 7.689435444, 7.925083902, 8.101627848, 8.26924455, 8.585084286, 8.828582562, 8.996661018, 9.087780474, 9.101633094, 9.039450222, 8.902924956, 8.695905246, 8.422700796, 8.088698736, 7.700825376, 7.266007026, 6.792709176, 6.289551234, 5.765306526, 5.229671886, 4.691882394, 4.573827288, 4.383276804, 4.115459484, 3.775300704, 3.368341512, 2.901508218, 2.583821466, 2.827011906, 2.989549314, 3.527338806, 4.10730183, 4.676336676, 5.224900428, 5.743911924, 6.224136084, 6.657569172, 7.036515288, 7.354048122, 7.604164872, 7.782247998, 7.88444955, 7.908152922, 7.851972852, 7.71590934, 7.50119373, 7.209980874, 6.846118722, 6.815950794, 7.141487364, 7.41423006, 7.628329998, 7.940167866, 8.293563594, 8.575233534, 8.782714998, 8.914468806, 8.970648876, 8.952178716, 0.0, 0.0, 0.0, 0.0, 0.0, 0.0, 0.0, 0.0, 0.0, 0.0, 0.0, 0.0], "min_cpu_time": [5, 18, 2, 10, 2, 13, 17, 16, 1, 13, 7, 3, 16, 8, 4, 7, 3, 11, 14, 11, 7, 6, 18, 1], "max_cpu_time": [29, 40, 28, 45, 15, 34, 27, 47, 20, 22, 28, 13, 24, 31, 12, 37, 38, 47, 34, 30, 28, 48, 30, 16], "min_job_period": [11, 12, 9, 33, 5, 21, 96, 94, 1, 6, 2, 13, 54, 5, 7, 9, 11, 24, 47, 2, 21, 16, 33, 4], "max_job_period": [11, 72, 24, 91, 89, 79, 96, 94, 48, 79, 90, 20, 80, 65, 16, 58, 77, 56, 89, 27, 49, 45, 42, 27], "min_startup": [4, 1, 9, 2, 9, 2, 1, 1, 18, 2, 3, 6, 1, 2, 5, 3, 6, 2, 1, 2, 3, 3, 1, 18], "max_startup": [94, 37, 26, 31, 75, 10, 25, 83, 64, 66, 46, 26, 68, 44, 66, 29, 82, 29, 31, 33, 95, 85, 10, 33], "priority": [13, 21, 11, 1, 24, 2, 20, 23, 15, 14, 3, 22, 6, 18, 12, 7, 9, 4, 10, 16, 8, 19, 5, 17], "win_min": [0, 0, 0, 0, 0, 0, 0, 0, 0, 0, 0, 0, 0, 0, 0, 0, 0, 0, 14, 0, 0, 0, 0, 0], "win_max": [97, 97, 97, 97, 97, 97, 97, 97, 97, 97, 97, 97, 97, 97, 97, 97, 97, 97, 94, 97, 97, 97, 97, 97]}