{"subs": 1, "jobs": 20, "T": 97, "power_use": [2.431648910738858, 0.7987704147487891, 3.27832611649159, 1.7555666475819995, 0.9490553308849278, 3.887002122685117, 3.5475986386699105, 3.8896854641615297, 1.5226550137298653, 3.373323898859938, 3.8578791971236868, 0.8380169354405038, 0.6007915766975607, 3.9181016281445036, 1.6483953400987414, 3.2729137705148545, 2.0216210030884096, 3.467981958063661, 3.1113250927540963, 1.3054221692109471], "power_resource": [7.829962578, 7.648801092, 7.390218852, 7.0571403, 6.654029058, 6.954323076, 7.250923062, 7.49118906, 7.744999842, 8.128255662, 8.441478792, 8.681283036, 8.845975296, 8.9349399, 8.948638602, 0.0, 0.0, 0.0, 0.0, 0.0, 0.0, 0.0, 0.0, 0.0, 0.0, 0.0, 0.0, 0.0, 0.0, 0.0, 0.0, 0.0, 0.0, 0.0, 0.0, 0.0, 0.0, 0.0, 0.0, 0.0, 0.0, 0.0, 0.0, 0.0, 0.0, 0.0, 0.0, 0.0, 0.0, 0.0, 6.809794074, 6.832112184, 7.190895042, 7.507966122, 7.775783442, 7.987882446, 8.138722086, 8.40238362, 8.689132854, 8.902155366, 9.03883455, 9.098400816, 9.081008082, 8.987887692, 8.82181017, 8.586777384, 8.287560792, 7.930163196, 7.521356988, 7.068991986, 6.581379762, 6.067293642, 5.535814788, 4.996793952, 4.638165012, 4.495021272, 4.272609762, 3.974470596, 3.606144822, 3.173327406, 2.68356033, 2.720654568, 2.932753572, 3.195029844, 3.777455556, 4.354801974, 4.9176801, 5.4563931, 5.961859812, 6.425460828, 6.839192412, 7.195512582, 7.4881107, 7.711445718, 7.861054014, 7.933549392, 7.926930918], "min_cpu_time": [14, 5, 15, 2, 11, 4, 12, 3, 2, 4, 8, 15, 18, 5, 12, 12, 5, 7, 14, 7], "max_cpu_time": [46, 20, 27, 8, 39, 24, 29, 11, 4, 34, 27, 42, 18, 41, 42, 22, 19, 37, 39, 39], "min_job_period": [33, 44, 56, 16, 45, 32, 7, 17, 20, 25, 39, 9, 63, 33, 68, 24, 20, 23, 28, 19], "max_job_period": [36, 70, 73, 48, 55, 64, 65, 67, 85, 26, 50, 60, 94, 88, 81, 96, 31, 46, 28, 47], "min_startup": [1, 2, 1, 4, 1, 2, 1, 3, 4, 2, 1, 1, 1, 2, 1, 1, 2, 2, 1, 2], "max_startup": [44, 82, 95, 71, 78, 12, 95, 33, 20, 65, 1, 41, 67, 2, 32, 14, 13, 91, 8, 47], "priority": [15, 14, 13, 20, 8, 1, 16, 6, 3, 9, 11, 7, 5, 10, 19, 17, 18, 2, 12, 4], "win_min": [0, 0, 0, 0, 0, 0, 0, 0, 0, 0, 0, 0, 0, 0, 2, 0, 0, 0, 0, 0], "win_max": [97, 97, 97, 97, 97, 97, 97, 97, 97, 97, 97, 97, 97, 97, 77, 97, 97, 97, 97, 97]}