{"subs": 1, "jobs": 22, "T": 97, "power_use": [2.3854400448677215, 0.058174156428941616, 2.7766160274559706, 1.1232098439129916, 3.441908763663064, 2.7645838124171247, 0.7105527509633178, 2.9483451519100616, 3.8104267085206414, 2.5211985929293403, 1.4871538234830461, 2.625952985188898, 2.7042159677860185, 3.2193838033511257, 2.4463999112511683, 3.2135698789941474, 2.5401518331200226, 1.5478413299164226, 0.5226057098501568, 1.0408392887652873, 2.7343959936511286, 3.45358770779611], "power_resource": [0.0, 0.0, 0.0, 0.0, 0.0, 0.0, 0.0, 0.0, 0.0, 0.0, 0.0, 0.0, 0.0, 0.0, 0.0, 0.0, 0.0, 0.0, 0.0, 0.0, 0.0, 0.0, 0.0, 0.0, 0.0, 0.0, 0.0, 0.0, 0.0, 0.0, 0.0, 0.0, 0.0, 0.0, 0.0, 6.771160656, 6.863665374, 7.22414133, 7.54275159, 7.81210809, 8.025592356, 8.17766334, 8.406385488, 8.694519984, 8.908927758, 9.04730004, 9.108559404, 9.092859768, 9.001740312, 8.83797156, 8.605093626, 8.308339722, 7.95371265, 7.547830884, 7.098544242, 6.614010378, 6.103310454, 5.575525632, 5.040198828, 4.667255514, 4.525497036, 4.304470788, 4.00802472, 3.64169988, 3.211191234, 2.724040764, 2.64585042, 2.856102408, 3.152086722, 3.733127172, 4.30893441, 4.869811602, 5.406215832, 5.909219856, 6.370204266, 6.78085749, 7.133945382, 7.423157304, 7.642952208, 7.788866472, 7.8575139, 7.847201394, 7.75669761, 7.58661822, 7.338656322, 7.015736358, 6.662032794, 7.014351096, 7.317569556, 7.565531454, 7.752541824, 8.121637188, 8.444249316, 8.69405823, 8.86875516, 8.967878352, 8.991427806], "min_cpu_time": [5, 8, 16, 7, 7, 2, 7, 16, 5, 17, 9, 6, 13, 4, 15, 3, 2, 11, 18, 6, 17, 8], "max_cpu_time": [7, 10, 39, 25, 17, 18, 20, 23, 29, 18, 36, 46, 42, 25, 16, 41, 31, 36, 44, 19, 24, 34], "min_job_period": [26, 80, 42, 73, 78, 6, 9, 9, 73, 20, 90, 3, 15, 62, 51, 59, 46, 75, 88, 12, 6, 21], "max_job_period": [93, 80, 57, 88, 82, 26, 82, 47, 82, 66, 96, 22, 44, 62, 89, 64, 81, 86, 96, 45, 74, 88], "min_startup": [1, 1, 1, 1, 1, 2, 1, 1, 1, 1, 1, 1, 1, 1, 1, 1, 2, 1, 1, 1, 1, 1], "max_startup": [34, 59, 3, 16, 71, 42, 76, 32, 10, 57, 43, 35, 5, 92, 53, 16, 6, 57, 67, 16, 86, 38], "priority": [15, 10, 11, 18, 22, 16, 7, 3, 1, 12, 14, 5, 9, 2, 19, 17, 4, 6, 8, 20, 13, 21], "win_min": [0, 0, 0, 0, 0, 0, 0, 0, 0, 0, 13, 0, 0, 0, 0, 0, 0, 0, 0, 0, 0, 0], "win_max": [97, 97, 97, 97, 97, 97, 97, 97, 97, 97, 85, 97, 97, 97, 97, 97, 97, 97, 97, 97, 97, 97]}