{"subs": 1, "jobs": 24, "T": 97, "power_use": [3.0608857137258116, 2.1626126808595187, 0.6424742538157923, 1.6440120577578818, 0.3167232450719953, 2.7603097577095026, 3.815287666032703, 3.183058720774506, 1.5652478269206038, 2.3413230690619224, 1.223760696629008, 2.16877194222431, 1.2099003540807145, 2.9559157796264537, 1.0447726168682319, 3.8564413578312386, 2.6511754413723905, 0.28442361225853663, 0.053003276387715674, 3.9882149133783504, 0.8898172570810162, 1.2571253663441386, 0.8415719166664124, 3.7131260721600174], "power_resource": [0.0, 0.0, 0.0, 0.0, 0.0, 0.0, 0.0, 0.0, 0.0, 0.0, 0.0, 0.0, 0.0, 0.0, 0.0, 0.0, 0.0, 0.0, 0.0, 0.0, 0.0, 0.0, 0.0, 0.0, 0.0, 0.0, 0.0, 0.0, 0.0, 0.0, 6.658030926, 6.999574968, 7.343581698, 7.642644372, 7.88983668, 8.079001902, 8.20459899, 8.52859638, 8.787024702, 8.970648876, 9.077467968, 9.107174142, 9.06038307, 8.938941768, 8.746236432, 8.486115012, 8.164426392, 7.787327292, 7.36189794, 6.89629599, 6.398986932, 5.87889801, 5.345418222, 4.808090484, 4.60830492, 4.433761908, 4.181490306, 3.8556459, 3.462077574, 3.007095966, 2.511018252, 2.769600492, 2.948145372, 3.402203472, 3.982782168, 4.55443362, 5.107460994, 5.63262921, 6.120857106, 6.56383311, 6.953553486, 7.283091924, 7.546445622, 7.738535286, 7.855512966, 7.894146384, 7.853358114, 7.732532484, 7.532593002, 7.25569452, 6.905223234, 6.766389198, 7.10100693, 7.384062132, 7.60970592, 7.872290028, 8.238768786, 8.534291346, 8.755933266, 8.902155366, 8.972495892, 8.96803227, 0.0, 0.0, 0.0, 0.0, 0.0], "min_cpu_time": [13, 16, 3, 11, 11, 13, 11, 11, 9, 15, 8, 16, 14, 10, 9, 13, 17, 17, 12, 1, 13, 3, 13, 14], "max_cpu_time": [21, 43, 44, 23, 36, 13, 46, 18, 14, 18, 35, 26, 32, 47, 13, 33, 26, 34, 43, 32, 46, 36, 31, 18], "min_job_period": [56, 73, 22, 11, 51, 13, 75, 20, 22, 96, 40, 63, 62, 58, 92, 83, 59, 14, 36, 8, 12, 3, 3, 60], "max_job_period": [68, 94, 94, 33, 90, 43, 80, 65, 90, 96, 54, 64, 72, 85, 92, 87, 80, 79, 96, 45, 56, 85, 47, 67], "min_startup": [1, 1, 4, 1, 1, 1, 1, 1, 1, 1, 2, 1, 1, 1, 1, 1, 1, 1, 1, 10, 1, 4, 1, 1], "max_startup": [31, 35, 80, 49, 50, 96, 61, 56, 80, 15, 83, 26, 29, 66, 12, 18, 94, 61, 25, 88, 34, 18, 95, 12], "priority": [11, 15, 14, 3, 21, 9, 4, 17, 8, 2, 22, 19, 7, 24, 20, 6, 16, 23, 5, 18, 13, 12, 10, 1], "win_min": [0, 0, 0, 0, 0, 0, 0, 4, 0, 0, 0, 0, 0, 0, 0, 0, 0, 0, 0, 0, 0, 0, 0, 0], "win_max": [97, 97, 97, 97, 97, 97, 97, 77, 97, 97, 97, 97, 97, 97, 97, 97, 97, 97, 97, 97, 97, 97, 97, 97]}