{"subs": 1, "jobs": 24, "T": 97, "power_use": [3.7166425451815464, 2.5676609084904207, 2.501165778846082, 0.6308327917808176, 1.9412930865762739, 2.4723683114544963, 2.766539972206559, 2.751656543870805, 0.35974336601888635, 0.027323519408496005, 0.6157512085985019, 3.891305994740433, 2.4066099544644906, 1.6916824986494527, 2.4900118753634963, 1.0602590642673932, 1.0801828573928625, 1.9241237122094041, 2.4708618034843477, 0.7812059111175749, 3.405939231368453, 0.31677960522188586, 1.3917341152694782, 1.4781296675161872], "power_resource": [7.068991986, 6.581379762, 6.067293642, 5.535814788, 4.996793952, 4.638165012, 4.495021272, 4.272609762, 3.974470596, 3.606144822, 3.173327406, 2.68356033, 2.720654568, 2.932753572, 3.195029844, 3.777455556, 4.354801974, 4.9176801, 5.4563931, 5.961859812, 6.425460828, 6.839192412, 7.195512582, 7.4881107, 7.711445718, 7.861054014, 7.933549392, 7.926930918, 7.840275084, 7.674043644, 7.429929696, 7.110703764, 6.720521634, 6.909994692, 7.21644543, 7.467793524, 7.67204271, 8.068227642, 8.394841638, 8.648806338, 8.827659054, 8.930938032, 8.958643272, 0.0, 0.0, 0.0, 0.0, 0.0, 0.0, 0.0, 0.0, 0.0, 0.0, 0.0, 0.0, 0.0, 0.0, 0.0, 0.0, 0.0, 0.0, 0.0, 0.0, 0.0, 0.0, 0.0, 0.0, 0.0, 0.0, 0.0, 0.0, 0.0, 0.0, 0.0, 0.0, 0.0, 0.0, 0.0, 0.0, 6.76238733, 7.128866088, 7.455172248, 7.733763828, 7.957714518, 8.12148327, 8.337276306, 8.63864775, 8.866908144, 9.019286964, 9.094706784, 9.093013686, 9.015285096, 8.863983702, 8.642803536, 8.356362138, 8.01066231, 7.612168608], "min_cpu_time": [10, 16, 14, 2, 18, 8, 13, 16, 7, 11, 15, 16, 3, 7, 9, 17, 13, 8, 5, 14, 16, 9, 4, 16], "max_cpu_time": [10, 30, 27, 11, 43, 43, 32, 32, 44, 31, 29, 25, 6, 44, 16, 41, 15, 47, 26, 46, 29, 37, 37, 22], "min_job_period": [36, 50, 41, 36, 18, 50, 52, 31, 35, 47, 32, 74, 43, 82, 32, 61, 28, 8, 60, 73, 31, 77, 64, 49], "max_job_period": [89, 80, 79, 63, 67, 84, 83, 44, 70, 56, 45, 86, 67, 96, 55, 63, 93, 63, 69, 75, 82, 92, 92, 66], "min_startup": [1, 1, 1, 2, 1, 1, 1, 1, 1, 1, 1, 1, 1, 1, 1, 1, 1, 1, 1, 1, 1, 1, 1, 1], "max_startup": [61, 76, 94, 67, 40, 27, 3, 91, 88, 27, 24, 28, 55, 74, 37, 20, 42, 14, 68, 65, 51, 67, 22, 30], "priority": [3, 6, 2, 12, 22, 23, 1, 10, 18, 14, 7, 17, 13, 8, 9, 5, 11, 24, 20, 21, 19, 4, 15, 16], "win_min": [0, 0, 0, 0, 0, 0, 0, 0, 0, 0, 0, 0, 0, 0, 9, 0, 0, 0, 0, 0, 0, 0, 0, 0], "win_max": [97, 97, 97, 97, 97, 97, 97, 97, 97, 97, 97, 97, 97, 97, 88, 97, 97, 97, 97, 97, 97, 97, 97, 97]}