{"subs": 1, "jobs": 24, "T": 97, "power_use": [0.8642395987440727, 3.5046494401628014, 2.5794118937793264, 0.2704278118845842, 0.7226201761207752, 2.8381975005352102, 1.3807379487009543, 3.478674492895716, 2.1699926083038794, 3.682532445775731, 2.3191482280746203, 2.872978522604861, 2.3926410908824054, 1.9164829061031738, 1.5957721536951341, 3.016978430053146, 3.259381937006938, 0.1984446485945286, 1.0368306342058426, 2.617571618008481, 1.8206737156546828, 3.9824607917429695, 0.5373439469692549, 1.3212815833844938], "power_resource": [8.642803536, 8.356362138, 8.01066231, 7.612168608, 7.168423014, 6.6877371, 6.178884192, 5.650945452, 5.113309878, 4.662637974, 4.536117378, 4.329405504, 4.04650422, 3.692031066, 3.272142762, 2.7936117, 2.653700238, 2.88134496, 3.070356264, 3.652320222, 4.23120582, 4.797316224, 5.341262436, 5.853655458, 6.325721964, 6.749458218, 7.11716832, 7.422387714, 7.659113598, 7.823036268, 7.910461692, 7.918927182, 7.847663148, 7.696515672, 7.467023934, 7.161650622, 6.784551522, 6.86397321, 7.179966864, 7.442089218, 7.644645306, 8.005429098, 8.34543396, 8.613405198, 8.806572288, 8.92416564, 8.966031336, 0.0, 0.0, 0.0, 0.0, 0.0, 0.0, 0.0, 0.0, 0.0, 0.0, 0.0, 0.0, 0.0, 0.0, 0.0, 0.0, 0.0, 0.0, 0.0, 0.0, 0.0, 0.0, 0.0, 0.0, 0.0, 0.0, 0.0, 0.0, 0.0, 0.0, 0.0, 0.0, 0.0, 0.0, 0.0, 0.0, 6.691123296, 7.065144036, 7.40037744, 7.689435444, 7.925083902, 8.101627848, 8.26924455, 8.585084286, 8.828582562, 8.996661018, 9.087780474, 9.101633094, 9.039450222, 8.902924956], "min_cpu_time": [9, 7, 6, 5, 14, 8, 12, 16, 3, 17, 12, 15, 12, 1, 8, 18, 14, 8, 12, 15, 15, 9, 15, 16], "max_cpu_time": [18, 16, 33, 40, 28, 25, 23, 32, 25, 43, 26, 35, 31, 46, 13, 46, 16, 21, 27, 19, 42, 20, 16, 36], "min_job_period": [73, 46, 55, 87, 37, 43, 31, 67, 22, 95, 18, 59, 22, 11, 1, 50, 30, 30, 30, 26, 82, 59, 89, 40], "max_job_period": [85, 85, 74, 93, 45, 67, 59, 89, 40, 96, 92, 64, 31, 87, 13, 85, 91, 36, 57, 79, 90, 63, 92, 66], "min_startup": [1, 1, 1, 1, 1, 1, 1, 1, 1, 1, 1, 1, 1, 2, 1, 1, 1, 1, 1, 1, 1, 1, 1, 1], "max_startup": [91, 61, 86, 33, 96, 12, 3, 76, 14, 36, 22, 58, 76, 64, 20, 64, 52, 43, 77, 26, 35, 63, 26, 23], "priority": [3, 18, 6, 22, 12, 14, 5, 13, 24, 15, 21, 1, 4, 17, 16, 20, 11, 8, 7, 9, 19, 10, 2, 23], "win_min": [0, 0, 0, 0, 0, 0, 0, 0, 0, 0, 0, 0, 0, 0, 0, 0, 12, 0, 0, 0, 0, 0, 0, 0], "win_max": [97, 97, 97, 97, 97, 97, 97, 97, 97, 97, 97, 97, 97, 97, 97, 97, 94, 97, 97, 97, 97, 97, 97, 97]}