{"subs": 1, "jobs": 24, "T": 97, "power_use": [2.1302192879538664, 2.1426666589028747, 2.7781229707674138, 0.8722539944772973, 3.7835360162575715, 3.706924239431109, 3.275139145407086, 3.256858466910206, 3.1708458722462893, 3.153618056638759, 2.731425564383383, 2.9254788951082826, 3.509717107785643, 2.334834111576176, 3.9646875333350216, 0.9308384724847429, 1.0096313585232661, 0.329568847959253, 0.2887600847288365, 3.604805827742077, 0.16829465711476943, 3.71865702271632, 1.3190923430501285, 1.5885677234474924], "power_resource": [2.901508218, 2.583821466, 2.827011906, 2.989549314, 3.527338806, 4.10730183, 4.676336676, 5.224900428, 5.743911924, 6.224136084, 6.657569172, 7.036515288, 7.354048122, 7.604164872, 7.782247998, 7.88444955, 7.908152922, 7.851972852, 7.71590934, 7.50119373, 7.209980874, 6.846118722, 6.815950794, 7.141487364, 7.41423006, 7.628329998, 7.940167866, 8.293563594, 8.575233534, 8.782714998, 8.914468806, 8.970648876, 8.952178716, 0.0, 0.0, 0.0, 0.0, 0.0, 0.0, 0.0, 0.0, 0.0, 0.0, 0.0, 0.0, 0.0, 0.0, 0.0, 0.0, 0.0, 0.0, 0.0, 0.0, 0.0, 0.0, 0.0, 0.0, 0.0, 0.0, 0.0, 0.0, 0.0, 0.0, 0.0, 0.0, 0.0, 0.0, 0.0, 6.658030926, 6.999574968, 7.343581698, 7.642644372, 7.88983668, 8.079001902, 8.20459899, 8.52859638, 8.787024702, 8.970648876, 9.077467968, 9.107174142, 9.06038307, 8.938941768, 8.746236432, 8.486115012, 8.164426392, 7.787327292, 7.36189794, 6.89629599, 6.398986932, 5.87889801, 5.345418222, 4.808090484, 4.60830492, 4.433761908, 4.181490306, 3.8556459, 3.462077574], "min_cpu_time": [10, 8, 18, 5, 8, 10, 16, 13, 9, 7, 15, 11, 11, 17, 8, 15, 7, 10, 9, 18, 10, 10, 9, 13], "max_cpu_time": [12, 11, 44, 10, 19, 24, 18, 20, 17, 24, 19, 33, 28, 38, 16, 23, 25, 25, 21, 22, 29, 24, 23, 41], "min_job_period": [95, 3, 1, 33, 89, 34, 88, 84, 34, 54, 37, 84, 67, 66, 59, 60, 68, 84, 29, 16, 32, 76, 83, 40], "max_job_period": [96, 78, 74, 82, 93, 75, 89, 90, 34, 73, 43, 95, 92, 84, 94, 64, 88, 89, 77, 78, 92, 95, 90, 92], "min_startup": [1, 1, 1, 1, 1, 1, 1, 1, 1, 1, 1, 1, 1, 1, 1, 1, 1, 1, 1, 1, 1, 1, 1, 1], "max_startup": [19, 92, 34, 6, 23, 8, 94, 30, 16, 10, 79, 54, 87, 38, 41, 51, 61, 50, 25, 54, 91, 54, 43, 7], "priority": [10, 24, 23, 4, 18, 16, 11, 19, 15, 5, 2, 20, 12, 22, 3, 7, 13, 21, 1, 8, 17, 14, 6, 9], "win_min": [0, 0, 0, 0, 0, 0, 0, 0, 0, 0, 0, 0, 0, 0, 0, 0, 0, 0, 0, 6, 0, 0, 0, 0], "win_max": [97, 97, 97, 97, 97, 97, 97, 97, 97, 97, 97, 97, 97, 97, 97, 97, 97, 97, 97, 77, 97, 97, 97, 97]}