{"subs": 1, "jobs": 22, "T": 97, "power_use": [0.35320747029732624, 3.6538865609161206, 1.1164683540754587, 3.115430432117898, 0.6569987363227836, 2.666402384330085, 1.1047003835657905, 2.9037649460054835, 0.23836475413821884, 2.651854391252538, 0.23382603531848628, 2.6335097194709385, 1.4053466483815318, 2.9459003690335526, 1.677454953495391, 2.226191771529183, 0.7667368348707478, 1.1179215198858428, 1.9495043647674954, 0.1956564560887031, 3.3972437678821668, 1.7600719287386983], "power_resource": [6.93246672, 7.284785022, 7.593852366, 7.85212677, 8.053605432, 8.192593386, 8.469030114, 8.742234564, 8.941404456, 9.064077102, 9.109482912, 9.078237558, 8.97188022, 8.793489258, 8.54706654, 8.23769136, 7.871520438, 7.45578792, 6.998189706, 6.507191286, 5.991565986, 5.460856722, 4.924298574, 4.639396356, 4.48132257, 4.244442768, 3.93337449, 3.55319703, 3.110374944, 2.612142378, 2.709264636, 2.90366307, 3.277068138, 3.858108588, 4.431914892, 4.989098052, 5.520115152, 6.01588503, 6.467942196, 6.868282914, 7.209826956, 7.486109766, 7.692205968, 7.82365194, 7.877369322, 7.851665016, 7.746077268, 7.561067832, 7.298637642, 6.961865058, 6.714980586, 7.05867948, 7.35189327, 7.588773072, 7.80210342, 8.18151129, 8.490578634, 8.72638101, 8.886917484, 8.971572384, 8.9811153, 0.0, 0.0, 0.0, 0.0, 0.0, 0.0, 0.0, 0.0, 0.0, 0.0, 0.0, 0.0, 0.0, 0.0, 0.0, 0.0, 0.0, 0.0, 0.0, 0.0, 0.0, 0.0, 0.0, 0.0, 0.0, 0.0, 0.0, 0.0, 0.0, 0.0, 0.0, 0.0, 0.0, 0.0, 0.0, 6.771160656], "min_cpu_time": [18, 4, 17, 11, 13, 11, 13, 13, 11, 12, 12, 7, 6, 14, 2, 17, 11, 7, 1, 15, 16, 17], "max_cpu_time": [46, 32, 22, 38, 20, 39, 48, 45, 30, 34, 23, 43, 42, 16, 27, 28, 31, 14, 38, 18, 22, 17], "min_job_period": [18, 8, 23, 32, 7, 38, 27, 15, 31, 48, 65, 28, 47, 67, 30, 11, 37, 84, 12, 80, 4, 78], "max_job_period": [25, 39, 40, 95, 50, 54, 56, 26, 82, 88, 65, 52, 93, 83, 41, 45, 74, 93, 95, 96, 45, 95], "min_startup": [1, 2, 1, 1, 1, 1, 1, 1, 1, 1, 1, 1, 1, 1, 3, 1, 1, 1, 6, 1, 1, 1], "max_startup": [12, 44, 86, 10, 96, 89, 13, 54, 56, 76, 10, 9, 91, 41, 80, 76, 81, 14, 14, 43, 78, 14], "priority": [5, 2, 4, 15, 8, 21, 22, 12, 10, 13, 18, 11, 19, 6, 3, 1, 7, 16, 9, 14, 20, 17], "win_min": [0, 0, 0, 0, 0, 0, 0, 0, 0, 0, 0, 0, 0, 0, 0, 0, 0, 9, 0, 0, 0, 0], "win_max": [97, 97, 97, 97, 97, 97, 97, 97, 97, 97, 97, 97, 97, 97, 97, 97, 97, 91, 97, 97, 97, 97]}