{"subs": 1, "jobs": 24, "T": 97, "power_use": [1.2711480972675206, 0.4920529056511909, 0.9462880273234507, 3.2705766781118277, 0.9862230327146527, 0.9093724719381211, 2.9979707077244013, 0.6585746666833796, 0.11167422437405554, 0.4808085955845421, 2.8125829837673004, 2.1553648374155894, 3.2533060701078926, 2.3292172629202996, 3.4056509778975634, 2.4808213981091973, 1.6814213117812962, 0.540310928227825, 2.008952054486102, 1.5929387874916863, 1.5060871585957698, 2.0218743975949236, 2.135401219376242, 3.5271869102146542], "power_resource": [0.0, 0.0, 0.0, 0.0, 0.0, 0.0, 0.0, 0.0, 0.0, 0.0, 0.0, 0.0, 0.0, 0.0, 0.0, 0.0, 0.0, 0.0, 6.754383594, 6.900297858, 7.25107698, 7.558451226, 7.815340368, 8.015433768, 8.153190378, 8.464566492, 8.736539598, 8.934016392, 9.055149858, 9.09886257, 9.0657702, 8.957411928, 8.776866114, 8.527980708, 8.21614284, 7.847355312, 7.428698352, 6.96786786, 6.473637162, 5.954625666, 5.42022237, 4.879816272, 4.610305854, 4.450846806, 4.212581742, 3.899666448, 3.517488054, 3.07220328, 2.571354108, 2.784530538, 2.980929906, 3.319857342, 3.902283054, 4.477782456, 5.03696655, 5.57029242, 6.068678904, 6.523506594, 6.926771754, 7.271548074, 7.551370998, 7.761007314, 7.896147318, 7.95371265, 7.931856294, 7.829962578, 7.648801092, 7.390218852, 7.0571403, 6.654029058, 6.954323076, 7.250923062, 7.49118906, 7.744999842, 8.128255662, 8.441478792, 8.681283036, 8.845975296, 8.9349399, 8.948638602, 0.0, 0.0, 0.0, 0.0, 0.0, 0.0, 0.0, 0.0, 0.0, 0.0, 0.0, 0.0, 0.0, 0.0, 0.0, 0.0, 0.0], "min_cpu_time": [10, 4, 2, 15, 1, 17, 11, 8, 18, 17, 16, 14, 10, 10, 14, 11, 4, 8, 8, 8, 13, 17, 7, 8], "max_cpu_time": [20, 11, 4, 18, 17, 47, 11, 16, 36, 33, 26, 45, 17, 30, 47, 22, 41, 38, 31, 29, 25, 42, 14, 11], "min_job_period": [25, 31, 15, 20, 1, 48, 79, 46, 94, 3, 14, 81, 9, 26, 70, 58, 31, 24, 39, 19, 43, 17, 46, 38], "max_job_period": [80, 62, 19, 64, 42, 68, 91, 78, 94, 27, 84, 85, 24, 32, 82, 83, 94, 53, 47, 71, 55, 93, 88, 49], "min_startup": [1, 3, 6, 1, 11, 1, 1, 2, 1, 1, 1, 1, 1, 1, 1, 1, 3, 2, 2, 2, 1, 1, 2, 2], "max_startup": [75, 24, 76, 51, 13, 52, 12, 77, 4, 22, 30, 47, 54, 34, 56, 83, 92, 67, 76, 37, 22, 46, 12, 35], "priority": [10, 8, 16, 6, 22, 2, 18, 9, 24, 14, 17, 13, 3, 4, 15, 21, 7, 5, 12, 19, 11, 20, 1, 23], "win_min": [0, 0, 0, 0, 0, 0, 0, 0, 0, 0, 18, 0, 0, 0, 0, 0, 0, 0, 0, 0, 0, 0, 0, 0], "win_max": [97, 97, 97, 97, 97, 97, 97, 97, 97, 97, 81, 97, 97, 97, 97, 97, 97, 97, 97, 97, 97, 97, 97, 97]}