{"subs": 1, "jobs": 20, "T": 97, "power_use": [2.8636055718259534, 2.415025870525859, 2.1840839001576184, 1.7003826493622298, 2.5871175111359577, 1.7559729729381433, 3.568174273120498, 3.8550144143991067, 1.5399316601148532, 3.1689829019498315, 2.120290729814089, 2.27649779876479, 3.7031305867877173, 0.2934338722095689, 0.35764590580914746, 0.09067140578689963, 3.332153183736273, 3.114845436289903, 3.4813484715048086, 3.914687185508728], "power_resource": [7.561067832, 7.298637642, 6.961865058, 6.714980586, 7.05867948, 7.35189327, 7.588773072, 7.80210342, 8.18151129, 8.490578634, 8.72638101, 8.886917484, 8.971572384, 8.9811153, 0.0, 0.0, 0.0, 0.0, 0.0, 0.0, 0.0, 0.0, 0.0, 0.0, 0.0, 0.0, 0.0, 0.0, 0.0, 0.0, 0.0, 0.0, 0.0, 0.0, 0.0, 0.0, 0.0, 0.0, 0.0, 0.0, 0.0, 0.0, 0.0, 0.0, 0.0, 0.0, 0.0, 0.0, 0.0, 6.771160656, 6.863665374, 7.22414133, 7.54275159, 7.81210809, 8.025592356, 8.17766334, 8.406385488, 8.694519984, 8.908927758, 9.04730004, 9.108559404, 9.092859768, 9.001740312, 8.83797156, 8.605093626, 8.308339722, 7.95371265, 7.547830884, 7.098544242, 6.614010378, 6.103310454, 5.575525632, 5.040198828, 4.667255514, 4.525497036, 4.304470788, 4.00802472, 3.64169988, 3.211191234, 2.724040764, 2.64585042, 2.856102408, 3.152086722, 3.733127172, 4.30893441, 4.869811602, 5.406215832, 5.909219856, 6.370204266, 6.78085749, 7.133945382, 7.423157304, 7.642952208, 7.788866472, 7.8575139, 7.847201394, 7.75669761], "min_cpu_time": [5, 6, 7, 9, 18, 16, 5, 10, 11, 2, 2, 8, 10, 4, 7, 12, 15, 1, 15, 4], "max_cpu_time": [20, 30, 25, 48, 21, 22, 12, 35, 20, 23, 13, 14, 14, 33, 12, 19, 27, 39, 18, 41], "min_job_period": [15, 32, 7, 69, 28, 18, 28, 2, 80, 1, 13, 13, 71, 30, 12, 56, 57, 5, 22, 30], "max_job_period": [51, 87, 69, 77, 84, 49, 88, 57, 94, 67, 73, 55, 95, 73, 48, 80, 57, 32, 71, 49], "min_startup": [2, 2, 2, 1, 1, 1, 2, 1, 1, 5, 5, 2, 1, 3, 2, 1, 1, 10, 1, 3], "max_startup": [94, 46, 94, 59, 71, 4, 28, 12, 29, 15, 34, 41, 7, 68, 55, 26, 51, 18, 56, 90], "priority": [16, 14, 13, 6, 12, 3, 9, 7, 4, 20, 5, 11, 17, 19, 10, 2, 1, 8, 15, 18], "win_min": [0, 0, 0, 6, 0, 0, 0, 0, 0, 0, 0, 0, 0, 0, 0, 0, 0, 0, 0, 0], "win_max": [97, 97, 97, 88, 97, 97, 97, 97, 97, 97, 97, 97, 97, 97, 97, 97, 97, 97, 97, 97]}