{"subs": 1, "jobs": 24, "T": 97, "power_use": [0.23793464223294983, 2.0202527629627856, 2.055190102172927, 1.4522773326081957, 3.121863782130194, 1.6982149253095338, 3.411527952348224, 2.526039880514632, 2.415296718643168, 0.2493254702583237, 3.4073153586198845, 1.726162364048437, 2.9362123747127145, 2.581308549861778, 2.1490306165553172, 3.223258053781116, 0.5919398655701396, 1.4843172859760252, 2.2646038822330063, 0.07936571383218537, 2.5770237876621085, 1.9411567555812301, 0.41795532696048804, 0.8090006376673925], "power_resource": [6.467942196, 6.868282914, 7.209826956, 7.486109766, 7.692205968, 7.82365194, 7.877369322, 7.851665016, 7.746077268, 7.561067832, 7.298637642, 6.961865058, 6.714980586, 7.05867948, 7.35189327, 7.588773072, 7.80210342, 8.18151129, 8.490578634, 8.72638101, 8.886917484, 8.971572384, 8.9811153, 0.0, 0.0, 0.0, 0.0, 0.0, 0.0, 0.0, 0.0, 0.0, 0.0, 0.0, 0.0, 0.0, 0.0, 0.0, 0.0, 0.0, 0.0, 0.0, 0.0, 0.0, 0.0, 0.0, 0.0, 0.0, 0.0, 0.0, 0.0, 0.0, 0.0, 0.0, 0.0, 0.0, 0.0, 0.0, 6.771160656, 6.863665374, 7.22414133, 7.54275159, 7.81210809, 8.025592356, 8.17766334, 8.406385488, 8.694519984, 8.908927758, 9.04730004, 9.108559404, 9.092859768, 9.001740312, 8.83797156, 8.605093626, 8.308339722, 7.95371265, 7.547830884, 7.098544242, 6.614010378, 6.103310454, 5.575525632, 5.040198828, 4.667255514, 4.525497036, 4.304470788, 4.00802472, 3.64169988, 3.211191234, 2.724040764, 2.64585042, 2.856102408, 3.152086722, 3.733127172, 4.30893441, 4.869811602, 5.406215832, 5.909219856], "min_cpu_time": [7, 13, 10, 7, 15, 5, 2, 10, 3, 14, 16, 11, 6, 3, 12, 13, 14, 17, 11, 15, 8, 1, 7, 11], "max_cpu_time": [33, 47, 18, 26, 32, 31, 24, 47, 7, 32, 21, 30, 42, 7, 45, 28, 23, 33, 38, 28, 13, 23, 39, 18], "min_job_period": [64, 38, 45, 56, 4, 96, 3, 3, 31, 8, 19, 20, 20, 32, 28, 36, 31, 80, 93, 91, 47, 88, 3, 93], "max_job_period": [78, 64, 59, 92, 25, 96, 71, 23, 82, 85, 29, 68, 31, 64, 75, 73, 69, 87, 94, 95, 56, 92, 11, 95], "min_startup": [1, 1, 1, 1, 1, 1, 1, 1, 1, 1, 1, 1, 1, 1, 1, 1, 1, 1, 1, 1, 1, 1, 1, 1], "max_startup": [75, 12, 95, 67, 14, 45, 55, 40, 86, 29, 26, 51, 73, 82, 83, 4, 81, 84, 41, 50, 29, 24, 45, 47], "priority": [5, 21, 20, 9, 13, 6, 1, 23, 10, 22, 24, 12, 11, 3, 2, 15, 14, 7, 16, 19, 18, 8, 4, 17], "win_min": [0, 0, 0, 0, 0, 0, 0, 0, 0, 0, 0, 0, 0, 8, 0, 0, 0, 0, 0, 0, 0, 0, 0, 0], "win_max": [97, 97, 97, 97, 97, 97, 97, 97, 97, 97, 97, 97, 97, 80, 97, 97, 97, 97, 97, 97, 97, 97, 97, 97]}