{"subs": 1, "jobs": 24, "T": 97, "power_use": [3.976224920190383, 0.3328481094714555, 0.8123133449841499, 0.0333861200207052, 0.35118572386421315, 2.578080044857421, 0.46238945666967685, 3.2391508999500296, 0.14125096064758216, 3.0933464029364486, 0.79971228677219, 3.4917226269408954, 1.3130702359719155, 1.4122281827514065, 1.9433527195509133, 0.42664674469702374, 1.954856230142451, 3.2805433328434543, 0.454157940813973, 0.6818600523291815, 0.7675906019718838, 3.6661003672184784, 2.814408316228165, 3.3311699272883932], "power_resource": [7.746077268, 7.561067832, 7.298637642, 6.961865058, 6.714980586, 7.05867948, 7.35189327, 7.588773072, 7.80210342, 8.18151129, 8.490578634, 8.72638101, 8.886917484, 8.971572384, 8.9811153, 0.0, 0.0, 0.0, 0.0, 0.0, 0.0, 0.0, 0.0, 0.0, 0.0, 0.0, 0.0, 0.0, 0.0, 0.0, 0.0, 0.0, 0.0, 0.0, 0.0, 0.0, 0.0, 0.0, 0.0, 0.0, 0.0, 0.0, 0.0, 0.0, 0.0, 0.0, 0.0, 0.0, 0.0, 0.0, 6.771160656, 6.863665374, 7.22414133, 7.54275159, 7.81210809, 8.025592356, 8.17766334, 8.406385488, 8.694519984, 8.908927758, 9.04730004, 9.108559404, 9.092859768, 9.001740312, 8.83797156, 8.605093626, 8.308339722, 7.95371265, 7.547830884, 7.098544242, 6.614010378, 6.103310454, 5.575525632, 5.040198828, 4.667255514, 4.525497036, 4.304470788, 4.00802472, 3.64169988, 3.211191234, 2.724040764, 2.64585042, 2.856102408, 3.152086722, 3.733127172, 4.30893441, 4.869811602, 5.406215832, 5.909219856, 6.370204266, 6.78085749, 7.133945382, 7.423157304, 7.642952208, 7.788866472, 7.8575139, 7.847201394], "min_cpu_time": [5, 1, 12, 8, 17, 6, 1, 11, 8, 2, 9, 9, 9, 13, 1, 17, 2, 9, 12, 10, 12, 4, 5, 4], "max_cpu_time": [45, 46, 15, 30, 19, 17, 43, 26, 26, 26, 22, 43, 11, 47, 24, 45, 5, 15, 19, 10, 26, 22, 32, 37], "min_job_period": [8, 1, 4, 14, 30, 2, 2, 39, 26, 3, 8, 30, 13, 41, 1, 90, 4, 21, 19, 10, 26, 8, 9, 11], "max_job_period": [19, 85, 15, 43, 36, 60, 59, 43, 77, 86, 95, 59, 17, 52, 56, 93, 10, 78, 21, 75, 94, 70, 57, 18], "min_startup": [5, 23, 2, 3, 1, 4, 23, 2, 3, 11, 3, 3, 3, 2, 23, 1, 11, 3, 2, 2, 2, 6, 5, 6], "max_startup": [56, 28, 8, 54, 13, 65, 48, 41, 33, 89, 87, 93, 7, 4, 72, 54, 54, 96, 56, 47, 51, 27, 83, 17], "priority": [2, 16, 14, 11, 6, 5, 10, 8, 1, 15, 13, 4, 23, 3, 19, 17, 20, 24, 7, 22, 12, 21, 18, 9], "win_min": [0, 0, 0, 0, 17, 0, 0, 0, 0, 0, 0, 0, 0, 0, 0, 0, 0, 0, 0, 0, 0, 0, 0, 0], "win_max": [97, 97, 97, 97, 96, 97, 97, 97, 97, 97, 97, 97, 97, 97, 97, 97, 97, 97, 97, 97, 97, 97, 97, 97]}