{"subs": 1, "jobs": 20, "T": 97, "power_use": [2.899441161020254, 0.5618342656161647, 3.9161260088257985, 1.1082100593591069, 3.4111912980662615, 1.7650072591014214, 3.1273045760742058, 1.1741813013033902, 2.8099316049443, 1.0649767782161983, 2.5060878314260866, 1.3114996347562857, 0.07653660123300696, 3.7799195851654814, 0.40621642667117364, 0.10357075085690962, 3.749420867228977, 3.400127313035301, 0.33208788587901283, 0.9967485043387234], "power_resource": [7.40037744, 7.689435444, 7.925083902, 8.101627848, 8.26924455, 8.585084286, 8.828582562, 8.996661018, 9.087780474, 9.101633094, 9.039450222, 8.902924956, 8.695905246, 8.422700796, 8.088698736, 7.700825376, 7.266007026, 6.792709176, 6.289551234, 5.765306526, 5.229671886, 4.691882394, 4.573827288, 4.383276804, 4.115459484, 3.775300704, 3.368341512, 2.901508218, 2.583821466, 2.827011906, 2.989549314, 3.527338806, 4.10730183, 4.676336676, 5.224900428, 5.743911924, 6.224136084, 6.657569172, 7.036515288, 7.354048122, 7.604164872, 7.782247998, 7.88444955, 7.908152922, 7.851972852, 7.71590934, 7.50119373, 7.209980874, 6.846118722, 6.815950794, 7.141487364, 7.41423006, 7.628329998, 7.940167866, 8.293563594, 8.575233534, 8.782714998, 8.914468806, 8.970648876, 8.952178716, 0.0, 0.0, 0.0, 0.0, 0.0, 0.0, 0.0, 0.0, 0.0, 0.0, 0.0, 0.0, 0.0, 0.0, 0.0, 0.0, 0.0, 0.0, 0.0, 0.0, 0.0, 0.0, 0.0, 0.0, 0.0, 0.0, 0.0, 0.0, 0.0, 0.0, 0.0, 0.0, 0.0, 0.0, 0.0, 6.658030926, 6.999574968], "min_cpu_time": [3, 17, 5, 9, 17, 8, 3, 3, 12, 10, 1, 7, 4, 16, 12, 12, 1, 1, 15, 18], "max_cpu_time": [26, 26, 41, 26, 23, 21, 44, 46, 34, 18, 21, 43, 14, 24, 23, 26, 7, 12, 17, 33], "min_job_period": [15, 73, 10, 11, 40, 21, 15, 4, 39, 39, 2, 27, 18, 46, 17, 22, 3, 3, 50, 82], "max_job_period": [42, 96, 55, 18, 51, 63, 82, 22, 95, 45, 94, 40, 65, 84, 33, 52, 13, 83, 73, 92], "min_startup": [6, 1, 4, 2, 1, 2, 6, 6, 2, 2, 18, 3, 5, 1, 2, 2, 18, 18, 1, 1], "max_startup": [25, 30, 43, 38, 53, 7, 7, 35, 44, 95, 19, 82, 19, 53, 75, 74, 35, 81, 6, 36], "priority": [5, 2, 16, 9, 15, 3, 18, 11, 12, 17, 6, 13, 8, 19, 7, 20, 4, 1, 14, 10], "win_min": [0, 0, 0, 0, 0, 0, 0, 0, 0, 0, 0, 0, 0, 0, 0, 0, 0, 0, 10, 0], "win_max": [97, 97, 97, 97, 97, 97, 97, 97, 97, 97, 97, 97, 97, 97, 97, 97, 97, 97, 78, 97]}