{"subs": 1, "jobs": 20, "T": 97, "power_use": [0.5564323052608849, 1.2355978196665107, 1.8003448275641203, 3.327310283567758, 3.4959044959572783, 2.8616514744285046, 1.3034818952036193, 3.2974008197430025, 0.8637530281851851, 2.3457847582737594, 0.1277046943075293, 3.51511350815415, 2.5484447134496144, 0.9778582120882715, 1.430970599259539, 1.9871083487578753, 3.165171370357461, 1.9544307216124546, 2.647028333730795, 0.03858450364434756], "power_resource": [0.0, 0.0, 0.0, 0.0, 0.0, 0.0, 6.691123296, 7.065144036, 7.40037744, 7.689435444, 7.925083902, 8.101627848, 8.26924455, 8.585084286, 8.828582562, 8.996661018, 9.087780474, 9.101633094, 9.039450222, 8.902924956, 8.695905246, 8.422700796, 8.088698736, 7.700825376, 7.266007026, 6.792709176, 6.289551234, 5.765306526, 5.229671886, 4.691882394, 4.573827288, 4.383276804, 4.115459484, 3.775300704, 3.368341512, 2.901508218, 2.583821466, 2.827011906, 2.989549314, 3.527338806, 4.10730183, 4.676336676, 5.224900428, 5.743911924, 6.224136084, 6.657569172, 7.036515288, 7.354048122, 7.604164872, 7.782247998, 7.88444955, 7.908152922, 7.851972852, 7.71590934, 7.50119373, 7.209980874, 6.846118722, 6.815950794, 7.141487364, 7.41423006, 7.628329998, 7.940167866, 8.293563594, 8.575233534, 8.782714998, 8.914468806, 8.970648876, 8.952178716, 0.0, 0.0, 0.0, 0.0, 0.0, 0.0, 0.0, 0.0, 0.0, 0.0, 0.0, 0.0, 0.0, 0.0, 0.0, 0.0, 0.0, 0.0, 0.0, 0.0, 0.0, 0.0, 0.0, 0.0, 0.0, 0.0, 0.0, 0.0, 0.0], "min_cpu_time": [18, 8, 15, 17, 18, 8, 12, 10, 6, 13, 15, 5, 12, 9, 2, 18, 15, 17, 7, 7], "max_cpu_time": [43, 37, 29, 21, 23, 30, 20, 27, 38, 30, 42, 48, 20, 25, 19, 36, 20, 43, 38, 34], "min_job_period": [13, 33, 76, 90, 53, 93, 20, 88, 77, 84, 76, 79, 18, 42, 15, 38, 45, 56, 95, 80], "max_job_period": [50, 43, 96, 93, 92, 95, 83, 88, 88, 90, 76, 96, 29, 96, 36, 56, 75, 71, 96, 87], "min_startup": [1, 1, 1, 1, 1, 1, 1, 1, 1, 1, 1, 1, 1, 1, 1, 1, 1, 1, 1, 1], "max_startup": [40, 87, 89, 96, 15, 16, 27, 96, 74, 58, 94, 82, 48, 69, 85, 77, 37, 22, 22, 2], "priority": [18, 9, 7, 19, 3, 8, 10, 5, 20, 12, 1, 14, 2, 13, 15, 16, 6, 17, 4, 11], "win_min": [0, 0, 0, 0, 0, 0, 0, 0, 0, 0, 0, 0, 0, 0, 0, 0, 8, 0, 0, 0], "win_max": [97, 97, 97, 97, 97, 97, 97, 97, 97, 97, 97, 97, 97, 97, 97, 97, 87, 97, 97, 97]}