{"subs": 1, "jobs": 24, "T": 97, "power_use": [3.537943315076995, 0.6166157786293789, 0.07330258762787037, 3.623801473862424, 0.11954959445941142, 3.648062561723579, 3.3766784830084315, 0.893723365586817, 3.016430217590446, 0.2036810688572876, 3.8697169742952573, 0.1865330360585746, 3.3429360418230214, 2.7236714491260776, 2.3300074134356406, 3.1651762224912017, 1.9685999865920343, 0.6360460396579928, 1.6905068966993295, 1.2721784626430936, 0.1613984561807998, 2.3925653854065096, 3.4766736975765475, 0.2980790160960633], "power_resource": [0.0, 0.0, 0.0, 0.0, 0.0, 0.0, 0.0, 0.0, 0.0, 0.0, 0.0, 0.0, 0.0, 0.0, 0.0, 0.0, 0.0, 0.0, 0.0, 0.0, 0.0, 6.716058012, 6.93246672, 7.284785022, 7.593852366, 7.85212677, 8.053605432, 8.192593386, 8.469030114, 8.742234564, 8.941404456, 9.064077102, 9.109482912, 9.078237558, 8.97188022, 8.793489258, 8.54706654, 8.23769136, 7.871520438, 7.45578792, 6.998189706, 6.507191286, 5.991565986, 5.460856722, 4.924298574, 4.639396356, 4.48132257, 4.244442768, 3.93337449, 3.55319703, 3.110374944, 2.612142378, 2.709264636, 2.90366307, 3.277068138, 3.858108588, 4.431914892, 4.989098052, 5.520115152, 6.01588503, 6.467942196, 6.868282914, 7.209826956, 7.486109766, 7.692205968, 7.82365194, 7.877369322, 7.851665016, 7.746077268, 7.561067832, 7.298637642, 6.961865058, 6.714980586, 7.05867948, 7.35189327, 7.588773072, 7.80210342, 8.18151129, 8.490578634, 8.72638101, 8.886917484, 8.971572384, 8.9811153, 0.0, 0.0, 0.0, 0.0, 0.0, 0.0, 0.0, 0.0, 0.0, 0.0, 0.0, 0.0, 0.0, 0.0], "min_cpu_time": [6, 18, 13, 15, 2, 4, 18, 6, 8, 1, 9, 1, 3, 8, 16, 5, 3, 2, 13, 12, 7, 17, 14, 13], "max_cpu_time": [25, 34, 17, 31, 11, 42, 31, 34, 47, 45, 37, 10, 32, 26, 46, 41, 27, 20, 35, 44, 31, 39, 43, 23], "min_job_period": [20, 94, 52, 82, 10, 17, 52, 19, 5, 8, 75, 5, 4, 29, 24, 31, 23, 8, 51, 93, 18, 51, 43, 3], "max_job_period": [28, 96, 69, 92, 87, 64, 60, 65, 9, 14, 78, 17, 83, 56, 88, 71, 34, 86, 82, 96, 45, 79, 78, 58], "min_startup": [2, 1, 1, 1, 5, 3, 1, 2, 2, 9, 1, 9, 3, 2, 1, 2, 3, 5, 1, 1, 2, 1, 1, 1], "max_startup": [90, 23, 20, 28, 86, 72, 91, 33, 43, 28, 18, 13, 55, 39, 79, 68, 24, 53, 59, 49, 93, 16, 40, 96], "priority": [5, 19, 13, 16, 2, 17, 7, 12, 1, 23, 6, 20, 9, 10, 21, 4, 15, 24, 11, 18, 14, 8, 3, 22], "win_min": [0, 12, 0, 0, 0, 0, 0, 0, 0, 0, 0, 0, 0, 0, 0, 0, 0, 0, 0, 0, 0, 0, 0, 0], "win_max": [97, 77, 97, 97, 97, 97, 97, 97, 97, 97, 97, 97, 97, 97, 97, 97, 97, 97, 97, 97, 97, 97, 97, 97]}