{"subs": 1, "jobs": 22, "T": 97, "power_use": [2.7150056949708934, 2.0616074828264805, 1.95328040297916, 3.08318503980579, 0.5911609394848574, 2.9387551871205484, 0.12802238460417917, 0.5482676951471346, 1.5024292282479952, 3.37426382205689, 1.4015477216749632, 1.4265536316572998, 1.6681296785140822, 2.751392330161567, 3.2448196050213034, 2.4453037790549637, 1.6893902436219914, 0.5338708286080849, 1.5798990000787914, 1.6228902674679535, 0.12882235813330326, 1.367774738180173], "power_resource": [0.0, 0.0, 0.0, 0.0, 0.0, 0.0, 0.0, 0.0, 0.0, 0.0, 0.0, 0.0, 0.0, 0.0, 0.0, 0.0, 0.0, 0.0, 0.0, 0.0, 0.0, 0.0, 0.0, 0.0, 0.0, 0.0, 0.0, 0.0, 0.0, 0.0, 0.0, 0.0, 0.0, 0.0, 0.0, 6.809794074, 6.832112184, 7.190895042, 7.507966122, 7.775783442, 7.987882446, 8.138722086, 8.40238362, 8.689132854, 8.902155366, 9.03883455, 9.098400816, 9.081008082, 8.987887692, 8.82181017, 8.586777384, 8.287560792, 7.930163196, 7.521356988, 7.068991986, 6.581379762, 6.067293642, 5.535814788, 4.996793952, 4.638165012, 4.495021272, 4.272609762, 3.974470596, 3.606144822, 3.173327406, 2.68356033, 2.720654568, 2.932753572, 3.195029844, 3.777455556, 4.354801974, 4.9176801, 5.4563931, 5.961859812, 6.425460828, 6.839192412, 7.195512582, 7.4881107, 7.711445718, 7.861054014, 7.933549392, 7.926930918, 7.840275084, 7.674043644, 7.429929696, 7.110703764, 6.720521634, 6.909994692, 7.21644543, 7.467793524, 7.67204271, 8.068227642, 8.394841638, 8.648806338, 8.827659054, 8.930938032, 8.958643272], "min_cpu_time": [7, 11, 17, 18, 7, 8, 5, 14, 17, 10, 17, 16, 16, 10, 17, 17, 8, 2, 2, 7, 5, 16], "max_cpu_time": [43, 47, 44, 46, 9, 13, 9, 37, 27, 11, 35, 47, 27, 42, 35, 45, 20, 18, 3, 20, 20, 24], "min_job_period": [62, 51, 46, 52, 9, 53, 22, 8, 68, 5, 47, 10, 84, 63, 42, 72, 40, 12, 6, 18, 7, 23], "max_job_period": [84, 59, 56, 81, 40, 91, 85, 27, 81, 78, 84, 36, 89, 65, 93, 85, 89, 89, 22, 31, 58, 61], "min_startup": [1, 1, 1, 1, 1, 1, 2, 1, 1, 1, 1, 1, 1, 1, 1, 1, 1, 4, 4, 1, 2, 1], "max_startup": [24, 7, 21, 28, 54, 28, 61, 42, 4, 4, 35, 71, 19, 77, 2, 84, 31, 21, 82, 59, 38, 2], "priority": [3, 20, 11, 21, 19, 7, 14, 1, 22, 5, 6, 16, 15, 12, 9, 2, 13, 18, 8, 10, 4, 17], "win_min": [0, 0, 0, 0, 0, 0, 0, 0, 0, 0, 0, 0, 0, 17, 0, 0, 0, 0, 0, 0, 0, 0], "win_max": [97, 97, 97, 97, 97, 97, 97, 97, 97, 97, 97, 97, 97, 87, 97, 97, 97, 97, 97, 97, 97, 97]}