{"subs": 1, "jobs": 20, "T": 97, "power_use": [0.5892414387511815, 1.345375326209527, 1.8471316339011445, 0.5200084298094756, 1.4586625611819477, 0.9202851208287597, 3.391535383058904, 1.3724815792849816, 0.9148893894583969, 1.638643797380606, 2.7354255500127653, 0.27183177585608514, 0.7311095622759293, 2.780284686305677, 3.011503853168332, 2.474839575644171, 3.518002256541016, 0.6835127584095986, 2.8171554514837, 3.6698680347292343], "power_resource": [0.0, 0.0, 0.0, 0.0, 0.0, 0.0, 0.0, 0.0, 0.0, 0.0, 0.0, 0.0, 0.0, 0.0, 0.0, 0.0, 0.0, 0.0, 0.0, 0.0, 0.0, 0.0, 0.0, 0.0, 0.0, 0.0, 0.0, 0.0, 0.0, 0.0, 0.0, 0.0, 0.0, 0.0, 6.809794074, 6.832112184, 7.190895042, 7.507966122, 7.775783442, 7.987882446, 8.138722086, 8.40238362, 8.689132854, 8.902155366, 9.03883455, 9.098400816, 9.081008082, 8.987887692, 8.82181017, 8.586777384, 8.287560792, 7.930163196, 7.521356988, 7.068991986, 6.581379762, 6.067293642, 5.535814788, 4.996793952, 4.638165012, 4.495021272, 4.272609762, 3.974470596, 3.606144822, 3.173327406, 2.68356033, 2.720654568, 2.932753572, 3.195029844, 3.777455556, 4.354801974, 4.9176801, 5.4563931, 5.961859812, 6.425460828, 6.839192412, 7.195512582, 7.4881107, 7.711445718, 7.861054014, 7.933549392, 7.926930918, 7.840275084, 7.674043644, 7.429929696, 7.110703764, 6.720521634, 6.909994692, 7.21644543, 7.467793524, 7.67204271, 8.068227642, 8.394841638, 8.648806338, 8.827659054, 8.930938032, 8.958643272, 0.0], "min_cpu_time": [17, 14, 7, 9, 8, 5, 5, 4, 8, 9, 3, 15, 10, 4, 12, 13, 6, 15, 6, 6], "max_cpu_time": [46, 41, 42, 14, 31, 14, 42, 4, 12, 23, 21, 24, 13, 9, 23, 46, 14, 40, 16, 7], "min_job_period": [1, 27, 34, 28, 9, 51, 76, 91, 48, 58, 28, 15, 13, 71, 71, 18, 40, 58, 13, 76], "max_job_period": [60, 70, 78, 96, 58, 90, 84, 94, 93, 83, 48, 65, 42, 79, 86, 30, 67, 94, 45, 79], "min_startup": [1, 1, 1, 1, 1, 1, 1, 1, 1, 1, 1, 1, 1, 1, 1, 1, 1, 1, 1, 1], "max_startup": [15, 45, 73, 70, 34, 46, 79, 81, 31, 1, 5, 71, 27, 47, 19, 82, 49, 51, 28, 50], "priority": [3, 16, 9, 19, 12, 18, 5, 10, 4, 15, 20, 8, 1, 6, 17, 13, 11, 7, 2, 14], "win_min": [0, 0, 0, 0, 0, 1, 0, 0, 0, 0, 0, 0, 0, 0, 0, 0, 0, 0, 0, 0], "win_max": [97, 97, 97, 97, 97, 81, 97, 97, 97, 97, 97, 97, 97, 97, 97, 97, 97, 97, 97, 97]}