{"subs": 1, "jobs": 22, "T": 97, "power_use": [0.2892608485944478, 1.7804545595924308, 3.6267097775838337, 1.6129713821866152, 0.022082699567924267, 0.8294788359047727, 3.573513562146408, 1.3853002192066348, 1.0395653746714173, 0.1047590185158675, 2.0719580332684138, 1.2896534520713585, 3.7452205271547543, 1.0818121582667484, 1.936323413537068, 2.2304449288828714, 2.534244056870217, 0.11535391040906783, 0.679681270832526, 3.63753892804727, 1.7957044169802885, 1.9124885564354515], "power_resource": [7.88444955, 7.908152922, 7.851972852, 7.71590934, 7.50119373, 7.209980874, 6.846118722, 6.815950794, 7.141487364, 7.41423006, 7.628329998, 7.940167866, 8.293563594, 8.575233534, 8.782714998, 8.914468806, 8.970648876, 8.952178716, 0.0, 0.0, 0.0, 0.0, 0.0, 0.0, 0.0, 0.0, 0.0, 0.0, 0.0, 0.0, 0.0, 0.0, 0.0, 0.0, 0.0, 0.0, 0.0, 0.0, 0.0, 0.0, 0.0, 0.0, 0.0, 0.0, 0.0, 0.0, 0.0, 0.0, 0.0, 0.0, 0.0, 0.0, 0.0, 6.658030926, 6.999574968, 7.343581698, 7.642644372, 7.88983668, 8.079001902, 8.20459899, 8.52859638, 8.787024702, 8.970648876, 9.077467968, 9.107174142, 9.06038307, 8.938941768, 8.746236432, 8.486115012, 8.164426392, 7.787327292, 7.36189794, 6.89629599, 6.398986932, 5.87889801, 5.345418222, 4.808090484, 4.60830492, 4.433761908, 4.181490306, 3.8556459, 3.462077574, 3.007095966, 2.511018252, 2.769600492, 2.948145372, 3.402203472, 3.982782168, 4.55443362, 5.107460994, 5.63262921, 6.120857106, 6.56383311, 6.953553486, 7.283091924, 7.546445622, 7.738535286], "min_cpu_time": [4, 5, 18, 9, 13, 5, 15, 5, 7, 18, 4, 17, 3, 7, 15, 9, 13, 17, 16, 16, 8, 14], "max_cpu_time": [35, 16, 41, 44, 41, 42, 43, 36, 24, 19, 40, 35, 26, 28, 27, 19, 26, 20, 35, 38, 30, 22], "min_job_period": [10, 14, 5, 25, 17, 8, 13, 16, 19, 14, 14, 43, 6, 22, 21, 1, 27, 38, 25, 18, 24, 27], "max_job_period": [84, 76, 27, 26, 96, 88, 17, 60, 55, 20, 28, 80, 14, 73, 55, 85, 36, 90, 91, 66, 73, 82], "min_startup": [6, 5, 2, 3, 2, 5, 2, 5, 4, 2, 6, 2, 8, 4, 2, 3, 2, 2, 2, 2, 3, 2], "max_startup": [64, 66, 68, 72, 16, 6, 40, 12, 8, 93, 28, 44, 57, 95, 22, 77, 29, 72, 79, 7, 26, 31], "priority": [21, 12, 1, 19, 4, 13, 7, 16, 11, 5, 3, 9, 22, 10, 17, 2, 20, 6, 8, 15, 18, 14], "win_min": [0, 0, 0, 0, 0, 0, 0, 0, 0, 0, 0, 0, 0, 0, 0, 0, 0, 0, 0, 9, 0, 0], "win_max": [97, 97, 97, 97, 97, 97, 97, 97, 97, 97, 97, 97, 97, 97, 97, 97, 97, 97, 97, 82, 97, 97]}