{"subs": 1, "jobs": 22, "T": 97, "power_use": [2.7628678284454695, 0.3812061483171409, 3.362369918033742, 3.9344644479774447, 2.4051543032955895, 0.1627205671685907, 3.6037548736497844, 3.87562397731326, 0.5433350085297161, 1.918589886398549, 0.9010278182323459, 0.17666011234735784, 1.367875330477816, 0.5447668407135009, 2.26004520397768, 0.7082143476367082, 1.5432138719838864, 1.3791902286435083, 3.324819436958744, 2.660937246722412, 1.9698538805498844, 3.8549301303301555], "power_resource": [0.0, 6.716058012, 6.93246672, 7.284785022, 7.593852366, 7.85212677, 8.053605432, 8.192593386, 8.469030114, 8.742234564, 8.941404456, 9.064077102, 9.109482912, 9.078237558, 8.97188022, 8.793489258, 8.54706654, 8.23769136, 7.871520438, 7.45578792, 6.998189706, 6.507191286, 5.991565986, 5.460856722, 4.924298574, 4.639396356, 4.48132257, 4.244442768, 3.93337449, 3.55319703, 3.110374944, 2.612142378, 2.709264636, 2.90366307, 3.277068138, 3.858108588, 4.431914892, 4.989098052, 5.520115152, 6.01588503, 6.467942196, 6.868282914, 7.209826956, 7.486109766, 7.692205968, 7.82365194, 7.877369322, 7.851665016, 7.746077268, 7.561067832, 7.298637642, 6.961865058, 6.714980586, 7.05867948, 7.35189327, 7.588773072, 7.80210342, 8.18151129, 8.490578634, 8.72638101, 8.886917484, 8.971572384, 8.9811153, 0.0, 0.0, 0.0, 0.0, 0.0, 0.0, 0.0, 0.0, 0.0, 0.0, 0.0, 0.0, 0.0, 0.0, 0.0, 0.0, 0.0, 0.0, 0.0, 0.0, 0.0, 0.0, 0.0, 0.0, 0.0, 0.0, 0.0, 0.0, 0.0, 0.0, 0.0, 0.0, 0.0, 0.0], "min_cpu_time": [18, 8, 8, 6, 16, 4, 14, 11, 11, 9, 18, 10, 4, 12, 14, 17, 14, 18, 1, 5, 4, 18], "max_cpu_time": [26, 9, 11, 27, 25, 12, 37, 30, 47, 14, 31, 20, 19, 23, 28, 47, 19, 25, 10, 15, 18, 48], "min_job_period": [89, 25, 11, 17, 1, 10, 56, 10, 3, 18, 51, 26, 13, 45, 66, 7, 33, 66, 4, 15, 16, 39], "max_job_period": [93, 81, 84, 20, 34, 30, 72, 81, 86, 33, 71, 82, 30, 57, 70, 66, 80, 80, 33, 71, 79, 77], "min_startup": [1, 3, 3, 3, 1, 5, 1, 2, 2, 2, 1, 2, 5, 2, 1, 1, 1, 1, 19, 4, 5, 1], "max_startup": [16, 64, 66, 56, 25, 8, 79, 61, 10, 95, 41, 62, 70, 41, 5, 96, 87, 85, 43, 72, 6, 93], "priority": [14, 3, 15, 10, 2, 11, 21, 18, 7, 5, 9, 17, 13, 16, 8, 6, 19, 1, 4, 22, 12, 20], "win_min": [0, 0, 0, 0, 0, 0, 0, 0, 0, 0, 0, 0, 0, 0, 0, 0, 0, 0, 0, 0, 13, 0], "win_max": [97, 97, 97, 97, 97, 97, 97, 97, 97, 97, 97, 97, 97, 97, 97, 97, 97, 97, 97, 97, 89, 97]}