{"subs": 1, "jobs": 20, "T": 97, "power_use": [1.479896114756749, 2.083664979206672, 3.5553775460005377, 2.5352708944499365, 1.1016893518770867, 3.727190269978088, 2.2832061726406354, 3.3534240040268317, 3.227973497063574, 2.689945517905361, 1.2027363435441363, 2.6159826519233995, 0.470365542087399, 2.6826250957084166, 2.105425953805965, 1.2985662348732827, 1.77481249942982, 1.1474140849791765, 1.8849470106832884, 1.7099612666150936], "power_resource": [0.0, 0.0, 0.0, 0.0, 0.0, 0.0, 0.0, 0.0, 0.0, 0.0, 0.0, 6.809794074, 6.832112184, 7.190895042, 7.507966122, 7.775783442, 7.987882446, 8.138722086, 8.40238362, 8.689132854, 8.902155366, 9.03883455, 9.098400816, 9.081008082, 8.987887692, 8.82181017, 8.586777384, 8.287560792, 7.930163196, 7.521356988, 7.068991986, 6.581379762, 6.067293642, 5.535814788, 4.996793952, 4.638165012, 4.495021272, 4.272609762, 3.974470596, 3.606144822, 3.173327406, 2.68356033, 2.720654568, 2.932753572, 3.195029844, 3.777455556, 4.354801974, 4.9176801, 5.4563931, 5.961859812, 6.425460828, 6.839192412, 7.195512582, 7.4881107, 7.711445718, 7.861054014, 7.933549392, 7.926930918, 7.840275084, 7.674043644, 7.429929696, 7.110703764, 6.720521634, 6.909994692, 7.21644543, 7.467793524, 7.67204271, 8.068227642, 8.394841638, 8.648806338, 8.827659054, 8.930938032, 8.958643272, 0.0, 0.0, 0.0, 0.0, 0.0, 0.0, 0.0, 0.0, 0.0, 0.0, 0.0, 0.0, 0.0, 0.0, 0.0, 0.0, 0.0, 0.0, 0.0, 0.0, 0.0, 0.0, 0.0, 0.0], "min_cpu_time": [3, 11, 8, 17, 18, 14, 8, 8, 3, 2, 6, 3, 18, 16, 5, 14, 10, 16, 4, 11], "max_cpu_time": [24, 39, 18, 21, 31, 43, 21, 23, 41, 47, 44, 41, 35, 36, 11, 38, 24, 27, 14, 30], "min_job_period": [6, 90, 47, 72, 81, 95, 24, 64, 2, 1, 45, 9, 5, 4, 30, 92, 50, 21, 36, 17], "max_job_period": [31, 96, 95, 77, 92, 95, 30, 71, 66, 90, 66, 75, 88, 65, 79, 93, 91, 92, 77, 56], "min_startup": [3, 1, 1, 1, 1, 1, 1, 1, 3, 4, 2, 3, 1, 1, 2, 1, 1, 1, 2, 1], "max_startup": [50, 75, 21, 14, 43, 38, 69, 8, 75, 66, 44, 38, 71, 41, 9, 6, 6, 9, 27, 55], "priority": [3, 6, 17, 9, 10, 18, 13, 11, 12, 16, 14, 20, 7, 1, 8, 4, 5, 15, 19, 2], "win_min": [0, 0, 0, 0, 0, 0, 0, 0, 0, 11, 0, 0, 0, 0, 0, 0, 0, 0, 0, 0], "win_max": [97, 97, 97, 97, 97, 97, 97, 97, 97, 81, 97, 97, 97, 97, 97, 97, 97, 97, 97, 97]}