{"subs": 1, "jobs": 22, "T": 97, "power_use": [0.8451545806284642, 3.3496657385813036, 0.03990663680435575, 0.9093767390391116, 1.7211567990730727, 2.8691713538886185, 2.243118316418575, 0.5978185801793144, 0.21938241783584964, 0.6139040490711855, 2.4286330877451556, 0.5129718791160806, 1.0132827353258709, 0.049343749279538336, 0.3364197121920205, 3.489697317316336, 3.2496908784198686, 0.7078458022200008, 0.5966723145783097, 2.5688105463689577, 1.4356982085883114, 3.75559619139843], "power_resource": [6.714980586, 7.05867948, 7.35189327, 7.588773072, 7.80210342, 8.18151129, 8.490578634, 8.72638101, 8.886917484, 8.971572384, 8.9811153, 0.0, 0.0, 0.0, 0.0, 0.0, 0.0, 0.0, 0.0, 0.0, 0.0, 0.0, 0.0, 0.0, 0.0, 0.0, 0.0, 0.0, 0.0, 0.0, 0.0, 0.0, 0.0, 0.0, 0.0, 0.0, 0.0, 0.0, 0.0, 0.0, 0.0, 0.0, 0.0, 0.0, 0.0, 0.0, 6.771160656, 6.863665374, 7.22414133, 7.54275159, 7.81210809, 8.025592356, 8.17766334, 8.406385488, 8.694519984, 8.908927758, 9.04730004, 9.108559404, 9.092859768, 9.001740312, 8.83797156, 8.605093626, 8.308339722, 7.95371265, 7.547830884, 7.098544242, 6.614010378, 6.103310454, 5.575525632, 5.040198828, 4.667255514, 4.525497036, 4.304470788, 4.00802472, 3.64169988, 3.211191234, 2.724040764, 2.64585042, 2.856102408, 3.152086722, 3.733127172, 4.30893441, 4.869811602, 5.406215832, 5.909219856, 6.370204266, 6.78085749, 7.133945382, 7.423157304, 7.642952208, 7.788866472, 7.8575139, 7.847201394, 7.75669761, 7.58661822, 7.338656322, 7.015736358], "min_cpu_time": [9, 16, 10, 14, 18, 8, 3, 6, 1, 5, 11, 9, 4, 3, 16, 6, 12, 8, 14, 13, 6, 6], "max_cpu_time": [16, 31, 43, 19, 36, 23, 21, 6, 12, 11, 33, 24, 26, 38, 30, 14, 13, 31, 47, 37, 36, 33], "min_job_period": [17, 12, 10, 18, 43, 16, 4, 12, 2, 4, 21, 21, 8, 5, 18, 17, 34, 6, 41, 14, 6, 16], "max_job_period": [50, 26, 42, 21, 82, 72, 46, 25, 95, 8, 33, 30, 23, 66, 45, 21, 71, 21, 91, 49, 91, 78], "min_startup": [3, 2, 3, 2, 2, 4, 9, 5, 27, 6, 2, 3, 7, 9, 2, 5, 2, 4, 2, 2, 5, 5], "max_startup": [34, 53, 15, 85, 71, 15, 88, 55, 54, 61, 6, 57, 10, 55, 37, 93, 82, 4, 21, 81, 29, 21], "priority": [4, 19, 6, 10, 3, 1, 2, 22, 7, 18, 17, 14, 11, 15, 9, 16, 20, 12, 21, 8, 13, 5], "win_min": [0, 0, 0, 0, 0, 0, 0, 7, 0, 0, 0, 0, 0, 0, 0, 0, 0, 0, 0, 0, 0, 0], "win_max": [97, 97, 97, 97, 97, 97, 97, 80, 97, 97, 97, 97, 97, 97, 97, 97, 97, 97, 97, 97, 97, 97]}