{"subs": 1, "jobs": 22, "T": 97, "power_use": [3.490322766333397, 1.6387941523826106, 0.5481347618185003, 1.8134423256441166, 2.7094105905256987, 1.0617946332253319, 1.3220451308811332, 1.076648005927212, 0.08043245715388447, 3.9652611802543887, 1.9733299573168244, 1.567840666840864, 2.8699309036898426, 0.13253417230285192, 3.450793761551569, 1.229370823953663, 1.903842313517621, 1.203666028923735, 0.9701551675983043, 3.1233550531895165, 2.8091148096468217, 3.906119436079837], "power_resource": [0.0, 0.0, 0.0, 0.0, 0.0, 0.0, 0.0, 0.0, 0.0, 0.0, 0.0, 0.0, 0.0, 0.0, 0.0, 0.0, 0.0, 0.0, 0.0, 0.0, 0.0, 0.0, 0.0, 0.0, 0.0, 0.0, 0.0, 0.0, 0.0, 0.0, 6.691123296, 7.065144036, 7.40037744, 7.689435444, 7.925083902, 8.101627848, 8.26924455, 8.585084286, 8.828582562, 8.996661018, 9.087780474, 9.101633094, 9.039450222, 8.902924956, 8.695905246, 8.422700796, 8.088698736, 7.700825376, 7.266007026, 6.792709176, 6.289551234, 5.765306526, 5.229671886, 4.691882394, 4.573827288, 4.383276804, 4.115459484, 3.775300704, 3.368341512, 2.901508218, 2.583821466, 2.827011906, 2.989549314, 3.527338806, 4.10730183, 4.676336676, 5.224900428, 5.743911924, 6.224136084, 6.657569172, 7.036515288, 7.354048122, 7.604164872, 7.782247998, 7.88444955, 7.908152922, 7.851972852, 7.71590934, 7.50119373, 7.209980874, 6.846118722, 6.815950794, 7.141487364, 7.41423006, 7.628329998, 7.940167866, 8.293563594, 8.575233534, 8.782714998, 8.914468806, 8.970648876, 8.952178716, 0.0, 0.0, 0.0, 0.0, 0.0], "min_cpu_time": [6, 13, 14, 3, 4, 16, 10, 12, 8, 9, 9, 17, 3, 9, 2, 11, 11, 18, 4, 5, 15, 3], "max_cpu_time": [15, 33, 39, 30, 29, 18, 28, 16, 8, 20, 10, 17, 41, 20, 31, 11, 21, 42, 18, 20, 16, 35], "min_job_period": [63, 46, 95, 1, 31, 9, 42, 49, 19, 80, 1, 22, 25, 25, 7, 49, 21, 37, 38, 89, 43, 27], "max_job_period": [96, 74, 96, 56, 62, 63, 57, 92, 94, 92, 54, 87, 48, 46, 80, 94, 43, 86, 86, 89, 83, 41], "min_startup": [1, 1, 1, 2, 2, 1, 1, 1, 1, 1, 1, 1, 2, 1, 3, 1, 1, 1, 2, 1, 1, 2], "max_startup": [58, 24, 44, 6, 20, 67, 45, 60, 34, 84, 69, 81, 32, 87, 41, 27, 36, 10, 81, 88, 37, 2], "priority": [11, 22, 1, 17, 9, 19, 10, 18, 4, 20, 7, 2, 6, 8, 21, 3, 14, 12, 13, 5, 15, 16], "win_min": [0, 0, 0, 0, 0, 0, 0, 0, 0, 0, 0, 0, 0, 0, 9, 0, 0, 0, 0, 0, 0, 0], "win_max": [97, 97, 97, 97, 97, 97, 97, 97, 97, 97, 97, 97, 97, 97, 80, 97, 97, 97, 97, 97, 97, 97]}