{"subs": 1, "jobs": 20, "T": 97, "power_use": [0.4995062065447926, 1.5603301967284158, 0.4581641544892086, 1.342088601152336, 3.0890213480849407, 3.6056289389998155, 1.8210110832288084, 3.2490684825564546, 2.776033915480005, 1.1293420092237039, 1.0755171349371095, 3.3288428592016523, 0.5953587212360534, 0.9175078794585952, 0.011789578912666977, 2.235643301052249, 1.0482562433941718, 0.7734319997186966, 3.0659012552154685, 3.500670033617156], "power_resource": [5.87889801, 5.345418222, 4.808090484, 4.60830492, 4.433761908, 4.181490306, 3.8556459, 3.462077574, 3.007095966, 2.511018252, 2.769600492, 2.948145372, 3.402203472, 3.982782168, 4.55443362, 5.107460994, 5.63262921, 6.120857106, 6.56383311, 6.953553486, 7.283091924, 7.546445622, 7.738535286, 7.855512966, 7.894146384, 7.853358114, 7.732532484, 7.532593002, 7.25569452, 6.905223234, 6.766389198, 7.10100693, 7.384062132, 7.60970592, 7.872290028, 8.238768786, 8.534291346, 8.755933266, 8.902155366, 8.972495892, 8.96803227, 0.0, 0.0, 0.0, 0.0, 0.0, 0.0, 0.0, 0.0, 0.0, 0.0, 0.0, 0.0, 0.0, 0.0, 0.0, 0.0, 0.0, 0.0, 0.0, 0.0, 0.0, 0.0, 0.0, 0.0, 0.0, 0.0, 0.0, 0.0, 0.0, 0.0, 0.0, 0.0, 0.0, 0.0, 0.0, 6.716058012, 6.93246672, 7.284785022, 7.593852366, 7.85212677, 8.053605432, 8.192593386, 8.469030114, 8.742234564, 8.941404456, 9.064077102, 9.109482912, 9.078237558, 8.97188022, 8.793489258, 8.54706654, 8.23769136, 7.871520438, 7.45578792, 6.998189706, 6.507191286], "min_cpu_time": [15, 10, 5, 10, 15, 11, 7, 10, 9, 3, 16, 4, 15, 3, 9, 1, 8, 18, 1, 4], "max_cpu_time": [30, 21, 38, 28, 43, 27, 18, 29, 27, 47, 46, 5, 32, 17, 37, 32, 36, 32, 21, 12], "min_job_period": [25, 33, 8, 17, 16, 14, 4, 16, 15, 8, 10, 14, 2, 6, 40, 1, 10, 72, 1, 18], "max_job_period": [71, 49, 81, 75, 56, 24, 10, 21, 29, 40, 39, 69, 40, 56, 42, 30, 76, 90, 78, 85], "min_startup": [2, 2, 4, 2, 2, 2, 3, 2, 2, 7, 2, 5, 2, 7, 2, 21, 3, 1, 21, 5], "max_startup": [23, 22, 35, 81, 18, 34, 55, 13, 81, 31, 15, 55, 23, 28, 9, 41, 67, 44, 54, 78], "priority": [20, 6, 8, 9, 10, 3, 4, 15, 11, 5, 16, 7, 14, 17, 13, 2, 18, 12, 19, 1], "win_min": [0, 0, 0, 0, 0, 0, 0, 0, 0, 0, 0, 0, 0, 0, 0, 0, 0, 0, 13, 0], "win_max": [97, 97, 97, 97, 97, 97, 97, 97, 97, 97, 97, 97, 97, 97, 97, 97, 97, 97, 81, 97]}