{"subs": 1, "jobs": 24, "T": 97, "power_use": [1.086696787128426, 0.2812328624973727, 2.1668302633823653, 2.537204696380289, 2.627229594301273, 0.1244282220098059, 0.4323919771528555, 2.6763713835865044, 0.4192544596448651, 0.27569673851862275, 1.8122299176527779, 1.4653184823389716, 2.6966382354919176, 0.1708422485245941, 0.9089940037416151, 1.1478894287567525, 1.3078197680794594, 0.04165640997086418, 2.2080226221134014, 0.061877811457899404, 1.2092481197882867, 3.6402061232265965, 0.6411990081511162, 2.557064130918529], "power_resource": [6.56383311, 6.953553486, 7.283091924, 7.546445622, 7.738535286, 7.855512966, 7.894146384, 7.853358114, 7.732532484, 7.532593002, 7.25569452, 6.905223234, 6.766389198, 7.10100693, 7.384062132, 7.60970592, 7.872290028, 8.238768786, 8.534291346, 8.755933266, 8.902155366, 8.972495892, 8.96803227, 0.0, 0.0, 0.0, 0.0, 0.0, 0.0, 0.0, 0.0, 0.0, 0.0, 0.0, 0.0, 0.0, 0.0, 0.0, 0.0, 0.0, 0.0, 0.0, 0.0, 0.0, 0.0, 0.0, 0.0, 0.0, 0.0, 0.0, 0.0, 0.0, 0.0, 0.0, 0.0, 0.0, 0.0, 0.0, 6.716058012, 6.93246672, 7.284785022, 7.593852366, 7.85212677, 8.053605432, 8.192593386, 8.469030114, 8.742234564, 8.941404456, 9.064077102, 9.109482912, 9.078237558, 8.97188022, 8.793489258, 8.54706654, 8.23769136, 7.871520438, 7.45578792, 6.998189706, 6.507191286, 5.991565986, 5.460856722, 4.924298574, 4.639396356, 4.48132257, 4.244442768, 3.93337449, 3.55319703, 3.110374944, 2.612142378, 2.709264636, 2.90366307, 3.277068138, 3.858108588, 4.431914892, 4.989098052, 5.520115152, 6.01588503], "min_cpu_time": [6, 13, 10, 11, 2, 15, 1, 5, 5, 4, 14, 3, 14, 1, 1, 8, 14, 1, 17, 2, 2, 12, 13, 2], "max_cpu_time": [27, 18, 45, 29, 44, 25, 22, 27, 44, 9, 27, 6, 45, 39, 20, 35, 32, 30, 43, 47, 5, 32, 45, 20], "min_job_period": [2, 9, 7, 21, 4, 18, 2, 17, 5, 15, 16, 7, 17, 2, 2, 25, 30, 2, 8, 6, 7, 30, 28, 2], "max_job_period": [28, 40, 24, 96, 89, 47, 15, 48, 20, 59, 30, 11, 66, 38, 66, 62, 72, 32, 59, 51, 60, 30, 94, 24], "min_startup": [4, 2, 3, 2, 12, 2, 25, 5, 5, 6, 2, 8, 2, 25, 25, 3, 2, 25, 2, 12, 12, 2, 2, 12], "max_startup": [16, 61, 22, 37, 46, 61, 93, 95, 32, 30, 70, 69, 27, 93, 82, 21, 49, 31, 51, 60, 27, 9, 19, 53], "priority": [24, 8, 6, 7, 13, 10, 11, 19, 18, 1, 5, 4, 17, 2, 16, 3, 15, 9, 22, 14, 12, 20, 21, 23], "win_min": [0, 0, 12, 0, 0, 0, 0, 0, 0, 0, 0, 0, 0, 0, 0, 0, 0, 0, 0, 0, 0, 0, 0, 0], "win_max": [97, 97, 89, 97, 97, 97, 97, 97, 97, 97, 97, 97, 97, 97, 97, 97, 97, 97, 97, 97, 97, 97, 97, 97]}