{"subs": 1, "jobs": 24, "T": 97, "power_use": [0.8629371873502432, 3.696068966960027, 2.0594870637896583, 1.5644472221084353, 1.9241416691917297, 1.2656874155871907, 3.0310613585854904, 3.156216981950676, 3.701713346404863, 2.058933482915225, 1.3576431288056137, 0.32038152427760896, 3.6615526587285236, 0.24524406798751455, 3.0718920704099872, 0.2150712339637049, 3.3052997856046327, 1.7601794315259496, 2.4036339756933893, 2.8928579577709446, 2.6967465136644364, 0.6194538167646378, 3.9979420914755397, 0.13553946045182472], "power_resource": [0.0, 0.0, 0.0, 0.0, 0.0, 0.0, 0.0, 0.0, 0.0, 0.0, 0.0, 0.0, 0.0, 0.0, 0.0, 0.0, 0.0, 0.0, 0.0, 0.0, 0.0, 0.0, 0.0, 0.0, 0.0, 6.691123296, 7.065144036, 7.40037744, 7.689435444, 7.925083902, 8.101627848, 8.26924455, 8.585084286, 8.828582562, 8.996661018, 9.087780474, 9.101633094, 9.039450222, 8.902924956, 8.695905246, 8.422700796, 8.088698736, 7.700825376, 7.266007026, 6.792709176, 6.289551234, 5.765306526, 5.229671886, 4.691882394, 4.573827288, 4.383276804, 4.115459484, 3.775300704, 3.368341512, 2.901508218, 2.583821466, 2.827011906, 2.989549314, 3.527338806, 4.10730183, 4.676336676, 5.224900428, 5.743911924, 6.224136084, 6.657569172, 7.036515288, 7.354048122, 7.604164872, 7.782247998, 7.88444955, 7.908152922, 7.851972852, 7.71590934, 7.50119373, 7.209980874, 6.846118722, 6.815950794, 7.141487364, 7.41423006, 7.628329998, 7.940167866, 8.293563594, 8.575233534, 8.782714998, 8.914468806, 8.970648876, 8.952178716, 0.0, 0.0, 0.0, 0.0, 0.0, 0.0, 0.0, 0.0, 0.0, 0.0], "min_cpu_time": [6, 12, 7, 18, 1, 14, 4, 3, 10, 1, 12, 6, 9, 6, 15, 16, 2, 7, 13, 14, 11, 17, 6, 9], "max_cpu_time": [42, 17, 14, 26, 32, 46, 40, 9, 24, 19, 25, 43, 10, 27, 25, 33, 19, 38, 28, 44, 23, 47, 16, 35], "min_job_period": [12, 57, 10, 78, 2, 85, 29, 40, 19, 72, 88, 6, 13, 7, 64, 28, 7, 53, 77, 88, 23, 93, 51, 52], "max_job_period": [53, 86, 44, 96, 7, 95, 59, 56, 73, 95, 90, 61, 66, 63, 66, 73, 52, 55, 91, 90, 88, 94, 78, 83], "min_startup": [1, 1, 1, 1, 1, 1, 1, 1, 1, 1, 1, 1, 1, 1, 1, 1, 1, 1, 1, 1, 1, 1, 1, 1], "max_startup": [92, 19, 87, 30, 62, 3, 60, 38, 48, 83, 58, 67, 47, 19, 55, 91, 40, 74, 51, 54, 18, 33, 47, 17], "priority": [24, 9, 15, 1, 6, 2, 17, 10, 16, 21, 8, 3, 18, 12, 13, 20, 14, 7, 22, 5, 11, 4, 19, 23], "win_min": [0, 0, 0, 0, 0, 0, 0, 4, 0, 0, 0, 0, 0, 0, 0, 0, 0, 0, 0, 0, 0, 0, 0, 0], "win_max": [97, 97, 97, 97, 97, 97, 97, 80, 97, 97, 97, 97, 97, 97, 97, 97, 97, 97, 97, 97, 97, 97, 97, 97]}