{"subs": 1, "jobs": 24, "T": 97, "power_use": [1.9557933391272133, 0.5621629780404112, 2.303320071271076, 3.672478409952711, 3.5240954538747857, 0.8661614830439682, 1.2557762945748812, 1.5890065003422356, 3.0701329514697253, 0.8036958725409293, 2.255123137747367, 1.3243894353456231, 0.17733189948445366, 3.1571717052145365, 1.31862404982227, 1.3894241902143023, 0.5261641239196709, 3.436691308609546, 3.177029531489831, 3.4401189063907283, 3.1703234998615604, 1.5644213470399377, 1.694074773769073, 0.15066184869657992], "power_resource": [0.0, 0.0, 0.0, 0.0, 0.0, 0.0, 0.0, 0.0, 0.0, 0.0, 0.0, 0.0, 0.0, 0.0, 0.0, 0.0, 0.0, 0.0, 0.0, 6.76238733, 7.128866088, 7.455172248, 7.733763828, 7.957714518, 8.12148327, 8.337276306, 8.63864775, 8.866908144, 9.019286964, 9.094706784, 9.093013686, 9.015285096, 8.863983702, 8.642803536, 8.356362138, 8.01066231, 7.612168608, 7.168423014, 6.6877371, 6.178884192, 5.650945452, 5.113309878, 4.662637974, 4.536117378, 4.329405504, 4.04650422, 3.692031066, 3.272142762, 2.7936117, 2.653700238, 2.88134496, 3.070356264, 3.652320222, 4.23120582, 4.797316224, 5.341262436, 5.853655458, 6.325721964, 6.749458218, 7.11716832, 7.422387714, 7.659113598, 7.823036268, 7.910461692, 7.918927182, 7.847663148, 7.696515672, 7.467023934, 7.161650622, 6.784551522, 6.86397321, 7.179966864, 7.442089218, 7.644645306, 8.005429098, 8.34543396, 8.613405198, 8.806572288, 8.92416564, 8.966031336, 0.0, 0.0, 0.0, 0.0, 0.0, 0.0, 0.0, 0.0, 0.0, 0.0, 0.0, 0.0, 0.0, 0.0, 0.0, 0.0, 0.0], "min_cpu_time": [13, 11, 16, 4, 6, 11, 5, 18, 14, 7, 5, 12, 17, 11, 18, 6, 4, 10, 17, 10, 3, 16, 4, 12], "max_cpu_time": [15, 13, 16, 11, 36, 32, 12, 45, 19, 45, 15, 21, 29, 30, 29, 41, 36, 24, 23, 39, 5, 33, 48, 14], "min_job_period": [60, 23, 51, 2, 58, 13, 20, 6, 50, 95, 18, 82, 4, 84, 7, 81, 82, 94, 13, 18, 64, 40, 41, 66], "max_job_period": [78, 45, 57, 44, 61, 82, 56, 52, 61, 96, 87, 83, 25, 96, 24, 83, 85, 94, 84, 65, 88, 49, 46, 95], "min_startup": [1, 1, 1, 1, 1, 1, 1, 1, 1, 1, 1, 1, 1, 1, 1, 1, 1, 1, 1, 1, 1, 1, 1, 1], "max_startup": [61, 10, 67, 66, 62, 57, 14, 65, 53, 39, 93, 4, 9, 85, 80, 12, 76, 12, 51, 16, 13, 87, 74, 63], "priority": [13, 23, 5, 10, 16, 12, 21, 1, 18, 17, 22, 14, 7, 2, 6, 11, 9, 3, 20, 19, 24, 15, 4, 8], "win_min": [0, 0, 0, 0, 0, 0, 0, 5, 0, 0, 0, 0, 0, 0, 0, 0, 0, 0, 0, 0, 0, 0, 0, 0], "win_max": [97, 97, 97, 97, 97, 97, 97, 96, 97, 97, 97, 97, 97, 97, 97, 97, 97, 97, 97, 97, 97, 97, 97, 97]}