{"subs": 1, "jobs": 24, "T": 97, "power_use": [3.9630063289138326, 3.844330229101134, 0.03857391773500889, 2.9853121530443807, 2.892497719623111, 3.2034456444840456, 1.4603213066478824, 2.984185801200904, 0.24195087210662844, 1.771343566276291, 3.8838045660460994, 1.1610975472337797, 0.5848111093843298, 3.399960340832337, 3.8222554424864192, 3.4494104898942552, 3.6721215827992157, 0.21456270724670462, 3.408636763644162, 0.7456602986281963, 2.433472225215956, 0.501826782532251, 1.7499145387710995, 1.892656378871449], "power_resource": [8.9349399, 8.948638602, 0.0, 0.0, 0.0, 0.0, 0.0, 0.0, 0.0, 0.0, 0.0, 0.0, 0.0, 0.0, 0.0, 0.0, 0.0, 0.0, 0.0, 0.0, 0.0, 0.0, 0.0, 0.0, 0.0, 0.0, 0.0, 0.0, 0.0, 0.0, 0.0, 0.0, 0.0, 0.0, 0.0, 0.0, 0.0, 6.809794074, 6.832112184, 7.190895042, 7.507966122, 7.775783442, 7.987882446, 8.138722086, 8.40238362, 8.689132854, 8.902155366, 9.03883455, 9.098400816, 9.081008082, 8.987887692, 8.82181017, 8.586777384, 8.287560792, 7.930163196, 7.521356988, 7.068991986, 6.581379762, 6.067293642, 5.535814788, 4.996793952, 4.638165012, 4.495021272, 4.272609762, 3.974470596, 3.606144822, 3.173327406, 2.68356033, 2.720654568, 2.932753572, 3.195029844, 3.777455556, 4.354801974, 4.9176801, 5.4563931, 5.961859812, 6.425460828, 6.839192412, 7.195512582, 7.4881107, 7.711445718, 7.861054014, 7.933549392, 7.926930918, 7.840275084, 7.674043644, 7.429929696, 7.110703764, 6.720521634, 6.909994692, 7.21644543, 7.467793524, 7.67204271, 8.068227642, 8.394841638, 8.648806338, 8.827659054], "min_cpu_time": [17, 18, 12, 15, 17, 3, 7, 7, 6, 17, 12, 7, 13, 2, 17, 14, 13, 10, 18, 14, 12, 5, 15, 10], "max_cpu_time": [21, 19, 12, 28, 31, 35, 10, 46, 9, 34, 29, 22, 48, 34, 29, 44, 22, 37, 23, 41, 29, 23, 47, 19], "min_job_period": [88, 72, 60, 41, 71, 15, 6, 42, 24, 55, 5, 14, 62, 12, 65, 35, 59, 61, 20, 39, 83, 5, 38, 94], "max_job_period": [90, 87, 94, 91, 84, 85, 38, 86, 31, 77, 16, 80, 73, 24, 72, 80, 71, 72, 78, 88, 96, 52, 65, 95], "min_startup": [1, 1, 1, 1, 1, 4, 2, 2, 2, 1, 1, 2, 1, 6, 1, 1, 1, 1, 1, 1, 1, 3, 1, 1], "max_startup": [52, 43, 19, 69, 28, 84, 21, 73, 65, 2, 26, 44, 56, 57, 2, 53, 79, 70, 29, 89, 31, 31, 35, 33], "priority": [4, 2, 8, 7, 17, 12, 24, 10, 16, 13, 23, 22, 6, 5, 20, 14, 1, 3, 9, 15, 18, 21, 19, 11], "win_min": [0, 0, 0, 0, 0, 0, 0, 0, 0, 0, 0, 0, 0, 0, 0, 0, 0, 0, 2, 0, 0, 0, 0, 0], "win_max": [97, 97, 97, 97, 97, 97, 97, 97, 97, 97, 97, 97, 97, 97, 97, 97, 97, 97, 92, 97, 97, 97, 97, 97]}