{"subs": 1, "jobs": 22, "T": 97, "power_use": [0.18723043787633942, 1.082533852463863, 2.2114179798167566, 2.2489643338603353, 2.2484429936954142, 1.2263556409007463, 2.239731577612498, 0.23234783471597922, 0.6593165386510613, 3.292738575123478, 1.2488240917335514, 3.4890957789670445, 0.8799759130230672, 2.956744183671498, 0.8285928529174097, 2.107253253081236, 3.4647028224621286, 2.195217251930699, 2.418205334031054, 2.669084976604238, 2.6607183389164577, 3.8215228129207204], "power_resource": [5.961859812, 6.425460828, 6.839192412, 7.195512582, 7.4881107, 7.711445718, 7.861054014, 7.933549392, 7.926930918, 7.840275084, 7.674043644, 7.429929696, 7.110703764, 6.720521634, 6.909994692, 7.21644543, 7.467793524, 7.67204271, 8.068227642, 8.394841638, 8.648806338, 8.827659054, 8.930938032, 8.958643272, 0.0, 0.0, 0.0, 0.0, 0.0, 0.0, 0.0, 0.0, 0.0, 0.0, 0.0, 0.0, 0.0, 0.0, 0.0, 0.0, 0.0, 0.0, 0.0, 0.0, 0.0, 0.0, 0.0, 0.0, 0.0, 0.0, 0.0, 0.0, 0.0, 0.0, 0.0, 0.0, 0.0, 0.0, 0.0, 0.0, 6.76238733, 7.128866088, 7.455172248, 7.733763828, 7.957714518, 8.12148327, 8.337276306, 8.63864775, 8.866908144, 9.019286964, 9.094706784, 9.093013686, 9.015285096, 8.863983702, 8.642803536, 8.356362138, 8.01066231, 7.612168608, 7.168423014, 6.6877371, 6.178884192, 5.650945452, 5.113309878, 4.662637974, 4.536117378, 4.329405504, 4.04650422, 3.692031066, 3.272142762, 2.7936117, 2.653700238, 2.88134496, 3.070356264, 3.652320222, 4.23120582, 4.797316224, 5.341262436], "min_cpu_time": [4, 5, 14, 15, 2, 17, 8, 17, 8, 18, 1, 13, 7, 3, 12, 6, 9, 8, 10, 12, 13, 13], "max_cpu_time": [6, 21, 15, 17, 6, 33, 18, 20, 39, 26, 45, 22, 10, 10, 41, 11, 17, 23, 18, 26, 47, 32], "min_job_period": [10, 11, 34, 18, 6, 83, 30, 14, 8, 77, 1, 40, 25, 2, 12, 7, 7, 7, 37, 24, 2, 45], "max_job_period": [62, 55, 81, 94, 47, 96, 75, 30, 83, 82, 96, 64, 62, 90, 58, 22, 50, 96, 75, 52, 47, 80], "min_startup": [6, 5, 2, 2, 12, 1, 3, 1, 3, 1, 23, 2, 3, 8, 2, 4, 3, 3, 2, 2, 2, 2], "max_startup": [21, 87, 51, 42, 85, 68, 24, 83, 39, 96, 39, 57, 61, 87, 80, 25, 96, 78, 37, 77, 55, 95], "priority": [6, 10, 14, 22, 7, 13, 15, 18, 20, 1, 11, 8, 17, 5, 21, 3, 19, 4, 9, 16, 2, 12], "win_min": [0, 0, 0, 17, 0, 0, 0, 0, 0, 0, 0, 0, 0, 0, 0, 0, 0, 0, 0, 0, 0, 0], "win_max": [97, 97, 97, 90, 97, 97, 97, 97, 97, 97, 97, 97, 97, 97, 97, 97, 97, 97, 97, 97, 97, 97]}