{"subs": 1, "jobs": 22, "T": 97, "power_use": [1.838860318591318, 3.251727319544736, 0.28789695771251916, 0.8882671807921033, 1.1857374920429897, 2.622010890249769, 0.20014336767556248, 3.8400346168633175, 1.325458331917118, 1.7409008010073594, 3.5064444171790234, 2.6475702211407266, 1.4671979513727138, 0.7248972855759709, 3.125627665254746, 2.2981808774241412, 0.8310389530116086, 1.4257523638721263, 2.026526400149421, 0.06318403603457204, 1.9233733927943621, 1.1420714243734467], "power_resource": [7.648801092, 7.390218852, 7.0571403, 6.654029058, 6.954323076, 7.250923062, 7.49118906, 7.744999842, 8.128255662, 8.441478792, 8.681283036, 8.845975296, 8.9349399, 8.948638602, 0.0, 0.0, 0.0, 0.0, 0.0, 0.0, 0.0, 0.0, 0.0, 0.0, 0.0, 0.0, 0.0, 0.0, 0.0, 0.0, 0.0, 0.0, 0.0, 0.0, 0.0, 0.0, 0.0, 0.0, 0.0, 0.0, 0.0, 0.0, 0.0, 0.0, 0.0, 0.0, 0.0, 0.0, 0.0, 6.809794074, 6.832112184, 7.190895042, 7.507966122, 7.775783442, 7.987882446, 8.138722086, 8.40238362, 8.689132854, 8.902155366, 9.03883455, 9.098400816, 9.081008082, 8.987887692, 8.82181017, 8.586777384, 8.287560792, 7.930163196, 7.521356988, 7.068991986, 6.581379762, 6.067293642, 5.535814788, 4.996793952, 4.638165012, 4.495021272, 4.272609762, 3.974470596, 3.606144822, 3.173327406, 2.68356033, 2.720654568, 2.932753572, 3.195029844, 3.777455556, 4.354801974, 4.9176801, 5.4563931, 5.961859812, 6.425460828, 6.839192412, 7.195512582, 7.4881107, 7.711445718, 7.861054014, 7.933549392, 7.926930918, 7.840275084], "min_cpu_time": [3, 1, 14, 8, 13, 16, 1, 12, 18, 6, 8, 15, 12, 3, 16, 10, 4, 4, 6, 1, 10, 15], "max_cpu_time": [5, 43, 36, 46, 33, 46, 3, 44, 37, 8, 13, 21, 23, 38, 17, 23, 10, 39, 10, 5, 18, 35], "min_job_period": [3, 1, 43, 15, 16, 18, 3, 39, 41, 12, 11, 15, 3, 2, 29, 39, 2, 14, 23, 3, 35, 5], "max_job_period": [52, 45, 87, 20, 86, 96, 29, 87, 63, 24, 50, 58, 55, 19, 80, 48, 79, 80, 25, 68, 92, 32], "min_startup": [8, 23, 2, 3, 2, 2, 23, 2, 1, 4, 3, 2, 2, 8, 2, 2, 6, 6, 4, 23, 2, 2], "max_startup": [50, 95, 11, 22, 45, 25, 80, 54, 61, 93, 5, 85, 4, 15, 54, 77, 27, 44, 85, 52, 45, 81], "priority": [9, 5, 21, 1, 4, 19, 10, 2, 6, 20, 17, 15, 16, 3, 7, 18, 8, 12, 11, 22, 14, 13], "win_min": [0, 0, 0, 0, 0, 0, 0, 0, 0, 0, 0, 18, 0, 0, 0, 0, 0, 0, 0, 0, 0, 0], "win_max": [97, 97, 97, 97, 97, 97, 97, 97, 97, 97, 97, 93, 97, 97, 97, 97, 97, 97, 97, 97, 97, 97]}