{"subs": 1, "jobs": 20, "T": 97, "power_use": [2.188573492585979, 0.5013090014644798, 3.705091157576943, 3.3517472832639617, 2.265266697208643, 2.176223971718991, 1.9228840250157162, 3.723141859923138, 0.6316885058890673, 0.2836201662470966, 3.502925550202552, 3.4069637390596803, 3.25699595534024, 2.2930707791136893, 3.8537342779282713, 1.8084528195847833, 2.348630839416015, 3.5274248198018707, 0.22512316713677114, 3.810945850966365], "power_resource": [4.23120582, 4.797316224, 5.341262436, 5.853655458, 6.325721964, 6.749458218, 7.11716832, 7.422387714, 7.659113598, 7.823036268, 7.910461692, 7.918927182, 7.847663148, 7.696515672, 7.467023934, 7.161650622, 6.784551522, 6.86397321, 7.179966864, 7.442089218, 7.644645306, 8.005429098, 8.34543396, 8.613405198, 8.806572288, 8.92416564, 8.966031336, 0.0, 0.0, 0.0, 0.0, 0.0, 0.0, 0.0, 0.0, 0.0, 0.0, 0.0, 0.0, 0.0, 0.0, 0.0, 0.0, 0.0, 0.0, 0.0, 0.0, 0.0, 0.0, 0.0, 0.0, 0.0, 0.0, 0.0, 0.0, 0.0, 0.0, 0.0, 0.0, 0.0, 0.0, 0.0, 0.0, 6.691123296, 7.065144036, 7.40037744, 7.689435444, 7.925083902, 8.101627848, 8.26924455, 8.585084286, 8.828582562, 8.996661018, 9.087780474, 9.101633094, 9.039450222, 8.902924956, 8.695905246, 8.422700796, 8.088698736, 7.700825376, 7.266007026, 6.792709176, 6.289551234, 5.765306526, 5.229671886, 4.691882394, 4.573827288, 4.383276804, 4.115459484, 3.775300704, 3.368341512, 2.901508218, 2.583821466, 2.827011906, 2.989549314, 3.527338806], "min_cpu_time": [11, 4, 13, 11, 15, 2, 6, 18, 10, 9, 1, 10, 12, 3, 9, 17, 10, 14, 2, 15], "max_cpu_time": [22, 46, 21, 43, 18, 29, 12, 43, 17, 30, 35, 20, 28, 22, 43, 17, 43, 30, 38, 37], "min_job_period": [87, 39, 60, 75, 13, 13, 3, 24, 73, 49, 2, 87, 35, 5, 93, 54, 64, 62, 20, 42], "max_job_period": [94, 73, 75, 90, 88, 33, 42, 40, 78, 73, 85, 94, 65, 56, 93, 85, 92, 81, 78, 75], "min_startup": [1, 2, 1, 1, 1, 4, 2, 1, 1, 1, 8, 1, 1, 3, 1, 1, 1, 1, 4, 1], "max_startup": [14, 13, 78, 94, 73, 13, 39, 21, 80, 23, 52, 84, 77, 83, 87, 38, 89, 76, 81, 63], "priority": [15, 4, 19, 3, 14, 1, 5, 8, 12, 13, 11, 16, 17, 20, 18, 10, 7, 6, 2, 9], "win_min": [14, 0, 0, 0, 0, 0, 0, 0, 0, 0, 0, 0, 0, 0, 0, 0, 0, 0, 0, 0], "win_max": [90, 97, 97, 97, 97, 97, 97, 97, 97, 97, 97, 97, 97, 97, 97, 97, 97, 97, 97, 97]}