{"subs": 1, "jobs": 20, "T": 97, "power_use": [1.292109835803277, 3.458045876990724, 2.581093034430545, 2.496749406653408, 1.4673090741533021, 2.6585695951921275, 1.4524040292769353, 3.8059149966299035, 2.507399854814076, 2.7348509864356503, 3.501533457180334, 1.7369911974401466, 0.5300907939182417, 1.4420753200766085, 1.312711140456947, 1.298766514671153, 3.215465540685673, 3.6735755552727203, 3.0267999932755227, 3.7657415248970203], "power_resource": [0.0, 0.0, 0.0, 0.0, 0.0, 0.0, 0.0, 0.0, 0.0, 0.0, 0.0, 0.0, 0.0, 0.0, 0.0, 0.0, 0.0, 0.0, 0.0, 0.0, 0.0, 0.0, 0.0, 0.0, 0.0, 0.0, 0.0, 0.0, 6.691123296, 7.065144036, 7.40037744, 7.689435444, 7.925083902, 8.101627848, 8.26924455, 8.585084286, 8.828582562, 8.996661018, 9.087780474, 9.101633094, 9.039450222, 8.902924956, 8.695905246, 8.422700796, 8.088698736, 7.700825376, 7.266007026, 6.792709176, 6.289551234, 5.765306526, 5.229671886, 4.691882394, 4.573827288, 4.383276804, 4.115459484, 3.775300704, 3.368341512, 2.901508218, 2.583821466, 2.827011906, 2.989549314, 3.527338806, 4.10730183, 4.676336676, 5.224900428, 5.743911924, 6.224136084, 6.657569172, 7.036515288, 7.354048122, 7.604164872, 7.782247998, 7.88444955, 7.908152922, 7.851972852, 7.71590934, 7.50119373, 7.209980874, 6.846118722, 6.815950794, 7.141487364, 7.41423006, 7.628329998, 7.940167866, 8.293563594, 8.575233534, 8.782714998, 8.914468806, 8.970648876, 8.952178716, 0.0, 0.0, 0.0, 0.0, 0.0, 0.0, 0.0], "min_cpu_time": [9, 10, 4, 15, 10, 4, 12, 10, 17, 5, 2, 12, 18, 7, 1, 15, 9, 3, 12, 14], "max_cpu_time": [43, 39, 19, 21, 45, 24, 36, 48, 30, 33, 13, 35, 24, 23, 17, 19, 13, 33, 48, 26], "min_job_period": [62, 50, 72, 87, 11, 45, 47, 53, 69, 19, 49, 26, 30, 15, 15, 78, 49, 20, 78, 60], "max_job_period": [72, 77, 82, 95, 38, 87, 91, 85, 70, 87, 66, 41, 73, 30, 42, 91, 71, 53, 85, 91], "min_startup": [1, 1, 1, 1, 1, 1, 1, 1, 1, 1, 1, 1, 1, 1, 2, 1, 1, 1, 1, 1], "max_startup": [58, 3, 61, 61, 23, 43, 10, 7, 41, 9, 10, 81, 59, 90, 34, 84, 55, 47, 59, 90], "priority": [14, 2, 7, 11, 20, 17, 6, 12, 18, 3, 15, 1, 4, 5, 9, 19, 8, 13, 16, 10], "win_min": [0, 14, 0, 0, 0, 0, 0, 0, 0, 0, 0, 0, 0, 0, 0, 0, 0, 0, 0, 0], "win_max": [97, 91, 97, 97, 97, 97, 97, 97, 97, 97, 97, 97, 97, 97, 97, 97, 97, 97, 97, 97]}