{"subs": 1, "jobs": 24, "T": 97, "power_use": [2.237130176903093, 1.6774223797590597, 0.4179578084038105, 2.353277398153156, 1.5375528202764566, 1.1855190117527978, 0.9027005825591744, 2.943113469597904, 0.794960366550878, 0.7922164657313627, 3.4392237115265076, 2.7353426353150647, 1.3164472278008164, 1.7625898184135942, 1.2661262101082944, 1.8717223782842625, 2.2859865727406574, 3.243754729075461, 0.7932141052554902, 3.4044145205386145, 0.7093882432802098, 2.06799545231627, 1.84691230890386, 0.49910562060754093], "power_resource": [8.164426392, 7.787327292, 7.36189794, 6.89629599, 6.398986932, 5.87889801, 5.345418222, 4.808090484, 4.60830492, 4.433761908, 4.181490306, 3.8556459, 3.462077574, 3.007095966, 2.511018252, 2.769600492, 2.948145372, 3.402203472, 3.982782168, 4.55443362, 5.107460994, 5.63262921, 6.120857106, 6.56383311, 6.953553486, 7.283091924, 7.546445622, 7.738535286, 7.855512966, 7.894146384, 7.853358114, 7.732532484, 7.532593002, 7.25569452, 6.905223234, 6.766389198, 7.10100693, 7.384062132, 7.60970592, 7.872290028, 8.238768786, 8.534291346, 8.755933266, 8.902155366, 8.972495892, 8.96803227, 0.0, 0.0, 0.0, 0.0, 0.0, 0.0, 0.0, 0.0, 0.0, 0.0, 0.0, 0.0, 0.0, 0.0, 0.0, 0.0, 0.0, 0.0, 0.0, 0.0, 0.0, 0.0, 0.0, 0.0, 0.0, 0.0, 0.0, 0.0, 0.0, 0.0, 0.0, 0.0, 0.0, 0.0, 0.0, 6.716058012, 6.93246672, 7.284785022, 7.593852366, 7.85212677, 8.053605432, 8.192593386, 8.469030114, 8.742234564, 8.941404456, 9.064077102, 9.109482912, 9.078237558, 8.97188022, 8.793489258, 8.54706654], "min_cpu_time": [12, 5, 3, 11, 2, 5, 16, 15, 16, 12, 8, 18, 9, 10, 1, 16, 11, 11, 2, 1, 11, 13, 2, 18], "max_cpu_time": [14, 9, 27, 18, 47, 8, 33, 30, 42, 20, 28, 31, 25, 41, 47, 41, 20, 32, 43, 13, 45, 34, 31, 32], "min_job_period": [45, 16, 11, 29, 3, 2, 18, 36, 17, 5, 20, 41, 7, 24, 2, 15, 38, 5, 1, 1, 27, 13, 5, 41], "max_job_period": [48, 24, 59, 69, 68, 87, 86, 88, 82, 96, 65, 60, 58, 80, 64, 21, 73, 13, 41, 46, 60, 37, 33, 46], "min_startup": [2, 5, 8, 2, 12, 5, 2, 2, 2, 2, 3, 2, 3, 3, 25, 2, 2, 2, 12, 25, 2, 2, 12, 2], "max_startup": [70, 42, 12, 89, 33, 7, 73, 79, 37, 14, 11, 7, 86, 85, 95, 37, 54, 41, 22, 30, 46, 6, 59, 44], "priority": [3, 7, 14, 12, 18, 20, 23, 4, 1, 6, 13, 11, 8, 22, 21, 2, 15, 10, 5, 9, 16, 19, 17, 24], "win_min": [0, 0, 0, 0, 0, 0, 0, 0, 0, 0, 0, 0, 0, 9, 0, 0, 0, 0, 0, 0, 0, 0, 0, 0], "win_max": [97, 97, 97, 97, 97, 97, 97, 97, 97, 97, 97, 97, 97, 88, 97, 97, 97, 97, 97, 97, 97, 97, 97, 97]}