{"subs": 1, "jobs": 24, "T": 97, "power_use": [1.110266533691355, 2.198586957062462, 3.5439160640699954, 1.7732123033523306, 0.7368517852899074, 1.0161860628145905, 3.509347051918627, 3.3635786185462186, 2.2016455757515647, 0.5005434543987201, 3.069559113644721, 3.7530869815077312, 2.979241311968176, 1.9379692427396675, 2.6772036293986115, 2.727629559208772, 3.179733796546343, 2.0455569892308336, 0.07850571354549961, 3.328858100288461, 0.11402733117106224, 1.8440922251375096, 3.7032560323120074, 1.5718194057449617], "power_resource": [0.0, 0.0, 0.0, 0.0, 0.0, 0.0, 0.0, 0.0, 0.0, 0.0, 0.0, 0.0, 0.0, 0.0, 0.0, 0.0, 0.0, 0.0, 0.0, 0.0, 0.0, 0.0, 0.0, 0.0, 0.0, 0.0, 0.0, 0.0, 0.0, 0.0, 0.0, 0.0, 0.0, 0.0, 0.0, 0.0, 6.76238733, 7.128866088, 7.455172248, 7.733763828, 7.957714518, 8.12148327, 8.337276306, 8.63864775, 8.866908144, 9.019286964, 9.094706784, 9.093013686, 9.015285096, 8.863983702, 8.642803536, 8.356362138, 8.01066231, 7.612168608, 7.168423014, 6.6877371, 6.178884192, 5.650945452, 5.113309878, 4.662637974, 4.536117378, 4.329405504, 4.04650422, 3.692031066, 3.272142762, 2.7936117, 2.653700238, 2.88134496, 3.070356264, 3.652320222, 4.23120582, 4.797316224, 5.341262436, 5.853655458, 6.325721964, 6.749458218, 7.11716832, 7.422387714, 7.659113598, 7.823036268, 7.910461692, 7.918927182, 7.847663148, 7.696515672, 7.467023934, 7.161650622, 6.784551522, 6.86397321, 7.179966864, 7.442089218, 7.644645306, 8.005429098, 8.34543396, 8.613405198, 8.806572288, 8.92416564, 8.966031336], "min_cpu_time": [1, 4, 12, 3, 13, 17, 18, 16, 1, 2, 2, 3, 8, 8, 2, 9, 18, 14, 9, 11, 6, 3, 16, 6], "max_cpu_time": [43, 21, 44, 27, 22, 44, 46, 45, 22, 27, 9, 45, 9, 41, 11, 21, 39, 16, 39, 12, 41, 25, 45, 29], "min_job_period": [1, 11, 27, 7, 25, 9, 16, 17, 2, 1, 1, 2, 3, 29, 2, 46, 8, 39, 28, 19, 12, 12, 7, 11], "max_job_period": [96, 66, 96, 17, 35, 34, 67, 41, 61, 5, 22, 44, 47, 59, 52, 67, 88, 85, 57, 83, 78, 57, 58, 52], "min_startup": [21, 6, 2, 7, 2, 1, 1, 2, 21, 11, 11, 7, 3, 3, 11, 2, 1, 2, 2, 2, 4, 7, 2, 4], "max_startup": [38, 48, 96, 39, 79, 56, 91, 73, 22, 19, 25, 50, 80, 84, 56, 60, 23, 9, 8, 12, 32, 39, 84, 90], "priority": [8, 12, 10, 4, 23, 22, 11, 5, 9, 17, 15, 14, 6, 20, 24, 3, 7, 16, 2, 1, 19, 18, 13, 21], "win_min": [0, 0, 0, 0, 0, 0, 0, 0, 0, 0, 0, 0, 0, 0, 0, 9, 0, 0, 0, 0, 0, 0, 0, 0], "win_max": [97, 97, 97, 97, 97, 97, 97, 97, 97, 97, 97, 97, 97, 97, 97, 81, 97, 97, 97, 97, 97, 97, 97, 97]}