{"subs": 1, "jobs": 22, "T": 97, "power_use": [1.9891547530983669, 0.6386355839927235, 2.8328344052985046, 2.3889031220451615, 1.8448185619307844, 0.7210132033537785, 1.1752430337233406, 1.0517349391339643, 0.1590010967072348, 2.3755625661582536, 2.2976398417410873, 1.2721122385690282, 2.4681162178257283, 2.6953831936774377, 3.462097877094593, 1.9086445233361076, 2.560440104536278, 1.667909242699356, 1.4765846765168558, 0.8722746433776328, 3.0488222572275783, 2.022104024196547], "power_resource": [0.0, 0.0, 0.0, 0.0, 0.0, 0.0, 0.0, 0.0, 0.0, 0.0, 0.0, 0.0, 0.0, 0.0, 0.0, 0.0, 0.0, 0.0, 6.754383594, 6.900297858, 7.25107698, 7.558451226, 7.815340368, 8.015433768, 8.153190378, 8.464566492, 8.736539598, 8.934016392, 9.055149858, 9.09886257, 9.0657702, 8.957411928, 8.776866114, 8.527980708, 8.21614284, 7.847355312, 7.428698352, 6.96786786, 6.473637162, 5.954625666, 5.42022237, 4.879816272, 4.610305854, 4.450846806, 4.212581742, 3.899666448, 3.517488054, 3.07220328, 2.571354108, 2.784530538, 2.980929906, 3.319857342, 3.902283054, 4.477782456, 5.03696655, 5.57029242, 6.068678904, 6.523506594, 6.926771754, 7.271548074, 7.551370998, 7.761007314, 7.896147318, 7.95371265, 7.931856294, 7.829962578, 7.648801092, 7.390218852, 7.0571403, 6.654029058, 6.954323076, 7.250923062, 7.49118906, 7.744999842, 8.128255662, 8.441478792, 8.681283036, 8.845975296, 8.9349399, 8.948638602, 0.0, 0.0, 0.0, 0.0, 0.0, 0.0, 0.0, 0.0, 0.0, 0.0, 0.0, 0.0, 0.0, 0.0, 0.0, 0.0, 0.0], "min_cpu_time": [17, 17, 16, 4, 4, 7, 5, 1, 8, 7, 9, 13, 13, 17, 18, 12, 10, 8, 13, 16, 16, 13], "max_cpu_time": [42, 28, 16, 24, 12, 9, 47, 19, 24, 12, 11, 19, 46, 26, 37, 16, 15, 34, 48, 29, 17, 16], "min_job_period": [85, 50, 10, 86, 67, 33, 58, 26, 70, 88, 37, 96, 49, 65, 40, 23, 49, 18, 79, 59, 41, 40], "max_job_period": [88, 59, 50, 91, 69, 58, 84, 85, 94, 96, 80, 96, 65, 70, 70, 48, 52, 82, 95, 71, 85, 55], "min_startup": [1, 1, 1, 1, 1, 1, 1, 3, 1, 1, 1, 1, 1, 1, 1, 1, 1, 1, 1, 1, 1, 1], "max_startup": [34, 56, 15, 23, 22, 74, 96, 10, 10, 93, 41, 39, 67, 7, 37, 48, 18, 9, 55, 69, 24, 36], "priority": [13, 20, 22, 19, 8, 10, 9, 1, 6, 5, 14, 4, 2, 16, 3, 21, 11, 12, 17, 18, 7, 15], "win_min": [0, 0, 0, 0, 0, 0, 0, 0, 0, 10, 0, 0, 0, 0, 0, 0, 0, 0, 0, 0, 0, 0], "win_max": [97, 97, 97, 97, 97, 97, 97, 97, 97, 79, 97, 97, 97, 97, 97, 97, 97, 97, 97, 97, 97, 97]}