{"subs": 1, "jobs": 22, "T": 97, "power_use": [1.5064058849674171, 1.902058261862545, 1.8712170829106662, 0.08689835176756205, 3.9804400921017438, 0.6752427003600506, 1.474351762772215, 3.66659484178197, 3.8132702104478344, 1.383883713070327, 0.9710935329689262, 1.4741448786522016, 0.9805598547408179, 3.437371881454612, 0.341047585706887, 3.048319347138351, 2.0084925644827982, 3.701081321378699, 3.020909205169909, 1.800502072249287, 0.046013768241836846, 3.768418250689097], "power_resource": [7.85212677, 8.053605432, 8.192593386, 8.469030114, 8.742234564, 8.941404456, 9.064077102, 9.109482912, 9.078237558, 8.97188022, 8.793489258, 8.54706654, 8.23769136, 7.871520438, 7.45578792, 6.998189706, 6.507191286, 5.991565986, 5.460856722, 4.924298574, 4.639396356, 4.48132257, 4.244442768, 3.93337449, 3.55319703, 3.110374944, 2.612142378, 2.709264636, 2.90366307, 3.277068138, 3.858108588, 4.431914892, 4.989098052, 5.520115152, 6.01588503, 6.467942196, 6.868282914, 7.209826956, 7.486109766, 7.692205968, 7.82365194, 7.877369322, 7.851665016, 7.746077268, 7.561067832, 7.298637642, 6.961865058, 6.714980586, 7.05867948, 7.35189327, 7.588773072, 7.80210342, 8.18151129, 8.490578634, 8.72638101, 8.886917484, 8.971572384, 8.9811153, 0.0, 0.0, 0.0, 0.0, 0.0, 0.0, 0.0, 0.0, 0.0, 0.0, 0.0, 0.0, 0.0, 0.0, 0.0, 0.0, 0.0, 0.0, 0.0, 0.0, 0.0, 0.0, 0.0, 0.0, 0.0, 0.0, 0.0, 0.0, 0.0, 0.0, 0.0, 0.0, 0.0, 0.0, 0.0, 6.771160656, 6.863665374, 7.22414133, 7.54275159], "min_cpu_time": [10, 10, 17, 11, 15, 15, 16, 14, 10, 4, 3, 17, 12, 15, 10, 2, 2, 1, 8, 5, 6, 16], "max_cpu_time": [25, 46, 37, 32, 31, 34, 41, 46, 24, 13, 37, 17, 15, 42, 17, 10, 35, 4, 28, 10, 17, 41], "min_job_period": [57, 76, 16, 26, 62, 23, 6, 54, 63, 57, 48, 1, 46, 73, 92, 1, 42, 19, 89, 50, 47, 95], "max_job_period": [86, 89, 24, 45, 65, 59, 22, 59, 68, 72, 71, 41, 57, 79, 95, 33, 72, 58, 94, 78, 56, 95], "min_startup": [1, 1, 1, 1, 1, 1, 1, 1, 1, 1, 1, 1, 1, 1, 1, 2, 2, 3, 1, 1, 1, 1], "max_startup": [32, 75, 86, 2, 78, 66, 77, 42, 18, 4, 27, 80, 72, 83, 20, 16, 62, 25, 76, 33, 56, 88], "priority": [22, 14, 15, 10, 2, 6, 13, 5, 1, 18, 11, 4, 7, 12, 16, 3, 21, 9, 20, 8, 17, 19], "win_min": [0, 0, 0, 0, 0, 0, 0, 0, 0, 0, 0, 0, 0, 0, 0, 0, 0, 11, 0, 0, 0, 0], "win_max": [97, 97, 97, 97, 97, 97, 97, 97, 97, 97, 97, 97, 97, 97, 97, 97, 97, 88, 97, 97, 97, 97]}