{"subs": 1, "jobs": 20, "T": 97, "power_use": [0.032843113913371975, 3.828107246898227, 3.906325901405604, 1.873755071322477, 3.917141634352854, 1.9731886981192888, 3.144238199712259, 0.7541626965151392, 2.105034571735297, 3.106797832931519, 0.5936454105681255, 1.1746748014523931, 3.9112018876341725, 0.9141235602019021, 2.403754839820944, 1.6895465235530975, 2.1665020411402343, 0.8595555555879777, 3.4466387327781103, 0.15580875330745408], "power_resource": [3.195029844, 3.777455556, 4.354801974, 4.9176801, 5.4563931, 5.961859812, 6.425460828, 6.839192412, 7.195512582, 7.4881107, 7.711445718, 7.861054014, 7.933549392, 7.926930918, 7.840275084, 7.674043644, 7.429929696, 7.110703764, 6.720521634, 6.909994692, 7.21644543, 7.467793524, 7.67204271, 8.068227642, 8.394841638, 8.648806338, 8.827659054, 8.930938032, 8.958643272, 0.0, 0.0, 0.0, 0.0, 0.0, 0.0, 0.0, 0.0, 0.0, 0.0, 0.0, 0.0, 0.0, 0.0, 0.0, 0.0, 0.0, 0.0, 0.0, 0.0, 0.0, 0.0, 0.0, 0.0, 0.0, 0.0, 0.0, 0.0, 0.0, 0.0, 0.0, 0.0, 0.0, 0.0, 0.0, 0.0, 6.76238733, 7.128866088, 7.455172248, 7.733763828, 7.957714518, 8.12148327, 8.337276306, 8.63864775, 8.866908144, 9.019286964, 9.094706784, 9.093013686, 9.015285096, 8.863983702, 8.642803536, 8.356362138, 8.01066231, 7.612168608, 7.168423014, 6.6877371, 6.178884192, 5.650945452, 5.113309878, 4.662637974, 4.536117378, 4.329405504, 4.04650422, 3.692031066, 3.272142762, 2.7936117, 2.653700238, 2.88134496], "min_cpu_time": [12, 18, 14, 8, 5, 16, 13, 18, 18, 4, 12, 9, 16, 17, 4, 14, 15, 14, 4, 12], "max_cpu_time": [31, 22, 15, 19, 14, 19, 14, 18, 38, 26, 20, 16, 22, 33, 26, 34, 16, 31, 41, 39], "min_job_period": [27, 3, 53, 22, 25, 39, 2, 87, 64, 22, 66, 31, 55, 94, 7, 15, 73, 8, 17, 49], "max_job_period": [67, 46, 69, 75, 74, 60, 61, 95, 86, 39, 79, 92, 82, 95, 90, 34, 85, 57, 56, 94], "min_startup": [1, 1, 1, 2, 3, 1, 1, 1, 1, 4, 1, 2, 1, 1, 4, 1, 1, 1, 4, 1], "max_startup": [53, 24, 36, 45, 38, 43, 90, 40, 48, 27, 15, 52, 74, 85, 55, 77, 88, 57, 67, 48], "priority": [6, 16, 12, 11, 7, 18, 8, 9, 10, 19, 17, 15, 20, 4, 13, 1, 14, 2, 3, 5], "win_min": [0, 0, 0, 0, 0, 0, 0, 0, 0, 0, 0, 0, 0, 0, 0, 0, 0, 8, 0, 0], "win_max": [97, 97, 97, 97, 97, 97, 97, 97, 97, 97, 97, 97, 97, 97, 97, 97, 97, 89, 97, 97]}