{"subs": 1, "jobs": 22, "T": 97, "power_use": [2.984433294330232, 0.5714488529539302, 1.2782048639787007, 1.7815979223224658, 3.6333984830170656, 3.9999043245941204, 3.391389506620825, 2.1462462846362937, 0.24819721560720967, 2.0621513453395175, 2.8484642525017883, 2.730836092306525, 1.232827354257065, 3.1138452558488727, 1.3919855406722776, 1.143964919288242, 1.036184257419179, 2.9453989566286545, 2.878894222494117, 1.2540221641434353, 0.06602791753834736, 0.4233041282857878], "power_resource": [9.039450222, 8.902924956, 8.695905246, 8.422700796, 8.088698736, 7.700825376, 7.266007026, 6.792709176, 6.289551234, 5.765306526, 5.229671886, 4.691882394, 4.573827288, 4.383276804, 4.115459484, 3.775300704, 3.368341512, 2.901508218, 2.583821466, 2.827011906, 2.989549314, 3.527338806, 4.10730183, 4.676336676, 5.224900428, 5.743911924, 6.224136084, 6.657569172, 7.036515288, 7.354048122, 7.604164872, 7.782247998, 7.88444955, 7.908152922, 7.851972852, 7.71590934, 7.50119373, 7.209980874, 6.846118722, 6.815950794, 7.141487364, 7.41423006, 7.628329998, 7.940167866, 8.293563594, 8.575233534, 8.782714998, 8.914468806, 8.970648876, 8.952178716, 0.0, 0.0, 0.0, 0.0, 0.0, 0.0, 0.0, 0.0, 0.0, 0.0, 0.0, 0.0, 0.0, 0.0, 0.0, 0.0, 0.0, 0.0, 0.0, 0.0, 0.0, 0.0, 0.0, 0.0, 0.0, 0.0, 0.0, 0.0, 0.0, 0.0, 0.0, 0.0, 0.0, 0.0, 0.0, 6.658030926, 6.999574968, 7.343581698, 7.642644372, 7.88983668, 8.079001902, 8.20459899, 8.52859638, 8.787024702, 8.970648876, 9.077467968, 9.107174142], "min_cpu_time": [2, 6, 2, 6, 11, 2, 18, 10, 7, 2, 6, 1, 5, 7, 17, 10, 12, 13, 7, 10, 16, 1], "max_cpu_time": [7, 16, 8, 22, 38, 6, 27, 15, 33, 27, 36, 8, 43, 33, 21, 28, 34, 44, 18, 18, 23, 36], "min_job_period": [5, 11, 1, 4, 20, 5, 14, 1, 4, 3, 18, 2, 15, 18, 9, 2, 29, 34, 8, 22, 6, 2], "max_job_period": [47, 38, 32, 51, 38, 72, 46, 75, 13, 51, 69, 13, 65, 75, 82, 87, 46, 80, 65, 29, 83, 81], "min_startup": [16, 5, 16, 5, 3, 16, 2, 3, 4, 16, 5, 32, 6, 4, 2, 3, 3, 2, 4, 3, 2, 32], "max_startup": [21, 88, 34, 61, 25, 46, 53, 20, 25, 72, 64, 91, 22, 73, 21, 3, 42, 25, 58, 85, 55, 60], "priority": [3, 13, 11, 15, 2, 17, 9, 19, 14, 21, 1, 6, 18, 20, 8, 22, 16, 4, 5, 7, 10, 12], "win_min": [0, 0, 0, 0, 0, 0, 0, 0, 0, 0, 0, 0, 0, 0, 0, 0, 0, 0, 0, 0, 0, 8], "win_max": [97, 97, 97, 97, 97, 97, 97, 97, 97, 97, 97, 97, 97, 97, 97, 97, 97, 97, 97, 97, 97, 85]}