{"subs": 1, "jobs": 20, "T": 97, "power_use": [2.0761162324032494, 2.3545318295911732, 0.8354297564357577, 0.17963533069261672, 0.07674462403963386, 0.3567689519264504, 2.2073851920202974, 1.8536418999923423, 0.170855887367986, 1.8105943489435121, 0.909039126443182, 0.02608759172293945, 1.5908994016065279, 1.2621287326829813, 1.3630133507647102, 1.4451126118896658, 1.7372648832297704, 2.4454781768159264, 3.8328387309761016, 1.5701796542879318], "power_resource": [2.653700238, 2.88134496, 3.070356264, 3.652320222, 4.23120582, 4.797316224, 5.341262436, 5.853655458, 6.325721964, 6.749458218, 7.11716832, 7.422387714, 7.659113598, 7.823036268, 7.910461692, 7.918927182, 7.847663148, 7.696515672, 7.467023934, 7.161650622, 6.784551522, 6.86397321, 7.179966864, 7.442089218, 7.644645306, 8.005429098, 8.34543396, 8.613405198, 8.806572288, 8.92416564, 8.966031336, 0.0, 0.0, 0.0, 0.0, 0.0, 0.0, 0.0, 0.0, 0.0, 0.0, 0.0, 0.0, 0.0, 0.0, 0.0, 0.0, 0.0, 0.0, 0.0, 0.0, 0.0, 0.0, 0.0, 0.0, 0.0, 0.0, 0.0, 0.0, 0.0, 0.0, 0.0, 0.0, 0.0, 0.0, 0.0, 0.0, 6.691123296, 7.065144036, 7.40037744, 7.689435444, 7.925083902, 8.101627848, 8.26924455, 8.585084286, 8.828582562, 8.996661018, 9.087780474, 9.101633094, 9.039450222, 8.902924956, 8.695905246, 8.422700796, 8.088698736, 7.700825376, 7.266007026, 6.792709176, 6.289551234, 5.765306526, 5.229671886, 4.691882394, 4.573827288, 4.383276804, 4.115459484, 3.775300704, 3.368341512, 2.901508218], "min_cpu_time": [16, 3, 1, 7, 18, 10, 12, 3, 15, 8, 14, 11, 12, 4, 8, 4, 10, 8, 1, 8], "max_cpu_time": [26, 26, 44, 38, 22, 36, 28, 31, 38, 38, 31, 11, 23, 13, 46, 21, 29, 17, 21, 24], "min_job_period": [80, 28, 22, 88, 74, 87, 46, 82, 17, 48, 70, 93, 24, 9, 23, 73, 84, 39, 11, 35], "max_job_period": [90, 35, 80, 89, 85, 94, 47, 87, 67, 79, 94, 95, 55, 17, 28, 83, 90, 61, 88, 75], "min_startup": [1, 1, 3, 1, 1, 1, 1, 1, 1, 1, 1, 1, 1, 1, 1, 1, 1, 1, 3, 1], "max_startup": [39, 14, 62, 37, 17, 76, 36, 58, 82, 93, 81, 92, 7, 95, 66, 9, 49, 92, 49, 96], "priority": [19, 20, 5, 2, 10, 18, 8, 13, 6, 1, 9, 15, 3, 7, 4, 14, 12, 16, 17, 11], "win_min": [0, 0, 0, 0, 0, 0, 0, 0, 0, 0, 0, 0, 11, 0, 0, 0, 0, 0, 0, 0], "win_max": [97, 97, 97, 97, 97, 97, 97, 97, 97, 97, 97, 97, 93, 97, 97, 97, 97, 97, 97, 97]}