{"subs": 1, "jobs": 24, "T": 97, "power_use": [2.740672121638029, 2.4584602636199864, 1.7472042599550357, 0.5413283286561809, 0.8604718255674316, 0.6435510162772572, 2.0775860425967214, 1.5852891932103441, 2.708142490597813, 2.5869193519303995, 3.977799182223624, 1.4039726681605722, 1.19107224168494, 1.1440644957374548, 1.8738298772652813, 1.362096065062078, 2.699133448651719, 2.002135746010371, 2.1585213667842664, 1.5047437449563734, 3.475052054209523, 2.6287477299424085, 3.8784207898777314, 0.31288658650923734], "power_resource": [6.398986932, 5.87889801, 5.345418222, 4.808090484, 4.60830492, 4.433761908, 4.181490306, 3.8556459, 3.462077574, 3.007095966, 2.511018252, 2.769600492, 2.948145372, 3.402203472, 3.982782168, 4.55443362, 5.107460994, 5.63262921, 6.120857106, 6.56383311, 6.953553486, 7.283091924, 7.546445622, 7.738535286, 7.855512966, 7.894146384, 7.853358114, 7.732532484, 7.532593002, 7.25569452, 6.905223234, 6.766389198, 7.10100693, 7.384062132, 7.60970592, 7.872290028, 8.238768786, 8.534291346, 8.755933266, 8.902155366, 8.972495892, 8.96803227, 0.0, 0.0, 0.0, 0.0, 0.0, 0.0, 0.0, 0.0, 0.0, 0.0, 0.0, 0.0, 0.0, 0.0, 0.0, 0.0, 0.0, 0.0, 0.0, 0.0, 0.0, 0.0, 0.0, 0.0, 0.0, 0.0, 0.0, 0.0, 0.0, 0.0, 0.0, 0.0, 0.0, 0.0, 0.0, 6.716058012, 6.93246672, 7.284785022, 7.593852366, 7.85212677, 8.053605432, 8.192593386, 8.469030114, 8.742234564, 8.941404456, 9.064077102, 9.109482912, 9.078237558, 8.97188022, 8.793489258, 8.54706654, 8.23769136, 7.871520438, 7.45578792, 6.998189706], "min_cpu_time": [12, 7, 4, 16, 12, 17, 9, 13, 12, 2, 10, 14, 7, 3, 17, 5, 11, 10, 11, 1, 17, 17, 16, 16], "max_cpu_time": [13, 22, 9, 34, 37, 20, 23, 33, 13, 31, 10, 28, 48, 46, 22, 26, 39, 43, 28, 5, 40, 47, 44, 36], "min_job_period": [31, 3, 7, 23, 44, 2, 20, 13, 18, 1, 10, 27, 16, 2, 39, 15, 9, 21, 42, 1, 21, 48, 28, 17], "max_job_period": [48, 62, 41, 85, 56, 79, 83, 33, 75, 12, 39, 67, 76, 72, 55, 78, 59, 26, 82, 85, 92, 60, 85, 86], "min_startup": [2, 3, 6, 2, 2, 1, 3, 2, 2, 11, 2, 2, 3, 7, 1, 5, 2, 2, 2, 22, 1, 1, 2, 2], "max_startup": [93, 61, 28, 21, 73, 38, 89, 21, 65, 90, 53, 3, 40, 9, 28, 55, 72, 94, 43, 49, 39, 18, 90, 86], "priority": [12, 2, 7, 3, 18, 16, 19, 24, 4, 5, 22, 17, 21, 10, 23, 20, 11, 1, 9, 6, 14, 13, 8, 15], "win_min": [0, 0, 0, 0, 16, 0, 0, 0, 0, 0, 0, 0, 0, 0, 0, 0, 0, 0, 0, 0, 0, 0, 0, 0], "win_max": [97, 97, 97, 97, 84, 97, 97, 97, 97, 97, 97, 97, 97, 97, 97, 97, 97, 97, 97, 97, 97, 97, 97, 97]}