{"subs": 1, "jobs": 24, "T": 97, "power_use": [3.643137951135142, 0.8326243739359098, 2.9831981321860295, 1.0934529269981406, 2.0082576168989106, 1.0931116027478913, 1.286740099759523, 0.025363935120739693, 1.4956912244445368, 2.743458287546798, 0.8991598180307825, 3.5886773497988975, 2.6247643618983245, 1.110663010699497, 1.3638159354987132, 3.3987173845306033, 0.6551055722791206, 1.7310428644217901, 3.4594982275799953, 1.494939729565804, 2.2806625771002063, 2.0046799662234283, 0.7275640151274997, 0.5208803422751476], "power_resource": [4.638165012, 4.495021272, 4.272609762, 3.974470596, 3.606144822, 3.173327406, 2.68356033, 2.720654568, 2.932753572, 3.195029844, 3.777455556, 4.354801974, 4.9176801, 5.4563931, 5.961859812, 6.425460828, 6.839192412, 7.195512582, 7.4881107, 7.711445718, 7.861054014, 7.933549392, 7.926930918, 7.840275084, 7.674043644, 7.429929696, 7.110703764, 6.720521634, 6.909994692, 7.21644543, 7.467793524, 7.67204271, 8.068227642, 8.394841638, 8.648806338, 8.827659054, 8.930938032, 8.958643272, 0.0, 0.0, 0.0, 0.0, 0.0, 0.0, 0.0, 0.0, 0.0, 0.0, 0.0, 0.0, 0.0, 0.0, 0.0, 0.0, 0.0, 0.0, 0.0, 0.0, 0.0, 0.0, 0.0, 0.0, 0.0, 0.0, 0.0, 0.0, 0.0, 0.0, 0.0, 0.0, 0.0, 0.0, 0.0, 0.0, 6.76238733, 7.128866088, 7.455172248, 7.733763828, 7.957714518, 8.12148327, 8.337276306, 8.63864775, 8.866908144, 9.019286964, 9.094706784, 9.093013686, 9.015285096, 8.863983702, 8.642803536, 8.356362138, 8.01066231, 7.612168608, 7.168423014, 6.6877371, 6.178884192, 5.650945452, 5.113309878], "min_cpu_time": [17, 16, 15, 14, 2, 6, 1, 5, 11, 1, 3, 3, 8, 7, 1, 11, 3, 13, 13, 5, 4, 14, 4, 13], "max_cpu_time": [46, 30, 38, 48, 26, 25, 5, 28, 13, 15, 6, 23, 13, 47, 2, 35, 34, 18, 26, 25, 6, 38, 38, 28], "min_job_period": [61, 92, 16, 19, 18, 31, 12, 13, 46, 1, 30, 22, 46, 13, 11, 71, 20, 45, 79, 40, 39, 47, 32, 70], "max_job_period": [72, 95, 61, 58, 54, 43, 93, 23, 52, 48, 52, 34, 73, 36, 69, 80, 64, 84, 82, 40, 46, 74, 89, 83], "min_startup": [1, 1, 1, 1, 4, 2, 7, 2, 1, 7, 3, 3, 1, 1, 7, 1, 3, 1, 1, 2, 2, 1, 2, 1], "max_startup": [51, 61, 7, 47, 70, 83, 46, 78, 87, 63, 92, 72, 87, 62, 68, 73, 84, 57, 67, 18, 66, 26, 36, 74], "priority": [18, 7, 4, 23, 20, 3, 10, 22, 1, 11, 2, 13, 14, 8, 15, 6, 19, 21, 9, 17, 16, 5, 24, 12], "win_min": [0, 0, 0, 0, 0, 0, 0, 0, 0, 0, 0, 0, 0, 0, 0, 0, 0, 0, 0, 0, 6, 0, 0, 0], "win_max": [97, 97, 97, 97, 97, 97, 97, 97, 97, 97, 97, 97, 97, 97, 97, 97, 97, 97, 97, 97, 86, 97, 97, 97]}