{"subs": 1, "jobs": 22, "T": 97, "power_use": [1.4345752278224806, 1.7901530302821203, 2.6761114646034803, 1.694105969952921, 0.9638370187941447, 0.03664213318382482, 1.1096675118791988, 3.4581445184011965, 2.3622610463916227, 0.028554258648637885, 3.153829997670731, 0.07229050286954448, 3.8131468785869997, 2.060100981948513, 3.6332868707413253, 3.544843704118536, 3.5422141663380002, 1.5094508524695829, 0.7516543586113892, 1.4112521131894322, 0.545763646088326, 3.33922538621966], "power_resource": [2.720654568, 2.932753572, 3.195029844, 3.777455556, 4.354801974, 4.9176801, 5.4563931, 5.961859812, 6.425460828, 6.839192412, 7.195512582, 7.4881107, 7.711445718, 7.861054014, 7.933549392, 7.926930918, 7.840275084, 7.674043644, 7.429929696, 7.110703764, 6.720521634, 6.909994692, 7.21644543, 7.467793524, 7.67204271, 8.068227642, 8.394841638, 8.648806338, 8.827659054, 8.930938032, 8.958643272, 0.0, 0.0, 0.0, 0.0, 0.0, 0.0, 0.0, 0.0, 0.0, 0.0, 0.0, 0.0, 0.0, 0.0, 0.0, 0.0, 0.0, 0.0, 0.0, 0.0, 0.0, 0.0, 0.0, 0.0, 0.0, 0.0, 0.0, 0.0, 0.0, 0.0, 0.0, 0.0, 0.0, 0.0, 0.0, 0.0, 6.76238733, 7.128866088, 7.455172248, 7.733763828, 7.957714518, 8.12148327, 8.337276306, 8.63864775, 8.866908144, 9.019286964, 9.094706784, 9.093013686, 9.015285096, 8.863983702, 8.642803536, 8.356362138, 8.01066231, 7.612168608, 7.168423014, 6.6877371, 6.178884192, 5.650945452, 5.113309878, 4.662637974, 4.536117378, 4.329405504, 4.04650422, 3.692031066, 3.272142762, 2.7936117], "min_cpu_time": [14, 3, 13, 18, 8, 6, 9, 16, 4, 15, 12, 5, 1, 6, 13, 4, 7, 12, 11, 12, 13, 15], "max_cpu_time": [32, 38, 24, 25, 39, 14, 20, 27, 31, 26, 23, 24, 22, 6, 24, 24, 16, 29, 32, 42, 40, 23], "min_job_period": [55, 1, 87, 21, 2, 30, 27, 13, 31, 38, 26, 4, 4, 8, 14, 23, 4, 69, 7, 38, 12, 95], "max_job_period": [64, 35, 89, 62, 89, 62, 78, 42, 49, 43, 94, 39, 85, 63, 70, 56, 34, 82, 75, 91, 54, 96], "min_startup": [1, 4, 1, 1, 2, 2, 2, 1, 3, 1, 1, 3, 13, 2, 1, 3, 2, 1, 1, 1, 1, 1], "max_startup": [1, 41, 83, 16, 29, 53, 58, 53, 3, 74, 87, 26, 24, 75, 71, 77, 89, 5, 52, 76, 49, 54], "priority": [20, 22, 2, 21, 3, 10, 17, 8, 11, 7, 12, 13, 19, 6, 18, 15, 1, 14, 5, 9, 16, 4], "win_min": [0, 0, 0, 0, 4, 0, 0, 0, 0, 0, 0, 0, 0, 0, 0, 0, 0, 0, 0, 0, 0, 0], "win_max": [97, 97, 97, 97, 96, 97, 97, 97, 97, 97, 97, 97, 97, 97, 97, 97, 97, 97, 97, 97, 97, 97]}