{"subs": 1, "jobs": 24, "T": 97, "power_use": [0.4824741648362869, 3.342290254959198, 2.6156054815140446, 0.3443311920752667, 0.8092294296050272, 0.6410679847118469, 3.036362492218145, 0.7401359821918876, 0.13045648587392417, 0.636839382809574, 2.359697951154591, 1.1689670077170922, 0.2407064751269759, 2.84348713677778, 2.3026453902107473, 1.9503802081181423, 1.478668936821559, 1.6083599932245825, 1.3937093009905326, 2.664059732672168, 2.4789173134077465, 0.39967808139759353, 1.3609974734288752, 1.7630169453252578], "power_resource": [0.0, 0.0, 0.0, 0.0, 0.0, 0.0, 0.0, 0.0, 0.0, 0.0, 0.0, 0.0, 0.0, 0.0, 0.0, 0.0, 0.0, 0.0, 0.0, 0.0, 0.0, 0.0, 0.0, 0.0, 0.0, 0.0, 0.0, 0.0, 0.0, 0.0, 0.0, 0.0, 0.0, 0.0, 0.0, 0.0, 6.76238733, 7.128866088, 7.455172248, 7.733763828, 7.957714518, 8.12148327, 8.337276306, 8.63864775, 8.866908144, 9.019286964, 9.094706784, 9.093013686, 9.015285096, 8.863983702, 8.642803536, 8.356362138, 8.01066231, 7.612168608, 7.168423014, 6.6877371, 6.178884192, 5.650945452, 5.113309878, 4.662637974, 4.536117378, 4.329405504, 4.04650422, 3.692031066, 3.272142762, 2.7936117, 2.653700238, 2.88134496, 3.070356264, 3.652320222, 4.23120582, 4.797316224, 5.341262436, 5.853655458, 6.325721964, 6.749458218, 7.11716832, 7.422387714, 7.659113598, 7.823036268, 7.910461692, 7.918927182, 7.847663148, 7.696515672, 7.467023934, 7.161650622, 6.784551522, 6.86397321, 7.179966864, 7.442089218, 7.644645306, 8.005429098, 8.34543396, 8.613405198, 8.806572288, 8.92416564, 8.966031336], "min_cpu_time": [8, 2, 6, 13, 8, 10, 5, 15, 15, 1, 3, 1, 13, 16, 4, 7, 7, 10, 8, 12, 14, 10, 7, 12], "max_cpu_time": [39, 5, 22, 29, 41, 30, 14, 31, 47, 15, 33, 37, 29, 44, 37, 36, 25, 28, 8, 37, 41, 11, 41, 25], "min_job_period": [4, 4, 13, 12, 17, 23, 4, 32, 33, 1, 6, 1, 15, 6, 6, 18, 9, 1, 1, 19, 47, 21, 15, 19], "max_job_period": [14, 48, 63, 51, 62, 26, 44, 55, 41, 29, 80, 73, 52, 75, 93, 34, 59, 88, 30, 76, 82, 85, 47, 90], "min_startup": [4, 14, 5, 2, 4, 3, 6, 2, 2, 29, 10, 29, 2, 2, 7, 4, 4, 3, 4, 3, 2, 3, 4, 3], "max_startup": [64, 19, 54, 88, 16, 69, 31, 22, 45, 79, 53, 71, 96, 72, 77, 79, 69, 88, 28, 64, 82, 65, 8, 90], "priority": [2, 11, 10, 4, 12, 16, 1, 6, 9, 13, 19, 21, 7, 17, 5, 14, 24, 8, 3, 18, 22, 23, 15, 20], "win_min": [0, 0, 0, 0, 0, 0, 0, 0, 0, 0, 0, 0, 18, 0, 0, 0, 0, 0, 0, 0, 0, 0, 0, 0], "win_max": [97, 97, 97, 97, 97, 97, 97, 97, 97, 97, 97, 97, 89, 97, 97, 97, 97, 97, 97, 97, 97, 97, 97, 97]}