{"subs": 1, "jobs": 20, "T": 97, "power_use": [3.4245810235897474, 2.568128623737627, 0.6861662196930477, 2.5877691672782257, 3.6568396514486525, 0.8630699720128814, 1.1451646754847828, 1.043364529250385, 2.26141522165409, 2.7430453874678267, 3.4213827093759157, 1.06869637272632, 2.0625781931972607, 0.4486931924728219, 0.13139894656615897, 1.3997331777246675, 3.3315398163112775, 0.38583908677344125, 1.6814172047704876, 1.7308775280689066], "power_resource": [8.948638602, 0.0, 0.0, 0.0, 0.0, 0.0, 0.0, 0.0, 0.0, 0.0, 0.0, 0.0, 0.0, 0.0, 0.0, 0.0, 0.0, 0.0, 0.0, 0.0, 0.0, 0.0, 0.0, 0.0, 0.0, 0.0, 0.0, 0.0, 0.0, 0.0, 0.0, 0.0, 0.0, 0.0, 0.0, 0.0, 6.809794074, 6.832112184, 7.190895042, 7.507966122, 7.775783442, 7.987882446, 8.138722086, 8.40238362, 8.689132854, 8.902155366, 9.03883455, 9.098400816, 9.081008082, 8.987887692, 8.82181017, 8.586777384, 8.287560792, 7.930163196, 7.521356988, 7.068991986, 6.581379762, 6.067293642, 5.535814788, 4.996793952, 4.638165012, 4.495021272, 4.272609762, 3.974470596, 3.606144822, 3.173327406, 2.68356033, 2.720654568, 2.932753572, 3.195029844, 3.777455556, 4.354801974, 4.9176801, 5.4563931, 5.961859812, 6.425460828, 6.839192412, 7.195512582, 7.4881107, 7.711445718, 7.861054014, 7.933549392, 7.926930918, 7.840275084, 7.674043644, 7.429929696, 7.110703764, 6.720521634, 6.909994692, 7.21644543, 7.467793524, 7.67204271, 8.068227642, 8.394841638, 8.648806338, 8.827659054, 8.930938032], "min_cpu_time": [11, 14, 1, 13, 9, 9, 5, 3, 2, 9, 10, 18, 8, 8, 18, 1, 14, 16, 1, 7], "max_cpu_time": [48, 18, 47, 33, 43, 30, 44, 42, 29, 39, 43, 26, 32, 44, 18, 8, 35, 31, 18, 43], "min_job_period": [50, 16, 1, 42, 85, 85, 45, 11, 14, 74, 18, 18, 9, 10, 23, 6, 12, 92, 5, 6], "max_job_period": [81, 54, 36, 57, 94, 92, 63, 92, 68, 76, 27, 78, 47, 28, 88, 41, 77, 96, 78, 25], "min_startup": [1, 1, 11, 1, 1, 1, 2, 4, 6, 1, 1, 1, 2, 2, 1, 11, 1, 1, 11, 2], "max_startup": [60, 67, 87, 44, 57, 46, 69, 12, 22, 44, 70, 64, 39, 54, 45, 15, 27, 53, 61, 57], "priority": [20, 12, 19, 18, 1, 14, 2, 10, 16, 3, 6, 7, 15, 5, 11, 4, 8, 9, 13, 17], "win_min": [0, 0, 2, 0, 0, 0, 0, 0, 0, 0, 0, 0, 0, 0, 0, 0, 0, 0, 0, 0], "win_max": [97, 97, 92, 97, 97, 97, 97, 97, 97, 97, 97, 97, 97, 97, 97, 97, 97, 97, 97, 97]}