{"subs": 1, "jobs": 22, "T": 97, "power_use": [0.4841466020367118, 2.6307506661561497, 1.091378519596289, 0.27151505589924285, 1.8283645744046253, 2.9835435781959667, 3.7210947788229096, 2.861162191708125, 2.713212955548392, 1.466410372147841, 3.209117569616447, 0.2600557206778847, 1.7113040599079279, 0.7118599558306127, 1.401596520279313, 2.3421792101742027, 2.132373208084728, 0.5616654888668136, 2.395016933586245, 3.1605482496124275, 2.666171491319192, 2.1379637804676666], "power_resource": [7.80210342, 8.18151129, 8.490578634, 8.72638101, 8.886917484, 8.971572384, 8.9811153, 0.0, 0.0, 0.0, 0.0, 0.0, 0.0, 0.0, 0.0, 0.0, 0.0, 0.0, 0.0, 0.0, 0.0, 0.0, 0.0, 0.0, 0.0, 0.0, 0.0, 0.0, 0.0, 0.0, 0.0, 0.0, 0.0, 0.0, 0.0, 0.0, 0.0, 0.0, 0.0, 0.0, 0.0, 0.0, 6.771160656, 6.863665374, 7.22414133, 7.54275159, 7.81210809, 8.025592356, 8.17766334, 8.406385488, 8.694519984, 8.908927758, 9.04730004, 9.108559404, 9.092859768, 9.001740312, 8.83797156, 8.605093626, 8.308339722, 7.95371265, 7.547830884, 7.098544242, 6.614010378, 6.103310454, 5.575525632, 5.040198828, 4.667255514, 4.525497036, 4.304470788, 4.00802472, 3.64169988, 3.211191234, 2.724040764, 2.64585042, 2.856102408, 3.152086722, 3.733127172, 4.30893441, 4.869811602, 5.406215832, 5.909219856, 6.370204266, 6.78085749, 7.133945382, 7.423157304, 7.642952208, 7.788866472, 7.8575139, 7.847201394, 7.75669761, 7.58661822, 7.338656322, 7.015736358, 6.662032794, 7.014351096, 7.317569556, 7.565531454], "min_cpu_time": [17, 10, 10, 14, 14, 6, 16, 5, 16, 2, 13, 6, 8, 8, 5, 15, 18, 14, 5, 17, 2, 8], "max_cpu_time": [24, 31, 47, 21, 29, 23, 35, 16, 39, 26, 20, 35, 44, 24, 42, 24, 19, 24, 9, 27, 9, 37], "min_job_period": [27, 4, 3, 94, 29, 7, 37, 30, 56, 8, 51, 6, 63, 27, 19, 66, 47, 32, 35, 57, 8, 76], "max_job_period": [44, 62, 83, 96, 73, 72, 85, 76, 91, 49, 92, 51, 81, 49, 53, 81, 80, 90, 76, 91, 23, 79], "min_startup": [1, 1, 1, 1, 1, 2, 1, 2, 1, 4, 1, 2, 1, 1, 2, 1, 1, 1, 2, 1, 4, 1], "max_startup": [71, 92, 83, 4, 55, 26, 56, 80, 54, 35, 63, 53, 68, 19, 25, 62, 29, 14, 89, 59, 21, 67], "priority": [1, 14, 22, 5, 20, 11, 16, 19, 8, 12, 7, 15, 17, 18, 3, 21, 4, 9, 2, 6, 10, 13], "win_min": [0, 0, 0, 0, 7, 0, 0, 0, 0, 0, 0, 0, 0, 0, 0, 0, 0, 0, 0, 0, 0, 0], "win_max": [97, 97, 97, 97, 94, 97, 97, 97, 97, 97, 97, 97, 97, 97, 97, 97, 97, 97, 97, 97, 97, 97]}