{"subs": 1, "jobs": 22, "T": 97, "power_use": [0.4212315955844429, 1.2887502250254674, 0.7793849080892459, 1.8338466850477264, 0.3055108784040122, 2.451296207652507, 1.8221438879244232, 1.0818834594325402, 0.7160422093120736, 0.6323521578818627, 3.514219376117392, 2.5815819705807757, 3.0159400459334487, 3.1493469308710242, 2.8625138991580155, 3.181384487150865, 0.7032379169745862, 0.9570227224831696, 0.06083821833606008, 2.7395253343858075, 2.8863222558159802, 3.8626638598325105], "power_resource": [6.56383311, 6.953553486, 7.283091924, 7.546445622, 7.738535286, 7.855512966, 7.894146384, 7.853358114, 7.732532484, 7.532593002, 7.25569452, 6.905223234, 6.766389198, 7.10100693, 7.384062132, 7.60970592, 7.872290028, 8.238768786, 8.534291346, 8.755933266, 8.902155366, 8.972495892, 8.96803227, 0.0, 0.0, 0.0, 0.0, 0.0, 0.0, 0.0, 0.0, 0.0, 0.0, 0.0, 0.0, 0.0, 0.0, 0.0, 0.0, 0.0, 0.0, 0.0, 0.0, 0.0, 0.0, 0.0, 0.0, 0.0, 0.0, 0.0, 0.0, 0.0, 0.0, 0.0, 0.0, 0.0, 0.0, 0.0, 6.716058012, 6.93246672, 7.284785022, 7.593852366, 7.85212677, 8.053605432, 8.192593386, 8.469030114, 8.742234564, 8.941404456, 9.064077102, 9.109482912, 9.078237558, 8.97188022, 8.793489258, 8.54706654, 8.23769136, 7.871520438, 7.45578792, 6.998189706, 6.507191286, 5.991565986, 5.460856722, 4.924298574, 4.639396356, 4.48132257, 4.244442768, 3.93337449, 3.55319703, 3.110374944, 2.612142378, 2.709264636, 2.90366307, 3.277068138, 3.858108588, 4.431914892, 4.989098052, 5.520115152, 6.01588503], "min_cpu_time": [5, 15, 15, 14, 10, 10, 1, 10, 4, 10, 13, 4, 3, 12, 15, 8, 15, 11, 13, 2, 16, 4], "max_cpu_time": [44, 18, 40, 23, 22, 38, 36, 27, 35, 43, 28, 35, 10, 29, 37, 40, 37, 32, 29, 17, 27, 42], "min_job_period": [30, 40, 21, 87, 20, 47, 5, 49, 29, 73, 40, 27, 17, 7, 70, 6, 91, 73, 88, 8, 66, 2], "max_job_period": [42, 82, 52, 88, 62, 69, 89, 82, 68, 93, 88, 60, 61, 57, 86, 57, 93, 85, 90, 49, 84, 57], "min_startup": [2, 1, 1, 1, 1, 1, 11, 1, 3, 1, 1, 3, 4, 1, 1, 2, 1, 1, 1, 5, 1, 3], "max_startup": [90, 34, 77, 73, 36, 62, 75, 47, 40, 72, 49, 10, 25, 46, 55, 7, 7, 33, 6, 31, 50, 50], "priority": [6, 13, 15, 21, 1, 20, 14, 17, 11, 4, 19, 16, 22, 8, 12, 9, 2, 7, 3, 5, 10, 18], "win_min": [0, 0, 0, 0, 0, 0, 0, 0, 0, 0, 0, 0, 0, 1, 0, 0, 0, 0, 0, 0, 0, 0], "win_max": [97, 97, 97, 97, 97, 97, 97, 97, 97, 97, 97, 97, 97, 87, 97, 97, 97, 97, 97, 97, 97, 97]}