{"subs": 1, "jobs": 20, "T": 97, "power_use": [3.643954748298397, 1.8960086418326987, 3.2926800653046167, 0.9115537749583094, 1.9126061899299682, 1.5743110888018068, 2.496602893110121, 1.448660471452037, 3.919423273644674, 1.905094387979802, 1.7841430719222635, 1.1531332171181907, 3.4830458992068962, 2.3583328337009832, 0.1823280507539005, 2.768989888871834, 1.5399796698398398, 1.801414104703794, 1.6906549479771091, 1.6285890922685042], "power_resource": [7.894146384, 7.853358114, 7.732532484, 7.532593002, 7.25569452, 6.905223234, 6.766389198, 7.10100693, 7.384062132, 7.60970592, 7.872290028, 8.238768786, 8.534291346, 8.755933266, 8.902155366, 8.972495892, 8.96803227, 0.0, 0.0, 0.0, 0.0, 0.0, 0.0, 0.0, 0.0, 0.0, 0.0, 0.0, 0.0, 0.0, 0.0, 0.0, 0.0, 0.0, 0.0, 0.0, 0.0, 0.0, 0.0, 0.0, 0.0, 0.0, 0.0, 0.0, 0.0, 0.0, 0.0, 0.0, 0.0, 0.0, 0.0, 0.0, 6.716058012, 6.93246672, 7.284785022, 7.593852366, 7.85212677, 8.053605432, 8.192593386, 8.469030114, 8.742234564, 8.941404456, 9.064077102, 9.109482912, 9.078237558, 8.97188022, 8.793489258, 8.54706654, 8.23769136, 7.871520438, 7.45578792, 6.998189706, 6.507191286, 5.991565986, 5.460856722, 4.924298574, 4.639396356, 4.48132257, 4.244442768, 3.93337449, 3.55319703, 3.110374944, 2.612142378, 2.709264636, 2.90366307, 3.277068138, 3.858108588, 4.431914892, 4.989098052, 5.520115152, 6.01588503, 6.467942196, 6.868282914, 7.209826956, 7.486109766, 7.692205968, 7.82365194], "min_cpu_time": [6, 14, 11, 17, 3, 2, 14, 14, 7, 10, 14, 17, 9, 14, 14, 8, 18, 13, 3, 8], "max_cpu_time": [38, 39, 45, 21, 6, 26, 26, 33, 14, 46, 20, 44, 10, 33, 34, 43, 22, 19, 11, 21], "min_job_period": [20, 23, 47, 51, 4, 4, 34, 8, 27, 5, 25, 76, 22, 21, 44, 13, 65, 34, 1, 8], "max_job_period": [39, 24, 53, 91, 42, 23, 82, 43, 73, 79, 81, 91, 92, 21, 44, 59, 77, 37, 19, 47], "min_startup": [4, 2, 2, 1, 7, 11, 2, 2, 3, 2, 2, 1, 2, 2, 2, 3, 1, 2, 7, 3], "max_startup": [32, 44, 63, 7, 78, 23, 25, 17, 86, 35, 42, 66, 16, 65, 21, 30, 49, 13, 35, 38], "priority": [15, 6, 5, 16, 7, 3, 1, 2, 18, 8, 4, 9, 11, 20, 12, 14, 10, 17, 13, 19], "win_min": [0, 0, 0, 0, 0, 0, 0, 0, 0, 0, 0, 0, 0, 0, 0, 0, 9, 0, 0, 0], "win_max": [97, 97, 97, 97, 97, 97, 97, 97, 97, 97, 97, 97, 97, 97, 97, 97, 83, 97, 97, 97]}