{"subs": 1, "jobs": 20, "T": 97, "power_use": [0.017463874032078986, 2.963587516987631, 1.1771347551386073, 0.7136552304961575, 1.4119551979833704, 2.023757667327107, 0.5171355042824606, 3.137317994299635, 3.612543393650524, 3.0599532559907474, 2.4478797037672178, 3.048153963793312, 2.697040143268409, 1.284288283320071, 2.667699317484555, 0.5287613302263565, 2.2236630451381645, 0.3145532674152586, 3.7569409479987614, 3.384100475245112], "power_resource": [6.839192412, 7.195512582, 7.4881107, 7.711445718, 7.861054014, 7.933549392, 7.926930918, 7.840275084, 7.674043644, 7.429929696, 7.110703764, 6.720521634, 6.909994692, 7.21644543, 7.467793524, 7.67204271, 8.068227642, 8.394841638, 8.648806338, 8.827659054, 8.930938032, 8.958643272, 0.0, 0.0, 0.0, 0.0, 0.0, 0.0, 0.0, 0.0, 0.0, 0.0, 0.0, 0.0, 0.0, 0.0, 0.0, 0.0, 0.0, 0.0, 0.0, 0.0, 0.0, 0.0, 0.0, 0.0, 0.0, 0.0, 0.0, 0.0, 0.0, 0.0, 0.0, 0.0, 0.0, 0.0, 0.0, 0.0, 6.76238733, 7.128866088, 7.455172248, 7.733763828, 7.957714518, 8.12148327, 8.337276306, 8.63864775, 8.866908144, 9.019286964, 9.094706784, 9.093013686, 9.015285096, 8.863983702, 8.642803536, 8.356362138, 8.01066231, 7.612168608, 7.168423014, 6.6877371, 6.178884192, 5.650945452, 5.113309878, 4.662637974, 4.536117378, 4.329405504, 4.04650422, 3.692031066, 3.272142762, 2.7936117, 2.653700238, 2.88134496, 3.070356264, 3.652320222, 4.23120582, 4.797316224, 5.341262436, 5.853655458, 6.325721964], "min_cpu_time": [18, 7, 17, 18, 14, 4, 16, 2, 10, 3, 9, 9, 11, 2, 9, 5, 10, 10, 10, 6], "max_cpu_time": [28, 37, 17, 45, 34, 46, 16, 33, 23, 24, 36, 38, 30, 25, 17, 47, 26, 16, 11, 13], "min_job_period": [94, 24, 33, 89, 82, 19, 50, 7, 33, 6, 12, 11, 42, 13, 8, 7, 42, 52, 14, 15], "max_job_period": [96, 25, 92, 89, 95, 82, 93, 47, 54, 13, 32, 95, 87, 39, 68, 19, 59, 90, 95, 58], "min_startup": [1, 2, 1, 1, 1, 3, 1, 6, 1, 4, 1, 1, 1, 6, 1, 2, 1, 1, 1, 2], "max_startup": [63, 75, 48, 37, 43, 84, 94, 20, 92, 22, 30, 17, 26, 63, 48, 64, 48, 7, 38, 94], "priority": [3, 6, 9, 17, 5, 7, 10, 20, 2, 8, 14, 1, 11, 12, 4, 15, 13, 19, 16, 18], "win_min": [0, 0, 0, 0, 0, 0, 0, 0, 0, 0, 0, 0, 7, 0, 0, 0, 0, 0, 0, 0], "win_max": [97, 97, 97, 97, 97, 97, 97, 97, 97, 97, 97, 97, 86, 97, 97, 97, 97, 97, 97, 97]}