{"subs": 1, "jobs": 22, "T": 97, "power_use": [1.7899287608141035, 1.0729713277281336, 2.6237008373964565, 1.0763587228310736, 0.27467555804118127, 3.9684287961070495, 1.047212782399886, 0.6590918637442592, 3.7645930187967114, 2.79797760019967, 3.7137212899154215, 0.4294981476592581, 2.004000318848413, 2.989455338490681, 2.2804421526948757, 2.6418957805904686, 2.31448490153196, 3.6010883655570085, 2.746160624386788, 1.7303348313653593, 2.591196809325302, 1.9899254573846148], "power_resource": [2.932753572, 3.195029844, 3.777455556, 4.354801974, 4.9176801, 5.4563931, 5.961859812, 6.425460828, 6.839192412, 7.195512582, 7.4881107, 7.711445718, 7.861054014, 7.933549392, 7.926930918, 7.840275084, 7.674043644, 7.429929696, 7.110703764, 6.720521634, 6.909994692, 7.21644543, 7.467793524, 7.67204271, 8.068227642, 8.394841638, 8.648806338, 8.827659054, 8.930938032, 8.958643272, 0.0, 0.0, 0.0, 0.0, 0.0, 0.0, 0.0, 0.0, 0.0, 0.0, 0.0, 0.0, 0.0, 0.0, 0.0, 0.0, 0.0, 0.0, 0.0, 0.0, 0.0, 0.0, 0.0, 0.0, 0.0, 0.0, 0.0, 0.0, 0.0, 0.0, 0.0, 0.0, 0.0, 0.0, 0.0, 0.0, 6.76238733, 7.128866088, 7.455172248, 7.733763828, 7.957714518, 8.12148327, 8.337276306, 8.63864775, 8.866908144, 9.019286964, 9.094706784, 9.093013686, 9.015285096, 8.863983702, 8.642803536, 8.356362138, 8.01066231, 7.612168608, 7.168423014, 6.6877371, 6.178884192, 5.650945452, 5.113309878, 4.662637974, 4.536117378, 4.329405504, 4.04650422, 3.692031066, 3.272142762, 2.7936117, 2.653700238], "min_cpu_time": [4, 16, 6, 10, 11, 9, 17, 3, 7, 14, 18, 13, 3, 3, 10, 7, 4, 2, 13, 9, 4, 14], "max_cpu_time": [20, 31, 40, 22, 22, 18, 22, 15, 18, 27, 26, 42, 28, 6, 28, 10, 31, 13, 26, 27, 19, 39], "min_job_period": [16, 90, 3, 4, 19, 5, 54, 11, 13, 86, 50, 15, 1, 11, 28, 8, 12, 1, 46, 7, 8, 15], "max_job_period": [53, 92, 85, 32, 69, 20, 59, 34, 32, 87, 80, 76, 73, 24, 36, 72, 73, 42, 64, 53, 31, 62], "min_startup": [5, 1, 3, 2, 2, 2, 1, 6, 3, 1, 1, 2, 6, 6, 2, 3, 5, 9, 2, 2, 5, 1], "max_startup": [80, 53, 43, 83, 16, 62, 18, 9, 70, 4, 86, 27, 55, 26, 84, 87, 75, 15, 61, 38, 72, 38], "priority": [15, 5, 17, 12, 9, 11, 16, 8, 18, 6, 19, 20, 4, 3, 1, 10, 21, 14, 22, 13, 2, 7], "win_min": [0, 0, 0, 0, 0, 0, 0, 0, 0, 1, 0, 0, 0, 0, 0, 0, 0, 0, 0, 0, 0, 0], "win_max": [97, 97, 97, 97, 97, 97, 97, 97, 97, 85, 97, 97, 97, 97, 97, 97, 97, 97, 97, 97, 97, 97]}