{"subs": 1, "jobs": 22, "T": 97, "power_use": [0.34720966602487063, 3.9469298180369234, 2.351984976285997, 3.5221750160857432, 0.11733794191624203, 1.5204131937371084, 1.1470540435611862, 2.6553342762674466, 0.5649749085268234, 2.1817937674977084, 0.05429014297341611, 1.9345919261157036, 2.484568268914876, 0.1656693248843975, 1.4996435806073771, 2.959776131757795, 0.5648770380012328, 3.282631151098158, 2.5789587016123257, 0.397271908135577, 3.3776529835868687, 3.529126005112961], "power_resource": [7.659113598, 7.823036268, 7.910461692, 7.918927182, 7.847663148, 7.696515672, 7.467023934, 7.161650622, 6.784551522, 6.86397321, 7.179966864, 7.442089218, 7.644645306, 8.005429098, 8.34543396, 8.613405198, 8.806572288, 8.92416564, 8.966031336, 0.0, 0.0, 0.0, 0.0, 0.0, 0.0, 0.0, 0.0, 0.0, 0.0, 0.0, 0.0, 0.0, 0.0, 0.0, 0.0, 0.0, 0.0, 0.0, 0.0, 0.0, 0.0, 0.0, 0.0, 0.0, 0.0, 0.0, 0.0, 0.0, 0.0, 0.0, 0.0, 0.0, 0.0, 0.0, 0.0, 6.691123296, 7.065144036, 7.40037744, 7.689435444, 7.925083902, 8.101627848, 8.26924455, 8.585084286, 8.828582562, 8.996661018, 9.087780474, 9.101633094, 9.039450222, 8.902924956, 8.695905246, 8.422700796, 8.088698736, 7.700825376, 7.266007026, 6.792709176, 6.289551234, 5.765306526, 5.229671886, 4.691882394, 4.573827288, 4.383276804, 4.115459484, 3.775300704, 3.368341512, 2.901508218, 2.583821466, 2.827011906, 2.989549314, 3.527338806, 4.10730183, 4.676336676, 5.224900428, 5.743911924, 6.224136084, 6.657569172, 7.036515288, 7.354048122], "min_cpu_time": [9, 6, 10, 3, 4, 1, 4, 18, 1, 15, 1, 6, 12, 1, 8, 14, 9, 4, 12, 5, 11, 6], "max_cpu_time": [34, 12, 20, 36, 12, 30, 41, 44, 48, 38, 12, 16, 42, 39, 27, 45, 42, 28, 36, 5, 32, 18], "min_job_period": [32, 8, 7, 14, 11, 1, 15, 84, 4, 85, 4, 16, 78, 1, 38, 79, 24, 7, 29, 14, 47, 22], "max_job_period": [32, 36, 36, 70, 14, 56, 25, 87, 70, 85, 36, 30, 92, 25, 42, 94, 66, 42, 77, 32, 85, 52], "min_startup": [2, 3, 2, 5, 4, 14, 4, 1, 14, 1, 14, 3, 1, 14, 2, 1, 2, 4, 1, 3, 1, 3], "max_startup": [74, 93, 43, 80, 89, 37, 7, 45, 81, 52, 30, 80, 28, 93, 53, 3, 60, 84, 69, 92, 93, 63], "priority": [3, 17, 8, 13, 14, 1, 7, 4, 12, 18, 21, 6, 11, 9, 16, 2, 22, 10, 19, 5, 15, 20], "win_min": [0, 0, 0, 0, 0, 0, 0, 15, 0, 0, 0, 0, 0, 0, 0, 0, 0, 0, 0, 0, 0, 0], "win_max": [97, 97, 97, 97, 97, 97, 97, 87, 97, 97, 97, 97, 97, 97, 97, 97, 97, 97, 97, 97, 97, 97]}