{"subs": 1, "jobs": 22, "T": 97, "power_use": [1.7893146782054403, 0.4531336270441502, 0.2810266886488295, 0.520251089275468, 0.06638408456830547, 3.4404757187802875, 3.029853079403039, 3.403337070500838, 0.1519049785799275, 0.2531196360517959, 3.512446438219361, 3.923903627621016, 1.154012209649531, 2.1767888192307665, 0.07926157569338955, 3.1882078123811026, 1.4209767283936723, 0.23033627266897636, 1.3117871215879502, 0.5950851086161016, 2.680611195267371, 2.8040881301405216], "power_resource": [0.0, 0.0, 0.0, 0.0, 0.0, 0.0, 0.0, 0.0, 0.0, 0.0, 0.0, 0.0, 0.0, 0.0, 0.0, 0.0, 0.0, 0.0, 0.0, 0.0, 0.0, 0.0, 6.76238733, 7.128866088, 7.455172248, 7.733763828, 7.957714518, 8.12148327, 8.337276306, 8.63864775, 8.866908144, 9.019286964, 9.094706784, 9.093013686, 9.015285096, 8.863983702, 8.642803536, 8.356362138, 8.01066231, 7.612168608, 7.168423014, 6.6877371, 6.178884192, 5.650945452, 5.113309878, 4.662637974, 4.536117378, 4.329405504, 4.04650422, 3.692031066, 3.272142762, 2.7936117, 2.653700238, 2.88134496, 3.070356264, 3.652320222, 4.23120582, 4.797316224, 5.341262436, 5.853655458, 6.325721964, 6.749458218, 7.11716832, 7.422387714, 7.659113598, 7.823036268, 7.910461692, 7.918927182, 7.847663148, 7.696515672, 7.467023934, 7.161650622, 6.784551522, 6.86397321, 7.179966864, 7.442089218, 7.644645306, 8.005429098, 8.34543396, 8.613405198, 8.806572288, 8.92416564, 8.966031336, 0.0, 0.0, 0.0, 0.0, 0.0, 0.0, 0.0, 0.0, 0.0, 0.0, 0.0, 0.0, 0.0, 0.0], "min_cpu_time": [5, 7, 10, 14, 2, 1, 18, 2, 17, 16, 5, 4, 13, 5, 1, 11, 16, 1, 2, 18, 16, 6], "max_cpu_time": [21, 11, 26, 22, 33, 46, 19, 24, 43, 16, 34, 12, 35, 19, 34, 17, 41, 26, 17, 47, 38, 41], "min_job_period": [8, 9, 2, 87, 7, 4, 27, 1, 21, 64, 5, 9, 9, 6, 4, 14, 8, 4, 5, 71, 35, 25], "max_job_period": [51, 62, 18, 94, 14, 38, 32, 53, 83, 75, 46, 34, 64, 93, 84, 93, 27, 21, 93, 87, 62, 42], "min_startup": [4, 3, 2, 1, 9, 18, 1, 9, 1, 1, 4, 5, 2, 4, 18, 2, 1, 18, 9, 1, 1, 3], "max_startup": [21, 60, 84, 3, 93, 63, 62, 68, 8, 5, 64, 44, 16, 6, 79, 47, 22, 52, 62, 84, 17, 39], "priority": [15, 14, 19, 18, 1, 10, 11, 21, 22, 20, 4, 12, 16, 7, 8, 5, 3, 2, 13, 6, 9, 17], "win_min": [0, 0, 0, 0, 0, 0, 0, 0, 0, 0, 0, 0, 0, 0, 0, 0, 0, 0, 0, 6, 0, 0], "win_max": [97, 97, 97, 97, 97, 97, 97, 97, 97, 97, 97, 97, 97, 97, 97, 97, 97, 97, 97, 85, 97, 97]}