{"subs": 1, "jobs": 22, "T": 97, "power_use": [2.9666240568793376, 3.3756824181290543, 0.7595305303820065, 0.7927141615140024, 3.928571529207566, 3.4512126712799334, 0.2746248691303662, 3.34737093006641, 0.9605440116033688, 3.887054228164775, 1.2368324391330954, 2.726712877730032, 0.5411684520884684, 1.0676246264078626, 2.8203230664258663, 2.5485883656058803, 3.3974288904263124, 3.25468223622925, 2.2648000237208707, 0.603709919236503, 2.6938731767187205, 3.1378196862262664], "power_resource": [2.827011906, 2.989549314, 3.527338806, 4.10730183, 4.676336676, 5.224900428, 5.743911924, 6.224136084, 6.657569172, 7.036515288, 7.354048122, 7.604164872, 7.782247998, 7.88444955, 7.908152922, 7.851972852, 7.71590934, 7.50119373, 7.209980874, 6.846118722, 6.815950794, 7.141487364, 7.41423006, 7.628329998, 7.940167866, 8.293563594, 8.575233534, 8.782714998, 8.914468806, 8.970648876, 8.952178716, 0.0, 0.0, 0.0, 0.0, 0.0, 0.0, 0.0, 0.0, 0.0, 0.0, 0.0, 0.0, 0.0, 0.0, 0.0, 0.0, 0.0, 0.0, 0.0, 0.0, 0.0, 0.0, 0.0, 0.0, 0.0, 0.0, 0.0, 0.0, 0.0, 0.0, 0.0, 0.0, 0.0, 0.0, 0.0, 6.658030926, 6.999574968, 7.343581698, 7.642644372, 7.88983668, 8.079001902, 8.20459899, 8.52859638, 8.787024702, 8.970648876, 9.077467968, 9.107174142, 9.06038307, 8.938941768, 8.746236432, 8.486115012, 8.164426392, 7.787327292, 7.36189794, 6.89629599, 6.398986932, 5.87889801, 5.345418222, 4.808090484, 4.60830492, 4.433761908, 4.181490306, 3.8556459, 3.462077574, 3.007095966, 2.511018252], "min_cpu_time": [12, 17, 16, 6, 10, 3, 7, 14, 14, 17, 15, 4, 13, 2, 5, 6, 8, 14, 17, 13, 14, 14], "max_cpu_time": [30, 44, 44, 26, 30, 25, 29, 35, 17, 22, 20, 40, 21, 15, 10, 34, 45, 37, 31, 25, 43, 42], "min_job_period": [2, 65, 57, 45, 72, 7, 37, 74, 46, 1, 8, 28, 17, 12, 4, 21, 2, 49, 92, 3, 63, 38], "max_job_period": [83, 74, 92, 83, 85, 41, 69, 75, 65, 30, 83, 55, 68, 36, 95, 62, 85, 83, 92, 56, 64, 96], "min_startup": [1, 1, 1, 2, 1, 4, 2, 1, 1, 1, 1, 3, 1, 6, 3, 2, 2, 1, 1, 1, 1, 1], "max_startup": [87, 53, 56, 77, 36, 19, 14, 72, 64, 60, 61, 5, 71, 28, 46, 13, 72, 43, 80, 9, 60, 5], "priority": [20, 2, 7, 3, 9, 16, 21, 6, 5, 14, 18, 1, 13, 19, 22, 15, 17, 8, 12, 11, 4, 10], "win_min": [0, 0, 0, 0, 0, 0, 0, 0, 0, 0, 0, 0, 0, 0, 0, 0, 10, 0, 0, 0, 0, 0], "win_max": [97, 97, 97, 97, 97, 97, 97, 97, 97, 97, 97, 97, 97, 97, 97, 97, 94, 97, 97, 97, 97, 97]}