{"subs": 1, "jobs": 20, "T": 97, "power_use": [3.5974530376241436, 0.36825172210628676, 2.2714779060348462, 3.652697268125604, 1.0748900537176074, 3.417941053189336, 2.3664705414792833, 0.8907880573984575, 3.954537987865743, 2.809683533987757, 2.3026254023505786, 1.3892341131543737, 3.8808271321135, 2.8697106848220777, 0.8079210700274045, 0.7620306572367587, 1.1574767322476098, 0.9533266503160627, 1.1968238849088664, 3.507954995730962], "power_resource": [8.938941768, 8.746236432, 8.486115012, 8.164426392, 7.787327292, 7.36189794, 6.89629599, 6.398986932, 5.87889801, 5.345418222, 4.808090484, 4.60830492, 4.433761908, 4.181490306, 3.8556459, 3.462077574, 3.007095966, 2.511018252, 2.769600492, 2.948145372, 3.402203472, 3.982782168, 4.55443362, 5.107460994, 5.63262921, 6.120857106, 6.56383311, 6.953553486, 7.283091924, 7.546445622, 7.738535286, 7.855512966, 7.894146384, 7.853358114, 7.732532484, 7.532593002, 7.25569452, 6.905223234, 6.766389198, 7.10100693, 7.384062132, 7.60970592, 7.872290028, 8.238768786, 8.534291346, 8.755933266, 8.902155366, 8.972495892, 8.96803227, 0.0, 0.0, 0.0, 0.0, 0.0, 0.0, 0.0, 0.0, 0.0, 0.0, 0.0, 0.0, 0.0, 0.0, 0.0, 0.0, 0.0, 0.0, 0.0, 0.0, 0.0, 0.0, 0.0, 0.0, 0.0, 0.0, 0.0, 0.0, 0.0, 0.0, 0.0, 0.0, 0.0, 0.0, 0.0, 6.716058012, 6.93246672, 7.284785022, 7.593852366, 7.85212677, 8.053605432, 8.192593386, 8.469030114, 8.742234564, 8.941404456, 9.064077102, 9.109482912, 9.078237558], "min_cpu_time": [7, 5, 11, 4, 6, 7, 5, 11, 3, 18, 3, 16, 8, 10, 17, 10, 16, 7, 12, 18], "max_cpu_time": [43, 47, 24, 40, 23, 37, 48, 29, 22, 31, 46, 17, 10, 28, 27, 41, 39, 18, 44, 41], "min_job_period": [46, 13, 96, 27, 33, 17, 36, 46, 19, 62, 1, 40, 40, 31, 78, 65, 48, 28, 19, 72], "max_job_period": [77, 30, 96, 55, 37, 60, 90, 76, 55, 86, 7, 64, 95, 34, 96, 80, 74, 84, 45, 79], "min_startup": [2, 2, 1, 3, 2, 2, 2, 1, 3, 1, 3, 1, 2, 1, 1, 1, 1, 2, 1, 1], "max_startup": [17, 64, 83, 76, 64, 33, 49, 48, 40, 23, 43, 86, 67, 29, 14, 88, 14, 68, 75, 16], "priority": [4, 7, 5, 11, 19, 1, 16, 3, 14, 17, 20, 10, 18, 8, 9, 13, 12, 6, 2, 15], "win_min": [0, 0, 0, 0, 0, 0, 0, 0, 0, 0, 0, 0, 0, 0, 0, 0, 3, 0, 0, 0], "win_max": [97, 97, 97, 97, 97, 97, 97, 97, 97, 97, 97, 97, 97, 97, 97, 97, 92, 97, 97, 97]}