{"subs": 1, "jobs": 20, "T": 97, "power_use": [2.0850722567812054, 2.415227752607003, 3.724724609974296, 0.196206920639266, 1.5152377654627627, 1.9298030967351085, 2.563743919680495, 0.8179133435894356, 3.3221839420566956, 3.8286317802883625, 2.3213616584154195, 2.840963832675219, 0.24265396251739385, 3.5648679252749087, 1.3744710717501705, 1.4332984943321665, 1.5360059005733657, 0.7482733957855281, 3.9735310200008396, 2.9035015443350205], "power_resource": [0.0, 0.0, 0.0, 0.0, 0.0, 0.0, 0.0, 0.0, 0.0, 0.0, 0.0, 0.0, 0.0, 0.0, 0.0, 0.0, 0.0, 0.0, 0.0, 0.0, 0.0, 0.0, 0.0, 0.0, 0.0, 0.0, 0.0, 0.0, 0.0, 0.0, 0.0, 6.716058012, 6.93246672, 7.284785022, 7.593852366, 7.85212677, 8.053605432, 8.192593386, 8.469030114, 8.742234564, 8.941404456, 9.064077102, 9.109482912, 9.078237558, 8.97188022, 8.793489258, 8.54706654, 8.23769136, 7.871520438, 7.45578792, 6.998189706, 6.507191286, 5.991565986, 5.460856722, 4.924298574, 4.639396356, 4.48132257, 4.244442768, 3.93337449, 3.55319703, 3.110374944, 2.612142378, 2.709264636, 2.90366307, 3.277068138, 3.858108588, 4.431914892, 4.989098052, 5.520115152, 6.01588503, 6.467942196, 6.868282914, 7.209826956, 7.486109766, 7.692205968, 7.82365194, 7.877369322, 7.851665016, 7.746077268, 7.561067832, 7.298637642, 6.961865058, 6.714980586, 7.05867948, 7.35189327, 7.588773072, 7.80210342, 8.18151129, 8.490578634, 8.72638101, 8.886917484, 8.971572384, 8.9811153, 0.0, 0.0, 0.0, 0.0], "min_cpu_time": [11, 3, 7, 17, 4, 9, 12, 6, 5, 13, 9, 1, 2, 6, 1, 7, 4, 18, 5, 13], "max_cpu_time": [34, 3, 47, 32, 17, 35, 22, 25, 33, 17, 27, 35, 46, 6, 40, 45, 47, 46, 10, 44], "min_job_period": [13, 2, 6, 27, 2, 7, 23, 30, 14, 69, 27, 5, 2, 23, 2, 47, 9, 94, 27, 58], "max_job_period": [15, 19, 11, 82, 9, 77, 25, 47, 38, 84, 66, 86, 62, 34, 4, 85, 56, 95, 55, 81], "min_startup": [2, 5, 2, 1, 4, 2, 2, 3, 3, 1, 2, 15, 8, 3, 15, 2, 4, 1, 3, 1], "max_startup": [36, 38, 28, 35, 54, 9, 37, 57, 15, 24, 31, 21, 79, 27, 48, 40, 32, 13, 86, 66], "priority": [18, 19, 17, 2, 7, 8, 12, 10, 9, 4, 20, 16, 15, 11, 1, 5, 13, 6, 3, 14], "win_min": [0, 0, 0, 0, 0, 0, 0, 0, 2, 0, 0, 0, 0, 0, 0, 0, 0, 0, 0, 0], "win_max": [97, 97, 97, 97, 97, 97, 97, 97, 85, 97, 97, 97, 97, 97, 97, 97, 97, 97, 97, 97]}