{"subs": 1, "jobs": 20, "T": 97, "power_use": [3.3153124231029176, 0.7223286805308823, 1.4748724652171883, 0.682386209369699, 2.323327078071134, 0.4996890891883772, 0.8791338928212514, 0.4614438252817836, 3.7947031230000055, 0.914204681472647, 2.1612718205670993, 3.7650506306467335, 0.3520270463694677, 3.829979539960396, 0.6378874096451035, 2.7283359166110577, 0.6347643934371071, 3.6307260922322775, 1.8263421850453136, 2.842840804586043], "power_resource": [0.0, 0.0, 0.0, 0.0, 0.0, 0.0, 0.0, 0.0, 0.0, 0.0, 0.0, 0.0, 0.0, 0.0, 0.0, 0.0, 0.0, 0.0, 0.0, 0.0, 0.0, 0.0, 0.0, 0.0, 6.691123296, 7.065144036, 7.40037744, 7.689435444, 7.925083902, 8.101627848, 8.26924455, 8.585084286, 8.828582562, 8.996661018, 9.087780474, 9.101633094, 9.039450222, 8.902924956, 8.695905246, 8.422700796, 8.088698736, 7.700825376, 7.266007026, 6.792709176, 6.289551234, 5.765306526, 5.229671886, 4.691882394, 4.573827288, 4.383276804, 4.115459484, 3.775300704, 3.368341512, 2.901508218, 2.583821466, 2.827011906, 2.989549314, 3.527338806, 4.10730183, 4.676336676, 5.224900428, 5.743911924, 6.224136084, 6.657569172, 7.036515288, 7.354048122, 7.604164872, 7.782247998, 7.88444955, 7.908152922, 7.851972852, 7.71590934, 7.50119373, 7.209980874, 6.846118722, 6.815950794, 7.141487364, 7.41423006, 7.628329998, 7.940167866, 8.293563594, 8.575233534, 8.782714998, 8.914468806, 8.970648876, 8.952178716, 0.0, 0.0, 0.0, 0.0, 0.0, 0.0, 0.0, 0.0, 0.0, 0.0, 0.0], "min_cpu_time": [12, 2, 7, 1, 9, 10, 8, 8, 2, 17, 10, 17, 2, 16, 13, 9, 18, 16, 1, 5], "max_cpu_time": [28, 16, 36, 33, 35, 19, 47, 23, 48, 48, 31, 44, 26, 39, 46, 17, 19, 36, 26, 35], "min_job_period": [27, 29, 96, 5, 21, 69, 56, 46, 18, 2, 81, 4, 14, 31, 55, 33, 85, 67, 7, 88], "max_job_period": [89, 39, 96, 74, 41, 92, 77, 86, 29, 80, 95, 70, 20, 56, 82, 67, 89, 67, 74, 91], "min_startup": [1, 3, 1, 6, 1, 1, 1, 1, 3, 1, 1, 1, 3, 1, 1, 1, 1, 1, 6, 1], "max_startup": [56, 46, 52, 60, 51, 67, 67, 10, 73, 81, 47, 62, 6, 28, 8, 88, 50, 6, 86, 5], "priority": [15, 14, 2, 10, 8, 5, 4, 1, 16, 19, 3, 7, 17, 12, 6, 13, 11, 18, 9, 20], "win_min": [0, 0, 0, 9, 0, 0, 0, 0, 0, 0, 0, 0, 0, 0, 0, 0, 0, 0, 0, 0], "win_max": [97, 97, 97, 91, 97, 97, 97, 97, 97, 97, 97, 97, 97, 97, 97, 97, 97, 97, 97, 97]}