{"subs": 1, "jobs": 24, "T": 97, "power_use": [0.5553253112495173, 1.6716664311167324, 2.9564667082840015, 2.3413874666700374, 3.534898572079027, 2.3192109491691433, 0.7201021365647736, 2.3710892553398923, 0.2249721972686906, 2.976218400179853, 0.812140269300097, 3.619654616463494, 1.8995358421622317, 1.7721962048020994, 0.5529580114017416, 3.2327054342276815, 3.668944742351972, 2.781408083307571, 2.673502391113214, 2.8294048817905164, 2.9818062690172646, 2.8612346845742973, 0.580420471060248, 2.6687682119492684], "power_resource": [0.0, 0.0, 0.0, 0.0, 6.809794074, 6.832112184, 7.190895042, 7.507966122, 7.775783442, 7.987882446, 8.138722086, 8.40238362, 8.689132854, 8.902155366, 9.03883455, 9.098400816, 9.081008082, 8.987887692, 8.82181017, 8.586777384, 8.287560792, 7.930163196, 7.521356988, 7.068991986, 6.581379762, 6.067293642, 5.535814788, 4.996793952, 4.638165012, 4.495021272, 4.272609762, 3.974470596, 3.606144822, 3.173327406, 2.68356033, 2.720654568, 2.932753572, 3.195029844, 3.777455556, 4.354801974, 4.9176801, 5.4563931, 5.961859812, 6.425460828, 6.839192412, 7.195512582, 7.4881107, 7.711445718, 7.861054014, 7.933549392, 7.926930918, 7.840275084, 7.674043644, 7.429929696, 7.110703764, 6.720521634, 6.909994692, 7.21644543, 7.467793524, 7.67204271, 8.068227642, 8.394841638, 8.648806338, 8.827659054, 8.930938032, 8.958643272, 0.0, 0.0, 0.0, 0.0, 0.0, 0.0, 0.0, 0.0, 0.0, 0.0, 0.0, 0.0, 0.0, 0.0, 0.0, 0.0, 0.0, 0.0, 0.0, 0.0, 0.0, 0.0, 0.0, 0.0, 0.0, 0.0, 0.0, 0.0, 0.0, 0.0, 0.0], "min_cpu_time": [12, 8, 4, 12, 8, 13, 1, 9, 9, 14, 15, 11, 15, 18, 8, 1, 6, 12, 17, 18, 3, 13, 5, 10], "max_cpu_time": [40, 45, 4, 21, 9, 20, 1, 10, 34, 23, 43, 23, 45, 22, 30, 14, 40, 24, 20, 31, 14, 39, 37, 10], "min_job_period": [22, 7, 49, 34, 19, 36, 51, 69, 57, 62, 58, 36, 32, 54, 72, 89, 80, 54, 80, 3, 77, 20, 66, 80], "max_job_period": [45, 42, 96, 49, 77, 60, 65, 90, 74, 86, 66, 86, 78, 75, 91, 96, 93, 66, 92, 60, 93, 51, 80, 81], "min_startup": [1, 1, 1, 1, 1, 1, 1, 1, 1, 1, 1, 1, 1, 1, 1, 1, 1, 1, 1, 1, 1, 1, 1, 1], "max_startup": [89, 31, 29, 27, 24, 75, 26, 70, 65, 53, 66, 17, 45, 48, 3, 21, 90, 64, 94, 36, 74, 58, 58, 11], "priority": [4, 20, 14, 8, 19, 13, 3, 5, 6, 11, 7, 9, 24, 10, 1, 22, 21, 16, 2, 17, 23, 12, 18, 15], "win_min": [0, 0, 0, 0, 0, 0, 0, 0, 0, 0, 0, 0, 0, 0, 0, 0, 0, 0, 0, 5, 0, 0, 0, 0], "win_max": [97, 97, 97, 97, 97, 97, 97, 97, 97, 97, 97, 97, 97, 97, 97, 97, 97, 97, 97, 84, 97, 97, 97, 97]}