{"subs": 1, "jobs": 22, "T": 97, "power_use": [0.3564150568796142, 2.4863075647277877, 3.8284393127622565, 1.9971781051650908, 2.050675201086243, 2.086662602799694, 0.6581582583281372, 1.684802532926935, 0.17819359495979456, 1.0742668793099797, 2.8158481394986863, 1.4327384597133144, 3.7897331000129464, 0.5726947554829371, 0.473896356122207, 3.63530069963025, 1.014558040068386, 1.7412864739355371, 0.8288255552150537, 1.7486284481647436, 1.5480324534162087, 1.9891128148183856], "power_resource": [7.674043644, 7.429929696, 7.110703764, 6.720521634, 6.909994692, 7.21644543, 7.467793524, 7.67204271, 8.068227642, 8.394841638, 8.648806338, 8.827659054, 8.930938032, 8.958643272, 0.0, 0.0, 0.0, 0.0, 0.0, 0.0, 0.0, 0.0, 0.0, 0.0, 0.0, 0.0, 0.0, 0.0, 0.0, 0.0, 0.0, 0.0, 0.0, 0.0, 0.0, 0.0, 0.0, 0.0, 0.0, 0.0, 0.0, 0.0, 0.0, 0.0, 0.0, 0.0, 0.0, 0.0, 0.0, 0.0, 6.76238733, 7.128866088, 7.455172248, 7.733763828, 7.957714518, 8.12148327, 8.337276306, 8.63864775, 8.866908144, 9.019286964, 9.094706784, 9.093013686, 9.015285096, 8.863983702, 8.642803536, 8.356362138, 8.01066231, 7.612168608, 7.168423014, 6.6877371, 6.178884192, 5.650945452, 5.113309878, 4.662637974, 4.536117378, 4.329405504, 4.04650422, 3.692031066, 3.272142762, 2.7936117, 2.653700238, 2.88134496, 3.070356264, 3.652320222, 4.23120582, 4.797316224, 5.341262436, 5.853655458, 6.325721964, 6.749458218, 7.11716832, 7.422387714, 7.659113598, 7.823036268, 7.910461692, 7.918927182, 7.847663148], "min_cpu_time": [18, 9, 11, 6, 11, 3, 11, 5, 4, 7, 9, 1, 9, 13, 11, 15, 2, 4, 18, 9, 10, 6], "max_cpu_time": [35, 9, 37, 15, 32, 5, 46, 20, 43, 39, 19, 8, 38, 16, 39, 18, 28, 29, 18, 10, 31, 34], "min_job_period": [29, 96, 35, 18, 9, 11, 66, 32, 40, 37, 90, 2, 18, 39, 10, 8, 18, 9, 44, 47, 47, 33], "max_job_period": [30, 96, 90, 68, 60, 77, 84, 72, 83, 96, 96, 43, 37, 46, 49, 84, 68, 90, 63, 95, 74, 41], "min_startup": [1, 1, 1, 2, 1, 3, 1, 2, 2, 1, 1, 8, 1, 1, 1, 1, 4, 2, 1, 1, 1, 2], "max_startup": [3, 26, 85, 64, 23, 5, 40, 52, 51, 20, 9, 36, 34, 91, 30, 21, 37, 28, 6, 80, 92, 61], "priority": [12, 3, 22, 5, 14, 10, 2, 18, 7, 15, 16, 19, 21, 8, 1, 13, 20, 11, 17, 6, 9, 4], "win_min": [0, 0, 0, 0, 0, 0, 0, 0, 0, 0, 0, 0, 0, 0, 0, 0, 0, 0, 0, 0, 0, 9], "win_max": [97, 97, 97, 97, 97, 97, 97, 97, 97, 97, 97, 97, 97, 97, 97, 97, 97, 97, 97, 97, 97, 84]}