{"subs": 1, "jobs": 20, "T": 97, "power_use": [3.883382639301544, 2.2295354636752167, 1.5805176172299684, 1.3825859715862379, 2.83287503727087, 1.0804518258083557, 1.012711432854617, 3.8854617815731194, 0.8060110847398144, 1.8406485879408212, 2.173813434004752, 1.7613426672997956, 1.4129703617145293, 1.1680856909462083, 0.3230626538348884, 1.486914858883842, 1.4740621257899436, 0.459651872840796, 0.6677270293944237, 0.6752789852576436], "power_resource": [9.107174142, 9.06038307, 8.938941768, 8.746236432, 8.486115012, 8.164426392, 7.787327292, 7.36189794, 6.89629599, 6.398986932, 5.87889801, 5.345418222, 4.808090484, 4.60830492, 4.433761908, 4.181490306, 3.8556459, 3.462077574, 3.007095966, 2.511018252, 2.769600492, 2.948145372, 3.402203472, 3.982782168, 4.55443362, 5.107460994, 5.63262921, 6.120857106, 6.56383311, 6.953553486, 7.283091924, 7.546445622, 7.738535286, 7.855512966, 7.894146384, 7.853358114, 7.732532484, 7.532593002, 7.25569452, 6.905223234, 6.766389198, 7.10100693, 7.384062132, 7.60970592, 7.872290028, 8.238768786, 8.534291346, 8.755933266, 8.902155366, 8.972495892, 8.96803227, 0.0, 0.0, 0.0, 0.0, 0.0, 0.0, 0.0, 0.0, 0.0, 0.0, 0.0, 0.0, 0.0, 0.0, 0.0, 0.0, 0.0, 0.0, 0.0, 0.0, 0.0, 0.0, 0.0, 0.0, 0.0, 0.0, 0.0, 0.0, 0.0, 0.0, 0.0, 0.0, 0.0, 0.0, 0.0, 6.716058012, 6.93246672, 7.284785022, 7.593852366, 7.85212677, 8.053605432, 8.192593386, 8.469030114, 8.742234564, 8.941404456, 9.064077102], "min_cpu_time": [10, 10, 2, 6, 15, 7, 5, 1, 17, 10, 5, 15, 7, 13, 3, 1, 16, 3, 9, 12], "max_cpu_time": [14, 33, 3, 29, 19, 22, 33, 38, 26, 38, 30, 35, 40, 21, 9, 37, 46, 7, 32, 32], "min_job_period": [51, 66, 42, 93, 41, 16, 94, 28, 63, 34, 35, 36, 52, 19, 36, 9, 50, 6, 12, 13], "max_job_period": [88, 78, 90, 95, 88, 60, 94, 51, 79, 42, 50, 49, 52, 49, 95, 84, 68, 94, 77, 66], "min_startup": [1, 1, 1, 1, 1, 1, 1, 2, 1, 1, 1, 1, 1, 1, 1, 2, 1, 1, 1, 1], "max_startup": [89, 12, 52, 69, 76, 94, 80, 53, 91, 26, 45, 89, 76, 88, 12, 32, 36, 94, 64, 4], "priority": [18, 4, 1, 7, 12, 17, 8, 10, 3, 13, 6, 2, 5, 20, 14, 16, 9, 11, 15, 19], "win_min": [0, 0, 0, 0, 0, 0, 0, 0, 0, 0, 0, 0, 0, 0, 0, 0, 0, 0, 0, 9], "win_max": [97, 97, 97, 97, 97, 97, 97, 97, 97, 97, 97, 97, 97, 97, 97, 97, 97, 97, 97, 93]}