{"subs": 1, "jobs": 20, "T": 97, "power_use": [2.7506093593208916, 3.7360017577591553, 0.36161523023438036, 2.101227973642235, 2.021117330976983, 0.21647012765018908, 1.55228714593398, 0.7217824384291772, 0.013993394855995727, 0.6295066039213597, 2.687451662601913, 3.99767502285935, 3.0729885610591814, 3.453000345861364, 1.512172299307491, 2.3677572402796048, 2.3889425639661326, 0.9138939363210248, 2.4415881829556114, 1.517939870479445], "power_resource": [4.212581742, 3.899666448, 3.517488054, 3.07220328, 2.571354108, 2.784530538, 2.980929906, 3.319857342, 3.902283054, 4.477782456, 5.03696655, 5.57029242, 6.068678904, 6.523506594, 6.926771754, 7.271548074, 7.551370998, 7.761007314, 7.896147318, 7.95371265, 7.931856294, 7.829962578, 7.648801092, 7.390218852, 7.0571403, 6.654029058, 6.954323076, 7.250923062, 7.49118906, 7.744999842, 8.128255662, 8.441478792, 8.681283036, 8.845975296, 8.9349399, 8.948638602, 0.0, 0.0, 0.0, 0.0, 0.0, 0.0, 0.0, 0.0, 0.0, 0.0, 0.0, 0.0, 0.0, 0.0, 0.0, 0.0, 0.0, 0.0, 0.0, 0.0, 0.0, 0.0, 0.0, 0.0, 0.0, 0.0, 0.0, 0.0, 0.0, 0.0, 0.0, 0.0, 0.0, 0.0, 0.0, 6.809794074, 6.832112184, 7.190895042, 7.507966122, 7.775783442, 7.987882446, 8.138722086, 8.40238362, 8.689132854, 8.902155366, 9.03883455, 9.098400816, 9.081008082, 8.987887692, 8.82181017, 8.586777384, 8.287560792, 7.930163196, 7.521356988, 7.068991986, 6.581379762, 6.067293642, 5.535814788, 4.996793952, 4.638165012, 4.495021272], "min_cpu_time": [15, 13, 13, 3, 18, 10, 3, 1, 11, 6, 7, 16, 6, 1, 7, 6, 2, 12, 12, 18], "max_cpu_time": [27, 42, 46, 17, 34, 28, 8, 1, 14, 38, 9, 21, 18, 10, 46, 26, 21, 20, 31, 39], "min_job_period": [40, 32, 54, 60, 51, 49, 80, 42, 22, 72, 47, 19, 10, 17, 7, 62, 21, 58, 29, 21], "max_job_period": [75, 47, 92, 68, 53, 59, 86, 64, 51, 84, 59, 66, 48, 83, 61, 87, 51, 96, 89, 84], "min_startup": [1, 1, 1, 1, 1, 1, 1, 2, 1, 1, 1, 1, 1, 2, 1, 1, 1, 1, 1, 1], "max_startup": [55, 80, 13, 61, 61, 16, 29, 20, 78, 68, 66, 35, 44, 47, 19, 57, 17, 57, 95, 7], "priority": [10, 1, 15, 4, 17, 5, 19, 14, 18, 6, 2, 8, 12, 3, 13, 20, 11, 16, 9, 7], "win_min": [5, 0, 0, 0, 0, 0, 0, 0, 0, 0, 0, 0, 0, 0, 0, 0, 0, 0, 0, 0], "win_max": [82, 97, 97, 97, 97, 97, 97, 97, 97, 97, 97, 97, 97, 97, 97, 97, 97, 97, 97, 97]}