{"subs": 1, "jobs": 20, "T": 97, "power_use": [2.234775382532736, 2.29850871948261, 3.6224557460390954, 1.3961815918744143, 1.7956382345691084, 3.406438273380975, 2.3115489198957793, 2.6194318101621574, 1.120653728273321, 1.955010493487138, 2.487600026446084, 0.5422421802795075, 0.14130577920421256, 0.4625098945119963, 1.915069694595216, 0.10586667117692596, 2.5085736272575145, 0.3993546457245771, 1.0113365354878205, 1.7117068539663116], "power_resource": [0.0, 0.0, 0.0, 0.0, 0.0, 0.0, 0.0, 0.0, 6.716058012, 6.93246672, 7.284785022, 7.593852366, 7.85212677, 8.053605432, 8.192593386, 8.469030114, 8.742234564, 8.941404456, 9.064077102, 9.109482912, 9.078237558, 8.97188022, 8.793489258, 8.54706654, 8.23769136, 7.871520438, 7.45578792, 6.998189706, 6.507191286, 5.991565986, 5.460856722, 4.924298574, 4.639396356, 4.48132257, 4.244442768, 3.93337449, 3.55319703, 3.110374944, 2.612142378, 2.709264636, 2.90366307, 3.277068138, 3.858108588, 4.431914892, 4.989098052, 5.520115152, 6.01588503, 6.467942196, 6.868282914, 7.209826956, 7.486109766, 7.692205968, 7.82365194, 7.877369322, 7.851665016, 7.746077268, 7.561067832, 7.298637642, 6.961865058, 6.714980586, 7.05867948, 7.35189327, 7.588773072, 7.80210342, 8.18151129, 8.490578634, 8.72638101, 8.886917484, 8.971572384, 8.9811153, 0.0, 0.0, 0.0, 0.0, 0.0, 0.0, 0.0, 0.0, 0.0, 0.0, 0.0, 0.0, 0.0, 0.0, 0.0, 0.0, 0.0, 0.0, 0.0, 0.0, 0.0, 0.0, 0.0, 0.0, 0.0, 0.0, 0.0], "min_cpu_time": [15, 6, 1, 11, 2, 2, 9, 6, 9, 11, 15, 15, 18, 14, 11, 14, 8, 10, 11, 12], "max_cpu_time": [34, 12, 10, 39, 8, 14, 36, 6, 10, 21, 26, 27, 42, 15, 24, 36, 13, 43, 35, 16], "min_job_period": [12, 9, 3, 45, 7, 3, 20, 15, 26, 19, 5, 34, 9, 41, 41, 34, 16, 33, 19, 38], "max_job_period": [78, 22, 32, 62, 39, 56, 23, 69, 40, 51, 46, 55, 42, 51, 44, 68, 64, 42, 37, 54], "min_startup": [2, 4, 20, 2, 10, 10, 2, 4, 2, 2, 2, 2, 1, 2, 2, 2, 3, 2, 2, 2], "max_startup": [72, 41, 57, 86, 21, 93, 6, 13, 23, 78, 45, 64, 17, 17, 51, 72, 46, 84, 64, 25], "priority": [13, 6, 16, 20, 5, 3, 12, 4, 19, 9, 14, 17, 18, 2, 11, 7, 15, 8, 1, 10], "win_min": [0, 0, 0, 0, 0, 0, 0, 0, 0, 0, 0, 0, 0, 0, 0, 0, 0, 0, 15, 0], "win_max": [97, 97, 97, 97, 97, 97, 97, 97, 97, 97, 97, 97, 97, 97, 97, 97, 97, 97, 82, 97]}