{"subs": 1, "jobs": 22, "T": 97, "power_use": [0.44536563044502436, 3.5963888936522044, 1.981148267772038, 3.1407893741828943, 0.3148966753416625, 0.6874416247933629, 3.7414382008741267, 1.7967194706296488, 1.8492491058349971, 3.592695931075234, 3.042988740148761, 1.9419816581998228, 1.5711479278365823, 1.2603981725700404, 2.2947075503806014, 3.7042972395361016, 2.9001097153554554, 2.532532100454901, 0.773901364130824, 0.9316277165637722, 2.6289793387016736, 2.199196952760797], "power_resource": [0.0, 0.0, 0.0, 0.0, 0.0, 0.0, 0.0, 0.0, 0.0, 0.0, 0.0, 0.0, 0.0, 0.0, 0.0, 0.0, 0.0, 0.0, 0.0, 0.0, 6.809794074, 6.832112184, 7.190895042, 7.507966122, 7.775783442, 7.987882446, 8.138722086, 8.40238362, 8.689132854, 8.902155366, 9.03883455, 9.098400816, 9.081008082, 8.987887692, 8.82181017, 8.586777384, 8.287560792, 7.930163196, 7.521356988, 7.068991986, 6.581379762, 6.067293642, 5.535814788, 4.996793952, 4.638165012, 4.495021272, 4.272609762, 3.974470596, 3.606144822, 3.173327406, 2.68356033, 2.720654568, 2.932753572, 3.195029844, 3.777455556, 4.354801974, 4.9176801, 5.4563931, 5.961859812, 6.425460828, 6.839192412, 7.195512582, 7.4881107, 7.711445718, 7.861054014, 7.933549392, 7.926930918, 7.840275084, 7.674043644, 7.429929696, 7.110703764, 6.720521634, 6.909994692, 7.21644543, 7.467793524, 7.67204271, 8.068227642, 8.394841638, 8.648806338, 8.827659054, 8.930938032, 8.958643272, 0.0, 0.0, 0.0, 0.0, 0.0, 0.0, 0.0, 0.0, 0.0, 0.0, 0.0, 0.0, 0.0, 0.0, 0.0], "min_cpu_time": [1, 6, 3, 10, 10, 12, 17, 14, 1, 5, 4, 15, 7, 12, 7, 7, 5, 2, 8, 6, 13, 10], "max_cpu_time": [13, 32, 47, 31, 21, 31, 23, 27, 25, 23, 8, 27, 44, 34, 30, 25, 20, 7, 15, 40, 28, 45], "min_job_period": [2, 14, 8, 23, 26, 6, 27, 27, 1, 23, 6, 30, 9, 26, 21, 2, 1, 2, 31, 18, 29, 22], "max_job_period": [80, 59, 24, 31, 31, 26, 54, 43, 90, 73, 58, 92, 69, 40, 41, 79, 16, 4, 41, 49, 34, 96], "min_startup": [20, 4, 7, 2, 2, 2, 1, 2, 20, 4, 5, 2, 3, 2, 3, 3, 4, 10, 3, 4, 2, 2], "max_startup": [62, 84, 36, 28, 17, 32, 60, 69, 24, 42, 37, 55, 66, 38, 12, 18, 16, 38, 18, 20, 44, 2], "priority": [10, 16, 1, 18, 14, 7, 19, 21, 6, 8, 22, 2, 4, 17, 9, 13, 3, 20, 15, 12, 5, 11], "win_min": [0, 0, 0, 0, 0, 0, 0, 0, 0, 0, 0, 0, 0, 0, 0, 0, 0, 0, 7, 0, 0, 0], "win_max": [97, 97, 97, 97, 97, 97, 97, 97, 97, 97, 97, 97, 97, 97, 97, 97, 97, 97, 92, 97, 97, 97]}