{"subs": 1, "jobs": 22, "T": 97, "power_use": [3.519520057710898, 1.6046665266802551, 1.4128201672024712, 1.8414477358490018, 2.3645552281920312, 0.814451184087131, 0.9806820627996183, 2.4817251216351597, 3.421887072836915, 3.745030180260787, 0.06258882752983565, 0.21643534554129396, 3.0113336730586875, 0.4372711507724856, 0.07739096973582307, 1.9555793193872135, 3.36233181815882, 1.650373798982598, 2.5506185604889997, 3.621580220964362, 3.984552659251636, 3.150400517424061], "power_resource": [0.0, 0.0, 0.0, 0.0, 0.0, 0.0, 0.0, 0.0, 0.0, 0.0, 0.0, 0.0, 0.0, 0.0, 0.0, 0.0, 0.0, 0.0, 0.0, 0.0, 6.809794074, 6.832112184, 7.190895042, 7.507966122, 7.775783442, 7.987882446, 8.138722086, 8.40238362, 8.689132854, 8.902155366, 9.03883455, 9.098400816, 9.081008082, 8.987887692, 8.82181017, 8.586777384, 8.287560792, 7.930163196, 7.521356988, 7.068991986, 6.581379762, 6.067293642, 5.535814788, 4.996793952, 4.638165012, 4.495021272, 4.272609762, 3.974470596, 3.606144822, 3.173327406, 2.68356033, 2.720654568, 2.932753572, 3.195029844, 3.777455556, 4.354801974, 4.9176801, 5.4563931, 5.961859812, 6.425460828, 6.839192412, 7.195512582, 7.4881107, 7.711445718, 7.861054014, 7.933549392, 7.926930918, 7.840275084, 7.674043644, 7.429929696, 7.110703764, 6.720521634, 6.909994692, 7.21644543, 7.467793524, 7.67204271, 8.068227642, 8.394841638, 8.648806338, 8.827659054, 8.930938032, 8.958643272, 0.0, 0.0, 0.0, 0.0, 0.0, 0.0, 0.0, 0.0, 0.0, 0.0, 0.0, 0.0, 0.0, 0.0, 0.0], "min_cpu_time": [3, 5, 5, 1, 2, 5, 3, 15, 16, 7, 12, 7, 2, 10, 13, 12, 8, 11, 12, 17, 10, 10], "max_cpu_time": [13, 31, 27, 43, 21, 23, 21, 45, 23, 18, 47, 12, 20, 13, 35, 23, 24, 46, 36, 45, 34, 40], "min_job_period": [28, 16, 93, 15, 25, 46, 44, 30, 17, 39, 23, 9, 16, 51, 33, 68, 56, 58, 2, 67, 83, 26], "max_job_period": [65, 57, 95, 18, 68, 78, 70, 47, 66, 70, 43, 17, 25, 58, 56, 86, 57, 87, 21, 89, 92, 76], "min_startup": [2, 1, 1, 5, 3, 1, 2, 1, 1, 1, 1, 1, 3, 1, 1, 1, 1, 1, 1, 1, 1, 1], "max_startup": [72, 3, 37, 20, 37, 45, 20, 91, 57, 59, 42, 88, 28, 35, 41, 73, 86, 6, 19, 76, 95, 44], "priority": [14, 2, 3, 7, 13, 11, 6, 22, 21, 8, 12, 18, 19, 1, 16, 20, 5, 4, 9, 17, 15, 10], "win_min": [0, 0, 0, 0, 0, 0, 0, 16, 0, 0, 0, 0, 0, 0, 0, 0, 0, 0, 0, 0, 0, 0], "win_max": [97, 97, 97, 97, 97, 97, 97, 81, 97, 97, 97, 97, 97, 97, 97, 97, 97, 97, 97, 97, 97, 97]}