{"subs": 1, "jobs": 22, "T": 97, "power_use": [0.06393534135304928, 1.3733941295461525, 1.5220097060821325, 3.446299516653767, 1.064160702807906, 0.43545749230900394, 2.0012465843139013, 3.2709962240196986, 0.3118189107180605, 1.031402437946719, 2.92316949160243, 1.2414602544640363, 1.0989511799909624, 3.9818067405136044, 1.0495152291953618, 1.7783334063994471, 0.21527875950939673, 1.3829716028642984, 1.5269537897933314, 2.967161934954519, 3.6281305077402757, 0.14736688716758334], "power_resource": [3.007095966, 2.511018252, 2.769600492, 2.948145372, 3.402203472, 3.982782168, 4.55443362, 5.107460994, 5.63262921, 6.120857106, 6.56383311, 6.953553486, 7.283091924, 7.546445622, 7.738535286, 7.855512966, 7.894146384, 7.853358114, 7.732532484, 7.532593002, 7.25569452, 6.905223234, 6.766389198, 7.10100693, 7.384062132, 7.60970592, 7.872290028, 8.238768786, 8.534291346, 8.755933266, 8.902155366, 8.972495892, 8.96803227, 0.0, 0.0, 0.0, 0.0, 0.0, 0.0, 0.0, 0.0, 0.0, 0.0, 0.0, 0.0, 0.0, 0.0, 0.0, 0.0, 0.0, 0.0, 0.0, 0.0, 0.0, 0.0, 0.0, 0.0, 0.0, 0.0, 0.0, 0.0, 0.0, 0.0, 0.0, 0.0, 0.0, 0.0, 0.0, 6.716058012, 6.93246672, 7.284785022, 7.593852366, 7.85212677, 8.053605432, 8.192593386, 8.469030114, 8.742234564, 8.941404456, 9.064077102, 9.109482912, 9.078237558, 8.97188022, 8.793489258, 8.54706654, 8.23769136, 7.871520438, 7.45578792, 6.998189706, 6.507191286, 5.991565986, 5.460856722, 4.924298574, 4.639396356, 4.48132257, 4.244442768, 3.93337449, 3.55319703], "min_cpu_time": [16, 8, 4, 9, 5, 13, 14, 4, 4, 12, 9, 14, 12, 11, 5, 4, 7, 7, 5, 15, 18, 16], "max_cpu_time": [33, 36, 18, 43, 47, 22, 15, 9, 12, 22, 47, 46, 24, 36, 35, 4, 33, 26, 12, 18, 35, 47], "min_job_period": [24, 30, 18, 43, 9, 84, 9, 6, 9, 19, 12, 8, 1, 70, 9, 6, 15, 45, 21, 53, 74, 34], "max_job_period": [43, 49, 81, 90, 95, 93, 57, 39, 41, 51, 13, 34, 59, 78, 89, 48, 35, 82, 63, 88, 79, 75], "min_startup": [1, 2, 4, 2, 3, 1, 1, 4, 4, 1, 2, 1, 1, 1, 3, 4, 2, 2, 3, 1, 1, 1], "max_startup": [42, 3, 31, 83, 62, 30, 15, 85, 89, 43, 73, 61, 53, 45, 10, 8, 26, 37, 45, 1, 57, 6], "priority": [16, 21, 17, 22, 5, 20, 10, 1, 7, 19, 13, 9, 4, 12, 8, 3, 11, 15, 18, 2, 6, 14], "win_min": [0, 0, 0, 0, 0, 0, 0, 0, 0, 0, 0, 0, 0, 0, 0, 0, 0, 0, 0, 0, 2, 0], "win_max": [97, 97, 97, 97, 97, 97, 97, 97, 97, 97, 97, 97, 97, 97, 97, 97, 97, 97, 97, 97, 78, 97]}