{"subs": 1, "jobs": 22, "T": 97, "power_use": [3.8754967398605675, 1.1454955796596833, 1.452515627902624, 0.822412758642916, 2.558684404149841, 3.5723507774890217, 1.373369392364461, 0.5063511382002117, 1.3972310031829995, 2.5106223475850706, 2.942005112144313, 2.43005563930339, 0.31406424445843284, 3.759886214268763, 0.7656719955996741, 2.3006017093444013, 3.6282688101871625, 3.89380951236297, 3.4325068886854853, 0.5250735413348209, 3.6290021382008044, 1.3167775512200721], "power_resource": [7.0571403, 6.654029058, 6.954323076, 7.250923062, 7.49118906, 7.744999842, 8.128255662, 8.441478792, 8.681283036, 8.845975296, 8.9349399, 8.948638602, 0.0, 0.0, 0.0, 0.0, 0.0, 0.0, 0.0, 0.0, 0.0, 0.0, 0.0, 0.0, 0.0, 0.0, 0.0, 0.0, 0.0, 0.0, 0.0, 0.0, 0.0, 0.0, 0.0, 0.0, 0.0, 0.0, 0.0, 0.0, 0.0, 0.0, 0.0, 0.0, 0.0, 0.0, 0.0, 6.809794074, 6.832112184, 7.190895042, 7.507966122, 7.775783442, 7.987882446, 8.138722086, 8.40238362, 8.689132854, 8.902155366, 9.03883455, 9.098400816, 9.081008082, 8.987887692, 8.82181017, 8.586777384, 8.287560792, 7.930163196, 7.521356988, 7.068991986, 6.581379762, 6.067293642, 5.535814788, 4.996793952, 4.638165012, 4.495021272, 4.272609762, 3.974470596, 3.606144822, 3.173327406, 2.68356033, 2.720654568, 2.932753572, 3.195029844, 3.777455556, 4.354801974, 4.9176801, 5.4563931, 5.961859812, 6.425460828, 6.839192412, 7.195512582, 7.4881107, 7.711445718, 7.861054014, 7.933549392, 7.926930918, 7.840275084, 7.674043644, 7.429929696], "min_cpu_time": [9, 9, 6, 11, 10, 16, 12, 6, 11, 1, 12, 8, 15, 3, 16, 3, 1, 9, 13, 16, 4, 7], "max_cpu_time": [18, 44, 44, 38, 24, 33, 17, 30, 32, 28, 45, 29, 23, 27, 20, 6, 40, 37, 15, 34, 27, 28], "min_job_period": [25, 28, 4, 85, 27, 6, 73, 90, 41, 8, 67, 20, 53, 24, 57, 40, 16, 85, 27, 24, 19, 1], "max_job_period": [72, 53, 19, 88, 39, 22, 78, 90, 71, 82, 77, 90, 83, 84, 93, 80, 78, 85, 40, 46, 45, 45], "min_startup": [1, 1, 1, 1, 1, 1, 1, 1, 1, 4, 1, 1, 1, 2, 1, 2, 4, 1, 1, 1, 1, 1], "max_startup": [93, 90, 93, 52, 13, 71, 92, 25, 28, 45, 16, 55, 44, 86, 21, 17, 50, 50, 39, 23, 52, 93], "priority": [5, 11, 9, 13, 2, 12, 10, 3, 16, 4, 14, 22, 19, 18, 20, 8, 7, 6, 21, 15, 1, 17], "win_min": [0, 0, 0, 11, 0, 0, 0, 0, 0, 0, 0, 0, 0, 0, 0, 0, 0, 0, 0, 0, 0, 0], "win_max": [97, 97, 97, 83, 97, 97, 97, 97, 97, 97, 97, 97, 97, 97, 97, 97, 97, 97, 97, 97, 97, 97]}