{"subs": 1, "jobs": 22, "T": 97, "power_use": [2.4399252210859883, 3.5519251943765293, 3.0676015044345215, 2.8853240969856904, 3.4219931181835945, 0.26361101476722004, 1.5051954317174103, 0.1777382898910156, 2.2001815207084063, 3.172796355074232, 1.2697227362344512, 0.6282544206079037, 2.8941867793718647, 3.0559127727290023, 0.198841890395263, 1.9096926306061481, 0.5827343710839323, 1.5219164182280427, 2.8973355871450117, 0.8508436869268464, 3.860725494722071, 0.31758612991288554], "power_resource": [8.079001902, 8.20459899, 8.52859638, 8.787024702, 8.970648876, 9.077467968, 9.107174142, 9.06038307, 8.938941768, 8.746236432, 8.486115012, 8.164426392, 7.787327292, 7.36189794, 6.89629599, 6.398986932, 5.87889801, 5.345418222, 4.808090484, 4.60830492, 4.433761908, 4.181490306, 3.8556459, 3.462077574, 3.007095966, 2.511018252, 2.769600492, 2.948145372, 3.402203472, 3.982782168, 4.55443362, 5.107460994, 5.63262921, 6.120857106, 6.56383311, 6.953553486, 7.283091924, 7.546445622, 7.738535286, 7.855512966, 7.894146384, 7.853358114, 7.732532484, 7.532593002, 7.25569452, 6.905223234, 6.766389198, 7.10100693, 7.384062132, 7.60970592, 7.872290028, 8.238768786, 8.534291346, 8.755933266, 8.902155366, 8.972495892, 8.96803227, 0.0, 0.0, 0.0, 0.0, 0.0, 0.0, 0.0, 0.0, 0.0, 0.0, 0.0, 0.0, 0.0, 0.0, 0.0, 0.0, 0.0, 0.0, 0.0, 0.0, 0.0, 0.0, 0.0, 0.0, 0.0, 0.0, 0.0, 0.0, 0.0, 0.0, 0.0, 0.0, 0.0, 0.0, 0.0, 6.716058012, 6.93246672, 7.284785022, 7.593852366, 7.85212677], "min_cpu_time": [3, 14, 12, 7, 15, 7, 17, 8, 8, 10, 12, 9, 18, 16, 1, 2, 18, 1, 3, 6, 3, 17], "max_cpu_time": [27, 14, 41, 39, 28, 25, 28, 11, 24, 22, 32, 47, 32, 29, 42, 26, 45, 2, 17, 10, 38, 28], "min_job_period": [27, 95, 77, 41, 44, 6, 49, 2, 88, 14, 72, 8, 43, 46, 1, 4, 77, 2, 17, 62, 42, 90], "max_job_period": [47, 96, 89, 42, 87, 83, 68, 21, 89, 23, 73, 66, 83, 56, 19, 70, 94, 2, 40, 83, 72, 91], "min_startup": [2, 1, 1, 1, 1, 1, 1, 1, 1, 1, 1, 1, 1, 1, 6, 3, 1, 6, 2, 1, 2, 1], "max_startup": [5, 19, 84, 58, 59, 84, 14, 51, 19, 85, 1, 91, 54, 13, 84, 77, 25, 86, 19, 48, 31, 5], "priority": [4, 20, 12, 1, 5, 19, 13, 16, 21, 3, 9, 6, 11, 10, 15, 2, 14, 17, 7, 22, 8, 18], "win_min": [0, 0, 0, 0, 0, 0, 0, 0, 0, 0, 0, 0, 0, 0, 0, 0, 0, 0, 0, 0, 0, 14], "win_max": [97, 97, 97, 97, 97, 97, 97, 97, 97, 97, 97, 97, 97, 97, 97, 97, 97, 97, 97, 97, 97, 80]}