{"subs": 1, "jobs": 20, "T": 97, "power_use": [3.1380175049663612, 1.2252476878330143, 2.3403829314955233, 3.5150800519223857, 3.5243603218480266, 2.4078072869102485, 2.5844587052792924, 0.2359465293240438, 1.196961546933928, 2.7701806842301018, 0.764227516893985, 3.2140000715004224, 2.063907361928284, 3.031571300859303, 0.7193771069822208, 0.3396549622690161, 1.9334671591942054, 2.1201269786548833, 2.788270004517898, 0.826998839980483], "power_resource": [3.110374944, 2.612142378, 2.709264636, 2.90366307, 3.277068138, 3.858108588, 4.431914892, 4.989098052, 5.520115152, 6.01588503, 6.467942196, 6.868282914, 7.209826956, 7.486109766, 7.692205968, 7.82365194, 7.877369322, 7.851665016, 7.746077268, 7.561067832, 7.298637642, 6.961865058, 6.714980586, 7.05867948, 7.35189327, 7.588773072, 7.80210342, 8.18151129, 8.490578634, 8.72638101, 8.886917484, 8.971572384, 8.9811153, 0.0, 0.0, 0.0, 0.0, 0.0, 0.0, 0.0, 0.0, 0.0, 0.0, 0.0, 0.0, 0.0, 0.0, 0.0, 0.0, 0.0, 0.0, 0.0, 0.0, 0.0, 0.0, 0.0, 0.0, 0.0, 0.0, 0.0, 0.0, 0.0, 0.0, 0.0, 0.0, 0.0, 0.0, 0.0, 6.771160656, 6.863665374, 7.22414133, 7.54275159, 7.81210809, 8.025592356, 8.17766334, 8.406385488, 8.694519984, 8.908927758, 9.04730004, 9.108559404, 9.092859768, 9.001740312, 8.83797156, 8.605093626, 8.308339722, 7.95371265, 7.547830884, 7.098544242, 6.614010378, 6.103310454, 5.575525632, 5.040198828, 4.667255514, 4.525497036, 4.304470788, 4.00802472, 3.64169988], "min_cpu_time": [17, 2, 3, 14, 14, 9, 7, 8, 16, 6, 18, 7, 7, 12, 6, 10, 3, 5, 11, 1], "max_cpu_time": [25, 14, 41, 31, 42, 33, 29, 41, 38, 35, 24, 44, 12, 16, 12, 23, 3, 10, 38, 40], "min_job_period": [63, 32, 88, 66, 59, 93, 81, 62, 25, 33, 25, 28, 89, 30, 55, 36, 77, 4, 21, 34], "max_job_period": [84, 44, 94, 93, 84, 93, 88, 81, 32, 66, 32, 30, 92, 79, 60, 61, 83, 41, 29, 70], "min_startup": [1, 1, 1, 1, 1, 1, 1, 1, 1, 1, 1, 1, 1, 1, 1, 1, 1, 1, 1, 2], "max_startup": [7, 11, 29, 13, 64, 31, 32, 16, 7, 72, 69, 48, 83, 49, 56, 25, 64, 63, 7, 5], "priority": [14, 10, 13, 7, 15, 6, 8, 11, 9, 12, 20, 16, 5, 2, 4, 19, 17, 18, 3, 1], "win_min": [0, 0, 0, 0, 0, 0, 0, 0, 7, 0, 0, 0, 0, 0, 0, 0, 0, 0, 0, 0], "win_max": [97, 97, 97, 97, 97, 97, 97, 97, 82, 97, 97, 97, 97, 97, 97, 97, 97, 97, 97, 97]}