{"subs": 1, "jobs": 24, "T": 97, "power_use": [2.416387449588407, 0.4852686833763276, 2.493484917651003, 3.1028254765973373, 2.137696627214526, 2.134923461069729, 2.876401424554612, 3.5578372128578994, 3.2285509732450817, 1.3682055139473923, 0.6786865695053915, 0.1804290485784716, 3.241748963157062, 1.337898325942863, 2.4378413820115066, 1.531651005231565, 1.3257176067576901, 3.3880956574724284, 2.0807558308329717, 1.4010537013490076, 2.6817454934628615, 2.14159522654546, 3.124695927536165, 0.8701909557563516], "power_resource": [0.0, 0.0, 0.0, 0.0, 0.0, 0.0, 0.0, 0.0, 0.0, 0.0, 0.0, 0.0, 0.0, 0.0, 0.0, 0.0, 0.0, 0.0, 0.0, 0.0, 0.0, 0.0, 0.0, 0.0, 0.0, 0.0, 6.658030926, 6.999574968, 7.343581698, 7.642644372, 7.88983668, 8.079001902, 8.20459899, 8.52859638, 8.787024702, 8.970648876, 9.077467968, 9.107174142, 9.06038307, 8.938941768, 8.746236432, 8.486115012, 8.164426392, 7.787327292, 7.36189794, 6.89629599, 6.398986932, 5.87889801, 5.345418222, 4.808090484, 4.60830492, 4.433761908, 4.181490306, 3.8556459, 3.462077574, 3.007095966, 2.511018252, 2.769600492, 2.948145372, 3.402203472, 3.982782168, 4.55443362, 5.107460994, 5.63262921, 6.120857106, 6.56383311, 6.953553486, 7.283091924, 7.546445622, 7.738535286, 7.855512966, 7.894146384, 7.853358114, 7.732532484, 7.532593002, 7.25569452, 6.905223234, 6.766389198, 7.10100693, 7.384062132, 7.60970592, 7.872290028, 8.238768786, 8.534291346, 8.755933266, 8.902155366, 8.972495892, 8.96803227, 0.0, 0.0, 0.0, 0.0, 0.0, 0.0, 0.0, 0.0, 0.0], "min_cpu_time": [10, 8, 14, 14, 3, 5, 3, 3, 11, 3, 17, 16, 13, 3, 17, 6, 14, 5, 4, 13, 9, 3, 15, 16], "max_cpu_time": [34, 40, 38, 45, 41, 43, 4, 9, 47, 6, 34, 45, 38, 34, 33, 32, 46, 29, 9, 22, 14, 3, 20, 40], "min_job_period": [42, 32, 84, 84, 11, 21, 7, 13, 17, 9, 79, 76, 25, 11, 54, 27, 65, 2, 12, 13, 45, 14, 9, 85], "max_job_period": [66, 34, 95, 93, 64, 59, 18, 67, 45, 76, 79, 86, 43, 91, 82, 36, 74, 90, 25, 61, 64, 53, 25, 88], "min_startup": [2, 2, 1, 1, 6, 4, 6, 6, 2, 6, 1, 1, 2, 6, 1, 3, 1, 4, 5, 2, 2, 6, 1, 1], "max_startup": [6, 64, 15, 28, 28, 47, 59, 73, 3, 68, 95, 69, 21, 91, 62, 46, 5, 79, 71, 38, 72, 61, 30, 15], "priority": [5, 10, 15, 22, 1, 9, 16, 4, 3, 13, 6, 14, 21, 20, 17, 8, 18, 24, 11, 7, 12, 23, 2, 19], "win_min": [0, 0, 0, 0, 0, 0, 0, 10, 0, 0, 0, 0, 0, 0, 0, 0, 0, 0, 0, 0, 0, 0, 0, 0], "win_max": [97, 97, 97, 97, 97, 97, 97, 92, 97, 97, 97, 97, 97, 97, 97, 97, 97, 97, 97, 97, 97, 97, 97, 97]}