{"subs": 1, "jobs": 24, "T": 97, "power_use": [1.179420431621683, 3.1347772278938315, 3.7524525346403443, 2.5280190101123865, 2.62131994514679, 3.6995365876575734, 2.0775686176971835, 0.5199793694571045, 3.372302199238366, 3.776718019544578, 0.9380764877210813, 0.833080849592001, 2.1339593206093346, 1.203479339911161, 3.400517263849103, 1.8392006181318497, 0.9450683111166256, 0.012526369481281522, 0.42071394704174586, 1.4360221778749955, 3.5295187337885645, 1.4877818372164249, 0.548733192040537, 3.7752741767507545], "power_resource": [7.546445622, 7.738535286, 7.855512966, 7.894146384, 7.853358114, 7.732532484, 7.532593002, 7.25569452, 6.905223234, 6.766389198, 7.10100693, 7.384062132, 7.60970592, 7.872290028, 8.238768786, 8.534291346, 8.755933266, 8.902155366, 8.972495892, 8.96803227, 0.0, 0.0, 0.0, 0.0, 0.0, 0.0, 0.0, 0.0, 0.0, 0.0, 0.0, 0.0, 0.0, 0.0, 0.0, 0.0, 0.0, 0.0, 0.0, 0.0, 0.0, 0.0, 0.0, 0.0, 0.0, 0.0, 0.0, 0.0, 0.0, 0.0, 0.0, 0.0, 0.0, 0.0, 0.0, 6.716058012, 6.93246672, 7.284785022, 7.593852366, 7.85212677, 8.053605432, 8.192593386, 8.469030114, 8.742234564, 8.941404456, 9.064077102, 9.109482912, 9.078237558, 8.97188022, 8.793489258, 8.54706654, 8.23769136, 7.871520438, 7.45578792, 6.998189706, 6.507191286, 5.991565986, 5.460856722, 4.924298574, 4.639396356, 4.48132257, 4.244442768, 3.93337449, 3.55319703, 3.110374944, 2.612142378, 2.709264636, 2.90366307, 3.277068138, 3.858108588, 4.431914892, 4.989098052, 5.520115152, 6.01588503, 6.467942196, 6.868282914, 7.209826956], "min_cpu_time": [3, 1, 9, 3, 12, 13, 1, 17, 9, 9, 12, 16, 18, 5, 16, 4, 13, 17, 15, 7, 3, 5, 2, 15], "max_cpu_time": [45, 1, 29, 33, 45, 38, 19, 18, 11, 39, 46, 41, 31, 19, 22, 28, 28, 38, 42, 10, 14, 9, 12, 21], "min_job_period": [23, 6, 16, 18, 52, 78, 2, 61, 76, 61, 67, 77, 85, 4, 60, 7, 21, 5, 4, 5, 19, 4, 26, 87], "max_job_period": [45, 35, 47, 53, 95, 82, 14, 61, 76, 91, 76, 86, 90, 42, 65, 68, 59, 20, 73, 78, 36, 12, 83, 92], "min_startup": [2, 6, 1, 2, 1, 1, 6, 1, 1, 1, 1, 1, 1, 2, 1, 2, 1, 1, 1, 1, 2, 2, 3, 1], "max_startup": [7, 17, 47, 29, 84, 5, 40, 49, 77, 90, 90, 82, 65, 35, 26, 83, 55, 29, 67, 84, 42, 96, 55, 86], "priority": [24, 6, 1, 9, 16, 4, 23, 20, 22, 11, 5, 21, 3, 19, 8, 15, 7, 14, 10, 18, 2, 13, 17, 12], "win_min": [0, 0, 0, 0, 0, 0, 0, 0, 0, 0, 13, 0, 0, 0, 0, 0, 0, 0, 0, 0, 0, 0, 0, 0], "win_max": [97, 97, 97, 97, 97, 97, 97, 97, 97, 97, 90, 97, 97, 97, 97, 97, 97, 97, 97, 97, 97, 97, 97, 97]}