{"subs": 1, "jobs": 24, "T": 97, "power_use": [0.8481769597615896, 3.520265883650511, 0.3327461434603709, 2.715121491631465, 0.8149411729239484, 3.2961508426285873, 1.9472816683552372, 3.948304212832782, 1.7652443540144114, 2.633770684132643, 2.6841067161121446, 3.9622894681879384, 0.9602423889048074, 2.181261680669966, 0.22906290420789369, 2.1806015092790254, 3.1412242055594315, 2.5270464865761557, 0.7601515348459834, 0.49341773656493654, 2.8206187306549158, 0.48596280847103346, 0.6345602298166729, 3.1564981385024122], "power_resource": [7.872290028, 8.238768786, 8.534291346, 8.755933266, 8.902155366, 8.972495892, 8.96803227, 0.0, 0.0, 0.0, 0.0, 0.0, 0.0, 0.0, 0.0, 0.0, 0.0, 0.0, 0.0, 0.0, 0.0, 0.0, 0.0, 0.0, 0.0, 0.0, 0.0, 0.0, 0.0, 0.0, 0.0, 0.0, 0.0, 0.0, 0.0, 0.0, 0.0, 0.0, 0.0, 0.0, 0.0, 0.0, 6.716058012, 6.93246672, 7.284785022, 7.593852366, 7.85212677, 8.053605432, 8.192593386, 8.469030114, 8.742234564, 8.941404456, 9.064077102, 9.109482912, 9.078237558, 8.97188022, 8.793489258, 8.54706654, 8.23769136, 7.871520438, 7.45578792, 6.998189706, 6.507191286, 5.991565986, 5.460856722, 4.924298574, 4.639396356, 4.48132257, 4.244442768, 3.93337449, 3.55319703, 3.110374944, 2.612142378, 2.709264636, 2.90366307, 3.277068138, 3.858108588, 4.431914892, 4.989098052, 5.520115152, 6.01588503, 6.467942196, 6.868282914, 7.209826956, 7.486109766, 7.692205968, 7.82365194, 7.877369322, 7.851665016, 7.746077268, 7.561067832, 7.298637642, 6.961865058, 6.714980586, 7.05867948, 7.35189327, 7.588773072], "min_cpu_time": [5, 1, 18, 9, 9, 2, 17, 6, 17, 13, 15, 14, 3, 18, 14, 10, 10, 12, 17, 12, 9, 8, 5, 13], "max_cpu_time": [30, 37, 29, 48, 32, 32, 28, 43, 29, 27, 36, 44, 3, 33, 25, 44, 33, 19, 26, 20, 47, 34, 38, 16], "min_job_period": [27, 4, 4, 35, 41, 3, 91, 11, 61, 27, 7, 74, 16, 74, 28, 22, 42, 24, 22, 40, 10, 28, 26, 26], "max_job_period": [29, 11, 79, 92, 83, 73, 93, 31, 74, 37, 54, 89, 34, 84, 70, 58, 70, 45, 47, 48, 45, 65, 40, 36], "min_startup": [3, 15, 1, 2, 2, 7, 1, 3, 1, 1, 1, 1, 5, 1, 1, 2, 2, 2, 1, 2, 2, 2, 3, 1], "max_startup": [81, 29, 59, 29, 72, 78, 50, 20, 92, 86, 11, 72, 39, 26, 11, 94, 16, 80, 21, 75, 47, 61, 34, 59], "priority": [11, 8, 6, 24, 19, 9, 7, 20, 22, 2, 21, 12, 15, 18, 1, 16, 13, 4, 5, 3, 23, 14, 17, 10], "win_min": [0, 0, 0, 0, 0, 0, 0, 0, 0, 0, 0, 0, 0, 0, 0, 0, 0, 0, 0, 0, 5, 0, 0, 0], "win_max": [97, 97, 97, 97, 97, 97, 97, 97, 97, 97, 97, 97, 97, 97, 97, 97, 97, 97, 97, 97, 88, 97, 97, 97]}