{"subs": 1, "jobs": 9, "T": 97, "power_use": [3.20250624667055, 1.4811383014728992, 2.1748876292182193, 3.660412634679749, 1.2159546107555417, 3.5981816671464544, 3.863046246368362, 1.8226561938746386, 2.89779425341855], "power_resource": [0.0, 0.0, 0.0, 0.0, 0.0, 0.0, 0.0, 0.0, 0.0, 0.0, 0.0, 0.0, 0.0, 0.0, 0.0, 0.0, 6.691123296, 7.065144036, 7.40037744, 7.689435444, 7.925083902, 8.101627848, 8.26924455, 8.585084286, 8.828582562, 8.996661018, 9.087780474, 9.101633094, 9.039450222, 8.902924956, 8.695905246, 8.422700796, 8.088698736, 7.700825376, 7.266007026, 6.792709176, 6.289551234, 5.765306526, 5.229671886, 4.691882394, 4.573827288, 4.383276804, 4.115459484, 3.775300704, 3.368341512, 2.901508218, 2.583821466, 2.827011906, 2.989549314, 3.527338806, 4.10730183, 4.676336676, 5.224900428, 5.743911924, 6.224136084, 6.657569172, 7.036515288, 7.354048122, 7.604164872, 7.782247998, 7.88444955, 7.908152922, 7.851972852, 7.71590934, 7.50119373, 7.209980874, 6.846118722, 6.815950794, 7.141487364, 7.41423006, 7.628329998, 7.940167866, 8.293563594, 8.575233534, 8.782714998, 8.914468806, 8.970648876, 8.952178716, 0.0, 0.0, 0.0, 0.0, 0.0, 0.0, 0.0, 0.0, 0.0, 0.0, 0.0, 0.0, 0.0, 0.0, 0.0, 0.0, 0.0, 0.0, 0.0], "min_cpu_time": [8, 13, 6, 10, 3, 16, 15, 10, 15], "max_cpu_time": [17, 31, 11, 18, 33, 22, 22, 19, 37], "min_job_period": [8, 24, 8, 15, 5, 25, 10, 8, 6], "max_job_period": [42, 31, 24, 95, 57, 92, 70, 69, 83], "min_startup": [6, 3, 8, 4, 16, 3, 3, 4, 3], "max_startup": [6, 17, 64, 46, 41, 36, 25, 85, 74], "priority": [2, 9, 5, 1, 3, 8, 7, 4, 6], "win_min": [8, 0, 0, 0, 0, 0, 0, 0, 0], "win_max": [83, 97, 97, 97, 97, 97, 97, 97, 97]}