{"subs": 1, "jobs": 9, "T": 97, "power_use": [3.6963449314563834, 0.7092858583176164, 1.2802773502550513, 2.07417212412562, 1.9096719428073503, 3.573984134911502, 3.5367019162819657, 0.8123075581693374, 2.839199214222972], "power_resource": [8.9349399, 8.948638602, 0.0, 0.0, 0.0, 0.0, 0.0, 0.0, 0.0, 0.0, 0.0, 0.0, 0.0, 0.0, 0.0, 0.0, 0.0, 0.0, 0.0, 0.0, 0.0, 0.0, 0.0, 0.0, 0.0, 0.0, 0.0, 0.0, 0.0, 0.0, 0.0, 0.0, 0.0, 0.0, 0.0, 0.0, 0.0, 6.809794074, 6.832112184, 7.190895042, 7.507966122, 7.775783442, 7.987882446, 8.138722086, 8.40238362, 8.689132854, 8.902155366, 9.03883455, 9.098400816, 9.081008082, 8.987887692, 8.82181017, 8.586777384, 8.287560792, 7.930163196, 7.521356988, 7.068991986, 6.581379762, 6.067293642, 5.535814788, 4.996793952, 4.638165012, 4.495021272, 4.272609762, 3.974470596, 3.606144822, 3.173327406, 2.68356033, 2.720654568, 2.932753572, 3.195029844, 3.777455556, 4.354801974, 4.9176801, 5.4563931, 5.961859812, 6.425460828, 6.839192412, 7.195512582, 7.4881107, 7.711445718, 7.861054014, 7.933549392, 7.926930918, 7.840275084, 7.674043644, 7.429929696, 7.110703764, 6.720521634, 6.909994692, 7.21644543, 7.467793524, 7.67204271, 8.068227642, 8.394841638, 8.648806338, 8.827659054], "min_cpu_time": [14, 17, 9, 13, 18, 2, 14, 1, 2], "max_cpu_time": [28, 22, 9, 15, 37, 41, 29, 19, 3], "min_job_period": [37, 42, 20, 80, 11, 20, 67, 4, 17], "max_job_period": [84, 83, 95, 83, 47, 38, 87, 77, 21], "min_startup": [1, 1, 1, 1, 1, 4, 1, 7, 4], "max_startup": [12, 12, 66, 35, 69, 94, 48, 80, 60], "priority": [1, 6, 8, 9, 4, 5, 3, 2, 7], "win_min": [0, 12, 0, 0, 0, 0, 0, 0, 0], "win_max": [97, 79, 97, 97, 97, 97, 97, 97, 97]}