{"subs": 1, "jobs": 9, "T": 97, "power_use": [3.3955426776080433, 3.0085773064943613, 1.4370428840808178, 0.4919793137548323, 0.46103614759827277, 0.051765446771198764, 1.4004614132921385, 2.180819308458196, 2.1935538416103997], "power_resource": [9.064077102, 9.109482912, 9.078237558, 8.97188022, 8.793489258, 8.54706654, 8.23769136, 7.871520438, 7.45578792, 6.998189706, 6.507191286, 5.991565986, 5.460856722, 4.924298574, 4.639396356, 4.48132257, 4.244442768, 3.93337449, 3.55319703, 3.110374944, 2.612142378, 2.709264636, 2.90366307, 3.277068138, 3.858108588, 4.431914892, 4.989098052, 5.520115152, 6.01588503, 6.467942196, 6.868282914, 7.209826956, 7.486109766, 7.692205968, 7.82365194, 7.877369322, 7.851665016, 7.746077268, 7.561067832, 7.298637642, 6.961865058, 6.714980586, 7.05867948, 7.35189327, 7.588773072, 7.80210342, 8.18151129, 8.490578634, 8.72638101, 8.886917484, 8.971572384, 8.9811153, 0.0, 0.0, 0.0, 0.0, 0.0, 0.0, 0.0, 0.0, 0.0, 0.0, 0.0, 0.0, 0.0, 0.0, 0.0, 0.0, 0.0, 0.0, 0.0, 0.0, 0.0, 0.0, 0.0, 0.0, 0.0, 0.0, 0.0, 0.0, 0.0, 0.0, 0.0, 0.0, 0.0, 0.0, 0.0, 6.771160656, 6.863665374, 7.22414133, 7.54275159, 7.81210809, 8.025592356, 8.17766334, 8.406385488, 8.694519984, 8.908927758], "min_cpu_time": [11, 1, 11, 2, 6, 16, 12, 4, 4], "max_cpu_time": [26, 10, 41, 16, 37, 31, 27, 7, 43], "min_job_period": [26, 1, 6, 1, 2, 2, 29, 6, 5], "max_job_period": [65, 91, 61, 39, 16, 22, 58, 61, 30], "min_startup": [3, 36, 3, 18, 6, 2, 3, 9, 9], "max_startup": [22, 93, 50, 20, 80, 67, 60, 13, 55], "priority": [4, 6, 8, 9, 5, 7, 2, 1, 3], "win_min": [0, 0, 0, 10, 0, 0, 0, 0, 0], "win_max": [97, 97, 97, 93, 97, 97, 97, 97, 97]}