{"subs": 1, "jobs": 9, "T": 97, "power_use": [3.558441676537229, 2.6722977734262696, 1.9673592194321166, 2.8083017830923196, 3.078657807810248, 1.3031436395487215, 0.6764029522766236, 0.7090767943379341, 3.3553844072634464], "power_resource": [7.10100693, 7.384062132, 7.60970592, 7.872290028, 8.238768786, 8.534291346, 8.755933266, 8.902155366, 8.972495892, 8.96803227, 0.0, 0.0, 0.0, 0.0, 0.0, 0.0, 0.0, 0.0, 0.0, 0.0, 0.0, 0.0, 0.0, 0.0, 0.0, 0.0, 0.0, 0.0, 0.0, 0.0, 0.0, 0.0, 0.0, 0.0, 0.0, 0.0, 0.0, 0.0, 0.0, 0.0, 0.0, 0.0, 0.0, 0.0, 0.0, 6.716058012, 6.93246672, 7.284785022, 7.593852366, 7.85212677, 8.053605432, 8.192593386, 8.469030114, 8.742234564, 8.941404456, 9.064077102, 9.109482912, 9.078237558, 8.97188022, 8.793489258, 8.54706654, 8.23769136, 7.871520438, 7.45578792, 6.998189706, 6.507191286, 5.991565986, 5.460856722, 4.924298574, 4.639396356, 4.48132257, 4.244442768, 3.93337449, 3.55319703, 3.110374944, 2.612142378, 2.709264636, 2.90366307, 3.277068138, 3.858108588, 4.431914892, 4.989098052, 5.520115152, 6.01588503, 6.467942196, 6.868282914, 7.209826956, 7.486109766, 7.692205968, 7.82365194, 7.877369322, 7.851665016, 7.746077268, 7.561067832, 7.298637642, 6.961865058, 6.714980586], "min_cpu_time": [2, 9, 18, 13, 9, 6, 17, 7, 8], "max_cpu_time": [7, 14, 36, 24, 44, 41, 47, 26, 8], "min_job_period": [5, 27, 10, 30, 14, 16, 9, 8, 22], "max_job_period": [54, 96, 71, 39, 80, 48, 22, 45, 77], "min_startup": [15, 3, 2, 2, 3, 5, 2, 4, 4], "max_startup": [93, 29, 75, 66, 79, 11, 11, 82, 82], "priority": [3, 7, 8, 1, 9, 5, 4, 6, 2], "win_min": [0, 11, 0, 0, 0, 0, 0, 0, 0], "win_max": [97, 96, 97, 97, 97, 97, 97, 97, 97]}