{"subs": 1, "jobs": 9, "T": 97, "power_use": [3.6807473524676015, 2.1648245515355318, 2.6121165555411023, 0.3135008095778269, 1.222487125964319, 0.2049658860048894, 0.12902915564152367, 1.1131067938254173, 2.204261039139732], "power_resource": [7.933549392, 7.926930918, 7.840275084, 7.674043644, 7.429929696, 7.110703764, 6.720521634, 6.909994692, 7.21644543, 7.467793524, 7.67204271, 8.068227642, 8.394841638, 8.648806338, 8.827659054, 8.930938032, 8.958643272, 0.0, 0.0, 0.0, 0.0, 0.0, 0.0, 0.0, 0.0, 0.0, 0.0, 0.0, 0.0, 0.0, 0.0, 0.0, 0.0, 0.0, 0.0, 0.0, 0.0, 0.0, 0.0, 0.0, 0.0, 0.0, 0.0, 0.0, 0.0, 0.0, 0.0, 0.0, 0.0, 0.0, 0.0, 0.0, 0.0, 6.76238733, 7.128866088, 7.455172248, 7.733763828, 7.957714518, 8.12148327, 8.337276306, 8.63864775, 8.866908144, 9.019286964, 9.094706784, 9.093013686, 9.015285096, 8.863983702, 8.642803536, 8.356362138, 8.01066231, 7.612168608, 7.168423014, 6.6877371, 6.178884192, 5.650945452, 5.113309878, 4.662637974, 4.536117378, 4.329405504, 4.04650422, 3.692031066, 3.272142762, 2.7936117, 2.653700238, 2.88134496, 3.070356264, 3.652320222, 4.23120582, 4.797316224, 5.341262436, 5.853655458, 6.325721964, 6.749458218, 7.11716832, 7.422387714, 7.659113598, 7.823036268], "min_cpu_time": [17, 14, 18, 14, 9, 11, 4, 17, 11], "max_cpu_time": [34, 33, 46, 31, 46, 47, 33, 29, 47], "min_job_period": [34, 7, 44, 42, 5, 8, 3, 18, 16], "max_job_period": [59, 84, 82, 62, 18, 88, 90, 88, 96], "min_startup": [2, 2, 2, 2, 4, 3, 9, 2, 3], "max_startup": [53, 4, 88, 41, 32, 64, 12, 61, 26], "priority": [6, 9, 3, 4, 8, 7, 2, 5, 1], "win_min": [0, 0, 0, 0, 0, 0, 0, 3, 0], "win_max": [97, 97, 97, 97, 97, 97, 97, 78, 97]}