{"subs": 1, "jobs": 9, "T": 97, "power_use": [0.09039432008132296, 1.0293960935597872, 0.5047221768247192, 0.6765527759385439, 3.062732072027584, 3.2453137994562913, 3.0064649395458227, 1.2184300861333501, 0.2516449349337375], "power_resource": [0.0, 0.0, 0.0, 0.0, 6.691123296, 7.065144036, 7.40037744, 7.689435444, 7.925083902, 8.101627848, 8.26924455, 8.585084286, 8.828582562, 8.996661018, 9.087780474, 9.101633094, 9.039450222, 8.902924956, 8.695905246, 8.422700796, 8.088698736, 7.700825376, 7.266007026, 6.792709176, 6.289551234, 5.765306526, 5.229671886, 4.691882394, 4.573827288, 4.383276804, 4.115459484, 3.775300704, 3.368341512, 2.901508218, 2.583821466, 2.827011906, 2.989549314, 3.527338806, 4.10730183, 4.676336676, 5.224900428, 5.743911924, 6.224136084, 6.657569172, 7.036515288, 7.354048122, 7.604164872, 7.782247998, 7.88444955, 7.908152922, 7.851972852, 7.71590934, 7.50119373, 7.209980874, 6.846118722, 6.815950794, 7.141487364, 7.41423006, 7.628329998, 7.940167866, 8.293563594, 8.575233534, 8.782714998, 8.914468806, 8.970648876, 8.952178716, 0.0, 0.0, 0.0, 0.0, 0.0, 0.0, 0.0, 0.0, 0.0, 0.0, 0.0, 0.0, 0.0, 0.0, 0.0, 0.0, 0.0, 0.0, 0.0, 0.0, 0.0, 0.0, 0.0, 0.0, 0.0, 0.0, 0.0, 0.0, 0.0, 0.0, 0.0], "min_cpu_time": [5, 8, 10, 4, 16, 15, 8, 2, 9], "max_cpu_time": [22, 27, 44, 23, 19, 18, 18, 28, 36], "min_job_period": [5, 29, 29, 5, 34, 39, 24, 6, 18], "max_job_period": [79, 69, 76, 94, 41, 87, 34, 89, 88], "min_startup": [5, 3, 2, 6, 2, 2, 3, 12, 3], "max_startup": [42, 5, 44, 36, 87, 53, 42, 38, 82], "priority": [4, 7, 1, 3, 9, 8, 2, 5, 6], "win_min": [0, 0, 0, 0, 0, 0, 0, 0, 12], "win_max": [97, 97, 97, 97, 97, 97, 97, 97, 96]}