{"subs": 1, "jobs": 9, "T": 97, "power_use": [3.306723093724182, 1.8960206280764418, 3.165563773428319, 3.5143033409444007, 1.4718854021077885, 3.3810885888922653, 2.9607834113692153, 1.306864106144429, 0.3724131675229758], "power_resource": [0.0, 6.691123296, 7.065144036, 7.40037744, 7.689435444, 7.925083902, 8.101627848, 8.26924455, 8.585084286, 8.828582562, 8.996661018, 9.087780474, 9.101633094, 9.039450222, 8.902924956, 8.695905246, 8.422700796, 8.088698736, 7.700825376, 7.266007026, 6.792709176, 6.289551234, 5.765306526, 5.229671886, 4.691882394, 4.573827288, 4.383276804, 4.115459484, 3.775300704, 3.368341512, 2.901508218, 2.583821466, 2.827011906, 2.989549314, 3.527338806, 4.10730183, 4.676336676, 5.224900428, 5.743911924, 6.224136084, 6.657569172, 7.036515288, 7.354048122, 7.604164872, 7.782247998, 7.88444955, 7.908152922, 7.851972852, 7.71590934, 7.50119373, 7.209980874, 6.846118722, 6.815950794, 7.141487364, 7.41423006, 7.628329998, 7.940167866, 8.293563594, 8.575233534, 8.782714998, 8.914468806, 8.970648876, 8.952178716, 0.0, 0.0, 0.0, 0.0, 0.0, 0.0, 0.0, 0.0, 0.0, 0.0, 0.0, 0.0, 0.0, 0.0, 0.0, 0.0, 0.0, 0.0, 0.0, 0.0, 0.0, 0.0, 0.0, 0.0, 0.0, 0.0, 0.0, 0.0, 0.0, 0.0, 0.0, 0.0, 0.0, 0.0], "min_cpu_time": [5, 11, 13, 17, 6, 18, 1, 13, 5], "max_cpu_time": [22, 45, 36, 25, 42, 18, 12, 29, 5], "min_job_period": [3, 14, 17, 28, 19, 21, 1, 36, 6], "max_job_period": [60, 72, 69, 72, 91, 70, 66, 93, 64], "min_startup": [4, 2, 2, 1, 3, 1, 17, 2, 4], "max_startup": [12, 60, 53, 50, 55, 6, 58, 50, 84], "priority": [7, 2, 6, 5, 9, 1, 8, 3, 4], "win_min": [0, 0, 0, 0, 0, 15, 0, 0, 0], "win_max": [97, 97, 97, 97, 97, 81, 97, 97, 97]}