{"subs": 1, "jobs": 9, "T": 97, "power_use": [1.0098111115415234, 0.47865488273631357, 3.1199156989719006, 1.5096151549936763, 3.9673979427166817, 1.9160726817284572, 1.673866763194779, 1.521364723194725, 3.1653033106881905], "power_resource": [4.181490306, 3.8556459, 3.462077574, 3.007095966, 2.511018252, 2.769600492, 2.948145372, 3.402203472, 3.982782168, 4.55443362, 5.107460994, 5.63262921, 6.120857106, 6.56383311, 6.953553486, 7.283091924, 7.546445622, 7.738535286, 7.855512966, 7.894146384, 7.853358114, 7.732532484, 7.532593002, 7.25569452, 6.905223234, 6.766389198, 7.10100693, 7.384062132, 7.60970592, 7.872290028, 8.238768786, 8.534291346, 8.755933266, 8.902155366, 8.972495892, 8.96803227, 0.0, 0.0, 0.0, 0.0, 0.0, 0.0, 0.0, 0.0, 0.0, 0.0, 0.0, 0.0, 0.0, 0.0, 0.0, 0.0, 0.0, 0.0, 0.0, 0.0, 0.0, 0.0, 0.0, 0.0, 0.0, 0.0, 0.0, 0.0, 0.0, 0.0, 0.0, 0.0, 0.0, 0.0, 0.0, 6.716058012, 6.93246672, 7.284785022, 7.593852366, 7.85212677, 8.053605432, 8.192593386, 8.469030114, 8.742234564, 8.941404456, 9.064077102, 9.109482912, 9.078237558, 8.97188022, 8.793489258, 8.54706654, 8.23769136, 7.871520438, 7.45578792, 6.998189706, 6.507191286, 5.991565986, 5.460856722, 4.924298574, 4.639396356, 4.48132257], "min_cpu_time": [16, 18, 4, 4, 5, 10, 3, 3, 18], "max_cpu_time": [39, 37, 15, 39, 31, 12, 45, 27, 32], "min_job_period": [28, 20, 3, 3, 1, 1, 3, 4, 19], "max_job_period": [42, 49, 49, 80, 76, 63, 39, 9, 68], "min_startup": [2, 2, 7, 7, 6, 3, 10, 10, 2], "max_startup": [94, 30, 41, 42, 78, 29, 63, 25, 36], "priority": [2, 4, 3, 8, 1, 9, 5, 7, 6], "win_min": [0, 0, 0, 0, 0, 0, 0, 0, 14], "win_max": [97, 97, 97, 97, 97, 97, 97, 97, 88]}