{"subs": 1, "jobs": 9, "T": 97, "power_use": [1.8651462295938777, 3.487501607841268, 1.4404003542886135, 0.3384118873667869, 2.8941866128919753, 1.5431101742010167, 1.8261786400331645, 2.9239069867083685, 2.2204957021148712], "power_resource": [8.287560792, 7.930163196, 7.521356988, 7.068991986, 6.581379762, 6.067293642, 5.535814788, 4.996793952, 4.638165012, 4.495021272, 4.272609762, 3.974470596, 3.606144822, 3.173327406, 2.68356033, 2.720654568, 2.932753572, 3.195029844, 3.777455556, 4.354801974, 4.9176801, 5.4563931, 5.961859812, 6.425460828, 6.839192412, 7.195512582, 7.4881107, 7.711445718, 7.861054014, 7.933549392, 7.926930918, 7.840275084, 7.674043644, 7.429929696, 7.110703764, 6.720521634, 6.909994692, 7.21644543, 7.467793524, 7.67204271, 8.068227642, 8.394841638, 8.648806338, 8.827659054, 8.930938032, 8.958643272, 0.0, 0.0, 0.0, 0.0, 0.0, 0.0, 0.0, 0.0, 0.0, 0.0, 0.0, 0.0, 0.0, 0.0, 0.0, 0.0, 0.0, 0.0, 0.0, 0.0, 0.0, 0.0, 0.0, 0.0, 0.0, 0.0, 0.0, 0.0, 0.0, 0.0, 0.0, 0.0, 0.0, 0.0, 0.0, 0.0, 6.76238733, 7.128866088, 7.455172248, 7.733763828, 7.957714518, 8.12148327, 8.337276306, 8.63864775, 8.866908144, 9.019286964, 9.094706784, 9.093013686, 9.015285096, 8.863983702, 8.642803536], "min_cpu_time": [14, 12, 16, 15, 7, 17, 18, 5, 10], "max_cpu_time": [40, 22, 33, 32, 31, 41, 37, 30, 44], "min_job_period": [91, 45, 27, 21, 40, 86, 33, 26, 11], "max_job_period": [92, 76, 54, 31, 96, 88, 57, 45, 61], "min_startup": [1, 1, 1, 1, 1, 1, 1, 1, 1], "max_startup": [10, 5, 17, 48, 94, 46, 56, 31, 14], "priority": [4, 3, 6, 1, 7, 2, 5, 9, 8], "win_min": [0, 1, 0, 0, 0, 0, 0, 0, 0], "win_max": [97, 89, 97, 97, 97, 97, 97, 97, 97]}