{"subs": 1, "jobs": 9, "T": 97, "power_use": [2.455127524396645, 1.5706180609956333, 0.3792894567601835, 2.1364566351944543, 2.6369202296685788, 1.5486223563349097, 2.0668326464340248, 1.5899181649076664, 3.9283870936047562], "power_resource": [7.168423014, 6.6877371, 6.178884192, 5.650945452, 5.113309878, 4.662637974, 4.536117378, 4.329405504, 4.04650422, 3.692031066, 3.272142762, 2.7936117, 2.653700238, 2.88134496, 3.070356264, 3.652320222, 4.23120582, 4.797316224, 5.341262436, 5.853655458, 6.325721964, 6.749458218, 7.11716832, 7.422387714, 7.659113598, 7.823036268, 7.910461692, 7.918927182, 7.847663148, 7.696515672, 7.467023934, 7.161650622, 6.784551522, 6.86397321, 7.179966864, 7.442089218, 7.644645306, 8.005429098, 8.34543396, 8.613405198, 8.806572288, 8.92416564, 8.966031336, 0.0, 0.0, 0.0, 0.0, 0.0, 0.0, 0.0, 0.0, 0.0, 0.0, 0.0, 0.0, 0.0, 0.0, 0.0, 0.0, 0.0, 0.0, 0.0, 0.0, 0.0, 0.0, 0.0, 0.0, 0.0, 0.0, 0.0, 0.0, 0.0, 0.0, 0.0, 0.0, 0.0, 0.0, 0.0, 0.0, 6.691123296, 7.065144036, 7.40037744, 7.689435444, 7.925083902, 8.101627848, 8.26924455, 8.585084286, 8.828582562, 8.996661018, 9.087780474, 9.101633094, 9.039450222, 8.902924956, 8.695905246, 8.422700796, 8.088698736, 7.700825376], "min_cpu_time": [8, 9, 17, 11, 17, 9, 18, 18, 17], "max_cpu_time": [36, 23, 34, 45, 30, 27, 18, 19, 37], "min_job_period": [75, 61, 48, 64, 25, 68, 70, 36, 25], "max_job_period": [84, 94, 69, 92, 44, 91, 70, 83, 58], "min_startup": [1, 1, 1, 1, 1, 1, 1, 1, 1], "max_startup": [82, 19, 46, 81, 19, 43, 33, 94, 56], "priority": [6, 9, 2, 1, 4, 7, 5, 8, 3], "win_min": [0, 0, 13, 0, 0, 0, 0, 0, 0], "win_max": [97, 97, 86, 97, 97, 97, 97, 97, 97]}