{"subs": 1, "jobs": 9, "T": 97, "power_use": [3.649691271711187, 0.8233895344272089, 3.363332783048769, 1.4109245180874541, 2.8536998288041135, 2.843377028819336, 3.835689602859816, 0.8246224922320429, 1.6052130923611625], "power_resource": [0.0, 0.0, 0.0, 0.0, 0.0, 0.0, 0.0, 0.0, 0.0, 0.0, 0.0, 0.0, 0.0, 0.0, 0.0, 0.0, 0.0, 0.0, 0.0, 0.0, 6.76238733, 7.128866088, 7.455172248, 7.733763828, 7.957714518, 8.12148327, 8.337276306, 8.63864775, 8.866908144, 9.019286964, 9.094706784, 9.093013686, 9.015285096, 8.863983702, 8.642803536, 8.356362138, 8.01066231, 7.612168608, 7.168423014, 6.6877371, 6.178884192, 5.650945452, 5.113309878, 4.662637974, 4.536117378, 4.329405504, 4.04650422, 3.692031066, 3.272142762, 2.7936117, 2.653700238, 2.88134496, 3.070356264, 3.652320222, 4.23120582, 4.797316224, 5.341262436, 5.853655458, 6.325721964, 6.749458218, 7.11716832, 7.422387714, 7.659113598, 7.823036268, 7.910461692, 7.918927182, 7.847663148, 7.696515672, 7.467023934, 7.161650622, 6.784551522, 6.86397321, 7.179966864, 7.442089218, 7.644645306, 8.005429098, 8.34543396, 8.613405198, 8.806572288, 8.92416564, 8.966031336, 0.0, 0.0, 0.0, 0.0, 0.0, 0.0, 0.0, 0.0, 0.0, 0.0, 0.0, 0.0, 0.0, 0.0, 0.0, 0.0], "min_cpu_time": [6, 12, 5, 5, 18, 7, 4, 15, 18], "max_cpu_time": [7, 15, 42, 15, 20, 37, 35, 41, 37], "min_job_period": [46, 27, 41, 17, 66, 16, 11, 17, 58], "max_job_period": [54, 51, 69, 57, 83, 57, 60, 34, 82], "min_startup": [2, 1, 2, 2, 1, 2, 3, 1, 1], "max_startup": [64, 63, 53, 90, 64, 60, 46, 87, 10], "priority": [1, 6, 4, 2, 5, 3, 7, 8, 9], "win_min": [0, 0, 0, 0, 9, 0, 0, 0, 0], "win_max": [97, 97, 97, 97, 89, 97, 97, 97, 97]}