{"subs": 1, "jobs": 9, "T": 97, "power_use": [2.0247723581156594, 2.2514906397962524, 3.6310398034581355, 2.3347975475214344, 0.8308202920950484, 0.5893266761191422, 0.8162689110413874, 0.11070395496344955, 0.11462647194739647], "power_resource": [8.575233534, 8.782714998, 8.914468806, 8.970648876, 8.952178716, 0.0, 0.0, 0.0, 0.0, 0.0, 0.0, 0.0, 0.0, 0.0, 0.0, 0.0, 0.0, 0.0, 0.0, 0.0, 0.0, 0.0, 0.0, 0.0, 0.0, 0.0, 0.0, 0.0, 0.0, 0.0, 0.0, 0.0, 0.0, 0.0, 0.0, 0.0, 0.0, 0.0, 0.0, 0.0, 6.658030926, 6.999574968, 7.343581698, 7.642644372, 7.88983668, 8.079001902, 8.20459899, 8.52859638, 8.787024702, 8.970648876, 9.077467968, 9.107174142, 9.06038307, 8.938941768, 8.746236432, 8.486115012, 8.164426392, 7.787327292, 7.36189794, 6.89629599, 6.398986932, 5.87889801, 5.345418222, 4.808090484, 4.60830492, 4.433761908, 4.181490306, 3.8556459, 3.462077574, 3.007095966, 2.511018252, 2.769600492, 2.948145372, 3.402203472, 3.982782168, 4.55443362, 5.107460994, 5.63262921, 6.120857106, 6.56383311, 6.953553486, 7.283091924, 7.546445622, 7.738535286, 7.855512966, 7.894146384, 7.853358114, 7.732532484, 7.532593002, 7.25569452, 6.905223234, 6.766389198, 7.10100693, 7.384062132, 7.60970592, 7.872290028, 8.238768786], "min_cpu_time": [11, 12, 16, 16, 9, 11, 6, 14, 17], "max_cpu_time": [44, 28, 35, 27, 10, 27, 14, 19, 18], "min_job_period": [73, 75, 86, 38, 38, 52, 54, 68, 8], "max_job_period": [77, 95, 91, 89, 64, 54, 71, 81, 58], "min_startup": [1, 1, 1, 1, 1, 1, 1, 1, 1], "max_startup": [8, 35, 18, 75, 85, 19, 41, 55, 47], "priority": [6, 8, 1, 2, 3, 5, 4, 9, 7], "win_min": [0, 5, 0, 0, 0, 0, 0, 0, 0], "win_max": [97, 90, 97, 97, 97, 97, 97, 97, 97]}