{"subs": 1, "jobs": 9, "T": 97, "power_use": [0.8864358859611594, 0.4621999473199549, 2.050364174194711, 0.7008940553100454, 1.935095045271904, 2.7265475649364266, 0.7223733367304999, 3.6814974740302873, 0.46168598463038135], "power_resource": [9.078237558, 8.97188022, 8.793489258, 8.54706654, 8.23769136, 7.871520438, 7.45578792, 6.998189706, 6.507191286, 5.991565986, 5.460856722, 4.924298574, 4.639396356, 4.48132257, 4.244442768, 3.93337449, 3.55319703, 3.110374944, 2.612142378, 2.709264636, 2.90366307, 3.277068138, 3.858108588, 4.431914892, 4.989098052, 5.520115152, 6.01588503, 6.467942196, 6.868282914, 7.209826956, 7.486109766, 7.692205968, 7.82365194, 7.877369322, 7.851665016, 7.746077268, 7.561067832, 7.298637642, 6.961865058, 6.714980586, 7.05867948, 7.35189327, 7.588773072, 7.80210342, 8.18151129, 8.490578634, 8.72638101, 8.886917484, 8.971572384, 8.9811153, 0.0, 0.0, 0.0, 0.0, 0.0, 0.0, 0.0, 0.0, 0.0, 0.0, 0.0, 0.0, 0.0, 0.0, 0.0, 0.0, 0.0, 0.0, 0.0, 0.0, 0.0, 0.0, 0.0, 0.0, 0.0, 0.0, 0.0, 0.0, 0.0, 0.0, 0.0, 0.0, 0.0, 0.0, 0.0, 6.771160656, 6.863665374, 7.22414133, 7.54275159, 7.81210809, 8.025592356, 8.17766334, 8.406385488, 8.694519984, 8.908927758, 9.04730004, 9.108559404], "min_cpu_time": [6, 11, 17, 17, 4, 1, 10, 8, 17], "max_cpu_time": [24, 46, 38, 35, 32, 3, 32, 13, 42], "min_job_period": [26, 44, 91, 74, 18, 2, 39, 15, 22], "max_job_period": [94, 59, 94, 82, 30, 60, 46, 17, 37], "min_startup": [3, 2, 1, 1, 5, 18, 2, 3, 1], "max_startup": [15, 42, 37, 86, 10, 61, 61, 33, 18], "priority": [5, 9, 7, 8, 6, 1, 3, 4, 2], "win_min": [0, 0, 0, 0, 0, 0, 0, 9, 0], "win_max": [97, 97, 97, 97, 97, 97, 97, 90, 97]}