{"subs": 1, "jobs": 9, "T": 97, "power_use": [1.2756737589900609, 2.9634461108980816, 3.919166188200324, 1.3335572994830593, 0.08048938085888588, 2.7199859729669735, 0.24200002521345973, 1.1151228154416972, 2.643232631342358], "power_resource": [0.0, 0.0, 0.0, 0.0, 0.0, 0.0, 0.0, 0.0, 0.0, 0.0, 0.0, 0.0, 0.0, 0.0, 0.0, 0.0, 0.0, 0.0, 0.0, 0.0, 0.0, 0.0, 0.0, 0.0, 0.0, 0.0, 6.76238733, 7.128866088, 7.455172248, 7.733763828, 7.957714518, 8.12148327, 8.337276306, 8.63864775, 8.866908144, 9.019286964, 9.094706784, 9.093013686, 9.015285096, 8.863983702, 8.642803536, 8.356362138, 8.01066231, 7.612168608, 7.168423014, 6.6877371, 6.178884192, 5.650945452, 5.113309878, 4.662637974, 4.536117378, 4.329405504, 4.04650422, 3.692031066, 3.272142762, 2.7936117, 2.653700238, 2.88134496, 3.070356264, 3.652320222, 4.23120582, 4.797316224, 5.341262436, 5.853655458, 6.325721964, 6.749458218, 7.11716832, 7.422387714, 7.659113598, 7.823036268, 7.910461692, 7.918927182, 7.847663148, 7.696515672, 7.467023934, 7.161650622, 6.784551522, 6.86397321, 7.179966864, 7.442089218, 7.644645306, 8.005429098, 8.34543396, 8.613405198, 8.806572288, 8.92416564, 8.966031336, 0.0, 0.0, 0.0, 0.0, 0.0, 0.0, 0.0, 0.0, 0.0, 0.0], "min_cpu_time": [13, 18, 3, 9, 11, 10, 6, 13, 3], "max_cpu_time": [36, 42, 14, 30, 35, 42, 6, 38, 17], "min_job_period": [13, 28, 6, 11, 6, 22, 7, 16, 7], "max_job_period": [28, 90, 61, 61, 95, 31, 96, 53, 27], "min_startup": [3, 2, 12, 4, 3, 4, 6, 3, 12], "max_startup": [95, 89, 23, 74, 11, 93, 73, 82, 22], "priority": [1, 3, 6, 7, 2, 8, 9, 4, 5], "win_min": [0, 0, 0, 0, 0, 0, 0, 10, 0], "win_max": [97, 97, 97, 97, 97, 97, 97, 82, 97]}