{"subs": 1, "jobs": 9, "T": 97, "power_use": [2.6281684935775225, 3.2496011415937542, 0.056112620018895776, 0.6320019665492639, 3.716351485927822, 3.484849682613208, 1.2535447909285666, 1.7207391635114488, 2.57810932503195], "power_resource": [3.277068138, 3.858108588, 4.431914892, 4.989098052, 5.520115152, 6.01588503, 6.467942196, 6.868282914, 7.209826956, 7.486109766, 7.692205968, 7.82365194, 7.877369322, 7.851665016, 7.746077268, 7.561067832, 7.298637642, 6.961865058, 6.714980586, 7.05867948, 7.35189327, 7.588773072, 7.80210342, 8.18151129, 8.490578634, 8.72638101, 8.886917484, 8.971572384, 8.9811153, 0.0, 0.0, 0.0, 0.0, 0.0, 0.0, 0.0, 0.0, 0.0, 0.0, 0.0, 0.0, 0.0, 0.0, 0.0, 0.0, 0.0, 0.0, 0.0, 0.0, 0.0, 0.0, 0.0, 0.0, 0.0, 0.0, 0.0, 0.0, 0.0, 0.0, 0.0, 0.0, 0.0, 0.0, 0.0, 6.771160656, 6.863665374, 7.22414133, 7.54275159, 7.81210809, 8.025592356, 8.17766334, 8.406385488, 8.694519984, 8.908927758, 9.04730004, 9.108559404, 9.092859768, 9.001740312, 8.83797156, 8.605093626, 8.308339722, 7.95371265, 7.547830884, 7.098544242, 6.614010378, 6.103310454, 5.575525632, 5.040198828, 4.667255514, 4.525497036, 4.304470788, 4.00802472, 3.64169988, 3.211191234, 2.724040764, 2.64585042, 2.856102408], "min_cpu_time": [10, 10, 7, 6, 3, 12, 16, 11, 12], "max_cpu_time": [16, 41, 13, 6, 14, 27, 44, 39, 42], "min_job_period": [3, 5, 8, 1, 1, 5, 8, 12, 4], "max_job_period": [29, 77, 29, 87, 83, 38, 20, 57, 79], "min_startup": [6, 6, 8, 10, 21, 5, 4, 5, 5], "max_startup": [15, 38, 71, 52, 39, 84, 88, 33, 47], "priority": [8, 4, 3, 9, 5, 1, 2, 6, 7], "win_min": [0, 0, 0, 0, 0, 0, 0, 6, 0], "win_max": [97, 97, 97, 97, 97, 97, 97, 86, 97]}