{"subs": 1, "jobs": 9, "T": 97, "power_use": [3.2665928387383256, 2.0735004050032497, 1.0161478698443223, 3.790551657157966, 0.572986226610904, 1.765958661873443, 3.7774550018717155, 1.7723610762983364, 3.1043195546060565], "power_resource": [8.970648876, 8.952178716, 0.0, 0.0, 0.0, 0.0, 0.0, 0.0, 0.0, 0.0, 0.0, 0.0, 0.0, 0.0, 0.0, 0.0, 0.0, 0.0, 0.0, 0.0, 0.0, 0.0, 0.0, 0.0, 0.0, 0.0, 0.0, 0.0, 0.0, 0.0, 0.0, 0.0, 0.0, 0.0, 0.0, 0.0, 0.0, 6.658030926, 6.999574968, 7.343581698, 7.642644372, 7.88983668, 8.079001902, 8.20459899, 8.52859638, 8.787024702, 8.970648876, 9.077467968, 9.107174142, 9.06038307, 8.938941768, 8.746236432, 8.486115012, 8.164426392, 7.787327292, 7.36189794, 6.89629599, 6.398986932, 5.87889801, 5.345418222, 4.808090484, 4.60830492, 4.433761908, 4.181490306, 3.8556459, 3.462077574, 3.007095966, 2.511018252, 2.769600492, 2.948145372, 3.402203472, 3.982782168, 4.55443362, 5.107460994, 5.63262921, 6.120857106, 6.56383311, 6.953553486, 7.283091924, 7.546445622, 7.738535286, 7.855512966, 7.894146384, 7.853358114, 7.732532484, 7.532593002, 7.25569452, 6.905223234, 6.766389198, 7.10100693, 7.384062132, 7.60970592, 7.872290028, 8.238768786, 8.534291346, 8.755933266, 8.902155366], "min_cpu_time": [7, 3, 8, 12, 9, 18, 5, 6, 8], "max_cpu_time": [26, 46, 29, 27, 21, 33, 17, 12, 32], "min_job_period": [22, 22, 43, 10, 20, 18, 44, 24, 42], "max_job_period": [89, 69, 89, 57, 81, 84, 90, 52, 91], "min_startup": [2, 4, 2, 1, 1, 1, 2, 2, 2], "max_startup": [51, 67, 29, 2, 95, 35, 90, 92, 70], "priority": [8, 6, 1, 4, 7, 9, 5, 2, 3], "win_min": [0, 0, 0, 0, 0, 0, 0, 0, 13], "win_max": [97, 97, 97, 97, 97, 97, 97, 97, 82]}