{"subs": 1, "jobs": 9, "T": 97, "power_use": [3.718261364492764, 1.6292153059234997, 3.453310254806878, 0.06040361474649232, 0.7304653639672734, 2.240921180392263, 3.4772139939694626, 2.2813980347099405, 2.2011204840003282], "power_resource": [0.0, 0.0, 0.0, 0.0, 0.0, 0.0, 0.0, 0.0, 0.0, 0.0, 0.0, 0.0, 0.0, 0.0, 0.0, 0.0, 0.0, 0.0, 0.0, 0.0, 0.0, 0.0, 0.0, 0.0, 0.0, 0.0, 0.0, 0.0, 0.0, 0.0, 0.0, 0.0, 0.0, 0.0, 6.716058012, 6.93246672, 7.284785022, 7.593852366, 7.85212677, 8.053605432, 8.192593386, 8.469030114, 8.742234564, 8.941404456, 9.064077102, 9.109482912, 9.078237558, 8.97188022, 8.793489258, 8.54706654, 8.23769136, 7.871520438, 7.45578792, 6.998189706, 6.507191286, 5.991565986, 5.460856722, 4.924298574, 4.639396356, 4.48132257, 4.244442768, 3.93337449, 3.55319703, 3.110374944, 2.612142378, 2.709264636, 2.90366307, 3.277068138, 3.858108588, 4.431914892, 4.989098052, 5.520115152, 6.01588503, 6.467942196, 6.868282914, 7.209826956, 7.486109766, 7.692205968, 7.82365194, 7.877369322, 7.851665016, 7.746077268, 7.561067832, 7.298637642, 6.961865058, 6.714980586, 7.05867948, 7.35189327, 7.588773072, 7.80210342, 8.18151129, 8.490578634, 8.72638101, 8.886917484, 8.971572384, 8.9811153, 0.0], "min_cpu_time": [7, 1, 7, 7, 14, 4, 7, 9, 15], "max_cpu_time": [25, 31, 45, 14, 18, 40, 14, 21, 31], "min_job_period": [11, 2, 2, 20, 32, 8, 19, 22, 12], "max_job_period": [66, 17, 82, 21, 78, 31, 88, 33, 36], "min_startup": [4, 30, 4, 4, 2, 8, 4, 3, 2], "max_startup": [89, 88, 48, 81, 33, 27, 44, 58, 10], "priority": [6, 7, 2, 4, 9, 1, 3, 5, 8], "win_min": [0, 0, 0, 0, 0, 0, 12, 0, 0], "win_max": [97, 97, 97, 97, 97, 97, 87, 97, 97]}