{"subs": 1, "jobs": 9, "T": 97, "power_use": [1.5196242576946413, 3.4233256954597815, 3.2763685886601452, 1.376446505308842, 0.29051932236307887, 2.9327901886978687, 1.6123859505277351, 0.6504564796677355, 3.699198092648718], "power_resource": [2.612142378, 2.709264636, 2.90366307, 3.277068138, 3.858108588, 4.431914892, 4.989098052, 5.520115152, 6.01588503, 6.467942196, 6.868282914, 7.209826956, 7.486109766, 7.692205968, 7.82365194, 7.877369322, 7.851665016, 7.746077268, 7.561067832, 7.298637642, 6.961865058, 6.714980586, 7.05867948, 7.35189327, 7.588773072, 7.80210342, 8.18151129, 8.490578634, 8.72638101, 8.886917484, 8.971572384, 8.9811153, 0.0, 0.0, 0.0, 0.0, 0.0, 0.0, 0.0, 0.0, 0.0, 0.0, 0.0, 0.0, 0.0, 0.0, 0.0, 0.0, 0.0, 0.0, 0.0, 0.0, 0.0, 0.0, 0.0, 0.0, 0.0, 0.0, 0.0, 0.0, 0.0, 0.0, 0.0, 0.0, 0.0, 0.0, 0.0, 6.771160656, 6.863665374, 7.22414133, 7.54275159, 7.81210809, 8.025592356, 8.17766334, 8.406385488, 8.694519984, 8.908927758, 9.04730004, 9.108559404, 9.092859768, 9.001740312, 8.83797156, 8.605093626, 8.308339722, 7.95371265, 7.547830884, 7.098544242, 6.614010378, 6.103310454, 5.575525632, 5.040198828, 4.667255514, 4.525497036, 4.304470788, 4.00802472, 3.64169988, 3.211191234], "min_cpu_time": [15, 14, 3, 17, 10, 10, 1, 4, 9], "max_cpu_time": [47, 42, 27, 17, 33, 36, 25, 17, 13], "min_job_period": [19, 26, 5, 27, 16, 18, 1, 6, 5], "max_job_period": [73, 68, 20, 76, 20, 77, 7, 11, 39], "min_startup": [3, 3, 13, 2, 4, 4, 39, 10, 4], "max_startup": [41, 81, 62, 24, 52, 7, 80, 32, 28], "priority": [2, 1, 8, 9, 4, 3, 5, 7, 6], "win_min": [0, 0, 12, 0, 0, 0, 0, 0, 0], "win_max": [97, 97, 83, 97, 97, 97, 97, 97, 97]}