{"subs": 1, "jobs": 9, "T": 97, "power_use": [0.4968105157208085, 3.56169790238581, 3.339828127504035, 3.119703644328212, 3.971689040088404, 1.2216156197689385, 2.8044456282596686, 1.9019710706270665, 2.0041045546230776], "power_resource": [8.934016392, 9.055149858, 9.09886257, 9.0657702, 8.957411928, 8.776866114, 8.527980708, 8.21614284, 7.847355312, 7.428698352, 6.96786786, 6.473637162, 5.954625666, 5.42022237, 4.879816272, 4.610305854, 4.450846806, 4.212581742, 3.899666448, 3.517488054, 3.07220328, 2.571354108, 2.784530538, 2.980929906, 3.319857342, 3.902283054, 4.477782456, 5.03696655, 5.57029242, 6.068678904, 6.523506594, 6.926771754, 7.271548074, 7.551370998, 7.761007314, 7.896147318, 7.95371265, 7.931856294, 7.829962578, 7.648801092, 7.390218852, 7.0571403, 6.654029058, 6.954323076, 7.250923062, 7.49118906, 7.744999842, 8.128255662, 8.441478792, 8.681283036, 8.845975296, 8.9349399, 8.948638602, 0.0, 0.0, 0.0, 0.0, 0.0, 0.0, 0.0, 0.0, 0.0, 0.0, 0.0, 0.0, 0.0, 0.0, 0.0, 0.0, 0.0, 0.0, 0.0, 0.0, 0.0, 0.0, 0.0, 0.0, 0.0, 0.0, 0.0, 0.0, 0.0, 0.0, 0.0, 0.0, 0.0, 0.0, 0.0, 6.809794074, 6.832112184, 7.190895042, 7.507966122, 7.775783442, 7.987882446, 8.138722086, 8.40238362, 8.689132854], "min_cpu_time": [18, 18, 17, 8, 4, 8, 10, 16, 17], "max_cpu_time": [23, 47, 42, 26, 47, 43, 47, 27, 32], "min_job_period": [30, 15, 10, 21, 6, 11, 5, 21, 3], "max_job_period": [41, 43, 42, 25, 67, 71, 23, 57, 47], "min_startup": [2, 2, 2, 4, 7, 4, 3, 2, 2], "max_startup": [20, 3, 5, 65, 70, 74, 27, 61, 44], "priority": [8, 5, 1, 7, 9, 3, 6, 4, 2], "win_min": [0, 0, 2, 0, 0, 0, 0, 0, 0], "win_max": [97, 97, 88, 97, 97, 97, 97, 97, 97]}