{"subs": 1, "jobs": 9, "T": 97, "power_use": [2.8953841672725593, 1.4496890825820272, 3.58594420549287, 0.603695480270813, 3.1070631493909358, 1.8716251813981655, 0.32195768577071476, 1.194089538665307, 1.031520123428662], "power_resource": [8.422700796, 8.088698736, 7.700825376, 7.266007026, 6.792709176, 6.289551234, 5.765306526, 5.229671886, 4.691882394, 4.573827288, 4.383276804, 4.115459484, 3.775300704, 3.368341512, 2.901508218, 2.583821466, 2.827011906, 2.989549314, 3.527338806, 4.10730183, 4.676336676, 5.224900428, 5.743911924, 6.224136084, 6.657569172, 7.036515288, 7.354048122, 7.604164872, 7.782247998, 7.88444955, 7.908152922, 7.851972852, 7.71590934, 7.50119373, 7.209980874, 6.846118722, 6.815950794, 7.141487364, 7.41423006, 7.628329998, 7.940167866, 8.293563594, 8.575233534, 8.782714998, 8.914468806, 8.970648876, 8.952178716, 0.0, 0.0, 0.0, 0.0, 0.0, 0.0, 0.0, 0.0, 0.0, 0.0, 0.0, 0.0, 0.0, 0.0, 0.0, 0.0, 0.0, 0.0, 0.0, 0.0, 0.0, 0.0, 0.0, 0.0, 0.0, 0.0, 0.0, 0.0, 0.0, 0.0, 0.0, 0.0, 0.0, 0.0, 0.0, 6.658030926, 6.999574968, 7.343581698, 7.642644372, 7.88983668, 8.079001902, 8.20459899, 8.52859638, 8.787024702, 8.970648876, 9.077467968, 9.107174142, 9.06038307, 8.938941768, 8.746236432], "min_cpu_time": [14, 4, 7, 17, 3, 7, 14, 17, 3], "max_cpu_time": [24, 24, 42, 24, 47, 15, 20, 23, 16], "min_job_period": [54, 43, 61, 96, 37, 17, 27, 90, 37], "max_job_period": [96, 74, 90, 96, 42, 28, 68, 95, 59], "min_startup": [1, 2, 1, 1, 2, 1, 1, 1, 2], "max_startup": [36, 53, 70, 13, 87, 61, 44, 65, 79], "priority": [3, 7, 2, 1, 5, 9, 6, 8, 4], "win_min": [0, 0, 0, 0, 0, 10, 0, 0, 0], "win_max": [97, 97, 97, 97, 97, 95, 97, 97, 97]}