{"subs": 1, "jobs": 9, "T": 97, "power_use": [3.305586184911831, 3.443504941263124, 1.8566171320907068, 1.4091484943920278, 2.5041608369783326, 1.3732246397101102, 0.842386960468734, 1.4213846724317598, 1.0576407033315351], "power_resource": [0.0, 0.0, 0.0, 0.0, 0.0, 0.0, 0.0, 0.0, 0.0, 0.0, 0.0, 0.0, 0.0, 0.0, 0.0, 0.0, 0.0, 0.0, 6.76238733, 7.128866088, 7.455172248, 7.733763828, 7.957714518, 8.12148327, 8.337276306, 8.63864775, 8.866908144, 9.019286964, 9.094706784, 9.093013686, 9.015285096, 8.863983702, 8.642803536, 8.356362138, 8.01066231, 7.612168608, 7.168423014, 6.6877371, 6.178884192, 5.650945452, 5.113309878, 4.662637974, 4.536117378, 4.329405504, 4.04650422, 3.692031066, 3.272142762, 2.7936117, 2.653700238, 2.88134496, 3.070356264, 3.652320222, 4.23120582, 4.797316224, 5.341262436, 5.853655458, 6.325721964, 6.749458218, 7.11716832, 7.422387714, 7.659113598, 7.823036268, 7.910461692, 7.918927182, 7.847663148, 7.696515672, 7.467023934, 7.161650622, 6.784551522, 6.86397321, 7.179966864, 7.442089218, 7.644645306, 8.005429098, 8.34543396, 8.613405198, 8.806572288, 8.92416564, 8.966031336, 0.0, 0.0, 0.0, 0.0, 0.0, 0.0, 0.0, 0.0, 0.0, 0.0, 0.0, 0.0, 0.0, 0.0, 0.0, 0.0, 0.0, 0.0], "min_cpu_time": [5, 8, 14, 3, 17, 7, 3, 13, 10], "max_cpu_time": [21, 18, 41, 12, 40, 38, 5, 20, 10], "min_job_period": [7, 1, 17, 6, 46, 16, 6, 16, 11], "max_job_period": [37, 86, 37, 41, 72, 90, 78, 60, 56], "min_startup": [8, 5, 3, 13, 2, 5, 13, 3, 4], "max_startup": [43, 53, 93, 16, 55, 34, 44, 48, 35], "priority": [9, 2, 5, 8, 3, 6, 7, 4, 1], "win_min": [0, 2, 0, 0, 0, 0, 0, 0, 0], "win_max": [97, 90, 97, 97, 97, 97, 97, 97, 97]}