{"subs": 1, "jobs": 9, "T": 97, "power_use": [2.441492827752584, 2.057556422627933, 3.8997438030702476, 1.8788745138614764, 1.2935100493757463, 1.8033812828249585, 2.889246696218849, 0.25535994202581613, 1.7014613660066125], "power_resource": [3.902283054, 4.477782456, 5.03696655, 5.57029242, 6.068678904, 6.523506594, 6.926771754, 7.271548074, 7.551370998, 7.761007314, 7.896147318, 7.95371265, 7.931856294, 7.829962578, 7.648801092, 7.390218852, 7.0571403, 6.654029058, 6.954323076, 7.250923062, 7.49118906, 7.744999842, 8.128255662, 8.441478792, 8.681283036, 8.845975296, 8.9349399, 8.948638602, 0.0, 0.0, 0.0, 0.0, 0.0, 0.0, 0.0, 0.0, 0.0, 0.0, 0.0, 0.0, 0.0, 0.0, 0.0, 0.0, 0.0, 0.0, 0.0, 0.0, 0.0, 0.0, 0.0, 0.0, 0.0, 0.0, 0.0, 0.0, 0.0, 0.0, 0.0, 0.0, 0.0, 0.0, 0.0, 6.809794074, 6.832112184, 7.190895042, 7.507966122, 7.775783442, 7.987882446, 8.138722086, 8.40238362, 8.689132854, 8.902155366, 9.03883455, 9.098400816, 9.081008082, 8.987887692, 8.82181017, 8.586777384, 8.287560792, 7.930163196, 7.521356988, 7.068991986, 6.581379762, 6.067293642, 5.535814788, 4.996793952, 4.638165012, 4.495021272, 4.272609762, 3.974470596, 3.606144822, 3.173327406, 2.68356033, 2.720654568, 2.932753572, 3.195029844], "min_cpu_time": [5, 11, 18, 15, 5, 6, 4, 15, 9], "max_cpu_time": [48, 41, 40, 28, 44, 19, 31, 36, 35], "min_job_period": [1, 13, 12, 17, 1, 5, 1, 28, 1], "max_job_period": [52, 59, 33, 74, 33, 37, 30, 79, 83], "min_startup": [8, 4, 2, 3, 8, 7, 11, 3, 4], "max_startup": [72, 63, 33, 82, 62, 16, 44, 40, 57], "priority": [4, 6, 8, 2, 3, 1, 9, 5, 7], "win_min": [0, 3, 0, 0, 0, 0, 0, 0, 0], "win_max": [97, 81, 97, 97, 97, 97, 97, 97, 97]}