{"subs": 1, "jobs": 9, "T": 97, "power_use": [1.297208407497283, 2.9290965678184975, 1.8660453479946526, 2.5410149909705804, 3.051252205263182, 2.001346022674605, 1.2261609536371343, 0.530450193796623, 3.9078348271791548], "power_resource": [6.953553486, 7.283091924, 7.546445622, 7.738535286, 7.855512966, 7.894146384, 7.853358114, 7.732532484, 7.532593002, 7.25569452, 6.905223234, 6.766389198, 7.10100693, 7.384062132, 7.60970592, 7.872290028, 8.238768786, 8.534291346, 8.755933266, 8.902155366, 8.972495892, 8.96803227, 0.0, 0.0, 0.0, 0.0, 0.0, 0.0, 0.0, 0.0, 0.0, 0.0, 0.0, 0.0, 0.0, 0.0, 0.0, 0.0, 0.0, 0.0, 0.0, 0.0, 0.0, 0.0, 0.0, 0.0, 0.0, 0.0, 0.0, 0.0, 0.0, 0.0, 0.0, 0.0, 0.0, 0.0, 0.0, 6.716058012, 6.93246672, 7.284785022, 7.593852366, 7.85212677, 8.053605432, 8.192593386, 8.469030114, 8.742234564, 8.941404456, 9.064077102, 9.109482912, 9.078237558, 8.97188022, 8.793489258, 8.54706654, 8.23769136, 7.871520438, 7.45578792, 6.998189706, 6.507191286, 5.991565986, 5.460856722, 4.924298574, 4.639396356, 4.48132257, 4.244442768, 3.93337449, 3.55319703, 3.110374944, 2.612142378, 2.709264636, 2.90366307, 3.277068138, 3.858108588, 4.431914892, 4.989098052, 5.520115152, 6.01588503, 6.467942196], "min_cpu_time": [8, 12, 17, 14, 2, 5, 3, 13, 12], "max_cpu_time": [27, 28, 21, 43, 8, 41, 38, 43, 22], "min_job_period": [44, 54, 15, 89, 8, 7, 2, 94, 8], "max_job_period": [96, 94, 91, 96, 90, 47, 88, 96, 59], "min_startup": [2, 1, 1, 1, 6, 3, 4, 1, 1], "max_startup": [86, 26, 1, 96, 85, 86, 89, 31, 25], "priority": [3, 9, 6, 2, 1, 7, 4, 8, 5], "win_min": [0, 0, 0, 0, 2, 0, 0, 0, 0], "win_max": [97, 97, 97, 97, 86, 97, 97, 97, 97]}