{"subs": 1, "jobs": 9, "T": 97, "power_use": [3.8022375441803486, 1.2652104242746578, 2.043863080327588, 2.831210127444068, 3.0901539426624494, 0.17750481963396667, 3.0251847692727734, 0.38691031746653765, 1.993419331030208], "power_resource": [0.0, 0.0, 0.0, 0.0, 0.0, 0.0, 0.0, 0.0, 0.0, 0.0, 0.0, 0.0, 0.0, 0.0, 0.0, 6.691123296, 7.065144036, 7.40037744, 7.689435444, 7.925083902, 8.101627848, 8.26924455, 8.585084286, 8.828582562, 8.996661018, 9.087780474, 9.101633094, 9.039450222, 8.902924956, 8.695905246, 8.422700796, 8.088698736, 7.700825376, 7.266007026, 6.792709176, 6.289551234, 5.765306526, 5.229671886, 4.691882394, 4.573827288, 4.383276804, 4.115459484, 3.775300704, 3.368341512, 2.901508218, 2.583821466, 2.827011906, 2.989549314, 3.527338806, 4.10730183, 4.676336676, 5.224900428, 5.743911924, 6.224136084, 6.657569172, 7.036515288, 7.354048122, 7.604164872, 7.782247998, 7.88444955, 7.908152922, 7.851972852, 7.71590934, 7.50119373, 7.209980874, 6.846118722, 6.815950794, 7.141487364, 7.41423006, 7.628329998, 7.940167866, 8.293563594, 8.575233534, 8.782714998, 8.914468806, 8.970648876, 8.952178716, 0.0, 0.0, 0.0, 0.0, 0.0, 0.0, 0.0, 0.0, 0.0, 0.0, 0.0, 0.0, 0.0, 0.0, 0.0, 0.0, 0.0, 0.0, 0.0, 0.0], "min_cpu_time": [3, 4, 5, 10, 18, 2, 6, 3, 2], "max_cpu_time": [14, 10, 23, 48, 40, 37, 37, 29, 40], "min_job_period": [5, 1, 4, 26, 3, 4, 6, 13, 5], "max_job_period": [76, 40, 12, 36, 72, 10, 55, 86, 58], "min_startup": [6, 5, 4, 2, 1, 9, 3, 6, 9], "max_startup": [27, 25, 92, 52, 23, 68, 15, 86, 41], "priority": [4, 7, 9, 8, 2, 3, 1, 5, 6], "win_min": [0, 1, 0, 0, 0, 0, 0, 0, 0], "win_max": [97, 92, 97, 97, 97, 97, 97, 97, 97]}