{"subs": 1, "jobs": 9, "T": 97, "power_use": [2.3352302527303705, 2.7734074461661833, 1.4544850167959318, 2.0565693835723198, 3.83691886360921, 0.3578722067290389, 1.7518350517231045, 1.6297271917969431, 3.2887568434443635], "power_resource": [7.429929696, 7.110703764, 6.720521634, 6.909994692, 7.21644543, 7.467793524, 7.67204271, 8.068227642, 8.394841638, 8.648806338, 8.827659054, 8.930938032, 8.958643272, 0.0, 0.0, 0.0, 0.0, 0.0, 0.0, 0.0, 0.0, 0.0, 0.0, 0.0, 0.0, 0.0, 0.0, 0.0, 0.0, 0.0, 0.0, 0.0, 0.0, 0.0, 0.0, 0.0, 0.0, 0.0, 0.0, 0.0, 0.0, 0.0, 0.0, 0.0, 0.0, 0.0, 0.0, 0.0, 0.0, 6.76238733, 7.128866088, 7.455172248, 7.733763828, 7.957714518, 8.12148327, 8.337276306, 8.63864775, 8.866908144, 9.019286964, 9.094706784, 9.093013686, 9.015285096, 8.863983702, 8.642803536, 8.356362138, 8.01066231, 7.612168608, 7.168423014, 6.6877371, 6.178884192, 5.650945452, 5.113309878, 4.662637974, 4.536117378, 4.329405504, 4.04650422, 3.692031066, 3.272142762, 2.7936117, 2.653700238, 2.88134496, 3.070356264, 3.652320222, 4.23120582, 4.797316224, 5.341262436, 5.853655458, 6.325721964, 6.749458218, 7.11716832, 7.422387714, 7.659113598, 7.823036268, 7.910461692, 7.918927182, 7.847663148, 7.696515672], "min_cpu_time": [7, 14, 10, 10, 17, 5, 4, 10, 8], "max_cpu_time": [15, 34, 35, 46, 46, 14, 22, 32, 29], "min_job_period": [5, 14, 4, 5, 2, 4, 3, 1, 8], "max_job_period": [29, 42, 91, 77, 71, 66, 92, 42, 41], "min_startup": [10, 4, 7, 7, 4, 14, 18, 7, 9], "max_startup": [13, 14, 7, 66, 23, 46, 66, 43, 71], "priority": [4, 3, 2, 1, 8, 6, 7, 5, 9], "win_min": [0, 0, 0, 7, 0, 0, 0, 0, 0], "win_max": [97, 97, 97, 86, 97, 97, 97, 97, 97]}