{"subs": 1, "jobs": 9, "T": 97, "power_use": [3.580799338183042, 2.9744030038151195, 0.9633060611689547, 1.586740975086985, 1.776503396969387, 0.7852064638115583, 2.608864207555079, 2.449932985238819, 2.8070730902257535], "power_resource": [7.442089218, 7.644645306, 8.005429098, 8.34543396, 8.613405198, 8.806572288, 8.92416564, 8.966031336, 0.0, 0.0, 0.0, 0.0, 0.0, 0.0, 0.0, 0.0, 0.0, 0.0, 0.0, 0.0, 0.0, 0.0, 0.0, 0.0, 0.0, 0.0, 0.0, 0.0, 0.0, 0.0, 0.0, 0.0, 0.0, 0.0, 0.0, 0.0, 0.0, 0.0, 0.0, 0.0, 0.0, 0.0, 0.0, 0.0, 6.691123296, 7.065144036, 7.40037744, 7.689435444, 7.925083902, 8.101627848, 8.26924455, 8.585084286, 8.828582562, 8.996661018, 9.087780474, 9.101633094, 9.039450222, 8.902924956, 8.695905246, 8.422700796, 8.088698736, 7.700825376, 7.266007026, 6.792709176, 6.289551234, 5.765306526, 5.229671886, 4.691882394, 4.573827288, 4.383276804, 4.115459484, 3.775300704, 3.368341512, 2.901508218, 2.583821466, 2.827011906, 2.989549314, 3.527338806, 4.10730183, 4.676336676, 5.224900428, 5.743911924, 6.224136084, 6.657569172, 7.036515288, 7.354048122, 7.604164872, 7.782247998, 7.88444955, 7.908152922, 7.851972852, 7.71590934, 7.50119373, 7.209980874, 6.846118722, 6.815950794, 7.141487364], "min_cpu_time": [3, 11, 9, 13, 12, 13, 5, 17, 15], "max_cpu_time": [42, 24, 11, 34, 14, 27, 42, 25, 44], "min_job_period": [3, 5, 13, 35, 4, 1, 13, 16, 13], "max_job_period": [83, 27, 25, 87, 23, 63, 30, 62, 62], "min_startup": [11, 3, 3, 2, 3, 2, 6, 2, 2], "max_startup": [37, 94, 36, 39, 56, 31, 13, 9, 80], "priority": [9, 6, 7, 3, 4, 5, 1, 8, 2], "win_min": [0, 0, 0, 0, 0, 6, 0, 0, 0], "win_max": [97, 97, 97, 97, 97, 89, 97, 97, 97]}