{"subs": 1, "jobs": 9, "T": 97, "power_use": [2.313898226073824, 2.610778894270684, 1.4922961106477741, 0.481687844752584, 2.61948385011422, 2.6835170568076157, 3.8481907040061634, 0.06587467505550515, 2.7219678573904496], "power_resource": [6.89629599, 6.398986932, 5.87889801, 5.345418222, 4.808090484, 4.60830492, 4.433761908, 4.181490306, 3.8556459, 3.462077574, 3.007095966, 2.511018252, 2.769600492, 2.948145372, 3.402203472, 3.982782168, 4.55443362, 5.107460994, 5.63262921, 6.120857106, 6.56383311, 6.953553486, 7.283091924, 7.546445622, 7.738535286, 7.855512966, 7.894146384, 7.853358114, 7.732532484, 7.532593002, 7.25569452, 6.905223234, 6.766389198, 7.10100693, 7.384062132, 7.60970592, 7.872290028, 8.238768786, 8.534291346, 8.755933266, 8.902155366, 8.972495892, 8.96803227, 0.0, 0.0, 0.0, 0.0, 0.0, 0.0, 0.0, 0.0, 0.0, 0.0, 0.0, 0.0, 0.0, 0.0, 0.0, 0.0, 0.0, 0.0, 0.0, 0.0, 0.0, 0.0, 0.0, 0.0, 0.0, 0.0, 0.0, 0.0, 0.0, 0.0, 0.0, 0.0, 0.0, 0.0, 0.0, 6.716058012, 6.93246672, 7.284785022, 7.593852366, 7.85212677, 8.053605432, 8.192593386, 8.469030114, 8.742234564, 8.941404456, 9.064077102, 9.109482912, 9.078237558, 8.97188022, 8.793489258, 8.54706654, 8.23769136, 7.871520438, 7.45578792], "min_cpu_time": [3, 18, 18, 3, 4, 15, 16, 7, 1], "max_cpu_time": [35, 29, 21, 22, 40, 33, 48, 26, 9], "min_job_period": [8, 64, 65, 8, 13, 4, 42, 8, 3], "max_job_period": [36, 87, 69, 31, 24, 57, 52, 20, 94], "min_startup": [8, 1, 1, 8, 6, 2, 2, 3, 24], "max_startup": [18, 58, 47, 67, 29, 15, 49, 49, 59], "priority": [8, 9, 7, 6, 3, 4, 2, 5, 1], "win_min": [0, 0, 0, 7, 0, 0, 0, 0, 0], "win_max": [97, 97, 97, 90, 97, 97, 97, 97, 97]}