{"subs": 1, "jobs": 9, "T": 97, "power_use": [2.547542874011953, 0.9108446175758701, 3.3216339931708077, 1.6017567245959277, 3.3133328946781173, 3.776668058499534, 2.945549049090866, 2.739684039125263, 1.2792955863586837], "power_resource": [8.128255662, 8.441478792, 8.681283036, 8.845975296, 8.9349399, 8.948638602, 0.0, 0.0, 0.0, 0.0, 0.0, 0.0, 0.0, 0.0, 0.0, 0.0, 0.0, 0.0, 0.0, 0.0, 0.0, 0.0, 0.0, 0.0, 0.0, 0.0, 0.0, 0.0, 0.0, 0.0, 0.0, 0.0, 0.0, 0.0, 0.0, 0.0, 0.0, 0.0, 0.0, 0.0, 0.0, 6.809794074, 6.832112184, 7.190895042, 7.507966122, 7.775783442, 7.987882446, 8.138722086, 8.40238362, 8.689132854, 8.902155366, 9.03883455, 9.098400816, 9.081008082, 8.987887692, 8.82181017, 8.586777384, 8.287560792, 7.930163196, 7.521356988, 7.068991986, 6.581379762, 6.067293642, 5.535814788, 4.996793952, 4.638165012, 4.495021272, 4.272609762, 3.974470596, 3.606144822, 3.173327406, 2.68356033, 2.720654568, 2.932753572, 3.195029844, 3.777455556, 4.354801974, 4.9176801, 5.4563931, 5.961859812, 6.425460828, 6.839192412, 7.195512582, 7.4881107, 7.711445718, 7.861054014, 7.933549392, 7.926930918, 7.840275084, 7.674043644, 7.429929696, 7.110703764, 6.720521634, 6.909994692, 7.21644543, 7.467793524, 7.67204271], "min_cpu_time": [18, 15, 8, 10, 1, 2, 1, 10, 1], "max_cpu_time": [38, 26, 37, 26, 2, 31, 37, 34, 38], "min_job_period": [64, 93, 46, 70, 3, 7, 2, 44, 6], "max_job_period": [78, 96, 58, 72, 25, 79, 26, 52, 48], "min_startup": [1, 1, 2, 1, 11, 6, 11, 1, 11], "max_startup": [54, 80, 62, 16, 71, 82, 67, 54, 81], "priority": [7, 6, 9, 1, 3, 8, 4, 2, 5], "win_min": [0, 0, 0, 0, 17, 0, 0, 0, 0], "win_max": [97, 97, 97, 97, 88, 97, 97, 97, 97]}