{"subs": 1, "jobs": 9, "T": 97, "power_use": [0.5401486147817381, 2.742785961548271, 1.0849776322961575, 2.731528072208387, 2.918536397926192, 1.8613589752795179, 1.3088466780263819, 3.7824907867635584, 0.9527485015708026], "power_resource": [9.081008082, 8.987887692, 8.82181017, 8.586777384, 8.287560792, 7.930163196, 7.521356988, 7.068991986, 6.581379762, 6.067293642, 5.535814788, 4.996793952, 4.638165012, 4.495021272, 4.272609762, 3.974470596, 3.606144822, 3.173327406, 2.68356033, 2.720654568, 2.932753572, 3.195029844, 3.777455556, 4.354801974, 4.9176801, 5.4563931, 5.961859812, 6.425460828, 6.839192412, 7.195512582, 7.4881107, 7.711445718, 7.861054014, 7.933549392, 7.926930918, 7.840275084, 7.674043644, 7.429929696, 7.110703764, 6.720521634, 6.909994692, 7.21644543, 7.467793524, 7.67204271, 8.068227642, 8.394841638, 8.648806338, 8.827659054, 8.930938032, 8.958643272, 0.0, 0.0, 0.0, 0.0, 0.0, 0.0, 0.0, 0.0, 0.0, 0.0, 0.0, 0.0, 0.0, 0.0, 0.0, 0.0, 0.0, 0.0, 0.0, 0.0, 0.0, 0.0, 0.0, 0.0, 0.0, 0.0, 0.0, 0.0, 0.0, 0.0, 0.0, 0.0, 0.0, 0.0, 0.0, 0.0, 6.76238733, 7.128866088, 7.455172248, 7.733763828, 7.957714518, 8.12148327, 8.337276306, 8.63864775, 8.866908144, 9.019286964, 9.094706784], "min_cpu_time": [8, 15, 7, 12, 5, 16, 8, 10, 15], "max_cpu_time": [9, 35, 45, 27, 17, 21, 34, 14, 21], "min_job_period": [3, 2, 12, 6, 9, 9, 12, 16, 10], "max_job_period": [29, 75, 67, 60, 49, 43, 54, 32, 54], "min_startup": [6, 3, 6, 4, 9, 3, 6, 4, 3], "max_startup": [35, 62, 45, 61, 23, 24, 21, 82, 47], "priority": [1, 3, 5, 4, 7, 6, 9, 8, 2], "win_min": [0, 0, 0, 0, 0, 0, 0, 16, 0], "win_max": [97, 97, 97, 97, 97, 97, 97, 95, 97]}