{"subs": 1, "jobs": 9, "T": 97, "power_use": [3.449812171359403, 0.13626163151408405, 2.331419517094637, 2.998700037944489, 3.0006068915938093, 3.4440879534285953, 2.727733700553921, 2.8268629908455294, 0.2485487854298727], "power_resource": [9.0657702, 8.957411928, 8.776866114, 8.527980708, 8.21614284, 7.847355312, 7.428698352, 6.96786786, 6.473637162, 5.954625666, 5.42022237, 4.879816272, 4.610305854, 4.450846806, 4.212581742, 3.899666448, 3.517488054, 3.07220328, 2.571354108, 2.784530538, 2.980929906, 3.319857342, 3.902283054, 4.477782456, 5.03696655, 5.57029242, 6.068678904, 6.523506594, 6.926771754, 7.271548074, 7.551370998, 7.761007314, 7.896147318, 7.95371265, 7.931856294, 7.829962578, 7.648801092, 7.390218852, 7.0571403, 6.654029058, 6.954323076, 7.250923062, 7.49118906, 7.744999842, 8.128255662, 8.441478792, 8.681283036, 8.845975296, 8.9349399, 8.948638602, 0.0, 0.0, 0.0, 0.0, 0.0, 0.0, 0.0, 0.0, 0.0, 0.0, 0.0, 0.0, 0.0, 0.0, 0.0, 0.0, 0.0, 0.0, 0.0, 0.0, 0.0, 0.0, 0.0, 0.0, 0.0, 0.0, 0.0, 0.0, 0.0, 0.0, 0.0, 0.0, 0.0, 0.0, 0.0, 6.809794074, 6.832112184, 7.190895042, 7.507966122, 7.775783442, 7.987882446, 8.138722086, 8.40238362, 8.689132854, 8.902155366, 9.03883455, 9.098400816], "min_cpu_time": [7, 2, 13, 3, 10, 7, 16, 13, 16], "max_cpu_time": [14, 43, 14, 17, 20, 18, 42, 13, 35], "min_job_period": [29, 7, 14, 12, 47, 35, 89, 74, 75], "max_job_period": [57, 21, 80, 96, 56, 50, 96, 75, 88], "min_startup": [2, 7, 1, 5, 2, 2, 1, 1, 1], "max_startup": [21, 69, 8, 16, 50, 21, 80, 11, 22], "priority": [7, 6, 8, 1, 2, 4, 3, 5, 9], "win_min": [0, 0, 0, 0, 0, 0, 0, 0, 9], "win_max": [97, 97, 97, 97, 97, 97, 97, 97, 81]}