{"subs": 1, "jobs": 9, "T": 97, "power_use": [1.3182474459912925, 1.059159420800028, 3.148659387552016, 3.2196367837133995, 0.8113735578341096, 2.677658677089734, 0.6105630862954807, 2.77371011665546, 2.191834161903256], "power_resource": [7.88444955, 7.908152922, 7.851972852, 7.71590934, 7.50119373, 7.209980874, 6.846118722, 6.815950794, 7.141487364, 7.41423006, 7.628329998, 7.940167866, 8.293563594, 8.575233534, 8.782714998, 8.914468806, 8.970648876, 8.952178716, 0.0, 0.0, 0.0, 0.0, 0.0, 0.0, 0.0, 0.0, 0.0, 0.0, 0.0, 0.0, 0.0, 0.0, 0.0, 0.0, 0.0, 0.0, 0.0, 0.0, 0.0, 0.0, 0.0, 0.0, 0.0, 0.0, 0.0, 0.0, 0.0, 0.0, 0.0, 0.0, 0.0, 0.0, 0.0, 6.658030926, 6.999574968, 7.343581698, 7.642644372, 7.88983668, 8.079001902, 8.20459899, 8.52859638, 8.787024702, 8.970648876, 9.077467968, 9.107174142, 9.06038307, 8.938941768, 8.746236432, 8.486115012, 8.164426392, 7.787327292, 7.36189794, 6.89629599, 6.398986932, 5.87889801, 5.345418222, 4.808090484, 4.60830492, 4.433761908, 4.181490306, 3.8556459, 3.462077574, 3.007095966, 2.511018252, 2.769600492, 2.948145372, 3.402203472, 3.982782168, 4.55443362, 5.107460994, 5.63262921, 6.120857106, 6.56383311, 6.953553486, 7.283091924, 7.546445622, 7.738535286], "min_cpu_time": [14, 9, 8, 5, 2, 9, 9, 8, 9], "max_cpu_time": [43, 14, 44, 27, 41, 38, 21, 14, 25], "min_job_period": [10, 3, 7, 3, 2, 8, 13, 7, 9], "max_job_period": [58, 14, 22, 42, 70, 62, 66, 70, 51], "min_startup": [3, 6, 7, 11, 28, 6, 6, 7, 6], "max_startup": [69, 21, 92, 26, 37, 45, 24, 95, 57], "priority": [8, 5, 4, 7, 3, 6, 1, 2, 9], "win_min": [0, 0, 0, 0, 2, 0, 0, 0, 0], "win_max": [97, 97, 97, 97, 86, 97, 97, 97, 97]}