{"subs": 1, "jobs": 9, "T": 97, "power_use": [3.7469409364629898, 0.2785280916322624, 0.893330465619556, 3.964150119967355, 1.1977485977638533, 3.2850721606935616, 2.6818255226556005, 3.1243365629217705, 1.887092260715026], "power_resource": [7.428698352, 6.96786786, 6.473637162, 5.954625666, 5.42022237, 4.879816272, 4.610305854, 4.450846806, 4.212581742, 3.899666448, 3.517488054, 3.07220328, 2.571354108, 2.784530538, 2.980929906, 3.319857342, 3.902283054, 4.477782456, 5.03696655, 5.57029242, 6.068678904, 6.523506594, 6.926771754, 7.271548074, 7.551370998, 7.761007314, 7.896147318, 7.95371265, 7.931856294, 7.829962578, 7.648801092, 7.390218852, 7.0571403, 6.654029058, 6.954323076, 7.250923062, 7.49118906, 7.744999842, 8.128255662, 8.441478792, 8.681283036, 8.845975296, 8.9349399, 8.948638602, 0.0, 0.0, 0.0, 0.0, 0.0, 0.0, 0.0, 0.0, 0.0, 0.0, 0.0, 0.0, 0.0, 0.0, 0.0, 0.0, 0.0, 0.0, 0.0, 0.0, 0.0, 0.0, 0.0, 0.0, 0.0, 0.0, 0.0, 0.0, 0.0, 0.0, 0.0, 0.0, 0.0, 0.0, 0.0, 6.809794074, 6.832112184, 7.190895042, 7.507966122, 7.775783442, 7.987882446, 8.138722086, 8.40238362, 8.689132854, 8.902155366, 9.03883455, 9.098400816, 9.081008082, 8.987887692, 8.82181017, 8.586777384, 8.287560792, 7.930163196], "min_cpu_time": [13, 3, 18, 6, 15, 14, 3, 14, 12], "max_cpu_time": [23, 20, 39, 35, 19, 43, 41, 35, 17], "min_job_period": [14, 1, 29, 7, 7, 4, 1, 21, 18], "max_job_period": [48, 83, 51, 21, 59, 28, 56, 89, 54], "min_startup": [4, 18, 3, 9, 3, 3, 18, 3, 5], "max_startup": [86, 68, 65, 66, 46, 64, 75, 35, 19], "priority": [4, 6, 2, 5, 8, 1, 9, 3, 7], "win_min": [0, 0, 0, 18, 0, 0, 0, 0, 0], "win_max": [97, 97, 97, 86, 97, 97, 97, 97, 97]}