{"subs": 1, "jobs": 9, "T": 97, "power_use": [0.855209021767977, 2.7920263934499157, 0.9102624824167211, 2.8308092179740783, 0.825484666213745, 2.7849703017253824, 2.498441646915666, 1.7019024122476427, 1.7043288310211542], "power_resource": [0.0, 0.0, 0.0, 0.0, 0.0, 6.809794074, 6.832112184, 7.190895042, 7.507966122, 7.775783442, 7.987882446, 8.138722086, 8.40238362, 8.689132854, 8.902155366, 9.03883455, 9.098400816, 9.081008082, 8.987887692, 8.82181017, 8.586777384, 8.287560792, 7.930163196, 7.521356988, 7.068991986, 6.581379762, 6.067293642, 5.535814788, 4.996793952, 4.638165012, 4.495021272, 4.272609762, 3.974470596, 3.606144822, 3.173327406, 2.68356033, 2.720654568, 2.932753572, 3.195029844, 3.777455556, 4.354801974, 4.9176801, 5.4563931, 5.961859812, 6.425460828, 6.839192412, 7.195512582, 7.4881107, 7.711445718, 7.861054014, 7.933549392, 7.926930918, 7.840275084, 7.674043644, 7.429929696, 7.110703764, 6.720521634, 6.909994692, 7.21644543, 7.467793524, 7.67204271, 8.068227642, 8.394841638, 8.648806338, 8.827659054, 8.930938032, 8.958643272, 0.0, 0.0, 0.0, 0.0, 0.0, 0.0, 0.0, 0.0, 0.0, 0.0, 0.0, 0.0, 0.0, 0.0, 0.0, 0.0, 0.0, 0.0, 0.0, 0.0, 0.0, 0.0, 0.0, 0.0, 0.0, 0.0, 0.0, 0.0, 0.0, 0.0], "min_cpu_time": [14, 15, 3, 16, 15, 18, 18, 15, 14], "max_cpu_time": [42, 23, 31, 18, 39, 45, 37, 39, 37], "min_job_period": [4, 12, 1, 10, 4, 15, 15, 10, 2], "max_job_period": [55, 18, 52, 22, 66, 79, 90, 47, 30], "min_startup": [4, 4, 21, 4, 4, 3, 3, 4, 4], "max_startup": [9, 54, 59, 66, 29, 61, 32, 13, 55], "priority": [2, 1, 7, 6, 5, 8, 3, 9, 4], "win_min": [0, 0, 0, 16, 0, 0, 0, 0, 0], "win_max": [97, 97, 97, 92, 97, 97, 97, 97, 97]}