{"subs": 1, "jobs": 9, "T": 97, "power_use": [2.1830442377843386, 2.9755935636515374, 1.2365166781652974, 2.8408160510492366, 0.6346918298498132, 0.9455714578402376, 1.972937773283907, 1.7185494701969155, 2.9586562408308037], "power_resource": [0.0, 0.0, 0.0, 0.0, 0.0, 0.0, 0.0, 6.809794074, 6.832112184, 7.190895042, 7.507966122, 7.775783442, 7.987882446, 8.138722086, 8.40238362, 8.689132854, 8.902155366, 9.03883455, 9.098400816, 9.081008082, 8.987887692, 8.82181017, 8.586777384, 8.287560792, 7.930163196, 7.521356988, 7.068991986, 6.581379762, 6.067293642, 5.535814788, 4.996793952, 4.638165012, 4.495021272, 4.272609762, 3.974470596, 3.606144822, 3.173327406, 2.68356033, 2.720654568, 2.932753572, 3.195029844, 3.777455556, 4.354801974, 4.9176801, 5.4563931, 5.961859812, 6.425460828, 6.839192412, 7.195512582, 7.4881107, 7.711445718, 7.861054014, 7.933549392, 7.926930918, 7.840275084, 7.674043644, 7.429929696, 7.110703764, 6.720521634, 6.909994692, 7.21644543, 7.467793524, 7.67204271, 8.068227642, 8.394841638, 8.648806338, 8.827659054, 8.930938032, 8.958643272, 0.0, 0.0, 0.0, 0.0, 0.0, 0.0, 0.0, 0.0, 0.0, 0.0, 0.0, 0.0, 0.0, 0.0, 0.0, 0.0, 0.0, 0.0, 0.0, 0.0, 0.0, 0.0, 0.0, 0.0, 0.0, 0.0, 0.0, 0.0], "min_cpu_time": [6, 9, 10, 14, 16, 7, 2, 11, 14], "max_cpu_time": [39, 17, 40, 28, 19, 22, 25, 44, 39], "min_job_period": [1, 1, 3, 16, 22, 7, 1, 12, 15], "max_job_period": [78, 86, 75, 91, 43, 85, 88, 27, 36], "min_startup": [11, 7, 6, 4, 4, 9, 33, 5, 4], "max_startup": [53, 24, 30, 87, 15, 72, 56, 13, 83], "priority": [1, 7, 9, 2, 5, 3, 8, 4, 6], "win_min": [0, 0, 0, 0, 9, 0, 0, 0, 0], "win_max": [97, 97, 97, 97, 94, 97, 97, 97, 97]}