{"subs": 1, "jobs": 9, "T": 97, "power_use": [3.23026541609816, 3.3974803378459058, 0.26722025213729833, 0.4244862425149134, 1.462484020937746, 2.597556293737578, 0.9422398291797468, 0.25068471908024725, 2.690517295026644], "power_resource": [0.0, 0.0, 0.0, 0.0, 0.0, 0.0, 0.0, 0.0, 0.0, 0.0, 0.0, 0.0, 6.716058012, 6.93246672, 7.284785022, 7.593852366, 7.85212677, 8.053605432, 8.192593386, 8.469030114, 8.742234564, 8.941404456, 9.064077102, 9.109482912, 9.078237558, 8.97188022, 8.793489258, 8.54706654, 8.23769136, 7.871520438, 7.45578792, 6.998189706, 6.507191286, 5.991565986, 5.460856722, 4.924298574, 4.639396356, 4.48132257, 4.244442768, 3.93337449, 3.55319703, 3.110374944, 2.612142378, 2.709264636, 2.90366307, 3.277068138, 3.858108588, 4.431914892, 4.989098052, 5.520115152, 6.01588503, 6.467942196, 6.868282914, 7.209826956, 7.486109766, 7.692205968, 7.82365194, 7.877369322, 7.851665016, 7.746077268, 7.561067832, 7.298637642, 6.961865058, 6.714980586, 7.05867948, 7.35189327, 7.588773072, 7.80210342, 8.18151129, 8.490578634, 8.72638101, 8.886917484, 8.971572384, 8.9811153, 0.0, 0.0, 0.0, 0.0, 0.0, 0.0, 0.0, 0.0, 0.0, 0.0, 0.0, 0.0, 0.0, 0.0, 0.0, 0.0, 0.0, 0.0, 0.0, 0.0, 0.0, 0.0, 0.0], "min_cpu_time": [1, 11, 9, 5, 13, 1, 11, 3, 14], "max_cpu_time": [25, 24, 40, 34, 42, 9, 44, 8, 27], "min_job_period": [1, 20, 14, 7, 13, 1, 4, 1, 15], "max_job_period": [76, 73, 62, 81, 66, 78, 89, 8, 75], "min_startup": [44, 4, 5, 9, 3, 44, 4, 15, 3], "max_startup": [86, 32, 83, 64, 50, 60, 32, 21, 37], "priority": [7, 8, 3, 6, 9, 4, 2, 1, 5], "win_min": [0, 0, 0, 0, 4, 0, 0, 0, 0], "win_max": [97, 97, 97, 97, 83, 97, 97, 97, 97]}