{"subs": 1, "jobs": 9, "T": 97, "power_use": [3.6537208944082544, 1.8003101518217348, 3.6164841213577454, 1.319679801737918, 0.6643531763336349, 0.8802991579806709, 1.3104221503416342, 3.2044739809608562, 2.867245502568231], "power_resource": [0.0, 0.0, 6.809794074, 6.832112184, 7.190895042, 7.507966122, 7.775783442, 7.987882446, 8.138722086, 8.40238362, 8.689132854, 8.902155366, 9.03883455, 9.098400816, 9.081008082, 8.987887692, 8.82181017, 8.586777384, 8.287560792, 7.930163196, 7.521356988, 7.068991986, 6.581379762, 6.067293642, 5.535814788, 4.996793952, 4.638165012, 4.495021272, 4.272609762, 3.974470596, 3.606144822, 3.173327406, 2.68356033, 2.720654568, 2.932753572, 3.195029844, 3.777455556, 4.354801974, 4.9176801, 5.4563931, 5.961859812, 6.425460828, 6.839192412, 7.195512582, 7.4881107, 7.711445718, 7.861054014, 7.933549392, 7.926930918, 7.840275084, 7.674043644, 7.429929696, 7.110703764, 6.720521634, 6.909994692, 7.21644543, 7.467793524, 7.67204271, 8.068227642, 8.394841638, 8.648806338, 8.827659054, 8.930938032, 8.958643272, 0.0, 0.0, 0.0, 0.0, 0.0, 0.0, 0.0, 0.0, 0.0, 0.0, 0.0, 0.0, 0.0, 0.0, 0.0, 0.0, 0.0, 0.0, 0.0, 0.0, 0.0, 0.0, 0.0, 0.0, 0.0, 0.0, 0.0, 0.0, 0.0, 0.0, 0.0, 0.0, 0.0], "min_cpu_time": [13, 6, 16, 8, 11, 5, 6, 4, 6], "max_cpu_time": [25, 17, 35, 43, 15, 6, 11, 45, 34], "min_job_period": [5, 2, 11, 2, 6, 2, 7, 4, 4], "max_job_period": [51, 96, 19, 32, 80, 78, 77, 52, 96], "min_startup": [4, 10, 4, 8, 5, 12, 10, 16, 10], "max_startup": [92, 75, 24, 96, 36, 86, 51, 85, 38], "priority": [9, 5, 8, 7, 4, 1, 3, 2, 6], "win_min": [0, 0, 0, 8, 0, 0, 0, 0, 0], "win_max": [97, 97, 97, 85, 97, 97, 97, 97, 97]}