{"subs": 1, "jobs": 9, "T": 97, "power_use": [2.425547411178136, 0.515393508608819, 1.8292317946609946, 1.62165523945815, 0.3722893627824284, 3.278744722397393, 2.164430540196474, 3.802319986120791, 0.6636838843291446], "power_resource": [0.0, 0.0, 0.0, 0.0, 0.0, 0.0, 0.0, 0.0, 0.0, 0.0, 0.0, 0.0, 0.0, 0.0, 0.0, 0.0, 0.0, 0.0, 0.0, 6.76238733, 7.128866088, 7.455172248, 7.733763828, 7.957714518, 8.12148327, 8.337276306, 8.63864775, 8.866908144, 9.019286964, 9.094706784, 9.093013686, 9.015285096, 8.863983702, 8.642803536, 8.356362138, 8.01066231, 7.612168608, 7.168423014, 6.6877371, 6.178884192, 5.650945452, 5.113309878, 4.662637974, 4.536117378, 4.329405504, 4.04650422, 3.692031066, 3.272142762, 2.7936117, 2.653700238, 2.88134496, 3.070356264, 3.652320222, 4.23120582, 4.797316224, 5.341262436, 5.853655458, 6.325721964, 6.749458218, 7.11716832, 7.422387714, 7.659113598, 7.823036268, 7.910461692, 7.918927182, 7.847663148, 7.696515672, 7.467023934, 7.161650622, 6.784551522, 6.86397321, 7.179966864, 7.442089218, 7.644645306, 8.005429098, 8.34543396, 8.613405198, 8.806572288, 8.92416564, 8.966031336, 0.0, 0.0, 0.0, 0.0, 0.0, 0.0, 0.0, 0.0, 0.0, 0.0, 0.0, 0.0, 0.0, 0.0, 0.0, 0.0, 0.0], "min_cpu_time": [5, 7, 2, 18, 17, 15, 8, 17, 5], "max_cpu_time": [7, 45, 42, 26, 37, 21, 26, 44, 13], "min_job_period": [6, 18, 3, 9, 1, 21, 14, 26, 2], "max_job_period": [61, 66, 63, 69, 65, 44, 89, 74, 63], "min_startup": [7, 5, 18, 2, 2, 2, 5, 2, 7], "max_startup": [12, 13, 32, 86, 53, 96, 47, 74, 45], "priority": [7, 5, 9, 6, 8, 2, 1, 4, 3], "win_min": [0, 0, 0, 0, 0, 0, 0, 0, 18], "win_max": [97, 97, 97, 97, 97, 97, 97, 97, 83]}